timestamp,elapsed_time,cpu_percent,gpu_percent,memory_mb,memory_percent,memory_available_mb,gpu_freq_mhz,ollama_cpu_percent,ollama_memory_mb,model,prompt_id
2025-06-08T14:45:12.191620,0.026453,0.0,0.0,60718.5,50.1,65372.546875,0,0.0,141.9375,deepseek-r1:7b,-1
2025-06-08T14:45:12.294912,0.129745,0.0,0.0,60720.0625,50.1,65371.546875,0,1.3,141.984375,deepseek-r1:7b,-1
2025-06-08T14:45:12.400141,0.234974,0.0,0.0,60720.0625,50.1,65371.546875,0,1.6,142.09375,deepseek-r1:7b,-1
2025-06-08T14:45:12.500961,0.335794,0.0,0.0,60720.0625,50.1,65371.546875,0,0.7,142.140625,deepseek-r1:7b,-1
2025-06-08T14:45:12.606304,0.441137,0.0,0.0,60720.0625,50.1,65371.546875,0,0.6,142.203125,deepseek-r1:7b,-1
2025-06-08T14:45:12.711679,0.546512,0.0,0.0,60720.0625,50.1,65371.546875,0,0.2,142.203125,deepseek-r1:7b,-1
2025-06-08T14:45:12.813727,0.64856,0.0,0.0,60720.0625,50.1,65371.546875,0,2.0,142.34375,deepseek-r1:7b,-1
2025-06-08T14:45:12.919096,0.753929,0.0,0.0,60720.0625,50.1,65371.546875,0,0.4,142.359375,deepseek-r1:7b,-1
2025-06-08T14:45:13.024486,0.859319,0.0,0.0,60720.0625,50.1,65371.546875,0,0.0,142.359375,deepseek-r1:7b,-1
2025-06-08T14:45:13.129659,0.964492,0.0,0.0,60720.0625,50.1,65371.546875,0,0.0,142.359375,deepseek-r1:7b,-1
2025-06-08T14:45:13.235146,1.069979,13.2,0.0,62023.796875,51.1,64073.21875,0,0.0,142.359375,deepseek-r1:7b,-1
2025-06-08T14:45:13.336933,1.171766,10.0,0.0,62022.59375,51.1,64070.75,0,0.0,142.3125,deepseek-r1:7b,-1
2025-06-08T14:45:13.441752,1.276585,15.4,0.0,62022.59375,51.1,64070.75,0,0.0,142.3125,deepseek-r1:7b,-1
2025-06-08T14:45:13.546138,1.380971,13.9,0.0,62022.59375,51.1,64070.75,0,0.0,142.3125,deepseek-r1:7b,-1
2025-06-08T14:45:13.651366,1.486199,7.7,0.0,62022.59375,51.1,64070.75,0,0.0,142.3125,deepseek-r1:7b,-1
2025-06-08T14:45:13.753722,1.588555,9.6,0.0,62022.59375,51.1,64070.75,0,0.0,142.3125,deepseek-r1:7b,-1
2025-06-08T14:45:13.859104,1.693937,9.4,0.0,62022.59375,51.1,64070.75,0,0.0,142.3125,deepseek-r1:7b,-1
2025-06-08T14:45:13.964474,1.799307,14.6,0.0,62022.59375,51.1,64070.75,0,0.0,142.3125,deepseek-r1:7b,-1
2025-06-08T14:45:14.066412,1.901245,11.6,0.0,62022.59375,51.1,64070.75,0,0.0,142.3125,deepseek-r1:7b,-1
2025-06-08T14:45:14.171685,2.006518,0.0,0.0,62022.59375,51.1,64070.75,0,0.0,142.3125,deepseek-r1:7b,-1
2025-06-08T14:45:14.277016,2.111849,10.1,0.0,61974.078125,51.1,64117.4375,0,0.0,142.3125,deepseek-r1:7b,-1
2025-06-08T14:45:14.381446,2.216279,9.9,0.0,61974.078125,51.1,64117.9375,0,0.0,142.3125,deepseek-r1:7b,-1
2025-06-08T14:45:14.486912,2.321745,11.0,0.0,61974.125,51.1,64114.75,0,0.0,142.3125,deepseek-r1:7b,-1
2025-06-08T14:45:14.590745,2.425578,11.2,0.0,61974.265625,51.1,64115.328125,0,0.0,142.3125,deepseek-r1:7b,-1
2025-06-08T14:45:14.695839,2.530672,0.0,0.0,61974.265625,51.1,64115.328125,0,0.0,142.3125,deepseek-r1:7b,-1
2025-06-08T14:45:14.801179,2.636012,0.0,0.0,61974.265625,51.1,64115.328125,0,0.0,142.3125,deepseek-r1:7b,-1
2025-06-08T14:45:14.903256,2.738089,0.0,0.0,61974.265625,51.1,64115.328125,0,0.0,142.3125,deepseek-r1:7b,-1
2025-06-08T14:45:15.007472,2.842305,0.0,0.0,61974.265625,51.1,64115.328125,0,0.0,142.3125,deepseek-r1:7b,-1
2025-06-08T14:45:15.109282,2.944115,0.0,0.0,61974.265625,51.1,64115.328125,0,0.0,142.3125,deepseek-r1:7b,-1
2025-06-08T14:45:15.214291,3.049124,0.0,0.0,61974.265625,51.1,64115.328125,0,0.0,142.3125,deepseek-r1:7b,-1
2025-06-08T14:45:15.319624,3.154457,8.9,0.0,61974.421875,51.1,64115.78125,0,0.0,142.3125,deepseek-r1:7b,-1
2025-06-08T14:45:15.422247,3.25708,9.1,0.0,61974.421875,51.1,64116.09375,0,0.0,142.3125,deepseek-r1:7b,-1
2025-06-08T14:45:15.522788,3.357621,9.4,0.0,61974.53125,51.1,64116.5625,0,0.0,142.3125,deepseek-r1:7b,-1
2025-06-08T14:45:15.628198,3.463031,9.5,0.0,61974.53125,51.1,64116.5625,0,0.0,142.3125,deepseek-r1:7b,-1
2025-06-08T14:45:15.733561,3.568394,0.0,0.0,61974.53125,51.1,64116.5625,0,0.0,142.3125,deepseek-r1:7b,-1
2025-06-08T14:45:15.838542,3.673375,0.0,0.0,61974.53125,51.1,64116.5625,0,0.0,142.3125,deepseek-r1:7b,-1
2025-06-08T14:45:15.943873,3.778706,0.0,0.0,61974.53125,51.1,64116.5625,0,0.0,142.3125,deepseek-r1:7b,-1
2025-06-08T14:45:16.049302,3.884135,0.0,0.0,61974.53125,51.1,64116.5625,0,0.0,142.3125,deepseek-r1:7b,-1
2025-06-08T14:45:16.151076,3.985909,0.0,0.0,61974.53125,51.1,64116.5625,0,0.0,142.3125,deepseek-r1:7b,-1
2025-06-08T14:45:16.252886,4.087719,0.0,0.0,61974.53125,51.1,64116.5625,0,0.0,142.3125,deepseek-r1:7b,-1
2025-06-08T14:45:16.358250,4.193083,10.6,0.0,61928.890625,51.1,64156.109375,0,0.0,142.3125,deepseek-r1:7b,-1
2025-06-08T14:45:16.459344,4.294177,10.5,0.0,61928.890625,51.1,64156.5,0,0.0,142.3125,deepseek-r1:7b,-1
2025-06-08T14:45:16.563805,4.398638,9.6,0.0,61928.890625,51.1,64156.5,0,0.0,142.3125,deepseek-r1:7b,-1
2025-06-08T14:45:16.669140,4.503973,9.6,0.0,61928.890625,51.1,64156.5,0,0.0,142.3125,deepseek-r1:7b,-1
2025-06-08T14:45:16.771090,4.605923,10.4,0.0,61928.890625,51.1,64156.5,0,0.0,142.3125,deepseek-r1:7b,-1
2025-06-08T14:45:16.873672,4.708505,11.7,0.0,61928.890625,51.1,64156.5,0,0.0,142.3125,deepseek-r1:7b,-1
2025-06-08T14:45:16.977297,4.81213,0.0,0.0,61928.890625,51.1,64156.5,0,0.0,142.3125,deepseek-r1:7b,-1
2025-06-08T14:45:17.082455,4.917288,0.0,0.0,61928.890625,51.1,64156.5,0,0.0,142.3125,deepseek-r1:7b,-1
2025-06-08T14:45:17.187606,5.022439,0.0,0.0,61928.890625,51.1,64156.5,0,0.0,142.3125,deepseek-r1:7b,-1
2025-06-08T14:45:17.288300,5.123133,0.0,0.0,61928.890625,51.1,64156.5,0,0.0,142.3125,deepseek-r1:7b,-1
2025-06-08T14:45:17.389551,5.224384,15.7,0.0,61926.59375,51.1,64158.0625,0,0.0,142.3125,deepseek-r1:7b,-1
2025-06-08T14:45:17.494407,5.32924,11.1,0.0,61926.59375,51.1,64158.0625,0,0.0,142.3125,deepseek-r1:7b,-1
2025-06-08T14:45:17.599751,5.434584,7.8,0.0,61926.59375,51.1,64158.0625,0,0.0,142.3125,deepseek-r1:7b,-1
2025-06-08T14:45:17.702928,5.537761,0.0,0.0,61926.59375,51.1,64158.0625,0,0.0,142.3125,deepseek-r1:7b,-1
2025-06-08T14:45:17.806544,5.641377,0.0,0.0,61926.59375,51.1,64158.0625,0,0.0,142.3125,deepseek-r1:7b,-1
2025-06-08T14:45:17.911900,5.746733,0.0,0.0,61926.59375,51.1,64158.0625,0,0.0,142.3125,deepseek-r1:7b,-1
2025-06-08T14:45:18.012290,5.847123,0.0,0.0,61926.59375,51.1,64158.0625,0,0.0,142.3125,deepseek-r1:7b,-1
2025-06-08T14:45:18.117629,5.952462,0.0,0.0,61926.59375,51.1,64158.0625,0,0.0,142.3125,deepseek-r1:7b,-1
2025-06-08T14:45:18.222976,6.057809,0.0,0.0,61926.59375,51.1,64158.0625,0,0.0,142.3125,deepseek-r1:7b,-1
2025-06-08T14:45:18.328322,6.163155,0.0,0.0,61926.59375,51.1,64158.0625,0,0.0,142.3125,deepseek-r1:7b,-1
2025-06-08T14:45:18.431139,6.265972,8.0,0.0,61926.453125,51.0,64161.375,0,0.0,142.3125,deepseek-r1:7b,-1
2025-06-08T14:45:18.536499,6.371332,9.5,0.0,61925.421875,51.0,64163.125,0,0.0,142.3125,deepseek-r1:7b,-1
2025-06-08T14:45:18.641854,6.476687,7.2,0.0,61925.421875,51.0,64163.125,0,0.0,142.3125,deepseek-r1:7b,-1
2025-06-08T14:45:18.747227,6.58206,7.7,0.0,61925.421875,51.0,64163.125,0,0.0,142.3125,deepseek-r1:7b,-1
2025-06-08T14:45:18.852576,6.687409,7.6,0.0,61925.421875,51.0,64163.125,0,0.0,142.3125,deepseek-r1:7b,-1
2025-06-08T14:45:18.957958,6.792791,0.0,0.0,61925.421875,51.0,64163.125,0,0.0,142.3125,deepseek-r1:7b,-1
2025-06-08T14:45:19.063352,6.898185,0.0,0.0,61925.421875,51.0,64163.125,0,0.0,142.3125,deepseek-r1:7b,-1
2025-06-08T14:45:19.168295,7.003128,0.0,0.0,61925.421875,51.0,64163.125,0,0.0,142.3125,deepseek-r1:7b,-1
2025-06-08T14:45:19.273676,7.108509,0.0,0.0,61925.421875,51.0,64163.125,0,0.0,142.3125,deepseek-r1:7b,-1
2025-06-08T14:45:19.376357,7.21119,0.0,0.0,61925.421875,51.0,64163.125,0,0.0,142.3125,deepseek-r1:7b,-1
2025-06-08T14:45:19.481714,7.316547,8.0,0.0,61856.21875,51.0,64230.296875,0,0.0,142.3125,deepseek-r1:7b,-1
2025-06-08T14:45:19.582216,7.417049,9.3,0.0,61856.21875,51.0,64230.296875,0,0.0,142.3125,deepseek-r1:7b,-1
2025-06-08T14:45:19.687581,7.522414,8.4,0.0,61856.21875,51.0,64230.296875,0,0.0,142.3125,deepseek-r1:7b,-1
2025-06-08T14:45:19.792969,7.627802,6.0,0.0,61856.21875,51.0,64230.296875,0,0.0,142.3125,deepseek-r1:7b,-1
2025-06-08T14:45:19.898362,7.733195,9.0,0.0,61856.21875,51.0,64230.296875,0,0.0,142.3125,deepseek-r1:7b,-1
2025-06-08T14:45:19.999717,7.83455,7.5,0.0,61856.21875,51.0,64230.296875,0,0.0,142.3125,deepseek-r1:7b,-1
2025-06-08T14:45:20.105085,7.939918,7.7,0.0,61856.21875,51.0,64230.296875,0,0.0,142.3125,deepseek-r1:7b,-1
2025-06-08T14:45:20.210457,8.04529,0.0,0.0,61856.21875,51.0,64230.296875,0,0.0,142.3125,deepseek-r1:7b,-1
2025-06-08T14:45:20.315799,8.150632,0.0,0.0,61856.21875,51.0,64230.296875,0,0.0,142.3125,deepseek-r1:7b,-1
2025-06-08T14:45:20.421172,8.256005,0.0,0.0,61856.21875,51.0,64230.296875,0,0.0,142.3125,deepseek-r1:7b,-1
2025-06-08T14:45:20.526050,8.360883,8.3,0.0,61853.578125,51.0,64236.375,0,0.0,142.3125,deepseek-r1:7b,-1
2025-06-08T14:45:20.631340,8.466173,7.6,0.0,61853.578125,51.0,64236.375,0,0.0,142.3125,deepseek-r1:7b,-1
2025-06-08T14:45:20.736698,8.571531,6.7,0.0,61853.578125,51.0,64236.375,0,0.0,142.3125,deepseek-r1:7b,-1
2025-06-08T14:45:20.841922,8.676755,7.6,0.0,61853.578125,51.0,64236.375,0,0.0,142.3125,deepseek-r1:7b,-1
2025-06-08T14:45:20.947266,8.782099,9.6,0.0,61853.578125,51.0,64236.375,0,0.0,142.3125,deepseek-r1:7b,-1
2025-06-08T14:45:21.048240,8.883073,10.4,0.0,61853.578125,51.0,64236.375,0,0.0,142.3125,deepseek-r1:7b,-1
2025-06-08T14:45:21.151536,8.986369,0.0,0.0,61853.578125,51.0,64236.375,0,0.0,142.3125,deepseek-r1:7b,-1
2025-06-08T14:45:21.255726,9.090559,0.0,0.0,61853.578125,51.0,64236.375,0,0.0,142.3125,deepseek-r1:7b,-1
2025-06-08T14:45:21.361117,9.19595,0.0,0.0,61853.578125,51.0,64236.375,0,0.0,142.3125,deepseek-r1:7b,-1
2025-06-08T14:45:21.466355,9.301188,0.0,0.0,61853.578125,51.0,64236.375,0,0.0,142.3125,deepseek-r1:7b,-1
2025-06-08T14:45:21.571754,9.406587,10.3,0.0,61922.734375,51.0,64168.90625,0,0.0,142.3125,deepseek-r1:7b,-1
2025-06-08T14:45:21.677194,9.512027,10.3,0.0,61922.734375,51.0,64169.3125,0,0.0,142.3125,deepseek-r1:7b,-1
2025-06-08T14:45:21.780732,9.615565,10.7,0.0,61922.734375,51.0,64169.3125,0,0.0,142.3125,deepseek-r1:7b,-1
2025-06-08T14:45:21.885050,9.719883,11.4,0.0,61922.734375,51.0,64169.3125,0,0.0,142.3125,deepseek-r1:7b,-1
2025-06-08T14:45:21.988303,9.823136,0.0,0.0,61922.734375,51.0,64169.3125,0,0.0,142.3125,deepseek-r1:7b,-1
2025-06-08T14:45:22.090933,9.925766,0.0,0.0,61922.734375,51.0,64169.3125,0,0.0,142.3125,deepseek-r1:7b,-1
2025-06-08T14:45:22.192734,10.027567,0.0,0.0,61922.734375,51.0,64169.3125,0,0.0,142.3125,deepseek-r1:7b,-1
2025-06-08T14:45:22.297392,10.132225,0.0,0.0,61922.734375,51.0,64169.3125,0,0.0,142.3125,deepseek-r1:7b,-1
2025-06-08T14:45:22.399783,10.234616,0.0,0.0,61922.734375,51.0,64169.3125,0,0.0,142.3125,deepseek-r1:7b,-1
2025-06-08T14:45:22.504867,10.3397,0.0,0.0,61922.734375,51.0,64169.3125,0,0.0,142.3125,deepseek-r1:7b,-1
2025-06-08T14:45:22.607485,10.442318,10.3,0.0,61922.59375,51.0,64172.46875,0,0.0,142.3125,deepseek-r1:7b,-1
2025-06-08T14:45:22.711894,10.546727,8.0,0.0,61922.46875,51.0,64173.03125,0,0.0,142.3125,deepseek-r1:7b,-1
2025-06-08T14:45:22.813874,10.648707,8.1,0.0,61922.46875,51.0,64173.03125,0,0.0,142.3125,deepseek-r1:7b,-1
2025-06-08T14:45:22.916059,10.750892,8.1,0.0,61922.46875,51.0,64173.03125,0,0.0,142.3125,deepseek-r1:7b,-1
2025-06-08T14:45:23.020911,10.855744,7.7,0.0,61922.46875,51.0,64173.03125,0,0.0,142.3125,deepseek-r1:7b,-1
2025-06-08T14:45:23.124159,10.958992,6.1,0.0,61922.46875,51.0,64173.03125,0,0.0,142.3125,deepseek-r1:7b,-1
2025-06-08T14:45:23.224500,11.059333,8.7,0.0,61922.46875,51.0,64173.03125,0,0.0,142.3125,deepseek-r1:7b,-1
2025-06-08T14:45:23.325634,11.160467,9.7,0.0,61922.46875,51.0,64173.03125,0,0.0,142.3125,deepseek-r1:7b,-1
2025-06-08T14:45:23.426131,11.260964,0.0,0.0,61922.46875,51.0,64173.03125,0,0.0,142.3125,deepseek-r1:7b,-1
2025-06-08T14:45:23.531365,11.366198,0.0,0.0,61922.46875,51.0,64173.03125,0,0.0,142.3125,deepseek-r1:7b,-1
2025-06-08T14:45:23.632651,11.467484,8.7,0.0,61919.59375,51.0,64176.265625,0,0.0,142.3125,deepseek-r1:7b,-1
2025-06-08T14:45:23.738021,11.572854,6.0,0.0,61919.609375,51.0,64172.625,0,0.0,142.3125,deepseek-r1:7b,-1
2025-06-08T14:45:23.839493,11.674326,8.2,0.0,61922.78125,51.0,64168.8125,0,0.0,142.3125,deepseek-r1:7b,-1
2025-06-08T14:45:23.940200,11.775033,8.5,0.0,61850.578125,51.0,64241.34375,0,0.0,142.3125,deepseek-r1:7b,-1
2025-06-08T14:45:24.045584,11.880417,8.4,0.0,61850.578125,51.0,64241.34375,0,0.0,142.3125,deepseek-r1:7b,-1
2025-06-08T14:45:24.150967,11.9858,7.1,0.0,61850.578125,51.0,64241.34375,0,0.0,142.3125,deepseek-r1:7b,-1
2025-06-08T14:45:24.256312,12.091145,7.7,0.0,61850.578125,51.0,64241.34375,0,0.0,142.3125,deepseek-r1:7b,-1
2025-06-08T14:45:24.359409,12.194242,8.4,0.0,61850.578125,51.0,64241.34375,0,0.0,142.3125,deepseek-r1:7b,-1
2025-06-08T14:45:24.464064,12.298897,8.3,0.0,61850.578125,51.0,64241.34375,0,0.0,142.3125,deepseek-r1:7b,-1
2025-06-08T14:45:24.569426,12.404259,0.0,0.0,61850.578125,51.0,64241.34375,0,0.0,142.3125,deepseek-r1:7b,-1
2025-06-08T14:45:24.672332,12.507165,7.6,0.0,61850.640625,51.0,64243.53125,0,0.0,142.3125,deepseek-r1:7b,-1
2025-06-08T14:45:24.777694,12.612527,7.8,0.0,61850.640625,51.0,64243.53125,0,0.0,142.3125,deepseek-r1:7b,-1
2025-06-08T14:45:24.881121,12.715954,8.3,0.0,61850.640625,51.0,64243.53125,0,0.0,142.3125,deepseek-r1:7b,-1
2025-06-08T14:45:24.986507,12.82134,9.5,0.0,61850.640625,51.0,64243.53125,0,0.0,142.3125,deepseek-r1:7b,-1
2025-06-08T14:45:25.088584,12.923417,6.2,0.0,61850.640625,51.0,64243.53125,0,0.0,142.3125,deepseek-r1:7b,-1
2025-06-08T14:45:25.191278,13.026111,0.0,0.0,61850.640625,51.0,64243.53125,0,0.0,142.3125,deepseek-r1:7b,-1
2025-06-08T14:45:25.296624,13.131457,0.0,0.0,61850.640625,51.0,64243.53125,0,0.0,142.3125,deepseek-r1:7b,-1
2025-06-08T14:45:25.402007,13.23684,0.0,0.0,61850.640625,51.0,64243.53125,0,0.0,142.3125,deepseek-r1:7b,-1
2025-06-08T14:45:25.505737,13.34057,0.0,0.0,61850.640625,51.0,64243.53125,0,0.0,142.3125,deepseek-r1:7b,-1
2025-06-08T14:45:25.611143,13.445976,0.0,0.0,61850.640625,51.0,64243.53125,0,0.0,142.3125,deepseek-r1:7b,-1
2025-06-08T14:45:25.716557,13.55139,8.0,0.0,61846.75,51.0,64246.96875,0,0.0,142.3125,deepseek-r1:7b,-1
2025-06-08T14:45:25.819072,13.653905,7.8,0.0,61846.765625,51.0,64247.125,0,0.0,142.3125,deepseek-r1:7b,-1
2025-06-08T14:45:25.924477,13.75931,13.8,0.0,61846.765625,51.0,64247.125,0,0.0,142.3125,deepseek-r1:7b,-1
2025-06-08T14:45:26.029855,13.864688,0.0,0.0,61846.765625,51.0,64247.125,0,0.0,142.3125,deepseek-r1:7b,-1
2025-06-08T14:45:28.171639,0.032883,0.0,0.0,61393.875,50.6,64693.328125,0,0.0,142.3125,deepseek-r1:7b,-1
2025-06-08T14:45:28.274182,0.135426,20.9,0.0,61393.875,50.6,64693.328125,0,0.0,142.3125,deepseek-r1:7b,-1
2025-06-08T14:45:28.376021,0.237265,21.0,0.0,61393.875,50.6,64693.328125,0,0.0,142.3125,deepseek-r1:7b,-1
2025-06-08T14:45:28.480411,0.341655,0.0,0.0,61393.875,50.6,64693.328125,0,0.0,142.3125,deepseek-r1:7b,-1
2025-06-08T14:45:28.581604,0.442848,0.0,0.0,61393.875,50.6,64693.328125,0,0.0,142.3125,deepseek-r1:7b,-1
2025-06-08T14:45:28.683458,0.544702,0.0,0.0,61393.875,50.6,64693.328125,0,0.0,142.3125,deepseek-r1:7b,-1
2025-06-08T14:45:28.788594,0.649838,0.0,0.0,61393.875,50.6,64693.328125,0,0.0,142.3125,deepseek-r1:7b,-1
2025-06-08T14:45:28.893924,0.755168,0.0,0.0,61393.875,50.6,64693.328125,0,0.0,142.3125,deepseek-r1:7b,-1
2025-06-08T14:45:28.999316,0.86056,0.0,0.0,61393.875,50.6,64693.328125,0,0.0,142.3125,deepseek-r1:7b,-1
2025-06-08T14:45:29.103174,0.964418,0.0,0.0,61393.875,50.6,64693.328125,0,0.0,142.3125,deepseek-r1:7b,-1
2025-06-08T14:45:29.208559,1.069803,13.7,0.0,62039.578125,51.1,64051.609375,0,0.0,142.3125,deepseek-r1:7b,-1
2025-06-08T14:45:29.313942,1.175186,6.6,0.0,62039.578125,51.1,64051.9375,0,0.0,142.3125,deepseek-r1:7b,-1
2025-06-08T14:45:29.419304,1.280548,10.0,0.0,62039.59375,51.1,64052.171875,0,0.0,142.3125,deepseek-r1:7b,-1
2025-06-08T14:45:29.520823,1.382067,0.0,0.0,62039.609375,51.1,64052.53125,0,0.0,142.3125,deepseek-r1:7b,-1
2025-06-08T14:45:29.626199,1.487443,0.0,0.0,62039.609375,51.1,64052.53125,0,0.0,142.3125,deepseek-r1:7b,-1
2025-06-08T14:45:29.729202,1.590446,0.0,0.0,62039.609375,51.1,64052.53125,0,0.0,142.3125,deepseek-r1:7b,-1
2025-06-08T14:45:29.834529,1.695773,0.0,0.0,62039.609375,51.1,64052.53125,0,0.0,142.3125,deepseek-r1:7b,-1
2025-06-08T14:45:29.939866,1.80111,0.0,0.0,62039.609375,51.1,64052.53125,0,0.0,142.3125,deepseek-r1:7b,-1
2025-06-08T14:45:30.045135,1.906379,0.0,0.0,62039.609375,51.1,64052.53125,0,0.0,142.3125,deepseek-r1:7b,-1
2025-06-08T14:45:30.147864,2.009108,0.0,0.0,62039.609375,51.1,64052.53125,0,0.0,142.3125,deepseek-r1:7b,-1
2025-06-08T14:45:30.249151,2.110395,7.9,0.0,61871.4375,51.0,64214.875,0,0.0,142.3125,deepseek-r1:7b,-1
2025-06-08T14:45:30.351039,2.212283,8.1,0.0,61874.34375,51.0,64211.5,0,0.0,142.3125,deepseek-r1:7b,-1
2025-06-08T14:45:30.455210,2.316454,10.1,0.0,61874.359375,51.0,64211.765625,0,0.0,142.3125,deepseek-r1:7b,-1
2025-06-08T14:45:30.560569,2.421813,9.5,0.0,61874.359375,51.0,64211.765625,0,0.0,142.3125,deepseek-r1:7b,-1
2025-06-08T14:45:30.665959,2.527203,7.1,0.0,61874.359375,51.0,64211.765625,0,0.0,142.3125,deepseek-r1:7b,-1
2025-06-08T14:45:30.771322,2.632566,0.0,0.0,61874.359375,51.0,64211.765625,0,0.0,142.3125,deepseek-r1:7b,-1
2025-06-08T14:45:30.871922,2.733166,0.0,0.0,61874.359375,51.0,64211.765625,0,0.0,142.3125,deepseek-r1:7b,-1
2025-06-08T14:45:30.973197,2.834441,0.0,0.0,61874.359375,51.0,64211.765625,0,0.0,142.3125,deepseek-r1:7b,-1
2025-06-08T14:45:31.076518,2.937762,0.0,0.0,61874.359375,51.0,64211.765625,0,0.0,142.3125,deepseek-r1:7b,-1
2025-06-08T14:45:31.179386,3.04063,0.0,0.0,61874.359375,51.0,64211.765625,0,0.0,142.3125,deepseek-r1:7b,-1
2025-06-08T14:45:31.284764,3.146008,9.4,0.0,61941.9375,51.1,64148.984375,0,0.0,142.3125,deepseek-r1:7b,-1
2025-06-08T14:45:31.389890,3.251134,9.6,0.0,61941.6875,51.1,64149.5,0,0.0,142.3125,deepseek-r1:7b,-1
2025-06-08T14:45:31.491234,3.352478,10.0,0.0,61941.6875,51.1,64149.5,0,0.0,142.3125,deepseek-r1:7b,-1
2025-06-08T14:45:31.592564,3.453808,10.9,0.0,61941.6875,51.1,64149.5,0,0.0,142.3125,deepseek-r1:7b,-1
2025-06-08T14:45:31.697951,3.559195,10.7,0.0,61941.6875,51.1,64149.5,0,0.0,142.3125,deepseek-r1:7b,-1
2025-06-08T14:45:31.799719,3.660963,0.0,0.0,61941.6875,51.1,64149.5,0,0.0,142.3125,deepseek-r1:7b,-1
2025-06-08T14:45:31.900340,3.761584,0.0,0.0,61941.6875,51.1,64149.5,0,0.0,142.3125,deepseek-r1:7b,-1
2025-06-08T14:45:32.005259,3.866503,0.0,0.0,61941.6875,51.1,64149.5,0,0.0,142.3125,deepseek-r1:7b,-1
2025-06-08T14:45:32.110593,3.971837,0.0,0.0,61941.6875,51.1,64149.5,0,0.0,142.3125,deepseek-r1:7b,-1
2025-06-08T14:45:32.215963,4.077207,0.0,0.0,61941.6875,51.1,64149.5,0,0.0,142.3125,deepseek-r1:7b,-1
2025-06-08T14:45:32.321212,4.182456,11.4,0.0,61939.546875,51.1,64156.6875,0,0.0,142.3125,deepseek-r1:7b,-1
2025-06-08T14:45:32.426568,4.287812,8.3,0.0,61939.546875,51.1,64156.6875,0,0.0,142.3125,deepseek-r1:7b,-1
2025-06-08T14:45:32.531958,4.393202,8.4,0.0,61939.546875,51.1,64156.6875,0,0.0,142.3125,deepseek-r1:7b,-1
2025-06-08T14:45:32.635816,4.49706,8.5,0.0,61939.546875,51.1,64156.6875,0,0.0,142.3125,deepseek-r1:7b,-1
2025-06-08T14:45:32.741190,4.602434,0.0,0.0,61939.546875,51.1,64156.6875,0,0.0,142.3125,deepseek-r1:7b,-1
2025-06-08T14:45:32.846542,4.707786,0.0,0.0,61939.546875,51.1,64156.6875,0,0.0,142.3125,deepseek-r1:7b,-1
2025-06-08T14:45:32.951876,4.81312,0.0,0.0,61939.546875,51.1,64156.6875,0,0.0,142.3125,deepseek-r1:7b,-1
2025-06-08T14:45:33.053293,4.914537,0.0,0.0,61939.546875,51.1,64156.6875,0,0.0,142.3125,deepseek-r1:7b,-1
2025-06-08T14:45:33.155281,5.016525,0.0,0.0,61939.546875,51.1,64156.6875,0,0.0,142.3125,deepseek-r1:7b,-1
2025-06-08T14:45:33.260647,5.121891,0.0,0.0,61939.546875,51.1,64156.6875,0,0.0,142.3125,deepseek-r1:7b,-1
2025-06-08T14:45:33.364086,5.22533,8.2,0.0,61939.90625,51.1,64156.234375,0,0.0,142.3125,deepseek-r1:7b,-1
2025-06-08T14:45:33.469476,5.33072,9.5,0.0,61939.90625,51.1,64156.234375,0,0.0,142.3125,deepseek-r1:7b,-1
2025-06-08T14:45:33.574769,5.436013,7.8,0.0,61939.90625,51.1,64156.234375,0,0.0,142.3125,deepseek-r1:7b,-1
2025-06-08T14:45:33.678002,5.539246,9.7,0.0,61939.90625,51.1,64156.234375,0,0.0,142.3125,deepseek-r1:7b,-1
2025-06-08T14:45:33.783355,5.644599,6.5,0.0,61939.90625,51.1,64156.234375,0,0.0,142.3125,deepseek-r1:7b,-1
2025-06-08T14:45:33.888694,5.749938,0.0,0.0,61939.90625,51.1,64156.234375,0,0.0,142.3125,deepseek-r1:7b,-1
2025-06-08T14:45:33.994031,5.855275,0.0,0.0,61939.90625,51.1,64156.234375,0,0.0,142.3125,deepseek-r1:7b,-1
2025-06-08T14:45:34.096733,5.957977,0.0,0.0,61939.90625,51.1,64156.234375,0,0.0,142.3125,deepseek-r1:7b,-1
2025-06-08T14:45:34.202103,6.063347,0.0,0.0,61939.90625,51.1,64156.234375,0,0.0,142.3125,deepseek-r1:7b,-1
2025-06-08T14:45:34.307395,6.168639,0.0,0.0,61939.90625,51.1,64156.234375,0,0.0,142.3125,deepseek-r1:7b,-1
2025-06-08T14:45:34.412718,6.273962,8.1,0.0,61876.640625,51.0,64216.5625,0,0.0,142.3125,deepseek-r1:7b,-1
2025-06-08T14:45:34.518095,6.379339,15.5,0.0,61882.984375,51.0,64204.84375,0,0.0,142.3125,deepseek-r1:7b,-1
2025-06-08T14:45:34.623470,6.484714,9.5,0.0,61882.984375,51.0,64204.84375,0,0.0,142.3125,deepseek-r1:7b,-1
2025-06-08T14:45:34.726732,6.587976,7.3,0.0,61882.984375,51.0,64204.84375,0,0.0,142.3125,deepseek-r1:7b,-1
2025-06-08T14:45:34.830274,6.691518,9.0,0.0,61882.984375,51.0,64204.84375,0,0.0,142.3125,deepseek-r1:7b,-1
2025-06-08T14:45:34.935745,6.796989,0.0,0.0,61882.984375,51.0,64204.84375,0,0.0,142.3125,deepseek-r1:7b,-1
2025-06-08T14:45:37.094414,0.046807,10.3,0.0,61996.421875,51.1,64101.8125,0,0.0,142.328125,deepseek-r1:7b,-1
2025-06-08T14:45:37.196936,0.149329,21.5,0.0,61996.421875,51.1,64101.8125,0,0.0,142.328125,deepseek-r1:7b,-1
2025-06-08T14:45:37.302191,0.254584,16.9,0.0,61996.421875,51.1,64101.8125,0,0.0,142.328125,deepseek-r1:7b,-1
2025-06-08T14:45:37.407358,0.359751,9.1,0.0,61996.421875,51.1,64101.8125,0,0.0,142.328125,deepseek-r1:7b,-1
2025-06-08T14:45:37.512888,0.465281,11.2,0.0,61996.421875,51.1,64101.8125,0,0.0,142.328125,deepseek-r1:7b,-1
2025-06-08T14:45:37.615813,0.568206,8.0,0.0,61996.421875,51.1,64101.8125,0,0.0,142.328125,deepseek-r1:7b,-1
2025-06-08T14:45:37.716369,0.668762,8.6,0.0,61996.421875,51.1,64101.8125,0,0.0,142.328125,deepseek-r1:7b,-1
2025-06-08T14:45:37.817658,0.770051,0.0,0.0,61996.421875,51.1,64101.8125,0,0.0,142.328125,deepseek-r1:7b,-1
2025-06-08T14:45:37.923050,0.875443,0.0,0.0,61996.421875,51.1,64101.8125,0,0.0,142.328125,deepseek-r1:7b,-1
2025-06-08T14:45:38.028414,0.980807,0.0,0.0,61996.421875,51.1,64101.8125,0,0.0,142.328125,deepseek-r1:7b,-1
2025-06-08T14:45:38.133783,1.086176,8.1,0.0,62086.203125,51.2,64009.78125,0,0.0,142.328125,deepseek-r1:7b,-1
2025-06-08T14:45:38.239148,1.191541,7.8,0.0,62086.1875,51.2,64010.03125,0,0.0,142.328125,deepseek-r1:7b,-1
2025-06-08T14:45:38.340422,1.292815,8.7,0.0,62086.1875,51.2,64010.03125,0,0.0,142.328125,deepseek-r1:7b,-1
2025-06-08T14:45:38.444119,1.396512,8.9,0.0,62086.1875,51.2,64010.03125,0,0.0,142.328125,deepseek-r1:7b,-1
2025-06-08T14:45:38.549487,1.50188,9.7,0.0,62086.1875,51.2,64010.03125,0,0.0,142.328125,deepseek-r1:7b,-1
2025-06-08T14:45:38.650010,1.602403,8.0,0.0,62086.1875,51.2,64010.03125,0,0.0,142.328125,deepseek-r1:7b,-1
2025-06-08T14:45:38.755425,1.707818,7.2,0.0,62086.1875,51.2,64010.03125,0,0.0,142.328125,deepseek-r1:7b,-1
2025-06-08T14:45:38.860806,1.813199,7.7,0.0,62086.1875,51.2,64010.03125,0,0.0,142.328125,deepseek-r1:7b,-1
2025-06-08T14:45:38.966226,1.918619,0.0,0.0,62086.1875,51.2,64010.03125,0,0.0,142.328125,deepseek-r1:7b,-1
2025-06-08T14:45:39.068157,2.02055,0.0,0.0,62086.1875,51.2,64010.03125,0,0.0,142.328125,deepseek-r1:7b,-1
2025-06-08T14:45:39.173574,2.125967,8.2,0.0,61897.28125,51.0,64201.21875,0,0.0,142.328125,deepseek-r1:7b,-1
2025-06-08T14:45:39.274246,2.226639,7.4,0.0,61897.28125,51.0,64201.21875,0,0.0,142.328125,deepseek-r1:7b,-1
2025-06-08T14:45:39.377787,2.33018,11.8,0.0,61897.28125,51.0,64201.21875,0,0.0,142.328125,deepseek-r1:7b,-1
2025-06-08T14:45:39.480969,2.433362,0.0,0.0,61897.28125,51.0,64201.21875,0,0.0,142.328125,deepseek-r1:7b,-1
2025-06-08T14:45:39.586271,2.538664,0.0,0.0,61897.28125,51.0,64201.21875,0,0.0,142.328125,deepseek-r1:7b,-1
2025-06-08T14:45:39.691677,2.64407,0.0,0.0,61897.28125,51.0,64201.21875,0,0.0,142.328125,deepseek-r1:7b,-1
2025-06-08T14:45:39.792381,2.744774,0.0,0.0,61897.28125,51.0,64201.21875,0,0.0,142.328125,deepseek-r1:7b,-1
2025-06-08T14:45:39.897753,2.850146,0.0,0.0,61897.28125,51.0,64201.21875,0,0.0,142.328125,deepseek-r1:7b,-1
2025-06-08T14:45:40.003115,2.955508,0.0,0.0,61897.28125,51.0,64201.21875,0,0.0,142.328125,deepseek-r1:7b,-1
2025-06-08T14:45:40.105055,3.057448,0.0,0.0,61897.28125,51.0,64201.21875,0,0.7,142.328125,deepseek-r1:7b,-1
2025-06-08T14:45:40.205847,3.15824,9.4,0.0,61893.015625,51.0,64197.484375,0,0.0,142.328125,deepseek-r1:7b,-1
2025-06-08T14:45:40.311239,3.263632,6.7,0.0,61892.9375,51.0,64197.9375,0,0.0,142.328125,deepseek-r1:7b,-1
2025-06-08T14:45:40.416628,3.369021,9.4,0.0,61892.140625,51.0,64199.125,0,0.0,142.328125,deepseek-r1:7b,-1
2025-06-08T14:45:40.518721,3.471114,9.1,0.0,61892.140625,51.0,64199.125,0,0.0,142.328125,deepseek-r1:7b,-1
2025-06-08T14:45:40.624114,3.576507,0.0,0.0,61892.140625,51.0,64199.125,0,0.0,142.328125,deepseek-r1:7b,-1
2025-06-08T14:45:40.726596,3.678989,0.0,0.0,61892.140625,51.0,64199.125,0,0.0,142.328125,deepseek-r1:7b,-1
2025-06-08T14:45:40.831618,3.784011,0.0,0.0,61892.140625,51.0,64199.125,0,0.0,142.328125,deepseek-r1:7b,-1
2025-06-08T14:45:40.937006,3.889399,0.0,0.0,61892.140625,51.0,64199.125,0,0.0,142.328125,deepseek-r1:7b,-1
2025-06-08T14:45:41.038911,3.991304,0.0,0.0,61892.140625,51.0,64199.125,0,0.0,142.328125,deepseek-r1:7b,-1
2025-06-08T14:45:41.142746,4.095139,0.0,0.0,61892.140625,51.0,64199.125,0,0.0,142.328125,deepseek-r1:7b,-1
2025-06-08T14:45:41.244295,4.196688,9.0,0.0,61965.15625,51.1,64127.046875,0,0.0,142.328125,deepseek-r1:7b,-1
2025-06-08T14:45:41.347392,4.299785,11.7,0.0,61962.0625,51.1,64130.53125,0,0.0,142.328125,deepseek-r1:7b,-1
2025-06-08T14:45:41.452737,4.40513,0.0,0.0,61962.078125,51.1,64130.734375,0,0.0,142.328125,deepseek-r1:7b,-1
2025-06-08T14:45:41.558100,4.510493,0.0,0.0,61960.671875,51.1,64132.578125,0,0.0,142.328125,deepseek-r1:7b,-1
2025-06-08T14:45:41.660889,4.613282,0.0,0.0,61960.671875,51.1,64132.578125,0,0.0,142.328125,deepseek-r1:7b,-1
2025-06-08T14:45:41.766276,4.718669,0.0,0.0,61960.671875,51.1,64132.578125,0,0.0,142.328125,deepseek-r1:7b,-1
2025-06-08T14:45:41.869325,4.821718,0.0,0.0,61960.671875,51.1,64132.578125,0,0.0,142.328125,deepseek-r1:7b,-1
2025-06-08T14:45:41.974073,4.926466,0.0,0.0,61960.671875,51.1,64132.578125,0,0.0,142.328125,deepseek-r1:7b,-1
2025-06-08T14:45:42.077329,5.029722,0.0,0.0,61960.671875,51.1,64132.578125,0,0.0,142.328125,deepseek-r1:7b,-1
2025-06-08T14:45:42.182439,5.134832,0.0,0.0,61960.671875,51.1,64132.578125,0,0.0,142.328125,deepseek-r1:7b,-1
2025-06-08T14:45:42.287626,5.240019,10.9,0.0,61959.4375,51.1,64142.40625,0,0.0,142.328125,deepseek-r1:7b,-1
2025-06-08T14:45:42.388024,5.340417,8.1,0.0,61959.40625,51.1,64138.84375,0,0.0,142.328125,deepseek-r1:7b,-1
2025-06-08T14:45:42.489063,5.441456,9.7,0.0,61959.40625,51.1,64138.84375,0,0.0,142.328125,deepseek-r1:7b,-1
2025-06-08T14:45:42.589937,5.54233,8.2,0.0,61959.40625,51.1,64138.84375,0,0.0,142.328125,deepseek-r1:7b,-1
2025-06-08T14:45:42.695333,5.647726,7.6,0.0,61959.40625,51.1,64138.84375,0,0.0,142.328125,deepseek-r1:7b,-1
2025-06-08T14:45:42.800685,5.753078,7.1,0.0,61959.40625,51.1,64138.84375,0,0.0,142.328125,deepseek-r1:7b,-1
2025-06-08T14:45:42.905729,5.858122,0.0,0.0,61959.40625,51.1,64138.84375,0,0.0,142.328125,deepseek-r1:7b,-1
2025-06-08T14:45:43.011071,5.963464,0.0,0.0,61959.40625,51.1,64138.84375,0,0.0,142.328125,deepseek-r1:7b,-1
2025-06-08T14:45:43.115746,6.068139,0.0,0.0,61959.40625,51.1,64138.84375,0,0.0,142.328125,deepseek-r1:7b,-1
2025-06-08T14:45:43.221094,6.173487,0.0,0.0,61959.40625,51.1,64138.84375,0,0.0,142.328125,deepseek-r1:7b,-1
2025-06-08T14:45:43.326438,6.278831,8.2,0.0,61962.765625,51.1,64137.515625,0,0.0,142.328125,deepseek-r1:7b,-1
2025-06-08T14:45:43.427643,6.380036,8.1,0.0,61962.765625,51.1,64137.515625,0,0.0,142.328125,deepseek-r1:7b,-1
2025-06-08T14:45:43.528802,6.481195,9.2,0.0,61962.765625,51.1,64137.515625,0,0.0,142.328125,deepseek-r1:7b,-1
2025-06-08T14:45:43.634171,6.586564,0.0,0.0,61962.765625,51.1,64137.515625,0,0.0,142.328125,deepseek-r1:7b,-1
2025-06-08T14:45:43.739550,6.691943,0.0,0.0,61962.765625,51.1,64137.515625,0,0.0,142.328125,deepseek-r1:7b,-1
2025-06-08T14:45:43.840064,6.792457,0.0,0.0,61962.765625,51.1,64137.515625,0,0.0,142.328125,deepseek-r1:7b,-1
2025-06-08T14:45:43.945368,6.897761,0.0,0.0,61962.765625,51.1,64137.515625,0,0.0,142.328125,deepseek-r1:7b,-1
2025-06-08T14:45:44.050696,7.003089,0.0,0.0,61962.765625,51.1,64137.515625,0,0.0,142.328125,deepseek-r1:7b,-1
2025-06-08T14:45:44.156040,7.108433,0.0,0.0,61962.765625,51.1,64137.515625,0,0.0,142.328125,deepseek-r1:7b,-1
2025-06-08T14:45:44.259740,7.212133,0.0,0.0,61962.765625,51.1,64137.515625,0,0.0,142.328125,deepseek-r1:7b,-1
2025-06-08T14:45:44.363395,7.315788,8.1,0.0,61899.703125,51.0,64193.234375,0,0.0,142.328125,deepseek-r1:7b,-1
2025-06-08T14:45:44.464499,7.416892,8.7,0.0,61899.703125,51.0,64193.234375,0,0.0,142.328125,deepseek-r1:7b,-1
2025-06-08T14:45:44.569880,7.522273,8.5,0.0,61899.703125,51.0,64193.234375,0,0.0,142.328125,deepseek-r1:7b,-1
2025-06-08T14:45:44.675261,7.627654,7.1,0.0,61899.703125,51.0,64193.234375,0,0.0,142.328125,deepseek-r1:7b,-1
2025-06-08T14:45:44.780575,7.732968,8.2,0.0,61899.703125,51.0,64193.234375,0,0.0,142.328125,deepseek-r1:7b,-1
2025-06-08T14:45:44.885902,7.838295,10.2,0.0,61899.703125,51.0,64193.234375,0,0.0,142.328125,deepseek-r1:7b,-1
2025-06-08T14:45:44.987962,7.940355,8.1,0.0,61899.703125,51.0,64193.234375,0,0.0,142.328125,deepseek-r1:7b,-1
2025-06-08T14:45:45.093365,8.045758,7.6,0.0,61899.703125,51.0,64193.234375,0,0.0,142.328125,deepseek-r1:7b,-1
2025-06-08T14:45:45.194792,8.147185,8.0,0.0,61899.703125,51.0,64193.234375,0,0.0,142.328125,deepseek-r1:7b,-1
2025-06-08T14:45:45.300190,8.252583,7.8,0.0,61899.703125,51.0,64193.234375,0,0.0,142.328125,deepseek-r1:7b,-1
2025-06-08T14:45:45.405239,8.357632,7.7,0.0,61891.234375,51.0,64201.140625,0,0.0,142.328125,deepseek-r1:7b,-1
2025-06-08T14:45:45.510588,8.462981,10.1,0.0,61891.28125,51.0,64201.453125,0,0.0,142.328125,deepseek-r1:7b,-1
2025-06-08T14:45:45.615925,8.568318,7.7,0.0,61891.28125,51.0,64201.453125,0,0.0,142.328125,deepseek-r1:7b,-1
2025-06-08T14:45:45.721270,8.673663,7.2,0.0,61891.28125,51.0,64201.453125,0,0.0,142.328125,deepseek-r1:7b,-1
2025-06-08T14:45:45.826563,8.778956,7.6,0.0,61891.28125,51.0,64201.453125,0,0.0,142.328125,deepseek-r1:7b,-1
2025-06-08T14:45:45.927544,8.879937,7.5,0.0,61891.28125,51.0,64201.453125,0,0.0,142.328125,deepseek-r1:7b,-1
2025-06-08T14:45:46.032456,8.984849,10.0,0.0,61891.28125,51.0,64201.453125,0,0.0,142.328125,deepseek-r1:7b,-1
2025-06-08T14:45:46.137736,9.090129,0.0,0.0,61891.28125,51.0,64201.453125,0,0.0,142.328125,deepseek-r1:7b,-1
2025-06-08T14:45:46.238781,9.191174,0.0,0.0,61891.28125,51.0,64201.453125,0,0.0,142.328125,deepseek-r1:7b,-1
2025-06-08T14:45:46.342715,9.295108,0.0,0.0,61891.28125,51.0,64201.453125,0,0.0,142.328125,deepseek-r1:7b,-1
2025-06-08T14:45:46.448082,9.400475,10.6,0.0,61956.3125,51.1,64138.515625,0,0.0,142.328125,deepseek-r1:7b,-1
2025-06-08T14:45:46.551053,9.503446,11.4,0.0,61956.53125,51.1,64138.953125,0,0.0,142.328125,deepseek-r1:7b,-1
2025-06-08T14:45:46.656407,9.6088,10.1,0.0,61956.578125,51.1,64139.15625,0,0.0,142.328125,deepseek-r1:7b,-1
2025-06-08T14:45:46.759393,9.711786,10.5,0.0,61956.578125,51.1,64139.15625,0,0.0,142.328125,deepseek-r1:7b,-1
2025-06-08T14:45:46.864777,9.81717,11.0,0.0,61956.578125,51.1,64139.15625,0,0.0,142.328125,deepseek-r1:7b,-1
2025-06-08T14:45:46.970138,9.922531,12.5,0.0,61956.578125,51.1,64139.15625,0,0.0,142.328125,deepseek-r1:7b,-1
2025-06-08T14:45:47.075509,10.027902,10.6,0.0,61956.578125,51.1,64139.15625,0,0.0,142.328125,deepseek-r1:7b,-1
2025-06-08T14:45:47.180910,10.133303,10.2,0.0,61956.578125,51.1,64139.15625,0,0.0,142.328125,deepseek-r1:7b,-1
2025-06-08T14:45:47.281444,10.233837,0.0,0.0,61956.578125,51.1,64139.15625,0,0.0,142.328125,deepseek-r1:7b,-1
2025-06-08T14:45:47.382339,10.334732,0.0,0.0,61956.578125,51.1,64139.15625,0,0.0,142.328125,deepseek-r1:7b,-1
2025-06-08T14:45:47.487519,10.439912,16.0,0.0,61956.984375,51.1,64129.734375,0,0.0,142.328125,deepseek-r1:7b,-1
2025-06-08T14:45:47.588441,10.540834,14.2,0.0,61956.984375,51.1,64129.734375,0,0.0,142.328125,deepseek-r1:7b,-1
2025-06-08T14:45:47.689054,10.641447,7.5,0.0,61956.984375,51.1,64129.734375,0,0.0,142.328125,deepseek-r1:7b,-1
2025-06-08T14:45:47.793870,10.746263,10.8,0.0,61956.984375,51.1,64129.734375,0,0.0,142.328125,deepseek-r1:7b,-1
2025-06-08T14:45:49.938899,0.03693,9.3,0.0,61925.765625,51.0,64163.484375,0,0.0,142.328125,deepseek-r1:7b,-1
2025-06-08T14:45:50.044081,0.142112,14.3,0.0,61970.40625,51.1,64120.6875,0,0.0,142.328125,deepseek-r1:7b,-1
2025-06-08T14:45:50.148950,0.246981,12.7,0.0,61981.28125,51.1,64108.71875,0,0.0,142.328125,deepseek-r1:7b,-1
2025-06-08T14:45:50.250781,0.348812,8.0,0.0,61981.28125,51.1,64108.71875,0,0.0,142.328125,deepseek-r1:7b,-1
2025-06-08T14:45:50.356133,0.454164,7.7,0.0,61981.28125,51.1,64108.71875,0,0.0,142.328125,deepseek-r1:7b,-1
2025-06-08T14:45:50.459633,0.557664,9.1,0.0,61981.28125,51.1,64108.71875,0,0.0,142.328125,deepseek-r1:7b,-1
2025-06-08T14:45:50.564998,0.663029,9.0,0.0,61981.28125,51.1,64108.71875,0,0.0,142.328125,deepseek-r1:7b,-1
2025-06-08T14:45:50.669134,0.767165,8.2,0.0,61981.28125,51.1,64108.71875,0,0.0,142.328125,deepseek-r1:7b,-1
2025-06-08T14:45:50.770115,0.868146,6.3,0.0,61981.28125,51.1,64108.71875,0,0.0,142.328125,deepseek-r1:7b,-1
2025-06-08T14:45:50.871938,0.969969,7.5,0.0,61981.28125,51.1,64108.71875,0,0.0,142.328125,deepseek-r1:7b,-1
2025-06-08T14:45:50.973389,1.07142,10.7,0.0,61972.390625,51.1,64119.375,0,0.0,142.328125,deepseek-r1:7b,-1
2025-06-08T14:45:51.078773,1.176804,11.1,0.0,61956.265625,51.1,64136.984375,0,0.0,142.328125,deepseek-r1:7b,-1
2025-06-08T14:45:51.184169,1.2822,12.1,0.0,61956.265625,51.1,64136.984375,0,0.0,142.328125,deepseek-r1:7b,-1
2025-06-08T14:45:51.288855,1.386886,0.0,0.0,61956.265625,51.1,64136.984375,0,0.0,142.328125,deepseek-r1:7b,-1
2025-06-08T14:45:51.392708,1.490739,0.0,0.0,61956.265625,51.1,64136.984375,0,0.0,142.328125,deepseek-r1:7b,-1
2025-06-08T14:45:51.496102,1.594133,0.0,0.0,61956.265625,51.1,64136.984375,0,0.0,142.328125,deepseek-r1:7b,-1
2025-06-08T14:45:51.596852,1.694883,0.0,0.0,61956.265625,51.1,64136.984375,0,0.0,142.328125,deepseek-r1:7b,-1
2025-06-08T14:45:51.702305,1.800336,0.0,0.0,61956.265625,51.1,64136.984375,0,0.0,142.328125,deepseek-r1:7b,-1
2025-06-08T14:45:51.807671,1.905702,0.0,0.0,61956.265625,51.1,64136.984375,0,0.0,142.328125,deepseek-r1:7b,-1
2025-06-08T14:45:51.912941,2.010972,0.0,0.0,61956.265625,51.1,64136.984375,0,0.0,142.328125,deepseek-r1:7b,-1
2025-06-08T14:45:52.016305,2.114336,10.2,0.0,61943.1875,51.1,64153.1875,0,0.0,142.328125,deepseek-r1:7b,-1
2025-06-08T14:45:52.117182,2.215213,12.4,0.0,61943.234375,51.1,64153.53125,0,0.0,142.328125,deepseek-r1:7b,-1
2025-06-08T14:45:52.222561,2.320592,10.1,0.0,61943.234375,51.1,64153.53125,0,0.0,142.328125,deepseek-r1:7b,-1
2025-06-08T14:45:52.327899,2.42593,8.4,0.0,61943.234375,51.1,64153.53125,0,0.0,142.328125,deepseek-r1:7b,-1
2025-06-08T14:45:52.433222,2.531253,9.9,0.0,61943.234375,51.1,64153.53125,0,0.0,142.328125,deepseek-r1:7b,-1
2025-06-08T14:45:52.534473,2.632504,7.6,0.0,61943.234375,51.1,64153.53125,0,0.0,142.328125,deepseek-r1:7b,-1
2025-06-08T14:45:52.639831,2.737862,8.7,0.0,61943.234375,51.1,64153.53125,0,0.0,142.328125,deepseek-r1:7b,-1
2025-06-08T14:45:52.745231,2.843262,0.0,0.0,61943.234375,51.1,64153.53125,0,0.0,142.328125,deepseek-r1:7b,-1
2025-06-08T14:45:52.845753,2.943784,0.0,0.0,61943.234375,51.1,64153.53125,0,0.0,142.328125,deepseek-r1:7b,-1
2025-06-08T14:45:52.947069,3.0451,0.0,0.0,61943.234375,51.1,64153.53125,0,0.0,142.328125,deepseek-r1:7b,-1
2025-06-08T14:45:53.052436,3.150467,7.9,0.0,61938.59375,51.1,64153.21875,0,0.0,142.328125,deepseek-r1:7b,-1
2025-06-08T14:45:53.157841,3.255872,7.2,0.0,61938.484375,51.1,64153.546875,0,0.0,142.328125,deepseek-r1:7b,-1
2025-06-08T14:45:53.258422,3.356453,7.4,0.0,61938.484375,51.1,64153.90625,0,0.0,142.328125,deepseek-r1:7b,-1
2025-06-08T14:45:53.363793,3.461824,9.4,0.0,61938.484375,51.1,64153.90625,0,0.0,142.328125,deepseek-r1:7b,-1
2025-06-08T14:45:53.469147,3.567178,9.3,0.0,61938.484375,51.1,64153.90625,0,0.0,142.328125,deepseek-r1:7b,-1
2025-06-08T14:45:53.571859,3.66989,7.5,0.0,61938.484375,51.1,64153.90625,0,0.0,142.328125,deepseek-r1:7b,-1
2025-06-08T14:45:53.674664,3.772695,7.5,0.0,61938.484375,51.1,64153.90625,0,0.0,142.328125,deepseek-r1:7b,-1
2025-06-08T14:45:53.780038,3.878069,8.6,0.0,61938.484375,51.1,64153.90625,0,0.0,142.328125,deepseek-r1:7b,-1
2025-06-08T14:45:53.885401,3.983432,8.9,0.0,61938.484375,51.1,64153.90625,0,0.0,142.328125,deepseek-r1:7b,-1
2025-06-08T14:45:53.986725,4.084756,12.4,0.0,61938.484375,51.1,64153.90625,0,0.0,142.328125,deepseek-r1:7b,-1
2025-06-08T14:45:54.091919,4.18995,7.6,0.0,61903.671875,51.0,64189.546875,0,0.0,142.328125,deepseek-r1:7b,-1
2025-06-08T14:45:54.197273,4.295304,6.7,0.0,61903.78125,51.0,64189.90625,0,0.0,142.328125,deepseek-r1:7b,-1
2025-06-08T14:45:54.302614,4.400645,7.0,0.0,61903.78125,51.0,64189.90625,0,0.0,142.328125,deepseek-r1:7b,-1
2025-06-08T14:45:54.407123,4.505154,9.1,0.0,61903.78125,51.0,64189.90625,0,0.0,142.328125,deepseek-r1:7b,-1
2025-06-08T14:45:54.512484,4.610515,9.4,0.0,61903.78125,51.0,64189.90625,0,0.0,142.328125,deepseek-r1:7b,-1
2025-06-08T14:45:54.617269,4.7153,8.4,0.0,61903.78125,51.0,64189.90625,0,0.0,142.328125,deepseek-r1:7b,-1
2025-06-08T14:45:54.722616,4.820647,8.3,0.0,61903.78125,51.0,64189.90625,0,0.0,142.328125,deepseek-r1:7b,-1
2025-06-08T14:45:54.826021,4.924052,6.7,0.0,61903.78125,51.0,64189.90625,0,0.0,142.328125,deepseek-r1:7b,-1
2025-06-08T14:45:54.931369,5.0294,9.4,0.0,61903.78125,51.0,64189.90625,0,0.0,142.328125,deepseek-r1:7b,-1
2025-06-08T14:45:55.032398,5.130429,8.1,0.0,61903.78125,51.0,64189.90625,0,0.0,142.328125,deepseek-r1:7b,-1
2025-06-08T14:45:55.134118,5.232149,8.0,0.0,61898.5,51.0,64194.203125,0,0.0,142.328125,deepseek-r1:7b,-1
2025-06-08T14:45:55.239507,5.337538,6.5,0.0,61898.59375,51.0,64190.5625,0,0.0,142.328125,deepseek-r1:7b,-1
2025-06-08T14:45:55.343682,5.441713,7.9,0.0,61892.484375,51.0,64196.859375,0,0.0,142.328125,deepseek-r1:7b,-1
2025-06-08T14:45:55.449061,5.547092,8.9,0.0,61892.484375,51.0,64196.859375,0,0.0,142.328125,deepseek-r1:7b,-1
2025-06-08T14:45:55.552386,5.650417,8.0,0.0,61892.484375,51.0,64196.859375,0,0.0,142.328125,deepseek-r1:7b,-1
2025-06-08T14:45:57.702964,0.039184,12.2,0.0,61392.515625,50.6,64702.90625,0,0.0,142.34375,deepseek-r1:7b,-1
2025-06-08T14:45:57.808144,0.144364,13.8,0.0,61932.859375,51.0,64160.390625,0,0.0,142.34375,deepseek-r1:7b,-1
2025-06-08T14:45:57.913572,0.249792,14.4,0.0,61943.75,51.1,64152.46875,0,0.0,142.34375,deepseek-r1:7b,-1
2025-06-08T14:45:58.018506,0.354726,9.9,0.0,61943.75,51.1,64152.46875,0,0.0,142.34375,deepseek-r1:7b,-1
2025-06-08T14:45:58.123874,0.460094,7.7,0.0,61943.75,51.1,64152.46875,0,0.0,142.34375,deepseek-r1:7b,-1
2025-06-08T14:45:58.229295,0.565515,7.7,0.0,61943.75,51.1,64152.46875,0,0.0,142.34375,deepseek-r1:7b,-1
2025-06-08T14:45:58.330914,0.667134,9.1,0.0,61943.75,51.1,64152.46875,0,0.0,142.34375,deepseek-r1:7b,-1
2025-06-08T14:45:58.436307,0.772527,0.0,0.0,61943.75,51.1,64152.46875,0,0.0,142.34375,deepseek-r1:7b,-1
2025-06-08T14:45:58.538696,0.874916,0.0,0.0,61943.75,51.1,64152.46875,0,0.0,142.34375,deepseek-r1:7b,-1
2025-06-08T14:45:58.644077,0.980297,0.0,0.0,61943.75,51.1,64152.46875,0,0.0,142.34375,deepseek-r1:7b,-1
2025-06-08T14:45:58.749487,1.085707,8.0,0.0,62091.734375,51.2,63998.078125,0,0.0,142.34375,deepseek-r1:7b,-1
2025-06-08T14:45:58.854870,1.19109,9.0,0.0,62094.9375,51.2,63994.40625,0,0.0,142.34375,deepseek-r1:7b,-1
2025-06-08T14:45:58.959346,1.295566,11.2,0.0,62094.9375,51.2,63994.40625,0,0.0,142.34375,deepseek-r1:7b,-1
2025-06-08T14:45:59.064496,1.400716,0.0,0.0,62094.9375,51.2,63994.40625,0,0.0,142.34375,deepseek-r1:7b,-1
2025-06-08T14:45:59.169686,1.505906,0.0,0.0,62094.9375,51.2,63994.40625,0,0.0,142.34375,deepseek-r1:7b,-1
2025-06-08T14:45:59.275143,1.611363,0.0,0.0,62094.9375,51.2,63994.40625,0,0.0,142.34375,deepseek-r1:7b,-1
2025-06-08T14:45:59.380489,1.716709,0.0,0.0,62094.9375,51.2,63994.40625,0,0.0,142.34375,deepseek-r1:7b,-1
2025-06-08T14:45:59.485858,1.822078,0.0,0.0,62094.9375,51.2,63994.40625,0,0.0,142.34375,deepseek-r1:7b,-1
2025-06-08T14:45:59.589006,1.925226,0.0,0.0,62094.9375,51.2,63994.40625,0,0.0,142.34375,deepseek-r1:7b,-1
2025-06-08T14:45:59.691599,2.027819,0.0,0.0,62094.9375,51.2,63994.40625,0,0.0,142.34375,deepseek-r1:7b,-1
2025-06-08T14:45:59.796949,2.133169,8.2,0.0,61911.609375,51.0,64183.6875,0,0.0,142.34375,deepseek-r1:7b,-1
2025-06-08T14:45:59.900214,2.236434,7.4,0.0,61911.609375,51.0,64183.921875,0,0.0,142.34375,deepseek-r1:7b,-1
2025-06-08T14:46:00.001133,2.337353,9.1,0.0,61911.609375,51.0,64184.28125,0,0.0,142.34375,deepseek-r1:7b,-1
2025-06-08T14:46:00.104330,2.44055,9.8,0.0,61907.109375,51.0,64177.1875,0,0.0,142.34375,deepseek-r1:7b,-1
2025-06-08T14:46:00.209726,2.545946,7.7,0.0,61907.109375,51.0,64177.1875,0,0.0,142.34375,deepseek-r1:7b,-1
2025-06-08T14:46:00.314491,2.650711,7.1,0.0,61907.109375,51.0,64177.1875,0,0.0,142.34375,deepseek-r1:7b,-1
2025-06-08T14:46:00.419869,2.756089,8.4,0.0,61907.109375,51.0,64177.1875,0,0.0,142.34375,deepseek-r1:7b,-1
2025-06-08T14:46:00.525227,2.861447,8.8,0.0,61907.109375,51.0,64177.1875,0,0.0,142.34375,deepseek-r1:7b,-1
2025-06-08T14:46:00.630590,2.96681,9.0,0.0,61907.109375,51.0,64177.1875,0,0.0,142.34375,deepseek-r1:7b,-1
2025-06-08T14:46:00.734203,3.070423,0.0,0.0,61907.109375,51.0,64177.1875,0,0.0,142.34375,deepseek-r1:7b,-1
2025-06-08T14:46:00.836377,3.172597,7.0,0.0,61902.734375,51.0,64183.9375,0,0.0,142.34375,deepseek-r1:7b,-1
2025-06-08T14:46:00.941744,3.277964,8.9,0.0,61902.734375,51.0,64183.9375,0,0.0,142.34375,deepseek-r1:7b,-1
2025-06-08T14:46:01.047032,3.383252,11.1,0.0,61902.734375,51.0,64183.9375,0,0.0,142.34375,deepseek-r1:7b,-1
2025-06-08T14:46:01.152411,3.488631,9.1,0.0,61902.734375,51.0,64183.9375,0,0.0,142.34375,deepseek-r1:7b,-1
2025-06-08T14:46:01.253309,3.589529,0.0,0.0,61902.734375,51.0,64183.9375,0,0.0,142.34375,deepseek-r1:7b,-1
2025-06-08T14:46:01.356583,3.692803,0.0,0.0,61902.734375,51.0,64183.9375,0,0.0,142.34375,deepseek-r1:7b,-1
2025-06-08T14:46:01.457370,3.79359,0.0,0.0,61902.734375,51.0,64183.9375,0,0.0,142.34375,deepseek-r1:7b,-1
2025-06-08T14:46:01.558587,3.894807,0.0,0.0,61902.734375,51.0,64183.9375,0,0.0,142.34375,deepseek-r1:7b,-1
2025-06-08T14:46:03.709206,0.038622,10.5,0.0,61407.125,50.7,64679.953125,0,0.0,142.34375,deepseek-r1:7b,-1
2025-06-08T14:46:03.814380,0.143796,13.9,0.0,61773.984375,50.9,64314.875,0,0.0,142.34375,deepseek-r1:7b,-1
2025-06-08T14:46:03.915612,0.245028,0.0,0.0,61785.421875,50.9,64299.28125,0,0.0,142.34375,deepseek-r1:7b,-1
2025-06-08T14:46:04.018492,0.347908,0.0,0.0,61935.734375,51.1,64153.78125,0,0.0,142.34375,deepseek-r1:7b,-1
2025-06-08T14:46:04.123678,0.453094,0.0,0.0,61935.734375,51.1,64153.78125,0,0.0,142.34375,deepseek-r1:7b,-1
2025-06-08T14:46:04.225082,0.554498,0.0,0.0,61935.734375,51.1,64153.78125,0,0.0,142.34375,deepseek-r1:7b,-1
2025-06-08T14:46:04.326479,0.655895,0.0,0.0,61935.734375,51.1,64153.78125,0,0.0,142.34375,deepseek-r1:7b,-1
2025-06-08T14:46:04.431848,0.761264,0.0,0.0,61935.734375,51.1,64153.78125,0,0.0,142.34375,deepseek-r1:7b,-1
2025-06-08T14:46:04.532602,0.862018,0.0,0.0,61935.734375,51.1,64153.78125,0,0.0,142.34375,deepseek-r1:7b,-1
2025-06-08T14:46:04.637968,0.967384,0.0,0.0,61935.734375,51.1,64153.78125,0,0.0,142.34375,deepseek-r1:7b,-1
2025-06-08T14:46:04.742813,1.072229,9.4,0.0,61937.15625,51.1,64156.171875,0,0.0,142.34375,deepseek-r1:7b,-1
2025-06-08T14:46:04.845887,1.175303,7.4,0.0,61940.78125,51.1,64156.09375,0,0.0,142.34375,deepseek-r1:7b,-1
2025-06-08T14:46:04.951280,1.280696,10.1,0.0,61940.625,51.1,64156.546875,0,0.0,142.34375,deepseek-r1:7b,-1
2025-06-08T14:46:05.051676,1.381092,0.0,0.0,61820.359375,51.0,64277.28125,0,0.0,142.34375,deepseek-r1:7b,-1
2025-06-08T14:46:05.157045,1.486461,0.0,0.0,61820.359375,51.0,64277.28125,0,0.0,142.34375,deepseek-r1:7b,-1
2025-06-08T14:46:05.262398,1.591814,0.0,0.0,61820.359375,51.0,64277.28125,0,0.0,142.34375,deepseek-r1:7b,-1
2025-06-08T14:46:05.367666,1.697082,0.0,0.0,61820.359375,51.0,64277.28125,0,0.0,142.34375,deepseek-r1:7b,-1
2025-06-08T14:46:05.471836,1.801252,0.0,0.0,61820.359375,51.0,64277.28125,0,0.0,142.34375,deepseek-r1:7b,-1
2025-06-08T14:46:05.577196,1.906612,0.0,0.0,61820.359375,51.0,64277.28125,0,0.0,142.34375,deepseek-r1:7b,-1
2025-06-08T14:46:05.681884,2.0113,0.0,0.0,61820.359375,51.0,64277.28125,0,0.0,142.34375,deepseek-r1:7b,-1
2025-06-08T14:46:05.787223,2.116639,8.0,0.0,61879.53125,51.0,64209.890625,0,0.0,142.34375,deepseek-r1:7b,-1
2025-06-08T14:46:05.888497,2.217913,8.1,0.0,61879.5625,51.0,64210.234375,0,0.0,142.34375,deepseek-r1:7b,-1
2025-06-08T14:46:05.992662,2.322078,8.3,0.0,61879.578125,51.0,64210.453125,0,0.0,142.34375,deepseek-r1:7b,-1
2025-06-08T14:46:06.095545,2.424961,12.3,0.0,61879.578125,51.0,64210.453125,0,0.0,142.34375,deepseek-r1:7b,-1
2025-06-08T14:46:06.200913,2.530329,10.5,0.0,61879.578125,51.0,64210.453125,0,0.0,142.34375,deepseek-r1:7b,-1
2025-06-08T14:46:06.306308,2.635724,9.1,0.0,61879.578125,51.0,64210.453125,0,0.0,142.34375,deepseek-r1:7b,-1
2025-06-08T14:46:06.407053,2.736469,11.1,0.0,61879.578125,51.0,64210.453125,0,0.0,142.34375,deepseek-r1:7b,-1
2025-06-08T14:46:06.509833,2.839249,10.3,0.0,61879.578125,51.0,64210.453125,0,0.0,142.34375,deepseek-r1:7b,-1
2025-06-08T14:46:06.613489,2.942905,12.0,0.0,61879.578125,51.0,64210.453125,0,0.0,142.34375,deepseek-r1:7b,-1
2025-06-08T14:46:06.718898,3.048314,11.4,0.0,61879.578125,51.0,64210.453125,0,0.0,142.34375,deepseek-r1:7b,-1
2025-06-08T14:46:06.821560,3.150976,11.6,0.0,61971.5625,51.1,64114.015625,0,0.0,142.34375,deepseek-r1:7b,-1
2025-06-08T14:46:06.926957,3.256373,9.6,0.0,61971.5625,51.1,64114.265625,0,0.0,142.34375,deepseek-r1:7b,-1
2025-06-08T14:46:09.060294,0.023967,9.9,0.0,61363.71875,50.6,64732.484375,0,0.0,142.34375,deepseek-r1:7b,-1
2025-06-08T14:46:09.165427,0.1291,14.0,0.0,61760.796875,50.9,64333.296875,0,0.0,142.34375,deepseek-r1:7b,-1
2025-06-08T14:46:09.270698,0.234371,12.7,0.0,61770.09375,50.9,64327.078125,0,0.0,142.34375,deepseek-r1:7b,-1
2025-06-08T14:46:09.372438,0.336111,8.7,0.0,61770.09375,50.9,64327.078125,0,0.0,142.34375,deepseek-r1:7b,-1
2025-06-08T14:46:09.475111,0.438784,8.9,0.0,61770.09375,50.9,64327.078125,0,0.0,142.34375,deepseek-r1:7b,-1
2025-06-08T14:46:09.580508,0.544181,8.9,0.0,61770.09375,50.9,64327.078125,0,0.0,142.34375,deepseek-r1:7b,-1
2025-06-08T14:46:09.684557,0.64823,7.7,0.0,61770.09375,50.9,64327.078125,0,0.0,142.34375,deepseek-r1:7b,-1
2025-06-08T14:46:09.789947,0.75362,7.8,0.0,61770.09375,50.9,64327.078125,0,0.0,142.34375,deepseek-r1:7b,-1
2025-06-08T14:46:09.893131,0.856804,7.9,0.0,61770.09375,50.9,64327.078125,0,0.0,142.34375,deepseek-r1:7b,-1
2025-06-08T14:46:09.996217,0.95989,0.0,0.0,61770.09375,50.9,64327.078125,0,0.0,142.34375,deepseek-r1:7b,-1
2025-06-08T14:46:10.101554,1.065227,7.6,0.0,61950.953125,51.1,64143.21875,0,0.0,142.34375,deepseek-r1:7b,-1
2025-06-08T14:46:10.206939,1.170612,7.6,0.0,61950.953125,51.1,64143.21875,0,0.0,142.34375,deepseek-r1:7b,-1
2025-06-08T14:46:10.312344,1.276017,0.0,0.0,61950.953125,51.1,64143.21875,0,0.0,142.34375,deepseek-r1:7b,-1
2025-06-08T14:46:10.417640,1.381313,0.0,0.0,61950.953125,51.1,64143.21875,0,0.0,142.34375,deepseek-r1:7b,-1
2025-06-08T14:46:10.523012,1.486685,0.0,0.0,61950.953125,51.1,64143.21875,0,0.0,142.34375,deepseek-r1:7b,-1
2025-06-08T14:46:10.628366,1.592039,0.0,0.0,61950.953125,51.1,64143.21875,0,0.0,142.34375,deepseek-r1:7b,-1
2025-06-08T14:46:10.733726,1.697399,0.0,0.0,61950.953125,51.1,64143.21875,0,0.0,142.34375,deepseek-r1:7b,-1
2025-06-08T14:46:10.838477,1.80215,0.0,0.0,61950.953125,51.1,64143.21875,0,0.0,142.34375,deepseek-r1:7b,-1
2025-06-08T14:46:10.943883,1.907556,0.0,0.0,61950.953125,51.1,64143.21875,0,0.0,142.34375,deepseek-r1:7b,-1
2025-06-08T14:46:11.049254,2.012927,0.0,0.0,61950.953125,51.1,64143.21875,0,0.0,142.34375,deepseek-r1:7b,-1
2025-06-08T14:46:11.150223,2.113896,9.0,0.0,61987.515625,51.1,64110.125,0,0.0,142.34375,deepseek-r1:7b,-1
2025-06-08T14:46:11.255590,2.219263,10.4,0.0,61984.4375,51.1,64109.578125,0,0.0,142.34375,deepseek-r1:7b,-1
2025-06-08T14:46:11.360951,2.324624,11.2,0.0,61984.4375,51.1,64109.578125,0,0.0,142.34375,deepseek-r1:7b,-1
2025-06-08T14:46:11.463758,2.427431,9.7,0.0,61984.4375,51.1,64109.578125,0,0.0,142.34375,deepseek-r1:7b,-1
2025-06-08T14:46:11.569109,2.532782,10.2,0.0,61984.4375,51.1,64109.578125,0,0.0,142.34375,deepseek-r1:7b,-1
2025-06-08T14:46:11.674481,2.638154,10.0,0.0,61984.4375,51.1,64109.578125,0,0.0,142.34375,deepseek-r1:7b,-1
2025-06-08T14:46:11.776962,2.740635,0.0,0.0,61984.4375,51.1,64109.578125,0,0.0,142.34375,deepseek-r1:7b,-1
2025-06-08T14:46:11.878148,2.841821,0.0,0.0,61984.4375,51.1,64109.578125,0,0.0,142.34375,deepseek-r1:7b,-1
2025-06-08T14:46:11.981368,2.945041,0.0,0.0,61984.4375,51.1,64109.578125,0,0.0,142.34375,deepseek-r1:7b,-1
2025-06-08T14:46:12.086012,3.049685,0.0,0.0,61984.4375,51.1,64109.578125,0,0.0,142.34375,deepseek-r1:7b,-1
2025-06-08T14:46:12.189865,3.153538,10.6,0.0,61981.015625,51.1,64116.15625,0,0.0,142.34375,deepseek-r1:7b,-1
2025-06-08T14:46:12.294172,3.257845,11.2,0.0,61981.0625,51.1,64116.609375,0,0.0,142.34375,deepseek-r1:7b,-1
2025-06-08T14:46:12.399629,3.363302,8.4,0.0,61981.0625,51.1,64116.859375,0,0.0,142.34375,deepseek-r1:7b,-1
2025-06-08T14:46:12.500570,3.464243,8.2,0.0,61981.0625,51.1,64116.859375,0,0.0,142.34375,deepseek-r1:7b,-1
2025-06-08T14:46:12.605972,3.569645,0.0,0.0,61981.0625,51.1,64116.859375,0,0.0,142.34375,deepseek-r1:7b,-1
2025-06-08T14:46:12.707433,3.671106,0.0,0.0,61981.0625,51.1,64116.859375,0,0.0,142.34375,deepseek-r1:7b,-1
2025-06-08T14:46:12.812805,3.776478,0.0,0.0,61981.0625,51.1,64116.859375,0,0.0,142.34375,deepseek-r1:7b,-1
2025-06-08T14:46:12.918181,3.881854,0.0,0.0,61981.0625,51.1,64116.859375,0,0.0,142.34375,deepseek-r1:7b,-1
2025-06-08T14:46:13.023525,3.987198,0.0,0.0,61981.0625,51.1,64116.859375,0,0.0,142.34375,deepseek-r1:7b,-1
2025-06-08T14:46:13.128889,4.092562,0.0,0.0,61981.0625,51.1,64116.859375,0,0.0,142.34375,deepseek-r1:7b,-1
2025-06-08T14:46:13.230593,4.194266,8.0,0.0,61980.421875,51.1,64111.921875,0,0.0,142.34375,deepseek-r1:7b,-1
2025-06-08T14:46:13.331722,4.295395,8.7,0.0,61980.421875,51.1,64111.921875,0,0.0,142.34375,deepseek-r1:7b,-1
2025-06-08T14:46:13.437096,4.400769,7.6,0.0,61980.421875,51.1,64111.921875,0,0.0,142.34375,deepseek-r1:7b,-1
2025-06-08T14:46:13.538462,4.502135,11.1,0.0,61980.421875,51.1,64111.921875,0,0.0,142.34375,deepseek-r1:7b,-1
2025-06-08T14:46:13.643389,4.607062,7.2,0.0,61980.421875,51.1,64111.921875,0,0.0,142.34375,deepseek-r1:7b,-1
2025-06-08T14:46:13.744538,4.708211,6.2,0.0,61980.421875,51.1,64111.921875,0,0.0,142.34375,deepseek-r1:7b,-1
2025-06-08T14:46:13.847644,4.811317,8.5,0.0,61980.421875,51.1,64111.921875,0,0.0,142.34375,deepseek-r1:7b,-1
2025-06-08T14:46:13.948536,4.912209,0.0,0.0,61980.421875,51.1,64111.921875,0,0.0,142.34375,deepseek-r1:7b,-1
2025-06-08T14:46:14.053713,5.017386,0.0,0.0,61980.421875,51.1,64111.921875,0,0.0,142.34375,deepseek-r1:7b,-1
2025-06-08T14:46:14.155218,5.118891,0.0,0.0,61980.421875,51.1,64111.921875,0,0.0,142.34375,deepseek-r1:7b,-1
2025-06-08T14:46:14.255994,5.219667,8.9,0.0,61918.25,51.0,64173.21875,0,0.0,142.34375,deepseek-r1:7b,-1
2025-06-08T14:46:14.359787,5.32346,7.3,0.0,61918.21875,51.0,64173.4375,0,0.0,142.34375,deepseek-r1:7b,-1
2025-06-08T14:46:14.465180,5.428853,8.8,0.0,61918.078125,51.0,64173.921875,0,0.0,142.34375,deepseek-r1:7b,-1
2025-06-08T14:46:14.570555,5.534228,9.6,0.0,61918.078125,51.0,64173.921875,0,0.0,142.34375,deepseek-r1:7b,-1
2025-06-08T14:46:14.672461,5.636134,7.4,0.0,61918.078125,51.0,64173.921875,0,0.0,142.34375,deepseek-r1:7b,-1
2025-06-08T14:46:14.777802,5.741475,6.4,0.0,61918.078125,51.0,64173.921875,0,0.0,142.34375,deepseek-r1:7b,-1
2025-06-08T14:46:14.879866,5.843539,9.9,0.0,61918.078125,51.0,64173.921875,0,0.0,142.34375,deepseek-r1:7b,-1
2025-06-08T14:46:14.984310,5.947983,0.0,0.0,61918.078125,51.0,64173.921875,0,0.0,142.34375,deepseek-r1:7b,-1
2025-06-08T14:46:15.089693,6.053366,0.0,0.0,61918.078125,51.0,64173.921875,0,0.0,142.34375,deepseek-r1:7b,-1
2025-06-08T14:46:15.195065,6.158738,0.0,0.0,61918.078125,51.0,64173.921875,0,0.0,142.34375,deepseek-r1:7b,-1
2025-06-08T14:46:15.296286,6.259959,7.5,0.0,61915.90625,51.0,64178.59375,0,0.0,142.34375,deepseek-r1:7b,-1
2025-06-08T14:46:15.401646,6.365319,9.0,0.0,61915.90625,51.0,64178.59375,0,0.0,142.34375,deepseek-r1:7b,-1
2025-06-08T14:46:15.506005,6.469678,9.4,0.0,61915.90625,51.0,64178.59375,0,0.0,142.34375,deepseek-r1:7b,-1
2025-06-08T14:46:15.611361,6.575034,7.9,0.0,61915.90625,51.0,64178.59375,0,0.0,142.34375,deepseek-r1:7b,-1
2025-06-08T14:46:15.712339,6.676012,8.6,0.0,61915.90625,51.0,64178.59375,0,0.0,142.34375,deepseek-r1:7b,-1
2025-06-08T14:46:15.817732,6.781405,7.6,0.0,61915.90625,51.0,64178.59375,0,0.0,142.34375,deepseek-r1:7b,-1
2025-06-08T14:46:15.923109,6.886782,7.8,0.0,61915.90625,51.0,64178.59375,0,0.0,142.34375,deepseek-r1:7b,-1
2025-06-08T14:46:16.025700,6.989373,10.2,0.0,61915.90625,51.0,64178.59375,0,0.0,142.34375,deepseek-r1:7b,-1
2025-06-08T14:46:16.130942,7.094615,12.4,0.0,61915.90625,51.0,64178.59375,0,0.0,142.34375,deepseek-r1:7b,-1
2025-06-08T14:46:16.236328,7.200001,0.0,0.0,61915.90625,51.0,64178.59375,0,0.0,142.34375,deepseek-r1:7b,-1
2025-06-08T14:46:16.341707,7.30538,9.9,0.0,61989.515625,51.1,64107.546875,0,0.0,142.34375,deepseek-r1:7b,-1
2025-06-08T14:46:16.446790,7.410463,10.0,0.0,61989.671875,51.1,64103.875,0,0.0,142.34375,deepseek-r1:7b,-1
2025-06-08T14:46:16.548993,7.512666,9.8,0.0,61989.671875,51.1,64103.875,0,0.0,142.34375,deepseek-r1:7b,-1
2025-06-08T14:46:16.653958,7.617631,11.2,0.0,61989.671875,51.1,64103.875,0,0.0,142.34375,deepseek-r1:7b,-1
2025-06-08T14:46:16.759351,7.723024,10.8,0.0,61989.671875,51.1,64103.875,0,0.0,142.34375,deepseek-r1:7b,-1
2025-06-08T14:46:16.863455,7.827128,0.0,0.0,61989.671875,51.1,64103.875,0,0.0,142.34375,deepseek-r1:7b,-1
2025-06-08T14:46:16.968861,7.932534,0.0,0.0,61989.671875,51.1,64103.875,0,0.0,142.34375,deepseek-r1:7b,-1
2025-06-08T14:46:17.071783,8.035456,0.0,0.0,61989.671875,51.1,64103.875,0,0.0,142.34375,deepseek-r1:7b,-1
2025-06-08T14:46:17.177167,8.14084,0.0,0.0,61989.671875,51.1,64103.875,0,0.0,142.34375,deepseek-r1:7b,-1
2025-06-08T14:46:17.282496,8.246169,0.0,0.0,61989.671875,51.1,64103.875,0,0.0,142.34375,deepseek-r1:7b,-1
2025-06-08T14:46:17.387883,8.351556,10.3,0.0,61989.484375,51.1,64107.1875,0,0.0,142.34375,deepseek-r1:7b,-1
2025-06-08T14:46:19.543800,0.04346,9.3,0.0,61134.703125,50.4,64954.796875,0,0.0,142.359375,deepseek-r1:7b,-1
2025-06-08T14:46:19.648973,0.148633,13.8,0.0,61134.703125,50.4,64954.796875,0,0.0,142.359375,deepseek-r1:7b,-1
2025-06-08T14:46:19.754500,0.25416,12.6,0.0,61134.703125,50.4,64954.796875,0,0.0,142.359375,deepseek-r1:7b,-1
2025-06-08T14:46:19.859853,0.359513,8.9,0.0,61134.703125,50.4,64954.796875,0,0.0,142.359375,deepseek-r1:7b,-1
2025-06-08T14:46:19.965193,0.464853,0.0,0.0,61134.703125,50.4,64954.796875,0,0.0,142.359375,deepseek-r1:7b,-1
2025-06-08T14:46:20.070560,0.57022,0.0,0.0,61134.703125,50.4,64954.796875,0,0.0,142.359375,deepseek-r1:7b,-1
2025-06-08T14:46:20.173260,0.67292,0.0,0.0,61134.703125,50.4,64954.796875,0,0.0,142.359375,deepseek-r1:7b,-1
2025-06-08T14:46:20.275306,0.774966,0.0,0.0,61134.703125,50.4,64954.796875,0,0.0,142.359375,deepseek-r1:7b,-1
2025-06-08T14:46:20.377448,0.877108,0.0,0.0,61134.703125,50.4,64954.796875,0,0.0,142.359375,deepseek-r1:7b,-1
2025-06-08T14:46:20.482825,0.982485,0.0,0.0,61134.703125,50.4,64954.796875,0,0.0,142.359375,deepseek-r1:7b,-1
2025-06-08T14:46:20.583997,1.083657,8.2,0.0,62047.75,51.1,64047.453125,0,0.0,142.359375,deepseek-r1:7b,-1
2025-06-08T14:46:20.687754,1.187414,7.9,0.0,62047.75,51.1,64047.453125,0,0.0,142.359375,deepseek-r1:7b,-1
2025-06-08T14:46:20.793123,1.292783,6.0,0.0,62047.75,51.1,64047.453125,0,0.0,142.359375,deepseek-r1:7b,-1
2025-06-08T14:46:20.898445,1.398105,11.1,0.0,62047.75,51.1,64047.453125,0,0.0,142.359375,deepseek-r1:7b,-1
2025-06-08T14:46:20.999412,1.499072,0.0,0.0,62047.75,51.1,64047.453125,0,0.0,142.359375,deepseek-r1:7b,-1
2025-06-08T14:46:21.104760,1.60442,0.0,0.0,62047.75,51.1,64047.453125,0,0.0,142.359375,deepseek-r1:7b,-1
2025-06-08T14:46:21.205924,1.705584,0.0,0.0,62047.75,51.1,64047.453125,0,0.0,142.359375,deepseek-r1:7b,-1
2025-06-08T14:46:21.311269,1.810929,0.0,0.0,62047.75,51.1,64047.453125,0,0.0,142.359375,deepseek-r1:7b,-1
2025-06-08T14:46:21.412203,1.911863,0.0,0.0,62047.75,51.1,64047.453125,0,0.0,142.359375,deepseek-r1:7b,-1
2025-06-08T14:46:21.517578,2.017238,0.0,0.0,62047.75,51.1,64047.453125,0,0.0,142.359375,deepseek-r1:7b,-1
2025-06-08T14:46:21.622935,2.122595,10.5,0.0,61993.96875,51.1,64103.328125,0,0.0,142.359375,deepseek-r1:7b,-1
2025-06-08T14:46:21.728339,2.227999,10.1,0.0,61993.96875,51.1,64103.734375,0,0.0,142.359375,deepseek-r1:7b,-1
2025-06-08T14:46:21.833445,2.333105,0.0,0.0,61993.984375,51.1,64103.953125,0,0.0,142.359375,deepseek-r1:7b,-1
2025-06-08T14:46:21.937405,2.437065,0.0,0.0,61993.984375,51.1,64103.953125,0,0.0,142.359375,deepseek-r1:7b,-1
2025-06-08T14:46:22.040611,2.540271,0.0,0.0,61993.984375,51.1,64103.953125,0,0.0,142.359375,deepseek-r1:7b,-1
2025-06-08T14:46:22.143075,2.642735,0.0,0.0,61993.984375,51.1,64103.953125,0,0.0,142.359375,deepseek-r1:7b,-1
2025-06-08T14:46:22.246858,2.746518,0.0,0.0,61993.984375,51.1,64103.953125,0,0.0,142.359375,deepseek-r1:7b,-1
2025-06-08T14:46:22.351407,2.851067,0.0,0.0,61993.984375,51.1,64103.953125,0,0.0,142.359375,deepseek-r1:7b,-1
2025-06-08T14:46:22.453395,2.953055,0.0,0.0,61993.984375,51.1,64103.953125,0,0.0,142.359375,deepseek-r1:7b,-1
2025-06-08T14:46:22.554670,3.05433,0.0,0.0,61993.984375,51.1,64103.953125,0,0.0,142.359375,deepseek-r1:7b,-1
2025-06-08T14:46:22.660060,3.15972,9.9,0.0,61989.796875,51.1,64107.515625,0,0.0,142.359375,deepseek-r1:7b,-1
2025-06-08T14:46:22.765447,3.265107,6.5,0.0,61989.8125,51.1,64107.875,0,0.0,142.359375,deepseek-r1:7b,-1
2025-06-08T14:46:22.870875,3.370535,7.7,0.0,61989.8125,51.1,64107.875,0,0.0,142.359375,deepseek-r1:7b,-1
2025-06-08T14:46:22.975100,3.47476,8.9,0.0,61989.8125,51.1,64107.875,0,0.0,142.359375,deepseek-r1:7b,-1
2025-06-08T14:46:23.080511,3.580171,7.8,0.0,61989.8125,51.1,64107.875,0,0.0,142.359375,deepseek-r1:7b,-1
2025-06-08T14:46:23.185864,3.685524,6.5,0.0,61989.8125,51.1,64107.875,0,0.0,142.359375,deepseek-r1:7b,-1
2025-06-08T14:46:23.287035,3.786695,8.6,0.0,61989.8125,51.1,64107.875,0,0.0,142.359375,deepseek-r1:7b,-1
2025-06-08T14:46:23.390420,3.89008,0.0,0.0,61989.8125,51.1,64107.875,0,0.0,142.359375,deepseek-r1:7b,-1
2025-06-08T14:46:23.495809,3.995469,0.0,0.0,61989.8125,51.1,64107.875,0,0.0,142.359375,deepseek-r1:7b,-1
2025-06-08T14:46:23.601226,4.100886,0.0,0.0,61989.8125,51.1,64107.875,0,0.0,142.359375,deepseek-r1:7b,-1
2025-06-08T14:46:23.706583,4.206243,10.6,0.0,61993.75,51.1,64103.625,0,0.0,142.359375,deepseek-r1:7b,-1
2025-06-08T14:46:23.811977,4.311637,7.1,0.0,61993.75,51.1,64103.8125,0,0.0,142.359375,deepseek-r1:7b,-1
2025-06-08T14:46:23.916449,4.416109,11.2,0.0,62002.921875,51.1,64096.53125,0,0.0,142.359375,deepseek-r1:7b,-1
2025-06-08T14:46:24.018085,4.517745,10.0,0.0,62002.921875,51.1,64096.53125,0,0.0,142.359375,deepseek-r1:7b,-1
2025-06-08T14:46:24.123282,4.622942,9.4,0.0,62002.921875,51.1,64096.53125,0,0.0,142.359375,deepseek-r1:7b,-1
2025-06-08T14:46:24.225889,4.725549,0.0,0.0,62002.921875,51.1,64096.53125,0,0.0,142.359375,deepseek-r1:7b,-1
2025-06-08T14:46:24.330098,4.829758,0.0,0.0,62002.921875,51.1,64096.53125,0,0.0,142.359375,deepseek-r1:7b,-1
2025-06-08T14:46:24.435495,4.935155,0.0,0.0,62002.921875,51.1,64096.53125,0,0.0,142.359375,deepseek-r1:7b,-1
2025-06-08T14:46:24.540890,5.04055,0.0,0.0,62002.921875,51.1,64096.53125,0,0.0,142.359375,deepseek-r1:7b,-1
2025-06-08T14:46:24.646284,5.145944,0.0,0.0,62002.921875,51.1,64096.53125,0,0.0,142.359375,deepseek-r1:7b,-1
2025-06-08T14:46:24.751681,5.251341,8.0,0.0,61927.9375,51.0,64167.984375,0,0.0,142.359375,deepseek-r1:7b,-1
2025-06-08T14:46:24.853275,5.352935,8.4,0.0,61927.9375,51.0,64167.984375,0,0.0,142.359375,deepseek-r1:7b,-1
2025-06-08T14:46:24.958671,5.458331,8.4,0.0,61927.9375,51.0,64167.984375,0,0.0,142.359375,deepseek-r1:7b,-1
2025-06-08T14:46:25.064140,5.5638,0.0,0.0,61927.9375,51.0,64167.984375,0,0.0,142.359375,deepseek-r1:7b,-1
2025-06-08T14:46:25.169500,5.66916,0.0,0.0,61927.9375,51.0,64167.984375,0,0.0,142.359375,deepseek-r1:7b,-1
2025-06-08T14:46:25.274865,5.774525,0.0,0.0,61927.9375,51.0,64167.984375,0,0.0,142.359375,deepseek-r1:7b,-1
2025-06-08T14:46:25.380207,5.879867,0.0,0.0,61927.9375,51.0,64167.984375,0,0.0,142.359375,deepseek-r1:7b,-1
2025-06-08T14:46:25.482664,5.982324,0.0,0.0,61927.9375,51.0,64167.984375,0,0.0,142.359375,deepseek-r1:7b,-1
2025-06-08T14:46:25.588001,6.087661,0.0,0.0,61927.9375,51.0,64167.984375,0,0.0,142.359375,deepseek-r1:7b,-1
2025-06-08T14:46:25.690974,6.190634,0.0,0.0,61927.9375,51.0,64167.984375,0,0.0,142.359375,deepseek-r1:7b,-1
2025-06-08T14:46:25.796394,6.296054,8.0,0.0,61920.671875,51.0,64168.234375,0,0.0,142.359375,deepseek-r1:7b,-1
2025-06-08T14:46:25.901524,6.401184,12.9,0.0,61920.6875,51.0,64168.546875,0,0.0,142.359375,deepseek-r1:7b,-1
2025-06-08T14:46:26.005032,6.504692,14.5,0.0,61920.703125,51.0,64168.71875,0,0.0,142.359375,deepseek-r1:7b,-1
2025-06-08T14:46:26.106997,6.606657,13.1,0.0,61920.703125,51.0,64168.71875,0,0.0,142.359375,deepseek-r1:7b,-1
2025-06-08T14:46:26.208126,6.707786,9.9,0.0,61920.703125,51.0,64168.71875,0,0.0,142.359375,deepseek-r1:7b,-1
2025-06-08T14:46:26.313513,6.813173,10.7,0.0,61920.703125,51.0,64168.71875,0,0.0,142.359375,deepseek-r1:7b,-1
2025-06-08T14:46:26.418873,6.918533,0.0,0.0,61920.703125,51.0,64168.71875,0,0.0,142.359375,deepseek-r1:7b,-1
2025-06-08T14:46:26.522698,7.022358,0.0,0.0,61920.703125,51.0,64168.71875,0,0.0,142.359375,deepseek-r1:7b,-1
2025-06-08T14:46:26.626371,7.126031,0.0,0.0,61920.703125,51.0,64168.71875,0,0.0,142.359375,deepseek-r1:7b,-1
2025-06-08T14:46:26.730039,7.229699,0.0,0.0,61920.703125,51.0,64168.71875,0,0.0,142.359375,deepseek-r1:7b,-1
2025-06-08T14:46:26.831051,7.330711,10.4,0.0,61988.40625,51.1,64098.625,0,0.0,142.359375,deepseek-r1:7b,-1
2025-06-08T14:46:26.932033,7.431693,10.0,0.0,61988.40625,51.1,64098.984375,0,0.0,142.359375,deepseek-r1:7b,-1
2025-06-08T14:46:27.037395,7.537055,10.1,0.0,61988.421875,51.1,64099.1875,0,0.0,142.359375,deepseek-r1:7b,-1
2025-06-08T14:46:27.142516,7.642176,11.5,0.0,61988.421875,51.1,64099.1875,0,0.0,142.359375,deepseek-r1:7b,-1
2025-06-08T14:46:27.247990,7.74765,0.0,0.0,61988.421875,51.1,64099.1875,0,0.0,142.359375,deepseek-r1:7b,-1
2025-06-08T14:46:27.353273,7.852933,0.0,0.0,61988.421875,51.1,64099.1875,0,0.0,142.359375,deepseek-r1:7b,-1
2025-06-08T14:46:27.455126,7.954786,0.0,0.0,61988.421875,51.1,64099.1875,0,0.0,142.359375,deepseek-r1:7b,-1
2025-06-08T14:46:27.560468,8.060128,0.0,0.0,61988.421875,51.1,64099.1875,0,0.0,142.359375,deepseek-r1:7b,-1
2025-06-08T14:46:27.665860,8.16552,0.0,0.0,61988.421875,51.1,64099.1875,0,0.0,142.359375,deepseek-r1:7b,-1
2025-06-08T14:46:27.770305,8.269965,0.0,0.0,61988.421875,51.1,64099.1875,0,0.0,142.359375,deepseek-r1:7b,-1
2025-06-08T14:46:27.872506,8.372166,8.8,0.0,61988.375,51.1,64101.890625,0,0.0,142.359375,deepseek-r1:7b,-1
2025-06-08T14:46:27.977836,8.477496,8.3,0.0,61988.390625,51.1,64102.25,0,0.0,142.359375,deepseek-r1:7b,-1
2025-06-08T14:46:28.083166,8.582826,8.3,0.0,61988.390625,51.1,64102.25,0,0.0,142.359375,deepseek-r1:7b,-1
2025-06-08T14:46:28.188475,8.688135,8.2,0.0,61988.390625,51.1,64102.25,0,0.0,142.359375,deepseek-r1:7b,-1
2025-06-08T14:46:28.293766,8.793426,7.7,0.0,61988.390625,51.1,64102.25,0,0.0,142.359375,deepseek-r1:7b,-1
2025-06-08T14:46:28.394493,8.894153,10.0,0.0,61988.390625,51.1,64102.25,0,0.0,142.359375,deepseek-r1:7b,-1
2025-06-08T14:46:28.495393,8.995053,8.1,0.0,61988.390625,51.1,64102.25,0,0.0,142.359375,deepseek-r1:7b,-1
2025-06-08T14:46:28.600859,9.100519,9.0,0.0,61988.390625,51.1,64102.25,0,0.0,142.359375,deepseek-r1:7b,-1
2025-06-08T14:46:28.702491,9.202151,0.0,0.0,61988.390625,51.1,64102.25,0,0.0,142.359375,deepseek-r1:7b,-1
2025-06-08T14:46:28.807830,9.30749,0.0,0.0,61988.390625,51.1,64102.25,0,0.0,142.359375,deepseek-r1:7b,-1
2025-06-08T14:46:28.909688,9.409348,9.3,0.0,61997.921875,51.1,64099.4375,0,0.0,142.359375,deepseek-r1:7b,-1
2025-06-08T14:46:29.014989,9.514649,18.3,0.0,61997.921875,51.1,64108.71875,0,0.0,142.359375,deepseek-r1:7b,-1
2025-06-08T14:46:29.116360,9.61602,9.9,0.0,61941.9375,51.0,64161.453125,0,0.0,142.359375,deepseek-r1:7b,-1
2025-06-08T14:46:29.221624,9.721284,8.5,0.0,61941.9375,51.0,64161.453125,0,0.0,142.359375,deepseek-r1:7b,-1
2025-06-08T14:46:29.326352,9.826012,8.2,0.0,61941.9375,51.0,64161.453125,0,0.0,142.359375,deepseek-r1:7b,-1
2025-06-08T14:46:29.431729,9.931389,8.5,0.0,61941.9375,51.0,64161.453125,0,0.0,142.359375,deepseek-r1:7b,-1
2025-06-08T14:46:29.536293,10.035953,8.9,0.0,61941.9375,51.0,64161.453125,0,0.0,142.359375,deepseek-r1:7b,-1
2025-06-08T14:46:29.641690,10.14135,7.7,0.0,61941.9375,51.0,64161.453125,0,0.0,142.359375,deepseek-r1:7b,-1
2025-06-08T14:46:29.742154,10.241814,8.2,0.0,61941.9375,51.0,64161.453125,0,0.0,142.359375,deepseek-r1:7b,-1
2025-06-08T14:46:29.843042,10.342702,0.0,0.0,61941.9375,51.0,64161.453125,0,0.0,142.359375,deepseek-r1:7b,-1
2025-06-08T14:46:29.944302,10.443962,8.0,0.0,62043.4375,51.1,64051.484375,0,0.0,142.359375,deepseek-r1:7b,-1
2025-06-08T14:46:30.049654,10.549314,8.8,0.0,62043.453125,51.1,64051.671875,0,0.0,142.359375,deepseek-r1:7b,-1
2025-06-08T14:46:30.154998,10.654658,7.2,0.0,62043.453125,51.1,64051.671875,0,0.0,142.359375,deepseek-r1:7b,-1
2025-06-08T14:46:30.260356,10.760016,7.7,0.0,62043.453125,51.1,64051.671875,0,0.0,142.359375,deepseek-r1:7b,-1
2025-06-08T14:46:30.365694,10.865354,8.8,0.0,62043.453125,51.1,64051.671875,0,0.0,142.359375,deepseek-r1:7b,-1
2025-06-08T14:46:30.468849,10.968509,9.3,0.0,62043.453125,51.1,64051.671875,0,0.0,142.359375,deepseek-r1:7b,-1
2025-06-08T14:46:30.574216,11.073876,8.8,0.0,62043.453125,51.1,64051.671875,0,0.0,142.359375,deepseek-r1:7b,-1
2025-06-08T14:46:30.679619,11.179279,7.7,0.0,62043.453125,51.1,64051.671875,0,0.0,142.359375,deepseek-r1:7b,-1
2025-06-08T14:46:30.785023,11.284683,0.0,0.0,62043.453125,51.1,64051.671875,0,0.0,142.359375,deepseek-r1:7b,-1
2025-06-08T14:46:30.887315,11.386975,0.0,0.0,62043.453125,51.1,64051.671875,0,0.0,142.359375,deepseek-r1:7b,-1
2025-06-08T14:46:30.992491,11.492151,7.7,0.0,62037.9375,51.1,64058.09375,0,0.0,142.359375,deepseek-r1:7b,-1
2025-06-08T14:46:31.097246,11.596906,13.6,0.0,61995.3125,51.1,64103.421875,0,0.0,142.359375,deepseek-r1:7b,-1
2025-06-08T14:46:31.202614,11.702274,9.0,0.0,61975.40625,51.1,64119.921875,0,0.0,142.359375,deepseek-r1:7b,-1
2025-06-08T14:46:31.307970,11.80763,10.4,0.0,61975.40625,51.1,64119.921875,0,0.0,142.359375,deepseek-r1:7b,-1
2025-06-08T14:46:31.411412,11.911072,11.0,0.0,61975.40625,51.1,64119.921875,0,0.0,142.359375,deepseek-r1:7b,-1
2025-06-08T14:46:31.516399,12.016059,0.0,0.0,61975.40625,51.1,64119.921875,0,0.0,142.359375,deepseek-r1:7b,-1
2025-06-08T14:46:31.621706,12.121366,0.0,0.0,61975.40625,51.1,64119.921875,0,0.0,142.359375,deepseek-r1:7b,-1
2025-06-08T14:46:31.727023,12.226683,0.0,0.0,61975.40625,51.1,64119.921875,0,0.0,142.359375,deepseek-r1:7b,-1
2025-06-08T14:46:31.828726,12.328386,0.0,0.0,61975.40625,51.1,64119.921875,0,0.0,142.359375,deepseek-r1:7b,-1
2025-06-08T14:46:31.930395,12.430055,0.0,0.0,61975.40625,51.1,64119.921875,0,0.0,142.359375,deepseek-r1:7b,-1
2025-06-08T14:46:32.035772,12.535432,10.4,0.0,61972.25,51.1,64125.40625,0,0.0,142.359375,deepseek-r1:7b,-1
2025-06-08T14:46:32.138360,12.63802,12.2,0.0,61972.296875,51.1,64125.828125,0,0.0,142.359375,deepseek-r1:7b,-1
2025-06-08T14:46:34.295049,0.04388,9.3,0.0,61945.640625,51.1,64144.59375,0,0.0,142.359375,deepseek-r1:7b,-1
2025-06-08T14:46:34.400217,0.149048,16.0,0.0,61910.75,51.0,64181.15625,0,0.0,142.359375,deepseek-r1:7b,-1
2025-06-08T14:46:34.503815,0.252646,13.9,0.0,61910.75,51.0,64181.15625,0,0.0,142.359375,deepseek-r1:7b,-1
2025-06-08T14:46:34.606111,0.354942,0.0,0.0,61910.75,51.0,64181.15625,0,0.0,142.359375,deepseek-r1:7b,-1
2025-06-08T14:46:34.711467,0.460298,0.0,0.0,61910.75,51.0,64181.15625,0,0.0,142.359375,deepseek-r1:7b,-1
2025-06-08T14:46:34.815041,0.563872,0.0,0.0,61910.75,51.0,64181.15625,0,0.0,142.359375,deepseek-r1:7b,-1
2025-06-08T14:46:34.916761,0.665592,0.0,0.0,61910.75,51.0,64181.15625,0,0.0,142.359375,deepseek-r1:7b,-1
2025-06-08T14:46:35.017484,0.766315,0.0,0.0,61910.75,51.0,64181.15625,0,0.0,142.359375,deepseek-r1:7b,-1
2025-06-08T14:46:35.122837,0.871668,0.0,0.0,61910.75,51.0,64181.15625,0,0.0,142.359375,deepseek-r1:7b,-1
2025-06-08T14:46:35.228184,0.977015,0.0,0.0,61910.75,51.0,64181.15625,0,0.0,142.359375,deepseek-r1:7b,-1
2025-06-08T14:46:35.333000,1.081831,8.6,0.0,62036.90625,51.1,64055.1875,0,0.0,142.359375,deepseek-r1:7b,-1
2025-06-08T14:46:35.434326,1.183157,6.8,0.0,62035.890625,51.1,64056.4375,0,0.0,142.359375,deepseek-r1:7b,-1
2025-06-08T14:46:35.539677,1.288508,10.6,0.0,62035.953125,51.1,64056.78125,0,0.0,142.359375,deepseek-r1:7b,-1
2025-06-08T14:46:35.645018,1.393849,6.7,0.0,62035.953125,51.1,64056.78125,0,0.0,142.359375,deepseek-r1:7b,-1
2025-06-08T14:46:35.750416,1.499247,8.3,0.0,62035.953125,51.1,64056.78125,0,0.0,142.359375,deepseek-r1:7b,-1
2025-06-08T14:46:35.854944,1.603775,0.0,0.0,62035.953125,51.1,64056.78125,0,0.0,142.359375,deepseek-r1:7b,-1
2025-06-08T14:46:35.959133,1.707964,0.0,0.0,62035.953125,51.1,64056.78125,0,0.0,142.359375,deepseek-r1:7b,-1
2025-06-08T14:46:36.059647,1.808478,0.0,0.0,62035.953125,51.1,64056.78125,0,0.0,142.359375,deepseek-r1:7b,-1
2025-06-08T14:46:36.161852,1.910683,0.0,0.0,62035.953125,51.1,64056.78125,0,0.0,142.359375,deepseek-r1:7b,-1
2025-06-08T14:46:36.266373,2.015204,0.0,0.0,62035.953125,51.1,64056.78125,0,0.0,142.359375,deepseek-r1:7b,-1
2025-06-08T14:46:36.371693,2.120524,9.9,0.0,61987.890625,51.1,64108.65625,0,0.0,142.359375,deepseek-r1:7b,-1
2025-06-08T14:46:36.474949,2.22378,10.3,0.0,61987.46875,51.1,64109.28125,0,0.0,142.359375,deepseek-r1:7b,-1
2025-06-08T14:46:36.580274,2.329105,10.2,0.0,61987.5,51.1,64105.59375,0,0.0,142.359375,deepseek-r1:7b,-1
2025-06-08T14:46:36.684620,2.433451,10.7,0.0,61987.5,51.1,64105.59375,0,0.0,142.359375,deepseek-r1:7b,-1
2025-06-08T14:46:36.790019,2.53885,10.2,0.0,61987.5,51.1,64105.59375,0,0.0,142.359375,deepseek-r1:7b,-1
2025-06-08T14:46:36.892451,2.641282,11.5,0.0,61987.5,51.1,64105.59375,0,0.0,142.359375,deepseek-r1:7b,-1
2025-06-08T14:46:36.997876,2.746707,10.2,0.0,61987.5,51.1,64105.59375,0,0.0,142.359375,deepseek-r1:7b,-1
2025-06-08T14:46:37.103263,2.852094,10.8,0.0,61987.5,51.1,64105.59375,0,0.0,142.359375,deepseek-r1:7b,-1
2025-06-08T14:46:37.207822,2.956653,0.0,0.0,61987.5,51.1,64105.59375,0,0.0,142.359375,deepseek-r1:7b,-1
2025-06-08T14:46:37.311295,3.060126,0.0,0.0,61987.5,51.1,64105.59375,0,0.0,142.359375,deepseek-r1:7b,-1
2025-06-08T14:46:37.412346,3.161177,9.9,0.0,61983.28125,51.1,64108.640625,0,0.0,142.359375,deepseek-r1:7b,-1
2025-06-08T14:46:37.517727,3.266558,9.9,0.0,61984.0,51.1,64109.09375,0,0.0,142.359375,deepseek-r1:7b,-1
2025-06-08T14:46:37.623107,3.371938,14.4,0.0,61994.78125,51.1,64096.3125,0,0.0,142.359375,deepseek-r1:7b,-1
2025-06-08T14:46:37.728511,3.477342,8.2,0.0,61994.8125,51.1,64096.3125,0,0.0,142.359375,deepseek-r1:7b,-1
2025-06-08T14:46:37.830110,3.578941,6.8,0.0,61994.8125,51.1,64096.3125,0,0.0,142.359375,deepseek-r1:7b,-1
2025-06-08T14:46:37.935496,3.684327,0.0,0.0,61994.8125,51.1,64096.3125,0,0.0,142.359375,deepseek-r1:7b,-1
2025-06-08T14:46:38.036766,3.785597,0.0,0.0,61994.8125,51.1,64096.3125,0,0.0,142.359375,deepseek-r1:7b,-1
2025-06-08T14:46:38.142170,3.891001,0.0,0.0,61994.8125,51.1,64096.3125,0,0.0,142.359375,deepseek-r1:7b,-1
2025-06-08T14:46:38.246811,3.995642,0.0,0.0,61994.8125,51.1,64096.3125,0,0.0,142.359375,deepseek-r1:7b,-1
2025-06-08T14:46:38.351272,4.100103,0.0,0.0,61994.8125,51.1,64096.3125,0,0.0,142.359375,deepseek-r1:7b,-1
2025-06-08T14:46:38.455215,4.204046,8.8,0.0,61926.4375,51.0,64160.90625,0,0.0,142.359375,deepseek-r1:7b,-1
2025-06-08T14:46:38.559428,4.308259,8.4,0.0,61926.4375,51.0,64161.28125,0,0.0,142.359375,deepseek-r1:7b,-1
2025-06-08T14:46:38.660255,4.409086,8.0,0.0,61926.421875,51.0,64161.578125,0,0.0,142.359375,deepseek-r1:7b,-1
2025-06-08T14:46:38.765635,4.514466,7.2,0.0,61926.421875,51.0,64161.578125,0,0.0,142.359375,deepseek-r1:7b,-1
2025-06-08T14:46:38.867489,4.61632,8.6,0.0,61926.421875,51.0,64161.578125,0,0.0,142.359375,deepseek-r1:7b,-1
2025-06-08T14:46:38.968633,4.717464,9.1,0.0,61926.421875,51.0,64161.578125,0,0.0,142.359375,deepseek-r1:7b,-1
2025-06-08T14:46:39.070377,4.819208,7.4,0.0,61926.421875,51.0,64161.578125,0,0.0,142.359375,deepseek-r1:7b,-1
2025-06-08T14:46:39.172466,4.921297,7.4,0.0,61926.421875,51.0,64161.578125,0,0.0,142.359375,deepseek-r1:7b,-1
2025-06-08T14:46:39.277842,5.026673,8.1,0.0,61926.421875,51.0,64161.578125,0,0.0,142.359375,deepseek-r1:7b,-1
2025-06-08T14:46:39.383169,5.132,0.0,0.0,61926.421875,51.0,64161.578125,0,0.0,142.359375,deepseek-r1:7b,-1
2025-06-08T14:46:39.488238,5.237069,8.7,0.0,61932.671875,51.0,64159.78125,0,0.0,142.359375,deepseek-r1:7b,-1
2025-06-08T14:46:39.592428,5.341259,7.4,0.0,61932.625,51.0,64160.171875,0,0.0,142.359375,deepseek-r1:7b,-1
2025-06-08T14:46:39.695523,5.444354,7.8,0.0,61932.5625,51.0,64160.5,0,0.0,142.359375,deepseek-r1:7b,-1
2025-06-08T14:46:39.800898,5.549729,6.5,0.0,61932.5625,51.0,64160.796875,0,0.0,142.359375,deepseek-r1:7b,-1
2025-06-08T14:46:39.906264,5.655095,0.0,0.0,61932.5625,51.0,64160.796875,0,0.0,142.359375,deepseek-r1:7b,-1
2025-06-08T14:46:40.008136,5.756967,0.0,0.0,61932.5625,51.0,64160.796875,0,0.0,142.359375,deepseek-r1:7b,-1
2025-06-08T14:46:40.113476,5.862307,0.0,0.0,61932.5625,51.0,64160.796875,0,1.4,142.390625,deepseek-r1:7b,-1
2025-06-08T14:46:40.218877,5.967708,0.0,0.0,61932.5625,51.0,64160.796875,0,0.0,142.390625,deepseek-r1:7b,-1
2025-06-08T14:46:40.321566,6.070397,0.0,0.0,61932.5625,51.0,64160.796875,0,0.0,142.390625,deepseek-r1:7b,-1
2025-06-08T14:46:40.426944,6.175775,0.0,0.0,61932.5625,51.0,64160.796875,0,0.0,142.390625,deepseek-r1:7b,-1
2025-06-08T14:46:40.532320,6.281151,8.7,0.0,61924.578125,51.0,64168.625,0,0.0,142.390625,deepseek-r1:7b,-1
2025-06-08T14:46:40.637712,6.386543,8.8,0.0,61924.578125,51.0,64169.0,0,0.0,142.390625,deepseek-r1:7b,-1
2025-06-08T14:46:40.741283,6.490114,7.3,0.0,61924.46875,51.0,64169.359375,0,0.0,142.390625,deepseek-r1:7b,-1
2025-06-08T14:46:40.846649,6.59548,8.3,0.0,61924.46875,51.0,64169.359375,0,0.0,142.390625,deepseek-r1:7b,-1
2025-06-08T14:46:40.947188,6.696019,9.3,0.0,61924.46875,51.0,64169.359375,0,0.0,142.390625,deepseek-r1:7b,-1
2025-06-08T14:46:41.053210,6.802041,8.9,0.0,61924.46875,51.0,64169.359375,0,0.0,142.390625,deepseek-r1:7b,-1
2025-06-08T14:46:41.154189,6.90302,11.0,0.0,61924.46875,51.0,64169.359375,0,0.0,142.390625,deepseek-r1:7b,-1
2025-06-08T14:46:41.259505,7.008336,0.0,0.0,61924.46875,51.0,64169.359375,0,0.0,142.390625,deepseek-r1:7b,-1
2025-06-08T14:46:41.363371,7.112202,0.0,0.0,61924.46875,51.0,64169.359375,0,0.0,142.390625,deepseek-r1:7b,-1
2025-06-08T14:46:43.517082,0.04093,10.5,0.0,61377.109375,50.6,64716.015625,0,0.0,142.390625,deepseek-r1:7b,-1
2025-06-08T14:46:43.621801,0.145649,15.6,0.0,61744.046875,50.9,64350.890625,0,0.0,142.390625,deepseek-r1:7b,-1
2025-06-08T14:46:43.725749,0.249597,12.5,0.0,61754.765625,50.9,64339.078125,0,0.0,142.390625,deepseek-r1:7b,-1
2025-06-08T14:46:43.827899,0.351747,9.1,0.0,61754.765625,50.9,64339.078125,0,0.0,142.390625,deepseek-r1:7b,-1
2025-06-08T14:46:43.933242,0.45709,8.4,0.0,61754.765625,50.9,64339.078125,0,0.0,142.390625,deepseek-r1:7b,-1
2025-06-08T14:46:44.035272,0.55912,0.0,0.0,61754.765625,50.9,64339.078125,0,0.0,142.390625,deepseek-r1:7b,-1
2025-06-08T14:46:44.140658,0.664506,0.0,0.0,61754.765625,50.9,64339.078125,0,0.0,142.390625,deepseek-r1:7b,-1
2025-06-08T14:46:44.245308,0.769156,0.0,0.0,61754.765625,50.9,64339.078125,0,0.0,142.390625,deepseek-r1:7b,-1
2025-06-08T14:46:44.348200,0.872048,0.0,0.0,61754.765625,50.9,64339.078125,0,0.0,142.390625,deepseek-r1:7b,-1
2025-06-08T14:46:44.451220,0.975068,0.0,0.0,61754.765625,50.9,64339.078125,0,0.0,142.390625,deepseek-r1:7b,-1
2025-06-08T14:46:44.556556,1.080404,7.8,0.0,61961.21875,51.1,64129.9375,0,0.0,142.390625,deepseek-r1:7b,-1
2025-06-08T14:46:44.661960,1.185808,7.7,0.0,61961.171875,51.1,64130.421875,0,0.0,142.390625,deepseek-r1:7b,-1
2025-06-08T14:46:44.767356,1.291204,9.4,0.0,61961.15625,51.1,64130.78125,0,0.0,142.390625,deepseek-r1:7b,-1
2025-06-08T14:46:44.868185,1.392033,8.2,0.0,61961.15625,51.1,64130.78125,0,0.0,142.390625,deepseek-r1:7b,-1
2025-06-08T14:46:44.973533,1.497381,9.9,0.0,61961.15625,51.1,64130.78125,0,0.0,142.390625,deepseek-r1:7b,-1
2025-06-08T14:46:45.078911,1.602759,6.1,0.0,61961.15625,51.1,64130.78125,0,0.0,142.390625,deepseek-r1:7b,-1
2025-06-08T14:46:45.184301,1.708149,9.9,0.0,61961.15625,51.1,64130.78125,0,0.0,142.390625,deepseek-r1:7b,-1
2025-06-08T14:46:45.288108,1.811956,6.2,0.0,61961.15625,51.1,64130.78125,0,0.0,142.390625,deepseek-r1:7b,-1
2025-06-08T14:46:45.393457,1.917305,8.3,0.0,61961.15625,51.1,64130.78125,0,0.0,142.390625,deepseek-r1:7b,-1
2025-06-08T14:46:45.496542,2.02039,0.0,0.0,61961.15625,51.1,64130.78125,0,0.0,142.390625,deepseek-r1:7b,-1
2025-06-08T14:46:45.601919,2.125767,8.4,0.0,61844.03125,51.0,64245.859375,0,0.0,142.390625,deepseek-r1:7b,-1
2025-06-08T14:46:45.707297,2.231145,7.1,0.0,61844.046875,51.0,64245.859375,0,0.0,142.390625,deepseek-r1:7b,-1
2025-06-08T14:46:45.810108,2.333956,8.4,0.0,61844.046875,51.0,64245.859375,0,0.0,142.390625,deepseek-r1:7b,-1
2025-06-08T14:46:45.913197,2.437045,9.0,0.0,61844.046875,51.0,64245.859375,0,0.0,142.390625,deepseek-r1:7b,-1
2025-06-08T14:46:46.018765,2.542613,8.4,0.0,61844.046875,51.0,64245.859375,0,0.0,142.390625,deepseek-r1:7b,-1
2025-06-08T14:46:46.123433,2.647281,11.4,0.0,61844.046875,51.0,64245.859375,0,0.0,142.390625,deepseek-r1:7b,-1
2025-06-08T14:46:46.226217,2.750065,9.7,0.0,61844.046875,51.0,64245.859375,0,0.0,142.390625,deepseek-r1:7b,-1
2025-06-08T14:46:46.327588,2.851436,11.0,0.0,61844.046875,51.0,64245.859375,0,0.0,142.390625,deepseek-r1:7b,-1
2025-06-08T14:46:46.428421,2.952269,0.0,0.0,61844.046875,51.0,64245.859375,0,0.0,142.390625,deepseek-r1:7b,-1
2025-06-08T14:46:46.529497,3.053345,0.0,0.0,61844.046875,51.0,64245.859375,0,0.0,142.390625,deepseek-r1:7b,-1
2025-06-08T14:46:46.632136,3.155984,10.1,0.0,61994.578125,51.1,64100.25,0,0.0,142.390625,deepseek-r1:7b,-1
2025-06-08T14:46:46.733697,3.257545,9.8,0.0,61994.5,51.1,64096.53125,0,0.0,142.390625,deepseek-r1:7b,-1
2025-06-08T14:46:46.839044,3.362892,0.0,0.0,61994.484375,51.1,64097.046875,0,0.0,142.390625,deepseek-r1:7b,-1
2025-06-08T14:46:46.942879,3.466727,0.0,0.0,61994.765625,51.1,64097.28125,0,0.0,142.390625,deepseek-r1:7b,-1
2025-06-08T14:46:47.048244,3.572092,0.0,0.0,61994.765625,51.1,64097.28125,0,0.0,142.390625,deepseek-r1:7b,-1
2025-06-08T14:46:47.153333,3.677181,0.0,0.0,61994.765625,51.1,64097.28125,0,0.0,142.390625,deepseek-r1:7b,-1
2025-06-08T14:46:47.254537,3.778385,0.0,0.0,61994.765625,51.1,64097.28125,0,0.0,142.390625,deepseek-r1:7b,-1
2025-06-08T14:46:47.359908,3.883756,0.0,0.0,61994.765625,51.1,64097.28125,0,0.0,142.390625,deepseek-r1:7b,-1
2025-06-08T14:46:47.464698,3.988546,0.0,0.0,61994.765625,51.1,64097.28125,0,0.0,142.390625,deepseek-r1:7b,-1
2025-06-08T14:46:47.569869,4.093717,0.0,0.0,61994.765625,51.1,64097.28125,0,0.0,142.390625,deepseek-r1:7b,-1
2025-06-08T14:46:47.675239,4.199087,9.8,0.0,61994.953125,51.1,64095.546875,0,0.0,142.390625,deepseek-r1:7b,-1
2025-06-08T14:46:47.780629,4.304477,6.6,0.0,61994.84375,51.1,64096.015625,0,0.0,142.390625,deepseek-r1:7b,-1
2025-06-08T14:46:47.885970,4.409818,8.7,0.0,61994.859375,51.1,64096.21875,0,0.0,142.390625,deepseek-r1:7b,-1
2025-06-08T14:46:47.987337,4.511185,8.2,0.0,61993.4375,51.1,64097.96875,0,0.0,142.390625,deepseek-r1:7b,-1
2025-06-08T14:46:48.089226,4.613074,6.8,0.0,61993.4375,51.1,64097.96875,0,0.0,142.390625,deepseek-r1:7b,-1
2025-06-08T14:46:48.190239,4.714087,9.9,0.0,61993.4375,51.1,64097.96875,0,0.0,142.390625,deepseek-r1:7b,-1
2025-06-08T14:46:48.295405,4.819253,9.9,0.0,61993.4375,51.1,64097.96875,0,0.0,142.390625,deepseek-r1:7b,-1
2025-06-08T14:46:48.400557,4.924405,0.0,0.0,61993.4375,51.1,64097.96875,0,0.0,142.390625,deepseek-r1:7b,-1
2025-06-08T14:46:48.505737,5.029585,0.0,0.0,61993.4375,51.1,64097.96875,0,0.0,142.390625,deepseek-r1:7b,-1
2025-06-08T14:46:48.609037,5.132885,0.0,0.0,61993.4375,51.1,64097.96875,0,0.0,142.390625,deepseek-r1:7b,-1
2025-06-08T14:46:48.714422,5.23827,8.4,0.0,61923.328125,51.0,64171.171875,0,0.0,142.390625,deepseek-r1:7b,-1
2025-06-08T14:46:48.816596,5.340444,7.9,0.0,61923.34375,51.0,64167.609375,0,0.0,142.390625,deepseek-r1:7b,-1
2025-06-08T14:46:48.921546,5.445394,8.5,0.0,61923.34375,51.0,64167.609375,0,0.0,142.390625,deepseek-r1:7b,-1
2025-06-08T14:46:49.026896,5.550744,8.2,0.0,61923.34375,51.0,64167.609375,0,0.0,142.390625,deepseek-r1:7b,-1
2025-06-08T14:46:49.130098,5.653946,6.7,0.0,61923.34375,51.0,64167.609375,0,0.0,142.390625,deepseek-r1:7b,-1
2025-06-08T14:46:49.235401,5.759249,8.1,0.0,61923.34375,51.0,64167.609375,0,0.0,142.390625,deepseek-r1:7b,-1
2025-06-08T14:46:49.338214,5.862062,9.8,0.0,61923.34375,51.0,64167.609375,0,0.0,142.390625,deepseek-r1:7b,-1
2025-06-08T14:46:49.442861,5.966709,7.9,0.0,61923.34375,51.0,64167.609375,0,0.0,142.390625,deepseek-r1:7b,-1
2025-06-08T14:46:49.546540,6.070388,8.9,0.0,61923.34375,51.0,64167.609375,0,0.0,142.390625,deepseek-r1:7b,-1
2025-06-08T14:46:49.647179,6.171027,0.0,0.0,61923.34375,51.0,64167.609375,0,0.0,142.390625,deepseek-r1:7b,-1
2025-06-08T14:46:49.752539,6.276387,7.4,0.0,61931.90625,51.0,64162.890625,0,0.0,142.390625,deepseek-r1:7b,-1
2025-06-08T14:46:49.853054,6.376902,9.3,0.0,61929.75,51.0,64165.375,0,0.0,142.390625,deepseek-r1:7b,-1
2025-06-08T14:46:49.954876,6.478724,9.6,0.0,61929.75,51.0,64165.546875,0,0.0,142.390625,deepseek-r1:7b,-1
2025-06-08T14:46:50.060215,6.584063,6.7,0.0,61929.75,51.0,64165.546875,0,0.0,142.390625,deepseek-r1:7b,-1
2025-06-08T14:46:50.165624,6.689472,7.6,0.0,61929.75,51.0,64165.546875,0,0.0,142.390625,deepseek-r1:7b,-1
2025-06-08T14:46:50.270999,6.794847,6.6,0.0,61929.75,51.0,64165.546875,0,0.0,142.390625,deepseek-r1:7b,-1
2025-06-08T14:46:50.376323,6.900171,7.6,0.0,61929.75,51.0,64165.546875,0,0.0,142.390625,deepseek-r1:7b,-1
2025-06-08T14:46:50.481692,7.00554,9.5,0.0,61929.75,51.0,64165.546875,0,0.0,142.390625,deepseek-r1:7b,-1
2025-06-08T14:46:50.584019,7.107867,0.0,0.0,61929.75,51.0,64165.546875,0,0.0,142.390625,deepseek-r1:7b,-1
2025-06-08T14:46:50.689371,7.213219,0.0,0.0,61929.75,51.0,64165.546875,0,0.0,142.390625,deepseek-r1:7b,-1
2025-06-08T14:46:50.790114,7.313962,7.7,0.0,61923.640625,51.0,64174.125,0,0.0,142.390625,deepseek-r1:7b,-1
2025-06-08T14:46:50.895464,7.419312,8.2,0.0,61923.65625,51.0,64174.28125,0,0.0,142.390625,deepseek-r1:7b,-1
2025-06-08T14:46:53.049530,0.041688,10.5,0.0,61412.265625,50.6,64685.71875,0,0.0,141.46875,deepseek-r1:7b,-1
2025-06-08T14:46:53.154718,0.146876,14.9,0.0,61952.3125,51.1,64143.234375,0,0.0,141.46875,deepseek-r1:7b,-1
2025-06-08T14:46:53.260259,0.252417,0.0,0.0,61963.359375,51.1,64135.515625,0,0.0,141.46875,deepseek-r1:7b,-1
2025-06-08T14:46:53.365532,0.35769,0.0,0.0,61963.359375,51.1,64135.515625,0,0.0,141.46875,deepseek-r1:7b,-1
2025-06-08T14:46:53.470748,0.462906,0.0,0.0,61963.359375,51.1,64135.515625,0,0.0,141.46875,deepseek-r1:7b,-1
2025-06-08T14:46:53.571092,0.56325,0.0,0.0,61963.359375,51.1,64135.515625,0,0.0,141.46875,deepseek-r1:7b,-1
2025-06-08T14:46:53.676472,0.66863,0.0,0.0,61963.359375,51.1,64135.515625,0,0.0,141.46875,deepseek-r1:7b,-1
2025-06-08T14:46:53.781845,0.774003,0.0,0.0,61963.359375,51.1,64135.515625,0,0.0,141.46875,deepseek-r1:7b,-1
2025-06-08T14:46:53.887197,0.879355,0.0,0.0,61963.359375,51.1,64135.515625,0,0.0,141.46875,deepseek-r1:7b,-1
2025-06-08T14:46:53.988677,0.980835,0.0,0.0,61963.359375,51.1,64135.515625,0,0.0,141.46875,deepseek-r1:7b,-1
2025-06-08T14:46:54.094056,1.086214,9.4,0.0,62037.9375,51.1,64059.8125,0,0.0,141.46875,deepseek-r1:7b,-1
2025-06-08T14:46:54.195375,1.187533,7.0,0.0,61853.46875,51.0,64244.515625,0,0.0,141.46875,deepseek-r1:7b,-1
2025-06-08T14:46:54.300774,1.292932,8.2,0.0,61845.46875,51.0,64252.84375,0,0.0,141.46875,deepseek-r1:7b,-1
2025-06-08T14:46:54.406175,1.398333,9.6,0.0,61845.46875,51.0,64252.84375,0,0.0,141.46875,deepseek-r1:7b,-1
2025-06-08T14:46:54.507146,1.499304,9.1,0.0,61845.46875,51.0,64252.84375,0,0.0,141.46875,deepseek-r1:7b,-1
2025-06-08T14:46:54.610759,1.602917,7.8,0.0,61845.46875,51.0,64252.84375,0,0.0,141.46875,deepseek-r1:7b,-1
2025-06-08T14:46:54.715526,1.707684,8.4,0.0,61845.46875,51.0,64252.84375,0,0.0,141.46875,deepseek-r1:7b,-1
2025-06-08T14:46:54.820918,1.813076,7.1,0.0,61845.46875,51.0,64252.84375,0,0.0,141.46875,deepseek-r1:7b,-1
2025-06-08T14:46:54.925628,1.917786,7.3,0.0,61845.46875,51.0,64252.84375,0,0.0,141.46875,deepseek-r1:7b,-1
2025-06-08T14:46:55.031013,2.023171,0.0,0.0,61845.46875,51.0,64252.84375,0,0.0,141.46875,deepseek-r1:7b,-1
2025-06-08T14:46:55.132614,2.124772,7.9,0.0,61880.796875,51.0,64223.03125,0,0.0,141.46875,deepseek-r1:7b,-1
2025-06-08T14:46:55.237954,2.230112,7.7,0.0,61880.796875,51.0,64223.03125,0,0.0,141.46875,deepseek-r1:7b,-1
2025-06-08T14:46:55.342428,2.334586,8.9,0.0,61880.796875,51.0,64223.03125,0,0.0,141.46875,deepseek-r1:7b,-1
2025-06-08T14:46:55.447788,2.439946,7.8,0.0,61880.796875,51.0,64223.03125,0,0.0,141.46875,deepseek-r1:7b,-1
2025-06-08T14:46:55.550775,2.542933,0.0,0.0,61880.796875,51.0,64223.03125,0,0.0,141.46875,deepseek-r1:7b,-1
2025-06-08T14:46:55.656151,2.648309,0.0,0.0,61880.796875,51.0,64223.03125,0,0.0,141.46875,deepseek-r1:7b,-1
2025-06-08T14:46:55.761539,2.753697,0.0,0.0,61880.796875,51.0,64223.03125,0,0.0,141.46875,deepseek-r1:7b,-1
2025-06-08T14:46:55.863008,2.855166,0.0,0.0,61880.796875,51.0,64223.03125,0,0.0,141.46875,deepseek-r1:7b,-1
2025-06-08T14:46:55.963998,2.956156,0.0,0.0,61880.796875,51.0,64223.03125,0,0.0,141.46875,deepseek-r1:7b,-1
2025-06-08T14:46:56.069399,3.061557,0.0,0.0,61880.796875,51.0,64223.03125,0,0.0,141.46875,deepseek-r1:7b,-1
2025-06-08T14:46:56.170796,3.162954,10.5,0.0,61998.03125,51.1,64095.109375,0,0.0,141.46875,deepseek-r1:7b,-1
2025-06-08T14:46:56.275647,3.267805,11.4,0.0,61994.796875,51.1,64098.734375,0,0.0,141.46875,deepseek-r1:7b,-1
2025-06-08T14:46:56.381025,3.373183,10.0,0.0,61994.8125,51.1,64098.9375,0,0.0,141.46875,deepseek-r1:7b,-1
2025-06-08T14:46:56.485930,3.478088,11.4,0.0,61994.8125,51.1,64098.9375,0,0.0,141.46875,deepseek-r1:7b,-1
2025-06-08T14:46:56.587071,3.579229,9.9,0.0,61994.8125,51.1,64098.9375,0,0.0,141.46875,deepseek-r1:7b,-1
2025-06-08T14:46:56.688134,3.680292,10.6,0.0,61994.8125,51.1,64098.9375,0,0.0,141.46875,deepseek-r1:7b,-1
2025-06-08T14:46:56.789115,3.781273,10.0,0.0,61994.8125,51.1,64098.9375,0,0.0,141.46875,deepseek-r1:7b,-1
2025-06-08T14:46:56.894500,3.886658,11.2,0.0,61994.8125,51.1,64098.9375,0,0.0,141.46875,deepseek-r1:7b,-1
2025-06-08T14:46:56.999082,3.99124,0.0,0.0,61994.8125,51.1,64098.9375,0,0.0,141.46875,deepseek-r1:7b,-1
2025-06-08T14:46:57.104556,4.096714,0.0,0.0,61994.8125,51.1,64098.9375,0,0.0,141.46875,deepseek-r1:7b,-1
2025-06-08T14:46:57.206719,4.198877,10.8,0.0,61996.078125,51.1,64100.8125,0,0.0,141.46875,deepseek-r1:7b,-1
2025-06-08T14:46:57.312103,4.304261,10.7,0.0,61996.046875,51.1,64101.265625,0,0.0,141.46875,deepseek-r1:7b,-1
2025-06-08T14:46:57.417497,4.409655,8.9,0.0,61996.046875,51.1,64097.625,0,0.0,141.46875,deepseek-r1:7b,-1
2025-06-08T14:46:57.521972,4.51413,8.4,0.0,61994.625,51.1,64099.296875,0,0.0,141.46875,deepseek-r1:7b,-1
2025-06-08T14:46:57.627334,4.619492,8.3,0.0,61994.625,51.1,64099.296875,0,0.0,141.46875,deepseek-r1:7b,-1
2025-06-08T14:46:57.728770,4.720928,8.6,0.0,61994.625,51.1,64099.296875,0,0.0,141.46875,deepseek-r1:7b,-1
2025-06-08T14:46:57.834154,4.826312,7.7,0.0,61994.625,51.1,64099.296875,0,0.0,141.46875,deepseek-r1:7b,-1
2025-06-08T14:46:57.939527,4.931685,8.4,0.0,61994.625,51.1,64099.296875,0,0.0,141.46875,deepseek-r1:7b,-1
2025-06-08T14:46:58.041423,5.033581,8.0,0.0,61994.625,51.1,64099.296875,0,0.0,141.46875,deepseek-r1:7b,-1
2025-06-08T14:46:58.146824,5.138982,0.0,0.0,61994.625,51.1,64099.296875,0,0.0,141.46875,deepseek-r1:7b,-1
2025-06-08T14:46:58.252209,5.244367,7.1,0.0,61993.375,51.1,64098.890625,0,0.0,141.46875,deepseek-r1:7b,-1
2025-06-08T14:46:58.357559,5.349717,12.0,0.0,61996.765625,51.1,64096.625,0,0.0,141.46875,deepseek-r1:7b,-1
2025-06-08T14:46:58.462765,5.454923,10.5,0.0,61996.765625,51.1,64096.625,0,0.0,141.46875,deepseek-r1:7b,-1
2025-06-08T14:46:58.567270,5.559428,7.8,0.0,61996.765625,51.1,64096.625,0,0.0,141.46875,deepseek-r1:7b,-1
2025-06-08T14:46:58.672619,5.664777,9.0,0.0,61996.765625,51.1,64096.625,0,0.0,141.46875,deepseek-r1:7b,-1
2025-06-08T14:46:58.778032,5.77019,7.1,0.0,61996.765625,51.1,64096.625,0,0.0,141.46875,deepseek-r1:7b,-1
2025-06-08T14:46:58.879398,5.871556,8.1,0.0,61996.765625,51.1,64096.625,0,0.0,141.46875,deepseek-r1:7b,-1
2025-06-08T14:46:58.984797,5.976955,8.8,0.0,61996.765625,51.1,64096.625,0,0.0,141.46875,deepseek-r1:7b,-1
2025-06-08T14:46:59.086323,6.078481,7.9,0.0,61996.765625,51.1,64096.625,0,0.0,141.46875,deepseek-r1:7b,-1
2025-06-08T14:46:59.191664,6.183822,0.0,0.0,61996.765625,51.1,64096.625,0,0.0,141.46875,deepseek-r1:7b,-1
2025-06-08T14:46:59.295598,6.287756,7.5,0.0,61925.046875,51.0,64171.546875,0,0.0,141.46875,deepseek-r1:7b,-1
2025-06-08T14:46:59.400500,6.392658,7.7,0.0,61925.03125,51.0,64171.78125,0,0.0,141.46875,deepseek-r1:7b,-1
2025-06-08T14:46:59.505276,6.497434,9.7,0.0,61925.046875,51.0,64172.09375,0,0.0,141.46875,deepseek-r1:7b,-1
2025-06-08T14:46:59.606860,6.599018,8.4,0.0,61925.046875,51.0,64172.09375,0,0.0,141.46875,deepseek-r1:7b,-1
2025-06-08T14:46:59.710790,6.702948,6.7,0.0,61925.046875,51.0,64172.09375,0,0.0,141.46875,deepseek-r1:7b,-1
2025-06-08T14:46:59.816123,6.808281,8.3,0.0,61925.046875,51.0,64172.09375,0,0.0,141.46875,deepseek-r1:7b,-1
2025-06-08T14:46:59.917587,6.909745,10.5,0.0,61925.046875,51.0,64172.09375,0,0.0,141.46875,deepseek-r1:7b,-1
2025-06-08T14:47:00.018905,7.011063,9.3,0.0,61925.046875,51.0,64172.09375,0,0.0,141.46875,deepseek-r1:7b,-1
2025-06-08T14:47:00.119927,7.112085,7.0,0.0,61925.046875,51.0,64172.09375,0,0.0,141.46875,deepseek-r1:7b,-1
2025-06-08T14:47:00.225256,7.217414,7.7,0.0,61925.046875,51.0,64172.09375,0,0.0,141.46875,deepseek-r1:7b,-1
2025-06-08T14:47:00.330567,7.322725,8.6,0.0,61927.015625,51.0,64172.5,0,0.0,141.46875,deepseek-r1:7b,-1
2025-06-08T14:47:00.430984,7.423142,8.8,0.0,61927.015625,51.0,64172.5,0,0.0,141.46875,deepseek-r1:7b,-1
2025-06-08T14:47:00.533331,7.525489,8.1,0.0,61927.015625,51.0,64172.5,0,0.0,141.46875,deepseek-r1:7b,-1
2025-06-08T14:47:00.638674,7.630832,6.6,0.0,61927.015625,51.0,64172.5,0,0.0,141.46875,deepseek-r1:7b,-1
2025-06-08T14:47:00.742613,7.734771,0.0,0.0,61927.015625,51.0,64172.5,0,0.0,141.46875,deepseek-r1:7b,-1
2025-06-08T14:47:00.843831,7.835989,0.0,0.0,61927.015625,51.0,64172.5,0,0.0,141.46875,deepseek-r1:7b,-1
2025-06-08T14:47:00.945150,7.937308,0.0,0.0,61927.015625,51.0,64172.5,0,0.0,141.46875,deepseek-r1:7b,-1
2025-06-08T14:47:01.046728,8.038886,0.0,0.0,61927.015625,51.0,64172.5,0,0.0,141.46875,deepseek-r1:7b,-1
2025-06-08T14:47:01.148814,8.140972,0.0,0.0,61927.015625,51.0,64172.5,0,0.0,141.46875,deepseek-r1:7b,-1
2025-06-08T14:47:01.251738,8.243896,0.0,0.0,61927.015625,51.0,64172.5,0,0.0,141.46875,deepseek-r1:7b,-1
2025-06-08T14:47:01.356863,8.349021,9.6,0.0,61995.203125,51.1,64106.84375,0,0.0,141.46875,deepseek-r1:7b,-1
2025-06-08T14:47:01.462220,8.454378,9.6,0.0,61995.203125,51.1,64103.1875,0,0.0,141.46875,deepseek-r1:7b,-1
2025-06-08T14:47:01.565215,8.557373,10.8,0.0,61995.21875,51.1,64103.375,0,0.0,141.46875,deepseek-r1:7b,-1
2025-06-08T14:47:01.668308,8.660466,12.0,0.0,61995.21875,51.1,64103.375,0,0.0,141.46875,deepseek-r1:7b,-1
2025-06-08T14:47:01.773665,8.765823,10.1,0.0,61995.21875,51.1,64103.375,0,0.0,141.46875,deepseek-r1:7b,-1
2025-06-08T14:47:01.874431,8.866589,11.5,0.0,61995.21875,51.1,64103.375,0,0.0,141.46875,deepseek-r1:7b,-1
2025-06-08T14:47:01.979763,8.971921,10.4,0.0,61995.21875,51.1,64103.375,0,0.0,141.46875,deepseek-r1:7b,-1
2025-06-08T14:47:02.083939,9.076097,12.3,0.0,61995.21875,51.1,64103.375,0,0.0,141.46875,deepseek-r1:7b,-1
2025-06-08T14:47:02.189373,9.181531,10.1,0.0,61995.21875,51.1,64103.375,0,0.0,141.46875,deepseek-r1:7b,-1
2025-06-08T14:47:02.294747,9.286905,0.0,0.0,61995.21875,51.1,64103.375,0,0.0,141.46875,deepseek-r1:7b,-1
2025-06-08T14:47:02.395760,9.387918,10.6,0.0,62005.28125,51.1,64087.75,0,0.0,141.46875,deepseek-r1:7b,-1
2025-06-08T14:47:02.501135,9.493293,9.5,0.0,62005.28125,51.1,64087.75,0,0.0,141.46875,deepseek-r1:7b,-1
2025-06-08T14:47:02.606478,9.598636,7.8,0.0,62005.28125,51.1,64087.75,0,0.0,141.46875,deepseek-r1:7b,-1
2025-06-08T14:47:02.710783,9.702941,8.4,0.0,62005.28125,51.1,64087.75,0,0.0,141.46875,deepseek-r1:7b,-1
2025-06-08T14:47:02.816189,9.808347,7.2,0.0,62005.28125,51.1,64087.75,0,0.0,141.46875,deepseek-r1:7b,-1
2025-06-08T14:47:02.921597,9.913755,9.5,0.0,62005.28125,51.1,64087.75,0,0.0,141.46875,deepseek-r1:7b,-1
2025-06-08T14:47:03.027012,10.01917,27.4,0.0,62005.28125,51.1,64087.75,0,0.0,141.46875,deepseek-r1:7b,-1
2025-06-08T14:47:03.127803,10.119961,13.0,0.0,62005.28125,51.1,64087.75,0,0.0,141.46875,deepseek-r1:7b,-1
2025-06-08T14:47:03.233050,10.225208,0.0,0.0,62005.28125,51.1,64087.75,0,0.0,141.46875,deepseek-r1:7b,-1
2025-06-08T14:47:03.338414,10.330572,0.0,0.0,62005.28125,51.1,64087.75,0,0.0,141.46875,deepseek-r1:7b,-1
2025-06-08T14:47:03.443816,10.435974,8.3,0.0,62006.609375,51.1,64090.59375,0,0.0,141.46875,deepseek-r1:7b,-1
2025-06-08T14:47:03.549024,10.541182,8.9,0.0,62006.609375,51.1,64090.59375,0,0.0,141.46875,deepseek-r1:7b,-1
2025-06-08T14:47:03.654382,10.64654,7.7,0.0,62006.609375,51.1,64090.59375,0,0.0,141.46875,deepseek-r1:7b,-1
2025-06-08T14:47:03.758816,10.750974,7.2,0.0,62006.609375,51.1,64090.59375,0,0.0,141.46875,deepseek-r1:7b,-1
2025-06-08T14:47:03.863589,10.855747,8.9,0.0,62006.609375,51.1,64090.59375,0,0.0,141.46875,deepseek-r1:7b,-1
2025-06-08T14:47:03.964712,10.95687,8.1,0.0,62006.609375,51.1,64090.59375,0,0.0,141.46875,deepseek-r1:7b,-1
2025-06-08T14:47:04.069218,11.061376,7.2,0.0,62006.609375,51.1,64090.59375,0,0.0,141.46875,deepseek-r1:7b,-1
2025-06-08T14:47:04.173039,11.165197,7.9,0.0,62006.609375,51.1,64090.59375,0,0.0,141.46875,deepseek-r1:7b,-1
2025-06-08T14:47:04.276614,11.268772,8.3,0.0,62006.609375,51.1,64090.59375,0,0.0,141.46875,deepseek-r1:7b,-1
2025-06-08T14:47:04.380246,11.372404,0.0,0.0,62006.609375,51.1,64090.59375,0,0.0,141.46875,deepseek-r1:7b,-1
2025-06-08T14:47:04.482685,11.474843,8.8,0.0,61943.15625,51.1,64154.53125,0,0.0,141.46875,deepseek-r1:7b,-1
2025-06-08T14:47:04.583895,11.576053,8.0,0.0,61943.15625,51.1,64154.703125,0,0.0,141.46875,deepseek-r1:7b,-1
2025-06-08T14:47:04.689290,11.681448,8.3,0.0,61943.140625,51.1,64155.140625,0,0.0,141.46875,deepseek-r1:7b,-1
2025-06-08T14:47:04.794683,11.786841,7.6,0.0,61943.15625,51.1,64155.328125,0,0.0,141.46875,deepseek-r1:7b,-1
2025-06-08T14:47:04.900009,11.892167,7.4,0.0,61943.15625,51.1,64155.328125,0,0.0,141.46875,deepseek-r1:7b,-1
2025-06-08T14:47:05.004719,11.996877,9.8,0.0,61943.15625,51.1,64155.328125,0,0.0,141.46875,deepseek-r1:7b,-1
2025-06-08T14:47:05.109600,12.101758,7.2,0.0,61943.15625,51.1,64155.328125,0,0.0,141.46875,deepseek-r1:7b,-1
2025-06-08T14:47:05.214937,12.207095,6.6,0.0,61943.15625,51.1,64155.328125,0,0.0,141.46875,deepseek-r1:7b,-1
2025-06-08T14:47:05.317221,12.309379,7.3,0.0,61943.15625,51.1,64155.328125,0,0.0,141.46875,deepseek-r1:7b,-1
2025-06-08T14:47:07.471483,0.041336,11.0,0.0,61561.84375,50.8,64536.6875,0,0.0,141.484375,deepseek-r1:7b,-1
2025-06-08T14:47:07.576658,0.146511,15.5,0.0,61561.84375,50.8,64536.6875,0,0.0,141.484375,deepseek-r1:7b,-1
2025-06-08T14:47:07.682143,0.251996,14.2,0.0,61561.84375,50.8,64536.6875,0,0.0,141.484375,deepseek-r1:7b,-1
2025-06-08T14:47:07.787575,0.357428,0.0,0.0,61561.84375,50.8,64536.6875,0,0.0,141.484375,deepseek-r1:7b,-1
2025-06-08T14:47:07.892923,0.462776,0.0,0.0,61561.84375,50.8,64536.6875,0,0.0,141.484375,deepseek-r1:7b,-1
2025-06-08T14:47:07.998288,0.568141,0.0,0.0,61561.84375,50.8,64536.6875,0,0.0,141.484375,deepseek-r1:7b,-1
2025-06-08T14:47:08.101091,0.670944,0.0,0.0,61561.84375,50.8,64536.6875,0,0.0,141.484375,deepseek-r1:7b,-1
2025-06-08T14:47:08.206471,0.776324,0.0,0.0,61561.84375,50.8,64536.6875,0,0.0,141.484375,deepseek-r1:7b,-1
2025-06-08T14:47:08.307365,0.877218,0.0,0.0,61561.84375,50.8,64536.6875,0,0.0,141.484375,deepseek-r1:7b,-1
2025-06-08T14:47:08.409146,0.978999,0.0,0.0,61561.84375,50.8,64536.6875,0,0.0,141.484375,deepseek-r1:7b,-1
2025-06-08T14:47:08.512831,1.082684,8.7,0.0,62055.515625,51.1,64045.28125,0,0.0,141.484375,deepseek-r1:7b,-1
2025-06-08T14:47:08.618231,1.188084,9.4,0.0,62055.53125,51.1,64045.546875,0,0.0,141.484375,deepseek-r1:7b,-1
2025-06-08T14:47:08.721510,1.291363,7.3,0.0,62055.515625,51.1,64045.875,0,0.0,141.484375,deepseek-r1:7b,-1
2025-06-08T14:47:08.826876,1.396729,7.2,0.0,62091.15625,51.2,64009.65625,0,0.0,141.484375,deepseek-r1:7b,-1
2025-06-08T14:47:08.932252,1.502105,9.4,0.0,62091.15625,51.2,64009.65625,0,0.0,141.484375,deepseek-r1:7b,-1
2025-06-08T14:47:09.037657,1.60751,7.2,0.0,62091.15625,51.2,64009.65625,0,0.0,141.484375,deepseek-r1:7b,-1
2025-06-08T14:47:09.143019,1.712872,9.9,0.0,62091.15625,51.2,64009.65625,0,0.0,141.484375,deepseek-r1:7b,-1
2025-06-08T14:47:09.245061,1.814914,8.6,0.0,62091.15625,51.2,64009.65625,0,0.0,141.484375,deepseek-r1:7b,-1
2025-06-08T14:47:09.346872,1.916725,7.4,0.0,62091.15625,51.2,64009.65625,0,0.0,141.484375,deepseek-r1:7b,-1
2025-06-08T14:47:09.452266,2.022119,0.0,0.0,62091.15625,51.2,64009.65625,0,0.0,141.484375,deepseek-r1:7b,-1
2025-06-08T14:47:09.557617,2.12747,9.1,0.0,61956.390625,51.1,64144.390625,0,0.0,141.484375,deepseek-r1:7b,-1
2025-06-08T14:47:09.663001,2.232854,7.2,0.0,61956.390625,51.1,64144.8125,0,0.0,141.484375,deepseek-r1:7b,-1
2025-06-08T14:47:09.768405,2.338258,7.7,0.0,61956.390625,51.1,64145.0,0,0.0,141.484375,deepseek-r1:7b,-1
2025-06-08T14:47:09.871876,2.441729,9.0,0.0,61956.375,51.1,64145.34375,0,0.0,141.484375,deepseek-r1:7b,-1
2025-06-08T14:47:09.976024,2.545877,7.9,0.0,61956.375,51.1,64145.34375,0,0.0,141.484375,deepseek-r1:7b,-1
2025-06-08T14:47:10.081411,2.651264,7.1,0.0,61956.375,51.1,64145.34375,0,0.0,141.484375,deepseek-r1:7b,-1
2025-06-08T14:47:10.186783,2.756636,7.1,0.0,61956.375,51.1,64145.34375,0,0.0,141.484375,deepseek-r1:7b,-1
2025-06-08T14:47:10.292193,2.862046,0.0,0.0,61956.375,51.1,64145.34375,0,0.0,141.484375,deepseek-r1:7b,-1
2025-06-08T14:47:10.392637,2.96249,0.0,0.0,61956.375,51.1,64145.34375,0,0.0,141.484375,deepseek-r1:7b,-1
2025-06-08T14:47:10.496678,3.066531,0.0,0.0,61956.375,51.1,64145.34375,0,0.0,141.484375,deepseek-r1:7b,-1
2025-06-08T14:47:10.602034,3.171887,12.6,0.0,61976.359375,51.1,64119.5625,0,0.0,141.484375,deepseek-r1:7b,-1
2025-06-08T14:47:10.703651,3.273504,8.1,0.0,61976.34375,51.1,64119.9375,0,0.0,141.484375,deepseek-r1:7b,-1
2025-06-08T14:47:10.807843,3.377696,6.6,0.0,61976.359375,51.1,64120.125,0,0.0,141.484375,deepseek-r1:7b,-1
2025-06-08T14:47:10.913005,3.482858,9.0,0.0,61970.203125,51.1,64126.71875,0,0.0,141.484375,deepseek-r1:7b,-1
2025-06-08T14:47:11.017183,3.587036,8.9,0.0,61970.203125,51.1,64126.71875,0,0.0,141.484375,deepseek-r1:7b,-1
2025-06-08T14:47:11.121328,3.691181,11.0,0.0,61970.203125,51.1,64126.71875,0,0.0,141.484375,deepseek-r1:7b,-1
2025-06-08T14:47:11.224215,3.794068,11.6,0.0,61970.203125,51.1,64126.71875,0,0.0,141.484375,deepseek-r1:7b,-1
2025-06-08T14:47:11.325360,3.895213,9.3,0.0,61970.203125,51.1,64126.71875,0,0.0,141.484375,deepseek-r1:7b,-1
2025-06-08T14:47:11.430188,4.000041,0.0,0.0,61970.203125,51.1,64126.71875,0,0.0,141.484375,deepseek-r1:7b,-1
2025-06-08T14:47:11.533857,4.10371,0.0,0.0,61970.203125,51.1,64126.71875,0,0.0,141.484375,deepseek-r1:7b,-1
2025-06-08T14:47:11.639051,4.208904,11.5,0.0,62040.6875,51.1,64059.453125,0,0.0,141.484375,deepseek-r1:7b,-1
2025-06-08T14:47:11.739761,4.309614,11.7,0.0,62040.6875,51.1,64059.453125,0,0.0,141.484375,deepseek-r1:7b,-1
2025-06-08T14:47:11.840202,4.410055,10.1,0.0,62040.6875,51.1,64059.453125,0,0.0,141.484375,deepseek-r1:7b,-1
2025-06-08T14:47:11.944900,4.514753,0.0,0.0,62040.6875,51.1,64059.453125,0,0.0,141.484375,deepseek-r1:7b,-1
2025-06-08T14:47:12.050267,4.62012,0.0,0.0,62040.6875,51.1,64059.453125,0,0.0,141.484375,deepseek-r1:7b,-1
2025-06-08T14:47:12.155183,4.725036,0.0,0.0,62040.6875,51.1,64059.453125,0,0.0,141.484375,deepseek-r1:7b,-1
2025-06-08T14:47:12.258865,4.828718,0.0,0.0,62040.6875,51.1,64059.453125,0,0.0,141.484375,deepseek-r1:7b,-1
2025-06-08T14:47:12.360075,4.929928,0.0,0.0,62040.6875,51.1,64059.453125,0,0.0,141.484375,deepseek-r1:7b,-1
2025-06-08T14:47:12.465450,5.035303,0.0,0.0,62040.6875,51.1,64059.453125,0,0.0,141.484375,deepseek-r1:7b,-1
2025-06-08T14:47:12.570725,5.140578,0.0,0.0,62040.6875,51.1,64059.453125,0,0.0,141.484375,deepseek-r1:7b,-1
2025-06-08T14:47:12.675532,5.245385,10.6,0.0,62037.9375,51.1,64053.875,0,0.0,141.484375,deepseek-r1:7b,-1
2025-06-08T14:47:12.780805,5.350658,7.6,0.0,62038.0,51.1,64054.0625,0,0.0,141.484375,deepseek-r1:7b,-1
2025-06-08T14:47:12.886136,5.455989,0.0,0.0,62037.75,51.1,64054.78125,0,0.0,141.484375,deepseek-r1:7b,-1
2025-06-08T14:47:12.986960,5.556813,0.0,0.0,62037.75,51.1,64054.78125,0,0.0,141.484375,deepseek-r1:7b,-1
2025-06-08T14:47:13.092305,5.662158,0.0,0.0,62037.75,51.1,64054.78125,0,0.0,141.484375,deepseek-r1:7b,-1
2025-06-08T14:47:13.194691,5.764544,0.0,0.0,62037.75,51.1,64054.78125,0,0.0,141.484375,deepseek-r1:7b,-1
2025-06-08T14:47:13.300101,5.869954,0.0,0.0,62037.75,51.1,64054.78125,0,0.0,141.484375,deepseek-r1:7b,-1
2025-06-08T14:47:13.405185,5.975038,0.0,0.0,62037.75,51.1,64054.78125,0,0.0,141.484375,deepseek-r1:7b,-1
2025-06-08T14:47:13.510577,6.08043,0.0,0.0,62037.75,51.1,64054.78125,0,0.0,141.484375,deepseek-r1:7b,-1
2025-06-08T14:47:13.613930,6.183783,0.0,0.0,62037.75,51.1,64054.78125,0,0.0,141.484375,deepseek-r1:7b,-1
2025-06-08T14:47:13.715021,6.284874,8.4,0.0,62037.953125,51.1,64057.671875,0,0.0,141.484375,deepseek-r1:7b,-1
2025-06-08T14:47:13.817168,6.387021,7.3,0.0,62037.96875,51.1,64057.875,0,0.0,141.484375,deepseek-r1:7b,-1
2025-06-08T14:47:13.922574,6.492427,8.4,0.0,62041.15625,51.1,64054.21875,0,0.0,141.484375,deepseek-r1:7b,-1
2025-06-08T14:47:14.027972,6.597825,8.9,0.0,62041.15625,51.1,64054.21875,0,0.0,141.484375,deepseek-r1:7b,-1
2025-06-08T14:47:14.133321,6.703174,6.7,0.0,62041.15625,51.1,64054.21875,0,0.0,141.484375,deepseek-r1:7b,-1
2025-06-08T14:47:14.235434,6.805287,7.8,0.0,62041.15625,51.1,64054.21875,0,0.0,141.484375,deepseek-r1:7b,-1
2025-06-08T14:47:14.335862,6.905715,0.0,0.0,62041.15625,51.1,64054.21875,0,0.0,141.484375,deepseek-r1:7b,-1
2025-06-08T14:47:14.440669,7.010522,0.0,0.0,62041.15625,51.1,64054.21875,0,0.0,141.484375,deepseek-r1:7b,-1
2025-06-08T14:47:14.546050,7.115903,0.0,0.0,62041.15625,51.1,64054.21875,0,0.0,141.484375,deepseek-r1:7b,-1
2025-06-08T14:47:14.647178,7.217031,0.0,0.0,62041.15625,51.1,64054.21875,0,0.0,141.484375,deepseek-r1:7b,-1
2025-06-08T14:47:14.752541,7.322394,8.2,0.0,61969.078125,51.1,64128.53125,0,0.0,141.484375,deepseek-r1:7b,-1
2025-06-08T14:47:14.857884,7.427737,7.1,0.0,61968.890625,51.1,64128.90625,0,0.0,141.484375,deepseek-r1:7b,-1
2025-06-08T14:47:14.962995,7.532848,8.4,0.0,61968.90625,51.1,64129.25,0,0.0,141.484375,deepseek-r1:7b,-1
2025-06-08T14:47:15.068379,7.638232,7.2,0.0,61968.921875,51.1,64129.46875,0,0.0,141.484375,deepseek-r1:7b,-1
2025-06-08T14:47:15.172914,7.742767,7.7,0.0,61968.921875,51.1,64129.46875,0,0.0,141.484375,deepseek-r1:7b,-1
2025-06-08T14:47:17.322105,0.040126,10.7,0.0,61589.421875,50.8,64507.59375,0,0.0,141.484375,deepseek-r1:7b,-1
2025-06-08T14:47:17.427266,0.145287,16.5,0.0,61981.234375,51.1,64117.375,0,0.0,141.484375,deepseek-r1:7b,-1
2025-06-08T14:47:17.530155,0.248176,14.0,0.0,61981.234375,51.1,64117.375,0,0.0,141.484375,deepseek-r1:7b,-1
2025-06-08T14:47:17.634122,0.352143,9.7,0.0,61981.234375,51.1,64117.375,0,0.0,141.484375,deepseek-r1:7b,-1
2025-06-08T14:47:17.739475,0.457496,8.2,0.0,61981.234375,51.1,64117.375,0,0.0,141.484375,deepseek-r1:7b,-1
2025-06-08T14:47:17.844860,0.562881,7.7,0.0,61981.234375,51.1,64117.375,0,0.0,141.484375,deepseek-r1:7b,-1
2025-06-08T14:47:17.946925,0.664946,9.1,0.0,61981.234375,51.1,64117.375,0,0.0,141.484375,deepseek-r1:7b,-1
2025-06-08T14:47:18.052283,0.770304,0.0,0.0,61981.234375,51.1,64117.375,0,0.0,141.484375,deepseek-r1:7b,-1
2025-06-08T14:47:18.153483,0.871504,0.0,0.0,61981.234375,51.1,64117.375,0,0.0,141.484375,deepseek-r1:7b,-1
2025-06-08T14:47:18.258829,0.97685,0.0,0.0,61981.234375,51.1,64117.375,0,0.0,141.484375,deepseek-r1:7b,-1
2025-06-08T14:47:18.364165,1.082186,7.8,0.0,62009.6875,51.1,64083.640625,0,0.0,141.484375,deepseek-r1:7b,-1
2025-06-08T14:47:18.469572,1.187593,9.9,0.0,62009.6875,51.1,64083.640625,0,0.0,141.484375,deepseek-r1:7b,-1
2025-06-08T14:47:18.571694,1.289715,9.8,0.0,62009.6875,51.1,64083.640625,0,0.0,141.484375,deepseek-r1:7b,-1
2025-06-08T14:47:18.673304,1.391325,7.5,0.0,62009.6875,51.1,64083.640625,0,0.0,141.484375,deepseek-r1:7b,-1
2025-06-08T14:47:18.777189,1.49521,6.6,0.0,62009.6875,51.1,64083.640625,0,0.0,141.484375,deepseek-r1:7b,-1
2025-06-08T14:47:18.882573,1.600594,8.9,0.0,62009.6875,51.1,64083.640625,0,0.0,141.484375,deepseek-r1:7b,-1
2025-06-08T14:47:18.987935,1.705956,7.6,0.0,62009.6875,51.1,64083.640625,0,0.0,141.484375,deepseek-r1:7b,-1
2025-06-08T14:47:19.089716,1.807737,6.3,0.0,62009.6875,51.1,64083.640625,0,0.0,141.484375,deepseek-r1:7b,-1
2025-06-08T14:47:19.191829,1.90985,7.9,0.0,62009.6875,51.1,64083.640625,0,0.0,141.484375,deepseek-r1:7b,-1
2025-06-08T14:47:19.296294,2.014315,0.0,0.0,62009.6875,51.1,64083.640625,0,0.0,141.484375,deepseek-r1:7b,-1
2025-06-08T14:47:19.401675,2.119696,10.7,0.0,61925.359375,51.0,64171.25,0,0.0,141.484375,deepseek-r1:7b,-1
2025-06-08T14:47:19.505892,2.223913,10.2,0.0,61925.515625,51.0,64171.625,0,0.0,141.484375,deepseek-r1:7b,-1
2025-06-08T14:47:19.609746,2.327767,10.7,0.0,61925.515625,51.0,64171.625,0,0.0,141.484375,deepseek-r1:7b,-1
2025-06-08T14:47:19.710696,2.428717,6.3,0.0,61925.515625,51.0,64171.625,0,0.0,141.484375,deepseek-r1:7b,-1
2025-06-08T14:47:19.813471,2.531492,8.0,0.0,61925.515625,51.0,64171.625,0,0.0,141.484375,deepseek-r1:7b,-1
2025-06-08T14:47:19.915484,2.633505,8.5,0.0,61925.515625,51.0,64171.625,0,0.0,141.484375,deepseek-r1:7b,-1
2025-06-08T14:47:20.020788,2.738809,8.9,0.0,61925.515625,51.0,64171.625,0,0.0,141.484375,deepseek-r1:7b,-1
2025-06-08T14:47:20.126101,2.844122,7.2,0.0,61925.515625,51.0,64171.625,0,0.0,141.484375,deepseek-r1:7b,-1
2025-06-08T14:47:20.231505,2.949526,0.0,0.0,61925.515625,51.0,64171.625,0,0.0,141.484375,deepseek-r1:7b,-1
2025-06-08T14:47:20.333423,3.051444,0.0,0.0,61925.515625,51.0,64171.625,0,0.0,141.484375,deepseek-r1:7b,-1
2025-06-08T14:47:20.438781,3.156802,8.2,0.0,61920.203125,51.0,64180.015625,0,0.0,141.484375,deepseek-r1:7b,-1
2025-06-08T14:47:20.544166,3.262187,8.9,0.0,61920.25,51.0,64180.359375,0,0.0,141.484375,deepseek-r1:7b,-1
2025-06-08T14:47:20.649516,3.367537,8.2,0.0,61920.25,51.0,64180.640625,0,0.0,141.484375,deepseek-r1:7b,-1
2025-06-08T14:47:20.754913,3.472934,0.0,0.0,61920.140625,51.0,64181.109375,0,0.0,141.484375,deepseek-r1:7b,-1
2025-06-08T14:47:20.858803,3.576824,0.0,0.0,61920.140625,51.0,64181.109375,0,0.0,141.484375,deepseek-r1:7b,-1
2025-06-08T14:47:20.964178,3.682199,0.0,0.0,61920.140625,51.0,64181.109375,0,0.0,141.484375,deepseek-r1:7b,-1
2025-06-08T14:47:21.065771,3.783792,0.0,0.0,61920.140625,51.0,64181.109375,0,0.0,141.484375,deepseek-r1:7b,-1
2025-06-08T14:47:21.171170,3.889191,0.0,0.0,61920.140625,51.0,64181.109375,0,0.0,141.484375,deepseek-r1:7b,-1
2025-06-08T14:47:21.274191,3.992212,0.0,0.0,61920.140625,51.0,64181.109375,0,0.0,141.484375,deepseek-r1:7b,-1
2025-06-08T14:47:21.378923,4.096944,0.0,0.0,61920.140625,51.0,64181.109375,0,0.0,141.484375,deepseek-r1:7b,-1
2025-06-08T14:47:21.484306,4.202327,10.1,0.0,62042.234375,51.1,64058.546875,0,0.0,141.484375,deepseek-r1:7b,-1
2025-06-08T14:47:21.587437,4.305458,11.0,0.0,62042.25,51.1,64058.546875,0,0.0,141.484375,deepseek-r1:7b,-1
2025-06-08T14:47:21.692567,4.410588,10.6,0.0,62042.25,51.1,64058.546875,0,0.0,141.484375,deepseek-r1:7b,-1
2025-06-08T14:47:21.796786,4.514807,10.3,0.0,62042.25,51.1,64058.546875,0,0.0,141.484375,deepseek-r1:7b,-1
2025-06-08T14:47:21.900165,4.618186,10.4,0.0,62042.25,51.1,64058.546875,0,0.0,141.484375,deepseek-r1:7b,-1
2025-06-08T14:47:22.005510,4.723531,10.7,0.0,62042.25,51.1,64058.546875,0,0.0,141.484375,deepseek-r1:7b,-1
2025-06-08T14:47:22.107433,4.825454,11.6,0.0,62042.25,51.1,64058.546875,0,0.0,141.484375,deepseek-r1:7b,-1
2025-06-08T14:47:22.212789,4.93081,0.0,0.0,62042.25,51.1,64058.546875,0,0.0,141.484375,deepseek-r1:7b,-1
2025-06-08T14:47:22.315133,5.033154,0.0,0.0,62042.25,51.1,64058.546875,0,0.0,141.484375,deepseek-r1:7b,-1
2025-06-08T14:47:22.420323,5.138344,0.0,0.0,62042.25,51.1,64058.546875,0,0.0,141.484375,deepseek-r1:7b,-1
2025-06-08T14:47:22.521778,5.239799,9.7,0.0,62039.359375,51.1,64062.015625,0,0.0,141.484375,deepseek-r1:7b,-1
2025-06-08T14:47:22.622829,5.34085,8.7,0.0,62039.359375,51.1,64062.265625,0,0.0,141.484375,deepseek-r1:7b,-1
2025-06-08T14:47:22.728171,5.446192,7.6,0.0,62039.359375,51.1,64062.265625,0,0.0,141.484375,deepseek-r1:7b,-1
2025-06-08T14:47:22.831891,5.549912,7.9,0.0,62039.359375,51.1,64062.265625,0,0.0,141.484375,deepseek-r1:7b,-1
2025-06-08T14:47:22.933020,5.651041,7.5,0.0,62039.359375,51.1,64062.265625,0,0.0,141.484375,deepseek-r1:7b,-1
2025-06-08T14:47:23.036089,5.75411,0.0,0.0,62039.359375,51.1,64062.265625,0,0.0,141.484375,deepseek-r1:7b,-1
2025-06-08T14:47:23.141470,5.859491,0.0,0.0,62039.359375,51.1,64062.265625,0,0.0,141.484375,deepseek-r1:7b,-1
2025-06-08T14:47:23.246845,5.964866,0.0,0.0,62039.359375,51.1,64062.265625,0,0.0,141.484375,deepseek-r1:7b,-1
2025-06-08T14:47:23.347706,6.065727,0.0,0.0,62039.359375,51.1,64062.265625,0,0.0,141.484375,deepseek-r1:7b,-1
2025-06-08T14:47:23.453086,6.171107,0.0,0.0,62039.359375,51.1,64062.265625,0,0.0,141.484375,deepseek-r1:7b,-1
2025-06-08T14:47:23.558446,6.276467,8.4,0.0,62042.828125,51.1,64049.0625,0,0.0,141.484375,deepseek-r1:7b,-1
2025-06-08T14:47:23.663816,6.381837,7.9,0.0,62042.828125,51.1,64049.34375,0,0.0,141.484375,deepseek-r1:7b,-1
2025-06-08T14:47:23.767051,6.485072,7.8,0.0,62042.765625,51.1,64049.75,0,0.0,141.484375,deepseek-r1:7b,-1
2025-06-08T14:47:23.871765,6.589786,8.2,0.0,62042.765625,51.1,64049.75,0,0.0,141.484375,deepseek-r1:7b,-1
2025-06-08T14:47:23.975918,6.693939,0.0,0.0,62042.765625,51.1,64049.75,0,0.0,141.484375,deepseek-r1:7b,-1
2025-06-08T14:47:24.081233,6.799254,0.0,0.0,62042.765625,51.1,64049.75,0,0.0,141.484375,deepseek-r1:7b,-1
2025-06-08T14:47:24.186665,6.904686,0.0,0.0,62042.765625,51.1,64049.75,0,0.0,141.484375,deepseek-r1:7b,-1
2025-06-08T14:47:24.289809,7.00783,0.0,0.0,62042.765625,51.1,64049.75,0,0.0,141.484375,deepseek-r1:7b,-1
2025-06-08T14:47:24.395148,7.113169,0.0,0.0,62042.765625,51.1,64049.75,0,0.0,141.484375,deepseek-r1:7b,-1
2025-06-08T14:47:24.496856,7.214877,0.0,0.0,62042.765625,51.1,64049.75,0,0.0,141.484375,deepseek-r1:7b,-1
2025-06-08T14:47:24.602254,7.320275,8.2,0.0,61979.34375,51.1,64117.046875,0,0.0,141.484375,deepseek-r1:7b,-1
2025-06-08T14:47:26.753802,0.040213,10.2,0.0,61340.140625,50.6,64760.609375,0,0.0,141.484375,deepseek-r1:7b,-1
2025-06-08T14:47:26.858954,0.145365,18.7,0.0,61880.328125,51.0,64217.984375,0,0.0,141.484375,deepseek-r1:7b,-1
2025-06-08T14:47:26.963408,0.249819,16.4,0.0,61880.328125,51.0,64217.984375,0,0.0,141.484375,deepseek-r1:7b,-1
2025-06-08T14:47:27.065865,0.352276,8.6,0.0,61880.328125,51.0,64217.984375,0,0.0,141.484375,deepseek-r1:7b,-1
2025-06-08T14:47:27.166755,0.453166,0.0,0.0,61880.328125,51.0,64217.984375,0,0.0,141.484375,deepseek-r1:7b,-1
2025-06-08T14:47:27.271743,0.558154,0.0,0.0,61880.328125,51.0,64217.984375,0,0.0,141.484375,deepseek-r1:7b,-1
2025-06-08T14:47:27.375397,0.661808,0.0,0.0,61880.328125,51.0,64217.984375,0,0.0,141.484375,deepseek-r1:7b,-1
2025-06-08T14:47:27.480771,0.767182,0.0,0.0,61880.328125,51.0,64217.984375,0,0.0,141.484375,deepseek-r1:7b,-1
2025-06-08T14:47:27.586138,0.872549,0.0,0.0,61880.328125,51.0,64217.984375,0,0.0,141.484375,deepseek-r1:7b,-1
2025-06-08T14:47:27.691494,0.977905,0.0,0.0,61880.328125,51.0,64217.984375,0,0.0,141.484375,deepseek-r1:7b,-1
2025-06-08T14:47:27.796865,1.083276,9.3,0.0,62162.765625,51.2,63931.984375,0,0.0,141.484375,deepseek-r1:7b,-1
2025-06-08T14:47:27.902245,1.188656,9.5,0.0,62162.796875,51.2,63932.1875,0,0.0,141.484375,deepseek-r1:7b,-1
2025-06-08T14:47:28.007627,1.294038,7.3,0.0,62162.828125,51.2,63932.53125,0,0.0,141.484375,deepseek-r1:7b,-1
2025-06-08T14:47:28.108614,1.395025,8.4,0.0,62162.828125,51.2,63932.53125,0,0.0,141.484375,deepseek-r1:7b,-1
2025-06-08T14:47:28.213981,1.500392,7.2,0.0,62162.828125,51.2,63932.53125,0,0.0,141.484375,deepseek-r1:7b,-1
2025-06-08T14:47:28.318540,1.604951,8.9,0.0,62162.828125,51.2,63932.53125,0,0.0,141.484375,deepseek-r1:7b,-1
2025-06-08T14:47:28.419687,1.706098,9.2,0.0,62162.828125,51.2,63932.53125,0,0.0,141.484375,deepseek-r1:7b,-1
2025-06-08T14:47:28.524790,1.811201,9.8,0.0,62162.828125,51.2,63932.53125,0,0.0,141.484375,deepseek-r1:7b,-1
2025-06-08T14:47:28.630178,1.916589,6.4,0.0,62162.828125,51.2,63932.53125,0,0.0,141.484375,deepseek-r1:7b,-1
2025-06-08T14:47:28.735558,2.021969,7.8,0.0,62162.828125,51.2,63932.53125,0,0.0,141.484375,deepseek-r1:7b,-1
2025-06-08T14:47:28.840897,2.127308,7.8,0.0,62055.15625,51.1,64043.6875,0,0.0,141.484375,deepseek-r1:7b,-1
2025-06-08T14:47:28.946264,2.232675,8.4,0.0,62055.15625,51.1,64043.6875,0,0.0,141.484375,deepseek-r1:7b,-1
2025-06-08T14:47:29.051648,2.338059,8.2,0.0,62055.15625,51.1,64043.6875,0,0.0,141.484375,deepseek-r1:7b,-1
2025-06-08T14:47:29.156994,2.443405,7.7,0.0,62055.15625,51.1,64043.6875,0,0.0,141.484375,deepseek-r1:7b,-1
2025-06-08T14:47:29.262362,2.548773,7.1,0.0,62055.15625,51.1,64043.6875,0,0.0,141.484375,deepseek-r1:7b,-1
2025-06-08T14:47:29.364414,2.650825,0.0,0.0,62055.15625,51.1,64043.6875,0,0.0,141.484375,deepseek-r1:7b,-1
2025-06-08T14:47:29.469781,2.756192,0.0,0.0,62055.15625,51.1,64043.6875,0,0.0,141.484375,deepseek-r1:7b,-1
2025-06-08T14:47:29.571788,2.858199,0.0,0.0,62055.15625,51.1,64043.6875,0,0.0,141.484375,deepseek-r1:7b,-1
2025-06-08T14:47:29.677154,2.963565,0.0,0.0,62055.15625,51.1,64043.6875,0,0.0,141.484375,deepseek-r1:7b,-1
2025-06-08T14:47:29.778971,3.065382,0.0,0.0,62055.15625,51.1,64043.6875,0,0.0,141.484375,deepseek-r1:7b,-1
2025-06-08T14:47:29.884310,3.170721,8.2,0.0,61976.40625,51.1,64125.40625,0,0.0,141.484375,deepseek-r1:7b,-1
2025-06-08T14:47:29.986998,3.273409,8.5,0.0,61976.421875,51.1,64125.765625,0,0.0,141.484375,deepseek-r1:7b,-1
2025-06-08T14:47:30.092340,3.378751,0.0,0.0,61976.421875,51.1,64125.765625,0,0.0,141.484375,deepseek-r1:7b,-1
2025-06-08T14:47:30.194346,3.480757,0.0,0.0,61976.421875,51.1,64125.765625,0,0.0,141.484375,deepseek-r1:7b,-1
2025-06-08T14:47:30.299668,3.586079,0.0,0.0,61976.421875,51.1,64125.765625,0,0.0,141.484375,deepseek-r1:7b,-1
2025-06-08T14:47:30.405044,3.691455,0.0,0.0,61976.421875,51.1,64125.765625,0,0.0,141.484375,deepseek-r1:7b,-1
2025-06-08T14:47:30.508687,3.795098,0.0,0.0,61976.421875,51.1,64125.765625,0,0.0,141.484375,deepseek-r1:7b,-1
2025-06-08T14:47:30.609927,3.896338,0.0,0.0,61976.421875,51.1,64125.765625,0,0.0,141.484375,deepseek-r1:7b,-1
2025-06-08T14:47:30.715303,4.001714,0.0,0.0,61976.421875,51.1,64125.765625,0,0.0,141.484375,deepseek-r1:7b,-1
2025-06-08T14:47:30.817066,4.103477,0.0,0.0,61976.421875,51.1,64125.765625,0,0.0,141.484375,deepseek-r1:7b,-1
2025-06-08T14:47:30.922496,4.208907,8.1,0.0,61970.1875,51.1,64134.71875,0,0.0,141.484375,deepseek-r1:7b,-1
2025-06-08T14:47:31.027809,4.31422,8.8,0.0,61970.1875,51.1,64134.71875,0,0.0,141.484375,deepseek-r1:7b,-1
2025-06-08T14:47:31.131253,4.417664,11.5,0.0,61970.1875,51.1,64134.71875,0,0.0,141.484375,deepseek-r1:7b,-1
2025-06-08T14:47:31.233953,4.520364,0.0,0.0,61970.1875,51.1,64134.71875,0,0.0,141.484375,deepseek-r1:7b,-1
2025-06-08T14:47:31.335110,4.621521,0.0,0.0,61970.1875,51.1,64134.71875,0,0.0,141.484375,deepseek-r1:7b,-1
2025-06-08T14:47:31.440454,4.726865,0.0,0.0,61970.1875,51.1,64134.71875,0,0.0,141.484375,deepseek-r1:7b,-1
2025-06-08T14:47:31.541088,4.827499,0.0,0.0,61970.1875,51.1,64134.71875,0,0.0,141.484375,deepseek-r1:7b,-1
2025-06-08T14:47:31.643654,4.930065,0.0,0.0,61970.1875,51.1,64134.71875,0,0.0,141.484375,deepseek-r1:7b,-1
2025-06-08T14:47:31.744975,5.031386,0.0,0.0,61970.1875,51.1,64134.71875,0,0.0,141.484375,deepseek-r1:7b,-1
2025-06-08T14:47:31.847935,5.134346,0.0,0.0,61970.1875,51.1,64134.71875,0,0.0,141.484375,deepseek-r1:7b,-1
2025-06-08T14:47:31.948385,5.234796,11.0,0.0,62035.421875,51.1,64058.484375,0,0.0,141.484375,deepseek-r1:7b,-1
2025-06-08T14:47:32.053738,5.340149,11.3,0.0,62035.4375,51.1,64058.75,0,0.0,141.484375,deepseek-r1:7b,-1
2025-06-08T14:47:32.159039,5.44545,10.7,0.0,62035.390625,51.1,64059.15625,0,0.0,141.484375,deepseek-r1:7b,-1
2025-06-08T14:47:32.264429,5.55084,12.0,0.0,62035.390625,51.1,64059.15625,0,0.0,141.484375,deepseek-r1:7b,-1
2025-06-08T14:47:32.365615,5.652026,9.8,0.0,62035.390625,51.1,64059.15625,0,0.0,141.484375,deepseek-r1:7b,-1
2025-06-08T14:47:32.470968,5.757379,8.2,0.0,62035.390625,51.1,64059.15625,0,0.0,141.484375,deepseek-r1:7b,-1
2025-06-08T14:47:32.572876,5.859287,8.1,0.0,62035.390625,51.1,64059.15625,0,0.0,141.484375,deepseek-r1:7b,-1
2025-06-08T14:47:32.678271,5.964682,7.1,0.0,62035.390625,51.1,64059.15625,0,0.0,141.484375,deepseek-r1:7b,-1
2025-06-08T14:47:32.781772,6.068183,0.0,0.0,62035.390625,51.1,64059.15625,0,0.0,141.484375,deepseek-r1:7b,-1
2025-06-08T14:47:32.883209,6.16962,0.0,0.0,62035.390625,51.1,64059.15625,0,0.0,141.484375,deepseek-r1:7b,-1
2025-06-08T14:47:32.986361,6.272772,8.8,0.0,62034.953125,51.1,64059.28125,0,0.0,141.484375,deepseek-r1:7b,-1
2025-06-08T14:47:33.089954,6.376365,7.2,0.0,62034.953125,51.1,64059.484375,0,0.0,141.484375,deepseek-r1:7b,-1
2025-06-08T14:47:33.192006,6.478417,0.0,0.0,62034.875,51.1,64059.984375,0,0.0,141.484375,deepseek-r1:7b,-1
2025-06-08T14:47:33.294013,6.580424,0.0,0.0,62034.875,51.1,64059.984375,0,0.0,141.484375,deepseek-r1:7b,-1
2025-06-08T14:47:33.399371,6.685782,0.0,0.0,62034.875,51.1,64059.984375,0,0.0,141.484375,deepseek-r1:7b,-1
2025-06-08T14:47:33.504760,6.791171,0.0,0.0,62034.875,51.1,64059.984375,0,0.0,141.484375,deepseek-r1:7b,-1
2025-06-08T14:47:33.610071,6.896482,0.0,0.0,62034.875,51.1,64059.984375,0,0.0,141.484375,deepseek-r1:7b,-1
2025-06-08T14:47:33.715392,7.001803,0.0,0.0,62034.875,51.1,64059.984375,0,0.0,141.484375,deepseek-r1:7b,-1
2025-06-08T14:47:33.817653,7.104064,0.0,0.0,62034.875,51.1,64059.984375,0,0.0,141.484375,deepseek-r1:7b,-1
2025-06-08T14:47:33.923032,7.209443,0.0,0.0,62034.875,51.1,64059.984375,0,0.0,141.484375,deepseek-r1:7b,-1
2025-06-08T14:47:34.028380,7.314791,8.5,0.0,61966.328125,51.1,64130.90625,0,0.0,141.484375,deepseek-r1:7b,-1
2025-06-08T14:47:36.183629,0.042902,9.6,0.0,62079.640625,51.2,64015.875,0,0.0,141.5,deepseek-r1:7b,-1
2025-06-08T14:47:36.288829,0.148102,16.2,0.0,62079.640625,51.2,64015.875,0,0.0,141.5,deepseek-r1:7b,-1
2025-06-08T14:47:36.393781,0.253054,16.3,0.0,62079.640625,51.2,64015.875,0,0.0,141.5,deepseek-r1:7b,-1
2025-06-08T14:47:36.496263,0.355536,12.3,0.0,62079.640625,51.2,64015.875,0,0.0,141.5,deepseek-r1:7b,-1
2025-06-08T14:47:36.601007,0.46028,10.1,0.0,62079.640625,51.2,64015.875,0,0.0,141.5,deepseek-r1:7b,-1
2025-06-08T14:47:36.705128,0.564401,11.4,0.0,62079.640625,51.2,64015.875,0,0.0,141.5,deepseek-r1:7b,-1
2025-06-08T14:47:36.809036,0.668309,11.3,0.0,62079.640625,51.2,64015.875,0,0.0,141.5,deepseek-r1:7b,-1
2025-06-08T14:47:36.913776,0.773049,11.8,0.0,62079.640625,51.2,64015.875,0,0.0,141.5,deepseek-r1:7b,-1
2025-06-08T14:47:37.015013,0.874286,9.5,0.0,62079.640625,51.2,64015.875,0,0.0,141.5,deepseek-r1:7b,-1
2025-06-08T14:47:37.116999,0.976272,11.7,0.0,62079.640625,51.2,64015.875,0,0.0,141.5,deepseek-r1:7b,-1
2025-06-08T14:47:37.222369,1.081642,11.2,0.0,62166.703125,51.2,63937.421875,0,0.0,141.5,deepseek-r1:7b,-1
2025-06-08T14:47:37.327801,1.187074,10.6,0.0,62166.703125,51.2,63937.421875,0,0.0,141.5,deepseek-r1:7b,-1
2025-06-08T14:47:37.433180,1.292453,8.3,0.0,62166.703125,51.2,63937.421875,0,0.0,141.5,deepseek-r1:7b,-1
2025-06-08T14:47:37.538326,1.397599,11.4,0.0,62166.703125,51.2,63937.421875,0,0.0,141.5,deepseek-r1:7b,-1
2025-06-08T14:47:37.643680,1.502953,7.7,0.0,62166.703125,51.2,63937.421875,0,0.0,141.5,deepseek-r1:7b,-1
2025-06-08T14:47:37.748321,1.607594,7.7,0.0,62166.703125,51.2,63937.421875,0,0.0,141.5,deepseek-r1:7b,-1
2025-06-08T14:47:37.853745,1.713018,7.8,0.0,62166.703125,51.2,63937.421875,0,0.0,141.5,deepseek-r1:7b,-1
2025-06-08T14:47:37.954335,1.813608,0.0,0.0,62166.703125,51.2,63937.421875,0,0.0,141.5,deepseek-r1:7b,-1
2025-06-08T14:47:38.054891,1.914164,0.0,0.0,62166.703125,51.2,63937.421875,0,0.0,141.5,deepseek-r1:7b,-1
2025-06-08T14:47:38.160235,2.019508,0.0,0.0,62166.703125,51.2,63937.421875,0,0.0,141.5,deepseek-r1:7b,-1
2025-06-08T14:47:38.265570,2.124843,8.2,0.0,62047.40625,51.1,64049.515625,0,0.0,141.5,deepseek-r1:7b,-1
2025-06-08T14:47:38.365979,2.225252,9.3,0.0,61978.703125,51.1,64117.84375,0,0.0,141.5,deepseek-r1:7b,-1
2025-06-08T14:47:38.471349,2.330622,7.8,0.0,61978.703125,51.1,64118.1875,0,0.0,141.5,deepseek-r1:7b,-1
2025-06-08T14:47:38.576733,2.436006,8.9,0.0,61978.703125,51.1,64118.1875,0,0.0,141.5,deepseek-r1:7b,-1
2025-06-08T14:47:38.677163,2.536436,0.0,0.0,61978.703125,51.1,64118.1875,0,0.0,141.5,deepseek-r1:7b,-1
2025-06-08T14:47:38.782557,2.64183,0.0,0.0,61978.703125,51.1,64118.1875,0,0.0,141.5,deepseek-r1:7b,-1
2025-06-08T14:47:38.887785,2.747058,0.0,0.0,61978.703125,51.1,64118.1875,0,0.0,141.5,deepseek-r1:7b,-1
2025-06-08T14:47:38.988549,2.847822,0.0,0.0,61978.703125,51.1,64118.1875,0,0.0,141.5,deepseek-r1:7b,-1
2025-06-08T14:47:39.092702,2.951975,0.0,0.0,61978.703125,51.1,64118.1875,0,0.0,141.5,deepseek-r1:7b,-1
2025-06-08T14:47:39.198109,3.057382,0.0,0.0,61978.703125,51.1,64118.1875,0,0.0,141.5,deepseek-r1:7b,-1
2025-06-08T14:47:39.303508,3.162781,8.0,0.0,61983.78125,51.1,64117.125,0,0.0,141.5,deepseek-r1:7b,-1
2025-06-08T14:47:39.408889,3.268162,7.1,0.0,61983.765625,51.1,64117.5,0,0.0,141.5,deepseek-r1:7b,-1
2025-06-08T14:47:39.513315,3.372588,7.9,0.0,61983.625,51.1,64117.828125,0,0.0,141.5,deepseek-r1:7b,-1
2025-06-08T14:47:39.615439,3.474712,10.3,0.0,61983.625,51.1,64117.828125,0,0.0,141.5,deepseek-r1:7b,-1
2025-06-08T14:47:39.720810,3.580083,6.5,0.0,61983.625,51.1,64117.828125,0,0.0,141.5,deepseek-r1:7b,-1
2025-06-08T14:47:39.821647,3.68092,0.0,0.0,61983.625,51.1,64117.828125,0,0.0,141.5,deepseek-r1:7b,-1
2025-06-08T14:47:39.926994,3.786267,0.0,0.0,61983.625,51.1,64117.828125,0,0.0,141.5,deepseek-r1:7b,-1
2025-06-08T14:47:40.028913,3.888186,0.0,0.0,61983.625,51.1,64117.828125,0,0.0,141.5,deepseek-r1:7b,-1
2025-06-08T14:47:40.134273,3.993546,0.0,0.0,61983.625,51.1,64117.828125,0,0.7,141.53125,deepseek-r1:7b,-1
2025-06-08T14:47:40.237497,4.09677,0.0,0.0,61983.625,51.1,64117.828125,0,0.0,141.53125,deepseek-r1:7b,-1
2025-06-08T14:47:40.341952,4.201225,8.2,0.0,61975.65625,51.1,64124.625,0,0.0,141.53125,deepseek-r1:7b,-1
2025-06-08T14:47:40.447204,4.306477,7.8,0.0,61975.65625,51.1,64124.9375,0,0.0,141.53125,deepseek-r1:7b,-1
2025-06-08T14:47:40.552595,4.411868,8.3,0.0,61975.625,51.1,64125.21875,0,0.0,141.53125,deepseek-r1:7b,-1
2025-06-08T14:47:40.657983,4.517256,8.4,0.0,61975.625,51.1,64125.21875,0,0.0,141.53125,deepseek-r1:7b,-1
2025-06-08T14:47:40.763360,4.622633,7.1,0.0,61975.625,51.1,64125.21875,0,0.0,141.53125,deepseek-r1:7b,-1
2025-06-08T14:47:40.866947,4.72622,9.0,0.0,61975.625,51.1,64125.21875,0,0.0,141.53125,deepseek-r1:7b,-1
2025-06-08T14:47:43.016668,0.039433,10.6,0.0,61392.265625,50.6,64707.328125,0,0.0,141.53125,deepseek-r1:7b,-1
2025-06-08T14:47:43.121828,0.144593,12.7,0.0,61392.265625,50.6,64707.328125,0,0.0,141.53125,deepseek-r1:7b,-1
2025-06-08T14:47:43.223281,0.246046,13.3,0.0,61392.265625,50.6,64707.328125,0,0.0,141.53125,deepseek-r1:7b,-1
2025-06-08T14:47:43.328669,0.351434,8.5,0.0,61392.265625,50.6,64707.328125,0,0.0,141.53125,deepseek-r1:7b,-1
2025-06-08T14:47:43.434036,0.456801,9.9,0.0,61392.265625,50.6,64707.328125,0,0.0,141.53125,deepseek-r1:7b,-1
2025-06-08T14:47:43.538289,0.561054,10.1,0.0,61392.265625,50.6,64707.328125,0,0.0,141.53125,deepseek-r1:7b,-1
2025-06-08T14:47:43.642780,0.665545,7.2,0.0,61392.265625,50.6,64707.328125,0,0.0,141.53125,deepseek-r1:7b,-1
2025-06-08T14:47:43.748165,0.77093,6.7,0.0,61392.265625,50.6,64707.328125,0,0.0,141.53125,deepseek-r1:7b,-1
2025-06-08T14:47:43.853539,0.876304,7.6,0.0,61392.265625,50.6,64707.328125,0,0.0,141.53125,deepseek-r1:7b,-1
2025-06-08T14:47:43.954947,0.977712,0.0,0.0,61392.265625,50.6,64707.328125,0,0.0,141.53125,deepseek-r1:7b,-1
2025-06-08T14:47:44.056414,1.079179,8.1,0.0,62013.5,51.1,64083.640625,0,0.0,141.53125,deepseek-r1:7b,-1
2025-06-08T14:47:44.161790,1.184555,8.7,0.0,62013.515625,51.1,64083.796875,0,0.0,141.53125,deepseek-r1:7b,-1
2025-06-08T14:47:44.267178,1.289943,6.6,0.0,62013.515625,51.1,64083.796875,0,0.0,141.53125,deepseek-r1:7b,-1
2025-06-08T14:47:44.368258,1.391023,10.0,0.0,62013.515625,51.1,64083.796875,0,0.0,141.53125,deepseek-r1:7b,-1
2025-06-08T14:47:44.473656,1.496421,0.0,0.0,62013.515625,51.1,64083.796875,0,0.0,141.53125,deepseek-r1:7b,-1
2025-06-08T14:47:44.579027,1.601792,0.0,0.0,62013.515625,51.1,64083.796875,0,0.0,141.53125,deepseek-r1:7b,-1
2025-06-08T14:47:44.684397,1.707162,0.0,0.0,62013.515625,51.1,64083.796875,0,0.0,141.53125,deepseek-r1:7b,-1
2025-06-08T14:47:44.786618,1.809383,0.0,0.0,62013.515625,51.1,64083.796875,0,0.0,141.53125,deepseek-r1:7b,-1
2025-06-08T14:47:44.891986,1.914751,0.0,0.0,62013.515625,51.1,64083.796875,0,0.0,141.53125,deepseek-r1:7b,-1
2025-06-08T14:47:44.996550,2.019315,0.0,0.0,62013.515625,51.1,64083.796875,0,0.0,141.53125,deepseek-r1:7b,-1
2025-06-08T14:47:45.101868,2.124633,8.1,0.0,61928.578125,51.0,64174.59375,0,0.0,141.53125,deepseek-r1:7b,-1
2025-06-08T14:47:45.206307,2.229072,7.1,0.0,61928.671875,51.0,64166.921875,0,0.0,141.53125,deepseek-r1:7b,-1
2025-06-08T14:47:45.311661,2.334426,0.0,0.0,61928.671875,51.0,64166.921875,0,0.0,141.53125,deepseek-r1:7b,-1
2025-06-08T14:47:45.416912,2.439677,0.0,0.0,61928.671875,51.0,64166.921875,0,0.0,141.53125,deepseek-r1:7b,-1
2025-06-08T14:47:45.519454,2.542219,0.0,0.0,61928.671875,51.0,64166.921875,0,0.0,141.53125,deepseek-r1:7b,-1
2025-06-08T14:47:45.624827,2.647592,0.0,0.0,61928.671875,51.0,64166.921875,0,0.0,141.53125,deepseek-r1:7b,-1
2025-06-08T14:47:45.730181,2.752946,0.0,0.0,61928.671875,51.0,64166.921875,0,0.0,141.53125,deepseek-r1:7b,-1
2025-06-08T14:47:45.831462,2.854227,0.0,0.0,61928.671875,51.0,64166.921875,0,0.0,141.53125,deepseek-r1:7b,-1
2025-06-08T14:47:45.936789,2.959554,0.0,0.0,61928.671875,51.0,64166.921875,0,0.0,141.53125,deepseek-r1:7b,-1
2025-06-08T14:47:46.042147,3.064912,0.0,0.0,61928.671875,51.0,64166.921875,0,0.0,141.53125,deepseek-r1:7b,-1
2025-06-08T14:47:46.144135,3.1669,8.4,0.0,62045.453125,51.1,64050.5,0,0.0,141.53125,deepseek-r1:7b,-1
2025-06-08T14:47:46.246117,3.268882,10.0,0.0,62045.40625,51.1,64050.90625,0,0.0,141.53125,deepseek-r1:7b,-1
2025-06-08T14:47:46.348866,3.371631,10.9,0.0,62045.40625,51.1,64050.90625,0,0.0,141.53125,deepseek-r1:7b,-1
2025-06-08T14:47:46.453087,3.475852,10.5,0.0,62045.40625,51.1,64050.90625,0,0.0,141.53125,deepseek-r1:7b,-1
2025-06-08T14:47:46.558455,3.58122,13.8,0.0,62045.40625,51.1,64050.90625,0,0.0,141.53125,deepseek-r1:7b,-1
2025-06-08T14:47:46.663605,3.68637,9.7,0.0,62045.40625,51.1,64050.90625,0,0.0,141.53125,deepseek-r1:7b,-1
2025-06-08T14:47:46.767440,3.790205,9.6,0.0,62045.40625,51.1,64050.90625,0,0.0,141.53125,deepseek-r1:7b,-1
2025-06-08T14:47:46.872807,3.895572,10.6,0.0,62045.40625,51.1,64050.90625,0,0.0,141.53125,deepseek-r1:7b,-1
2025-06-08T14:47:46.977024,3.999789,0.0,0.0,62045.40625,51.1,64050.90625,0,0.0,141.53125,deepseek-r1:7b,-1
2025-06-08T14:47:47.078842,4.101607,0.0,0.0,62045.40625,51.1,64050.90625,0,0.0,141.53125,deepseek-r1:7b,-1
2025-06-08T14:47:47.184220,4.206985,10.6,0.0,62042.671875,51.1,64053.875,0,0.0,141.53125,deepseek-r1:7b,-1
2025-06-08T14:47:47.286291,4.309056,11.7,0.0,62042.703125,51.1,64054.4375,0,0.0,141.53125,deepseek-r1:7b,-1
2025-06-08T14:47:47.391596,4.414361,7.8,0.0,62042.703125,51.1,64054.625,0,0.0,141.53125,deepseek-r1:7b,-1
2025-06-08T14:47:47.492433,4.515198,9.9,0.0,62042.703125,51.1,64054.625,0,0.0,141.53125,deepseek-r1:7b,-1
2025-06-08T14:47:47.597828,4.620593,8.3,0.0,62042.703125,51.1,64054.625,0,0.0,141.53125,deepseek-r1:7b,-1
2025-06-08T14:47:47.703215,4.72598,0.0,0.0,62042.703125,51.1,64054.625,0,0.0,141.53125,deepseek-r1:7b,-1
2025-06-08T14:47:47.808595,4.83136,0.0,0.0,62042.703125,51.1,64054.625,0,0.0,141.53125,deepseek-r1:7b,-1
2025-06-08T14:47:47.913962,4.936727,0.0,0.0,62042.703125,51.1,64054.625,0,0.0,141.53125,deepseek-r1:7b,-1
2025-06-08T14:47:48.019351,5.042116,0.0,0.0,62042.703125,51.1,64054.625,0,0.0,141.53125,deepseek-r1:7b,-1
2025-06-08T14:47:48.123718,5.146483,0.0,0.0,62042.703125,51.1,64054.625,0,0.0,141.53125,deepseek-r1:7b,-1
2025-06-08T14:47:48.229075,5.25184,7.5,0.0,62039.734375,51.1,64051.984375,0,0.0,141.53125,deepseek-r1:7b,-1
2025-06-08T14:47:48.334090,5.356855,10.1,0.0,61971.046875,51.1,64120.3125,0,0.0,141.53125,deepseek-r1:7b,-1
2025-06-08T14:47:48.434633,5.457398,9.4,0.0,61971.046875,51.1,64120.765625,0,0.0,141.53125,deepseek-r1:7b,-1
2025-06-08T14:47:48.540008,5.562773,8.8,0.0,61971.046875,51.1,64120.765625,0,0.0,141.53125,deepseek-r1:7b,-1
2025-06-08T14:47:48.641065,5.66383,8.6,0.0,61971.046875,51.1,64120.765625,0,0.0,141.53125,deepseek-r1:7b,-1
2025-06-08T14:47:48.746446,5.769211,6.5,0.0,61971.046875,51.1,64120.765625,0,0.0,141.53125,deepseek-r1:7b,-1
2025-06-08T14:47:48.850516,5.873281,6.7,0.0,61971.046875,51.1,64120.765625,0,0.0,141.53125,deepseek-r1:7b,-1
2025-06-08T14:47:48.953634,5.976399,9.0,0.0,61971.046875,51.1,64120.765625,0,0.0,141.53125,deepseek-r1:7b,-1
2025-06-08T14:47:49.058873,6.081638,8.3,0.0,61971.046875,51.1,64120.765625,0,0.0,141.53125,deepseek-r1:7b,-1
2025-06-08T14:47:49.164221,6.186986,7.1,0.0,61971.046875,51.1,64120.765625,0,0.0,141.53125,deepseek-r1:7b,-1
2025-06-08T14:47:49.268966,6.291731,6.7,0.0,61980.046875,51.1,64115.640625,0,0.0,141.53125,deepseek-r1:7b,-1
2025-06-08T14:47:49.371033,6.393798,9.5,0.0,61980.046875,51.1,64115.640625,0,0.0,141.53125,deepseek-r1:7b,-1
2025-06-08T14:47:49.475746,6.498511,8.0,0.0,61980.046875,51.1,64115.640625,0,0.0,141.53125,deepseek-r1:7b,-1
2025-06-08T14:47:49.579063,6.601828,8.5,0.0,61980.046875,51.1,64115.640625,0,0.0,141.53125,deepseek-r1:7b,-1
2025-06-08T14:47:49.684492,6.707257,7.6,0.0,61980.046875,51.1,64115.640625,0,0.0,141.53125,deepseek-r1:7b,-1
2025-06-08T14:47:49.785389,6.808154,0.0,0.0,61980.046875,51.1,64115.640625,0,0.0,141.53125,deepseek-r1:7b,-1
2025-06-08T14:47:49.890783,6.913548,0.0,0.0,61980.046875,51.1,64115.640625,0,0.0,141.53125,deepseek-r1:7b,-1
2025-06-08T14:47:49.994777,7.017542,0.0,0.0,61980.046875,51.1,64115.640625,0,0.0,141.53125,deepseek-r1:7b,-1
2025-06-08T14:47:50.100119,7.122884,0.0,0.0,61980.046875,51.1,64115.640625,0,0.0,141.53125,deepseek-r1:7b,-1
2025-06-08T14:47:50.205447,7.228212,0.0,0.0,61980.046875,51.1,64115.640625,0,0.0,141.53125,deepseek-r1:7b,-1
2025-06-08T14:47:50.307813,7.330578,7.6,0.0,61977.484375,51.1,64120.859375,0,0.0,141.53125,deepseek-r1:7b,-1
2025-06-08T14:47:50.413147,7.435912,8.9,0.0,61971.28125,51.1,64127.4375,0,0.0,141.53125,deepseek-r1:7b,-1
2025-06-08T14:47:50.517406,7.540171,8.5,0.0,61971.296875,51.1,64127.609375,0,0.0,141.53125,deepseek-r1:7b,-1
2025-06-08T14:47:50.619724,7.642489,0.0,0.0,61971.296875,51.1,64127.609375,0,0.0,141.53125,deepseek-r1:7b,-1
2025-06-08T14:47:50.725062,7.747827,0.0,0.0,61971.296875,51.1,64127.609375,0,0.0,141.53125,deepseek-r1:7b,-1
2025-06-08T14:47:50.828413,7.851178,0.0,0.0,61971.296875,51.1,64127.609375,0,0.0,141.53125,deepseek-r1:7b,-1
2025-06-08T14:47:50.933748,7.956513,0.0,0.0,61971.296875,51.1,64127.609375,0,0.0,141.53125,deepseek-r1:7b,-1
2025-06-08T14:47:51.038427,8.061192,0.0,0.0,61971.296875,51.1,64127.609375,0,0.0,141.53125,deepseek-r1:7b,-1
2025-06-08T14:47:51.139630,8.162395,0.0,0.0,61971.296875,51.1,64127.609375,0,0.0,141.53125,deepseek-r1:7b,-1
2025-06-08T14:47:51.243725,8.26649,0.0,0.0,61971.296875,51.1,64127.609375,0,0.0,141.53125,deepseek-r1:7b,-1
2025-06-08T14:47:51.346061,8.368826,9.3,0.0,62036.0,51.1,64060.4375,0,0.0,141.53125,deepseek-r1:7b,-1
2025-06-08T14:47:51.450832,8.473597,7.9,0.0,62036.0,51.1,64060.4375,0,0.0,141.53125,deepseek-r1:7b,-1
2025-06-08T14:47:51.556255,8.57902,0.0,0.0,62036.0,51.1,64060.4375,0,0.0,141.53125,deepseek-r1:7b,-1
2025-06-08T14:47:51.660342,8.683107,0.0,0.0,62036.0,51.1,64060.4375,0,0.0,141.53125,deepseek-r1:7b,-1
2025-06-08T14:47:51.765690,8.788455,0.0,0.0,62036.0,51.1,64060.4375,0,0.0,141.53125,deepseek-r1:7b,-1
2025-06-08T14:47:51.866894,8.889659,0.0,0.0,62036.0,51.1,64060.4375,0,0.0,141.53125,deepseek-r1:7b,-1
2025-06-08T14:47:51.972279,8.995044,0.0,0.0,62036.0,51.1,64060.4375,0,0.0,141.53125,deepseek-r1:7b,-1
2025-06-08T14:47:52.075731,9.098496,0.0,0.0,62036.0,51.1,64060.4375,0,0.0,141.53125,deepseek-r1:7b,-1
2025-06-08T14:47:52.177008,9.199773,0.0,0.0,62036.0,51.1,64060.4375,0,0.0,141.53125,deepseek-r1:7b,-1
2025-06-08T14:47:52.282365,9.30513,0.0,0.0,62036.0,51.1,64060.4375,0,0.0,141.53125,deepseek-r1:7b,-1
2025-06-08T14:47:52.386514,9.409279,10.4,0.0,62036.609375,51.1,64063.171875,0,0.0,141.53125,deepseek-r1:7b,-1
2025-06-08T14:47:54.539924,0.040698,10.5,0.0,61976.859375,51.1,64120.84375,0,0.0,141.53125,deepseek-r1:7b,-1
2025-06-08T14:47:54.645108,0.145882,13.1,0.0,61976.859375,51.1,64120.84375,0,0.0,141.53125,deepseek-r1:7b,-1
2025-06-08T14:47:54.750615,0.251389,14.2,0.0,61976.859375,51.1,64120.84375,0,0.0,141.53125,deepseek-r1:7b,-1
2025-06-08T14:47:54.855923,0.356697,7.1,0.0,61976.859375,51.1,64120.84375,0,0.0,141.53125,deepseek-r1:7b,-1
2025-06-08T14:47:54.959046,0.45982,9.1,0.0,61976.859375,51.1,64120.84375,0,0.0,141.53125,deepseek-r1:7b,-1
2025-06-08T14:47:55.061076,0.56185,7.9,0.0,61976.859375,51.1,64120.84375,0,0.0,141.53125,deepseek-r1:7b,-1
2025-06-08T14:47:55.166469,0.667243,0.0,0.0,61976.859375,51.1,64120.84375,0,0.0,141.53125,deepseek-r1:7b,-1
2025-06-08T14:47:55.271334,0.772108,0.0,0.0,61976.859375,51.1,64120.84375,0,0.0,141.53125,deepseek-r1:7b,-1
2025-06-08T14:47:55.376725,0.877499,0.0,0.0,61976.859375,51.1,64120.84375,0,0.0,141.53125,deepseek-r1:7b,-1
2025-06-08T14:47:55.482108,0.982882,0.0,0.0,61976.859375,51.1,64120.84375,0,0.0,141.53125,deepseek-r1:7b,-1
2025-06-08T14:47:55.587454,1.088228,7.9,0.0,62023.78125,51.1,64075.453125,0,0.0,141.53125,deepseek-r1:7b,-1
2025-06-08T14:47:55.692159,1.192933,9.9,0.0,62023.78125,51.1,64075.875,0,0.0,141.53125,deepseek-r1:7b,-1
2025-06-08T14:47:55.797544,1.298318,6.6,0.0,62023.796875,51.1,64076.03125,0,0.0,141.53125,deepseek-r1:7b,-1
2025-06-08T14:47:55.898571,1.399345,13.8,0.0,62023.796875,51.1,64076.03125,0,0.0,141.53125,deepseek-r1:7b,-1
2025-06-08T14:47:56.004014,1.504788,14.0,0.0,62023.796875,51.1,64076.03125,0,0.0,141.53125,deepseek-r1:7b,-1
2025-06-08T14:47:56.109434,1.610208,12.9,0.0,62023.796875,51.1,64076.03125,0,0.0,141.53125,deepseek-r1:7b,-1
2025-06-08T14:47:56.212224,1.712998,9.7,0.0,62023.796875,51.1,64076.03125,0,0.0,141.53125,deepseek-r1:7b,-1
2025-06-08T14:47:56.316338,1.817112,9.8,0.0,62023.796875,51.1,64076.03125,0,0.0,141.53125,deepseek-r1:7b,-1
2025-06-08T14:47:56.421712,1.922486,10.2,0.0,62023.796875,51.1,64076.03125,0,0.0,141.53125,deepseek-r1:7b,-1
2025-06-08T14:47:56.527078,2.027852,11.2,0.0,62023.796875,51.1,64076.03125,0,0.0,141.53125,deepseek-r1:7b,-1
2025-06-08T14:47:56.629361,2.130135,10.3,0.0,62007.203125,51.1,64089.828125,0,0.0,141.53125,deepseek-r1:7b,-1
2025-06-08T14:47:56.734030,2.234804,9.6,0.0,62007.21875,51.1,64090.21875,0,0.0,141.53125,deepseek-r1:7b,-1
2025-06-08T14:47:56.838729,2.339503,0.0,0.0,62007.234375,51.1,64090.53125,0,0.0,141.53125,deepseek-r1:7b,-1
2025-06-08T14:47:56.944059,2.444833,0.0,0.0,62007.234375,51.1,64090.75,0,0.0,141.53125,deepseek-r1:7b,-1
2025-06-08T14:47:57.046024,2.546798,0.0,0.0,62007.234375,51.1,64090.75,0,0.0,141.53125,deepseek-r1:7b,-1
2025-06-08T14:47:57.151395,2.652169,0.0,0.0,62007.234375,51.1,64090.75,0,0.0,141.53125,deepseek-r1:7b,-1
2025-06-08T14:47:57.254694,2.755468,0.0,0.0,62007.234375,51.1,64090.75,0,0.0,141.53125,deepseek-r1:7b,-1
2025-06-08T14:47:57.360074,2.860848,0.0,0.0,62007.234375,51.1,64090.75,0,0.0,141.53125,deepseek-r1:7b,-1
2025-06-08T14:47:57.465509,2.966283,0.0,0.0,62007.234375,51.1,64090.75,0,0.0,141.53125,deepseek-r1:7b,-1
2025-06-08T14:47:57.566157,3.066931,0.0,0.0,62007.234375,51.1,64090.75,0,0.0,141.53125,deepseek-r1:7b,-1
2025-06-08T14:47:57.671539,3.172313,9.7,0.0,62002.875,51.1,64097.53125,0,0.0,141.53125,deepseek-r1:7b,-1
2025-06-08T14:47:57.774400,3.275174,7.2,0.0,62002.875,51.1,64097.6875,0,0.0,141.53125,deepseek-r1:7b,-1
2025-06-08T14:47:57.879340,3.380114,9.1,0.0,62002.875,51.1,64097.6875,0,0.0,141.53125,deepseek-r1:7b,-1
2025-06-08T14:47:57.983075,3.483849,8.8,0.0,62002.875,51.1,64097.6875,0,0.0,141.53125,deepseek-r1:7b,-1
2025-06-08T14:47:58.088426,3.5892,0.0,0.0,62002.875,51.1,64097.6875,0,0.0,141.53125,deepseek-r1:7b,-1
2025-06-08T14:47:58.193045,3.693819,0.0,0.0,62002.875,51.1,64097.6875,0,0.0,141.53125,deepseek-r1:7b,-1
2025-06-08T14:47:58.296299,3.797073,0.0,0.0,62002.875,51.1,64097.6875,0,0.0,141.53125,deepseek-r1:7b,-1
2025-06-08T14:47:58.397135,3.897909,0.0,0.0,62002.875,51.1,64097.6875,0,0.0,141.53125,deepseek-r1:7b,-1
2025-06-08T14:47:58.502496,4.00327,0.0,0.0,62002.875,51.1,64097.6875,0,0.0,141.53125,deepseek-r1:7b,-1
2025-06-08T14:47:58.603199,4.103973,0.0,0.0,62002.875,51.1,64097.6875,0,0.0,141.53125,deepseek-r1:7b,-1
2025-06-08T14:47:58.708417,4.209191,8.6,0.0,61938.5625,51.1,64157.640625,0,0.0,141.53125,deepseek-r1:7b,-1
2025-06-08T14:47:58.813916,4.31469,7.0,0.0,61938.578125,51.1,64157.796875,0,0.0,141.53125,deepseek-r1:7b,-1
2025-06-08T14:47:58.918254,4.419028,8.6,0.0,61938.578125,51.1,64157.796875,0,0.0,141.53125,deepseek-r1:7b,-1
2025-06-08T14:47:59.023611,4.524385,8.1,0.0,61938.578125,51.1,64157.796875,0,0.0,141.53125,deepseek-r1:7b,-1
2025-06-08T14:47:59.128958,4.629732,0.0,0.0,61938.578125,51.1,64157.796875,0,0.0,141.53125,deepseek-r1:7b,-1
2025-06-08T14:47:59.229740,4.730514,0.0,0.0,61938.578125,51.1,64157.796875,0,0.0,141.53125,deepseek-r1:7b,-1
2025-06-08T14:47:59.335049,4.835823,0.0,0.0,61938.578125,51.1,64157.796875,0,0.0,141.53125,deepseek-r1:7b,-1
2025-06-08T14:47:59.436436,4.93721,0.0,0.0,61938.578125,51.1,64157.796875,0,0.0,141.53125,deepseek-r1:7b,-1
2025-06-08T14:47:59.541750,5.042524,0.0,0.0,61938.578125,51.1,64157.796875,0,0.0,141.53125,deepseek-r1:7b,-1
2025-06-08T14:47:59.642486,5.14326,0.0,0.0,61938.578125,51.1,64157.796875,0,0.0,141.53125,deepseek-r1:7b,-1
2025-06-08T14:47:59.743438,5.244212,9.9,0.0,61944.859375,51.1,64155.984375,0,0.0,141.53125,deepseek-r1:7b,-1
2025-06-08T14:47:59.848733,5.349507,24.8,0.0,61942.703125,51.1,64154.546875,0,0.0,141.53125,deepseek-r1:7b,-1
2025-06-08T14:47:59.953860,5.454634,22.4,0.0,61942.78125,51.1,64150.78125,0,0.0,141.53125,deepseek-r1:7b,-1
2025-06-08T14:48:00.058491,5.559265,25.3,0.0,62059.40625,51.1,64043.6875,0,0.0,141.53125,deepseek-r1:7b,-1
2025-06-08T14:48:00.163604,5.664378,18.6,0.0,62059.40625,51.1,64043.6875,0,0.0,141.53125,deepseek-r1:7b,-1
2025-06-08T14:48:00.268763,5.769537,8.9,0.0,62059.40625,51.1,64043.6875,0,0.0,141.53125,deepseek-r1:7b,-1
2025-06-08T14:48:00.370890,5.871664,17.2,0.0,62059.40625,51.1,64043.6875,0,0.0,141.53125,deepseek-r1:7b,-1
2025-06-08T14:48:00.475003,5.975777,25.5,0.0,62059.40625,51.1,64043.6875,0,0.0,141.53125,deepseek-r1:7b,-1
2025-06-08T14:48:00.580158,6.080932,25.4,0.0,62059.40625,51.1,64043.6875,0,0.0,141.53125,deepseek-r1:7b,-1
2025-06-08T14:48:00.683553,6.184327,0.0,0.0,62059.40625,51.1,64043.6875,0,0.0,141.53125,deepseek-r1:7b,-1
2025-06-08T14:48:00.788677,6.289451,21.9,0.0,62192.46875,51.2,63905.4375,0,0.0,141.53125,deepseek-r1:7b,-1
2025-06-08T14:48:00.889851,6.390625,20.1,0.0,62192.46875,51.2,63905.4375,0,0.0,141.53125,deepseek-r1:7b,-1
2025-06-08T14:48:00.990055,6.490829,0.0,0.0,62192.46875,51.2,63905.4375,0,0.0,141.53125,deepseek-r1:7b,-1
2025-06-08T14:48:01.092755,6.593529,0.0,0.0,62192.46875,51.2,63905.4375,0,0.0,141.53125,deepseek-r1:7b,-1
2025-06-08T14:48:01.198026,6.6988,0.0,0.0,62192.46875,51.2,63905.4375,0,0.0,141.53125,deepseek-r1:7b,-1
2025-06-08T14:48:01.303186,6.80396,0.0,0.0,62192.46875,51.2,63905.4375,0,0.0,141.53125,deepseek-r1:7b,-1
2025-06-08T14:48:01.405083,6.905857,0.0,0.0,62192.46875,51.2,63905.4375,0,0.0,141.53125,deepseek-r1:7b,-1
2025-06-08T14:48:01.510358,7.011132,0.0,0.0,62192.46875,51.2,63905.4375,0,0.0,141.53125,deepseek-r1:7b,-1
2025-06-08T14:48:01.612685,7.113459,0.0,0.0,62192.46875,51.2,63905.4375,0,0.0,141.53125,deepseek-r1:7b,-1
2025-06-08T14:48:01.717333,7.218107,0.0,0.0,62192.46875,51.2,63905.4375,0,0.0,141.53125,deepseek-r1:7b,-1
2025-06-08T14:48:01.817665,7.318439,12.3,0.0,62293.953125,51.3,63801.578125,0,0.0,141.53125,deepseek-r1:7b,-1
2025-06-08T14:48:01.923040,7.423814,13.7,0.0,62293.953125,51.3,63801.578125,0,0.0,141.53125,deepseek-r1:7b,-1
2025-06-08T14:48:02.024434,7.525208,10.5,0.0,62293.953125,51.3,63801.578125,0,0.0,141.53125,deepseek-r1:7b,-1
2025-06-08T14:48:02.129346,7.63012,0.0,0.0,62293.953125,51.3,63801.578125,0,0.0,141.53125,deepseek-r1:7b,-1
2025-06-08T14:48:02.230224,7.730998,0.0,0.0,62293.953125,51.3,63801.578125,0,0.0,141.53125,deepseek-r1:7b,-1
2025-06-08T14:48:02.335581,7.836355,0.0,0.0,62293.953125,51.3,63801.578125,0,0.0,141.53125,deepseek-r1:7b,-1
2025-06-08T14:48:02.448864,7.949638,0.0,0.0,62293.953125,51.3,63801.578125,0,0.2,141.578125,deepseek-r1:7b,-1
2025-06-08T14:48:02.554204,8.054978,0.0,0.0,62293.953125,51.3,63801.578125,0,3.7,141.734375,deepseek-r1:7b,-1
2025-06-08T14:48:02.655755,8.156529,0.0,0.0,62293.953125,51.3,63801.578125,0,0.8,141.75,deepseek-r1:7b,-1
2025-06-08T14:48:02.761276,8.26205,0.0,0.0,62293.953125,51.3,63801.578125,0,0.2,141.75,deepseek-r1:7b,-1
2025-06-08T14:48:02.866120,8.366894,14.1,0.0,62319.34375,51.3,63782.515625,0,0.0,141.75,deepseek-r1:7b,-1
2025-06-08T14:48:02.971514,8.472288,16.4,0.0,62319.296875,51.3,63778.84375,0,0.0,141.75,deepseek-r1:7b,-1
2025-06-08T14:48:03.076968,8.577742,27.3,0.0,62321.59375,51.3,63773.0625,0,0.0,141.75,deepseek-r1:7b,-1
2025-06-08T14:48:03.177308,8.678082,18.8,0.0,62321.59375,51.3,63773.0625,0,0.0,141.75,deepseek-r1:7b,-1
2025-06-08T14:48:03.282613,8.783387,24.0,0.0,62321.59375,51.3,63773.0625,0,0.0,141.75,deepseek-r1:7b,-1
2025-06-08T14:48:03.383181,8.883955,24.7,0.0,62321.59375,51.3,63773.0625,0,0.0,141.75,deepseek-r1:7b,-1
2025-06-08T14:48:03.484510,8.985284,15.7,0.0,62321.59375,51.3,63773.0625,0,0.0,141.75,deepseek-r1:7b,-1
2025-06-08T14:48:03.589907,9.090681,14.0,0.0,62321.59375,51.3,63773.0625,0,0.0,141.75,deepseek-r1:7b,-1
2025-06-08T14:48:03.695265,9.196039,0.0,0.0,62321.59375,51.3,63773.0625,0,0.0,141.75,deepseek-r1:7b,-1
2025-06-08T14:48:03.800515,9.301289,0.0,0.0,62321.59375,51.3,63773.0625,0,0.0,141.75,deepseek-r1:7b,-1
2025-06-08T14:48:03.905841,9.406615,19.4,0.0,62319.4375,51.3,63775.484375,0,0.0,141.75,deepseek-r1:7b,-1
2025-06-08T14:48:04.006705,9.507479,20.8,0.0,62306.84375,51.3,63787.5,0,0.0,141.75,deepseek-r1:7b,-1
2025-06-08T14:48:04.108122,9.608896,11.4,0.0,62306.84375,51.3,63787.5,0,0.0,141.75,deepseek-r1:7b,-1
2025-06-08T14:48:04.211897,9.712671,7.4,0.0,62306.84375,51.3,63787.5,0,0.0,141.75,deepseek-r1:7b,-1
2025-06-08T14:48:06.353051,0.034184,14.8,0.0,61605.625,50.8,64490.921875,0,0.0,141.765625,deepseek-r1:7b,-1
2025-06-08T14:48:06.458166,0.139299,28.6,0.0,62189.90625,51.2,63906.9375,0,0.0,141.765625,deepseek-r1:7b,-1
2025-06-08T14:48:06.560070,0.241203,26.5,0.0,62189.90625,51.2,63906.9375,0,0.0,141.765625,deepseek-r1:7b,-1
2025-06-08T14:48:06.661187,0.34232,15.5,0.0,62189.90625,51.2,63906.9375,0,0.0,141.765625,deepseek-r1:7b,-1
2025-06-08T14:48:06.766577,0.44771,9.8,0.0,62189.90625,51.2,63906.9375,0,0.0,141.765625,deepseek-r1:7b,-1
2025-06-08T14:48:06.871492,0.552625,10.9,0.0,62189.90625,51.2,63906.9375,0,0.0,141.765625,deepseek-r1:7b,-1
2025-06-08T14:48:06.975143,0.656276,17.2,0.0,62189.90625,51.2,63906.9375,0,0.0,141.765625,deepseek-r1:7b,-1
2025-06-08T14:48:07.080474,0.761607,12.7,0.0,62189.90625,51.2,63906.9375,0,0.0,141.765625,deepseek-r1:7b,-1
2025-06-08T14:48:07.181788,0.862921,0.0,0.0,62189.90625,51.2,63906.9375,0,0.0,141.765625,deepseek-r1:7b,-1
2025-06-08T14:48:07.286203,0.967336,0.0,0.0,62189.90625,51.2,63906.9375,0,0.0,141.765625,deepseek-r1:7b,-1
2025-06-08T14:48:07.391431,1.072564,19.0,0.0,62473.15625,51.5,63625.234375,0,0.0,141.765625,deepseek-r1:7b,-1
2025-06-08T14:48:07.494076,1.175209,17.7,0.0,62473.15625,51.5,63625.234375,0,0.1,141.765625,deepseek-r1:7b,-1
2025-06-08T14:48:07.599422,1.280555,18.7,0.0,62473.15625,51.5,63625.234375,0,0.1,141.625,deepseek-r1:7b,-1
2025-06-08T14:48:07.704818,1.385951,7.9,0.0,62473.15625,51.5,63625.234375,0,0.0,141.625,deepseek-r1:7b,-1
2025-06-08T14:48:07.806474,1.487607,9.3,0.0,62473.15625,51.5,63625.234375,0,0.0,141.625,deepseek-r1:7b,-1
2025-06-08T14:48:07.911359,1.592492,12.5,0.0,62473.15625,51.5,63625.234375,0,0.0,141.625,deepseek-r1:7b,-1
2025-06-08T14:48:08.013139,1.694272,12.8,0.0,62473.15625,51.5,63625.234375,0,0.0,141.625,deepseek-r1:7b,-1
2025-06-08T14:48:08.118114,1.799247,11.3,0.0,62473.15625,51.5,63625.234375,0,0.1,141.515625,deepseek-r1:7b,-1
2025-06-08T14:48:08.218849,1.899982,23.6,0.0,62473.15625,51.5,63625.234375,0,0.0,141.515625,deepseek-r1:7b,-1
2025-06-08T14:48:08.322855,2.003988,12.6,0.0,62473.15625,51.5,63625.234375,0,0.0,141.515625,deepseek-r1:7b,-1
2025-06-08T14:48:08.428233,2.109366,16.8,0.0,62300.234375,51.3,63799.484375,0,0.0,141.515625,deepseek-r1:7b,-1
2025-06-08T14:48:08.533466,2.214599,15.7,0.0,62300.171875,51.3,63796.84375,0,0.0,141.515625,deepseek-r1:7b,-1
2025-06-08T14:48:08.638845,2.319978,0.0,0.0,62300.171875,51.3,63796.84375,0,0.0,141.515625,deepseek-r1:7b,-1
2025-06-08T14:48:08.740210,2.421343,0.0,0.0,62300.171875,51.3,63796.84375,0,0.0,141.515625,deepseek-r1:7b,-1
2025-06-08T14:48:08.845557,2.52669,0.0,0.0,62300.171875,51.3,63796.84375,0,0.0,141.515625,deepseek-r1:7b,-1
2025-06-08T14:48:08.947602,2.628735,0.0,0.0,62300.171875,51.3,63796.84375,0,0.0,141.515625,deepseek-r1:7b,-1
2025-06-08T14:48:09.052996,2.734129,0.0,0.0,62300.171875,51.3,63796.84375,0,0.0,141.515625,deepseek-r1:7b,-1
2025-06-08T14:48:09.156489,2.837622,0.0,0.0,62300.171875,51.3,63796.84375,0,0.0,141.515625,deepseek-r1:7b,-1
2025-06-08T14:48:09.260970,2.942103,0.0,0.0,62300.171875,51.3,63796.84375,0,0.0,141.515625,deepseek-r1:7b,-1
2025-06-08T14:48:09.366250,3.047383,0.0,0.0,62300.171875,51.3,63796.84375,0,0.0,141.515625,deepseek-r1:7b,-1
2025-06-08T14:48:09.468311,3.149444,10.1,0.0,62273.671875,51.3,63828.328125,0,0.0,141.515625,deepseek-r1:7b,-1
2025-06-08T14:48:09.572978,3.254111,17.0,0.0,62273.84375,51.3,63828.828125,0,0.0,141.515625,deepseek-r1:7b,-1
2025-06-08T14:48:09.678221,3.359354,10.5,0.0,62273.84375,51.3,63828.828125,0,0.0,141.515625,deepseek-r1:7b,-1
2025-06-08T14:48:09.783595,3.464728,7.8,0.0,62273.84375,51.3,63828.828125,0,0.0,141.515625,deepseek-r1:7b,-1
2025-06-08T14:48:09.884992,3.566125,9.2,0.0,62273.84375,51.3,63828.828125,0,0.0,141.515625,deepseek-r1:7b,-1
2025-06-08T14:48:09.990327,3.67146,7.6,0.0,62273.84375,51.3,63828.828125,0,0.0,141.515625,deepseek-r1:7b,-1
2025-06-08T14:48:10.093496,3.774629,7.9,0.0,62273.84375,51.3,63828.828125,0,0.0,141.515625,deepseek-r1:7b,-1
2025-06-08T14:48:10.195934,3.877067,0.0,0.0,62273.84375,51.3,63828.828125,0,0.0,141.515625,deepseek-r1:7b,-1
2025-06-08T14:48:10.300079,3.981212,0.0,0.0,62273.84375,51.3,63828.828125,0,0.0,141.515625,deepseek-r1:7b,-1
2025-06-08T14:48:10.405341,4.086474,0.0,0.0,62273.84375,51.3,63828.828125,0,0.0,141.515625,deepseek-r1:7b,-1
2025-06-08T14:48:10.510515,4.191648,11.0,0.0,62231.03125,51.3,63866.296875,0,0.0,141.515625,deepseek-r1:7b,-1
2025-06-08T14:48:10.615838,4.296971,7.8,0.0,62231.015625,51.3,63866.953125,0,0.0,141.515625,deepseek-r1:7b,-1
2025-06-08T14:48:10.716820,4.397953,7.5,0.0,62231.015625,51.3,63867.265625,0,0.0,141.515625,deepseek-r1:7b,-1
2025-06-08T14:48:10.819714,4.500847,0.0,0.0,62231.015625,51.3,63867.265625,0,0.0,141.515625,deepseek-r1:7b,-1
2025-06-08T14:48:10.925108,4.606241,0.0,0.0,62231.015625,51.3,63867.265625,0,0.0,141.515625,deepseek-r1:7b,-1
2025-06-08T14:48:11.025969,4.707102,0.0,0.0,62231.015625,51.3,63867.265625,0,0.0,141.515625,deepseek-r1:7b,-1
2025-06-08T14:48:11.131318,4.812451,0.0,0.0,62231.015625,51.3,63867.265625,0,0.0,141.515625,deepseek-r1:7b,-1
2025-06-08T14:48:11.236648,4.917781,0.0,0.0,62231.015625,51.3,63867.265625,0,0.0,141.515625,deepseek-r1:7b,-1
2025-06-08T14:48:11.338719,5.019852,0.0,0.0,62231.015625,51.3,63867.265625,0,0.0,141.515625,deepseek-r1:7b,-1
2025-06-08T14:48:11.444117,5.12525,0.0,0.0,62231.015625,51.3,63867.265625,0,0.0,141.515625,deepseek-r1:7b,-1
2025-06-08T14:48:11.547722,5.228855,9.5,0.0,62304.84375,51.3,63792.6875,0,0.0,141.515625,deepseek-r1:7b,-1
2025-06-08T14:48:11.653126,5.334259,19.6,0.0,62304.421875,51.3,63793.40625,0,0.0,141.515625,deepseek-r1:7b,-1
2025-06-08T14:48:11.758499,5.439632,11.6,0.0,62299.984375,51.3,63799.5625,0,0.0,141.515625,deepseek-r1:7b,-1
2025-06-08T14:48:11.863788,5.544921,11.2,0.0,62299.921875,51.3,63802.15625,0,0.0,141.515625,deepseek-r1:7b,-1
2025-06-08T14:48:11.969016,5.650149,24.7,0.0,62299.921875,51.3,63802.15625,0,0.0,141.515625,deepseek-r1:7b,-1
2025-06-08T14:48:12.074360,5.755493,11.7,0.0,62299.921875,51.3,63802.15625,0,0.0,141.515625,deepseek-r1:7b,-1
2025-06-08T14:48:12.179687,5.86082,16.0,0.0,62299.921875,51.3,63802.15625,0,0.0,141.515625,deepseek-r1:7b,-1
2025-06-08T14:48:12.281335,5.962468,10.7,0.0,62299.921875,51.3,63802.15625,0,0.0,141.515625,deepseek-r1:7b,-1
2025-06-08T14:48:12.386612,6.067745,0.0,0.0,62299.921875,51.3,63802.15625,0,0.0,141.515625,deepseek-r1:7b,-1
2025-06-08T14:48:12.489640,6.170773,0.0,0.0,62299.921875,51.3,63802.15625,0,0.0,141.515625,deepseek-r1:7b,-1
2025-06-08T14:48:12.594925,6.276058,11.8,0.0,62299.015625,51.3,63802.40625,0,0.0,141.515625,deepseek-r1:7b,-1
2025-06-08T14:48:12.695774,6.376907,11.1,0.0,62299.125,51.3,63803.921875,0,0.0,141.515625,deepseek-r1:7b,-1
2025-06-08T14:48:12.801119,6.482252,10.7,0.0,62299.125,51.3,63803.921875,0,0.0,141.515625,deepseek-r1:7b,-1
2025-06-08T14:48:12.906411,6.587544,10.2,0.0,62299.125,51.3,63803.921875,0,0.0,141.515625,deepseek-r1:7b,-1
2025-06-08T14:48:13.011740,6.692873,9.4,0.0,62299.125,51.3,63803.921875,0,0.0,141.515625,deepseek-r1:7b,-1
2025-06-08T14:48:13.116833,6.797966,7.2,0.0,62299.125,51.3,63803.921875,0,0.0,141.515625,deepseek-r1:7b,-1
2025-06-08T14:48:13.219529,6.900662,8.3,0.0,62299.125,51.3,63803.921875,0,0.0,141.515625,deepseek-r1:7b,-1
2025-06-08T14:48:13.326665,7.007798,0.0,0.0,62299.125,51.3,63803.921875,0,0.0,141.515625,deepseek-r1:7b,-1
2025-06-08T14:48:13.432019,7.113152,0.0,0.0,62299.125,51.3,63803.921875,0,0.0,141.515625,deepseek-r1:7b,-1
2025-06-08T14:48:13.537433,7.218566,0.0,0.0,62299.125,51.3,63803.921875,0,0.0,141.515625,deepseek-r1:7b,-1
2025-06-08T14:48:13.641838,7.322971,7.9,0.0,62226.390625,51.3,63878.171875,0,0.0,141.515625,deepseek-r1:7b,-1
2025-06-08T14:48:13.747210,7.428343,7.2,0.0,62226.390625,51.3,63878.171875,0,0.0,141.515625,deepseek-r1:7b,-1
2025-06-08T14:48:13.851733,7.532866,13.1,0.0,62226.390625,51.3,63878.171875,0,0.0,141.515625,deepseek-r1:7b,-1
2025-06-08T14:48:13.957092,7.638225,6.7,0.0,62226.390625,51.3,63878.171875,0,0.0,141.515625,deepseek-r1:7b,-1
2025-06-08T14:48:14.062492,7.743625,18.1,0.0,62226.390625,51.3,63878.171875,0,0.0,141.515625,deepseek-r1:7b,-1
2025-06-08T14:48:14.166956,7.848089,0.0,0.0,62226.390625,51.3,63878.171875,0,0.0,141.515625,deepseek-r1:7b,-1
2025-06-08T14:48:14.272288,7.953421,0.0,0.0,62226.390625,51.3,63878.171875,0,0.0,141.515625,deepseek-r1:7b,-1
2025-06-08T14:48:14.377655,8.058788,0.0,0.0,62226.390625,51.3,63878.171875,0,0.0,141.515625,deepseek-r1:7b,-1
2025-06-08T14:48:14.483094,8.164227,0.0,0.0,62226.390625,51.3,63878.171875,0,0.0,141.515625,deepseek-r1:7b,-1
2025-06-08T14:48:14.584055,8.265188,0.0,0.0,62226.390625,51.3,63878.171875,0,0.0,141.515625,deepseek-r1:7b,-1
2025-06-08T14:48:14.689385,8.370518,14.4,0.0,62152.859375,51.2,63948.296875,0,0.0,141.515625,deepseek-r1:7b,-1
2025-06-08T14:48:14.794765,8.475898,6.5,0.0,62152.484375,51.2,63948.984375,0,0.0,141.515625,deepseek-r1:7b,-1
2025-06-08T14:48:14.899987,8.58112,8.7,0.0,62152.484375,51.2,63948.984375,0,0.0,141.515625,deepseek-r1:7b,-1
2025-06-08T14:48:15.005359,8.686492,0.0,0.0,62152.484375,51.2,63948.984375,0,0.0,141.515625,deepseek-r1:7b,-1
2025-06-08T14:48:15.106037,8.78717,0.0,0.0,62152.484375,51.2,63948.984375,0,0.0,141.515625,deepseek-r1:7b,-1
2025-06-08T14:48:15.211401,8.892534,0.0,0.0,62152.484375,51.2,63948.984375,0,0.0,141.515625,deepseek-r1:7b,-1
2025-06-08T14:48:15.314748,8.995881,0.0,0.0,62152.484375,51.2,63948.984375,0,0.0,141.515625,deepseek-r1:7b,-1
2025-06-08T14:48:15.420096,9.101229,0.0,0.0,62152.484375,51.2,63948.984375,0,0.0,141.515625,deepseek-r1:7b,-1
2025-06-08T14:48:15.525460,9.206593,0.0,0.0,62152.484375,51.2,63948.984375,0,0.0,141.515625,deepseek-r1:7b,-1
2025-06-08T14:48:15.630849,9.311982,0.0,0.0,62152.484375,51.2,63948.984375,0,0.0,141.515625,deepseek-r1:7b,-1
2025-06-08T14:48:15.736211,9.417344,11.4,0.0,62152.421875,51.2,63950.53125,0,0.0,141.515625,deepseek-r1:7b,-1
2025-06-08T14:48:15.841093,9.522226,14.3,0.0,62152.46875,51.2,63948.921875,0,0.0,141.515625,deepseek-r1:7b,-1
2025-06-08T14:48:15.946481,9.627614,10.2,0.0,62152.421875,51.2,63946.984375,0,0.0,141.515625,deepseek-r1:7b,-1
2025-06-08T14:48:16.051443,9.732576,14.3,0.0,62152.421875,51.2,63946.984375,0,0.0,141.515625,deepseek-r1:7b,-1
2025-06-08T14:48:16.156761,9.837894,25.6,0.0,62152.421875,51.2,63946.984375,0,0.0,141.515625,deepseek-r1:7b,-1
2025-06-08T14:48:16.258755,9.939888,23.8,0.0,62152.421875,51.2,63946.984375,0,0.0,141.515625,deepseek-r1:7b,-1
2025-06-08T14:48:16.364098,10.045231,19.8,0.0,62152.421875,51.2,63946.984375,0,0.0,141.515625,deepseek-r1:7b,-1
2025-06-08T14:48:16.469383,10.150516,21.3,0.0,62152.421875,51.2,63946.984375,0,0.0,141.515625,deepseek-r1:7b,-1
2025-06-08T14:48:16.574623,10.255756,0.0,0.0,62152.421875,51.2,63946.984375,0,0.0,141.515625,deepseek-r1:7b,-1
2025-06-08T14:48:16.676587,10.35772,0.0,0.0,62152.421875,51.2,63946.984375,0,0.0,141.515625,deepseek-r1:7b,-1
2025-06-08T14:48:16.781945,10.463078,19.3,0.0,62277.859375,51.3,63821.421875,0,0.0,141.515625,deepseek-r1:7b,-1
2025-06-08T14:48:16.887288,10.568421,15.4,0.0,62277.75,51.3,63828.875,0,0.0,141.515625,deepseek-r1:7b,-1
2025-06-08T14:48:16.992658,10.673791,15.5,0.0,62277.6875,51.3,63828.625,0,0.0,141.515625,deepseek-r1:7b,-1
2025-06-08T14:48:17.097972,10.779105,20.4,0.0,62277.6875,51.3,63828.625,0,0.0,141.515625,deepseek-r1:7b,-1
