timestamp,elapsed_time,cpu_percent,gpu_percent,memory_mb,memory_percent,memory_available_mb,gpu_freq_mhz,ollama_cpu_percent,ollama_memory_mb,model,prompt_id
2025-06-08T15:35:14.159460,0.02488,0.0,0.0,58891.4375,48.7,67239.625,0,0.0,142.84375,deepseek-r1:7b,-1
2025-06-08T15:35:14.264568,0.129988,15.4,0.0,58917.859375,48.7,67210.6875,0,8.4,144.0,deepseek-r1:7b,-1
2025-06-08T15:35:14.369742,0.235162,17.9,0.0,58917.859375,48.7,67210.6875,0,1.5,144.046875,deepseek-r1:7b,-1
2025-06-08T15:35:14.473212,0.338632,12.3,0.0,58917.859375,48.7,67210.6875,0,3.8,145.140625,deepseek-r1:7b,-1
2025-06-08T15:35:14.578537,0.443957,16.2,0.0,58917.859375,48.7,67210.6875,0,0.5,145.171875,deepseek-r1:7b,-1
2025-06-08T15:35:14.683179,0.548599,14.0,0.0,58917.859375,48.7,67210.6875,0,0.2,145.171875,deepseek-r1:7b,-1
2025-06-08T15:35:14.788531,0.653951,16.0,0.0,58917.859375,48.7,67210.6875,0,1.9,145.265625,deepseek-r1:7b,-1
2025-06-08T15:35:14.890124,0.755544,12.3,0.0,58917.859375,48.7,67210.6875,0,0.4,145.28125,deepseek-r1:7b,-1
2025-06-08T15:35:14.992876,0.858296,0.0,0.0,58917.859375,48.7,67210.6875,0,0.0,145.28125,deepseek-r1:7b,-1
2025-06-08T15:35:15.098063,0.963483,0.0,0.0,58917.859375,48.7,67210.6875,0,0.0,145.28125,deepseek-r1:7b,-1
2025-06-08T15:35:15.203524,1.068944,11.8,0.0,60192.296875,49.7,65939.90625,0,0.0,145.28125,deepseek-r1:7b,-1
2025-06-08T15:35:15.308973,1.174393,11.7,0.0,60192.28125,49.7,65940.1875,0,0.0,145.28125,deepseek-r1:7b,-1
2025-06-08T15:35:15.414344,1.279764,18.0,0.0,60201.25,49.7,65926.71875,0,0.0,145.28125,deepseek-r1:7b,-1
2025-06-08T15:35:15.519574,1.384994,13.1,0.0,60201.265625,49.7,65926.71875,0,0.0,145.28125,deepseek-r1:7b,-1
2025-06-08T15:35:15.621967,1.487387,9.3,0.0,60201.265625,49.7,65926.71875,0,0.0,145.28125,deepseek-r1:7b,-1
2025-06-08T15:35:15.727363,1.592783,9.6,0.0,60201.265625,49.7,65926.71875,0,0.0,145.28125,deepseek-r1:7b,-1
2025-06-08T15:35:15.830228,1.695648,0.0,0.0,60201.265625,49.7,65926.71875,0,0.0,145.28125,deepseek-r1:7b,-1
2025-06-08T15:35:15.933373,1.798793,0.0,0.0,60201.265625,49.7,65926.71875,0,0.0,145.28125,deepseek-r1:7b,-1
2025-06-08T15:35:16.035686,1.901106,0.0,0.0,60201.265625,49.7,65926.71875,0,0.0,145.28125,deepseek-r1:7b,-1
2025-06-08T15:35:16.137471,2.002891,0.0,0.0,60201.265625,49.7,65926.71875,0,0.0,145.28125,deepseek-r1:7b,-1
2025-06-08T15:35:16.240571,2.105991,12.5,0.0,60207.84375,49.7,65915.3125,0,0.0,145.28125,deepseek-r1:7b,-1
2025-06-08T15:35:16.345397,2.210817,12.4,0.0,60207.859375,49.7,65911.78125,0,0.0,145.28125,deepseek-r1:7b,-1
2025-06-08T15:35:16.445940,2.31136,11.2,0.0,60207.84375,49.7,65912.375,0,0.0,145.28125,deepseek-r1:7b,-1
2025-06-08T15:35:16.547099,2.412519,11.2,0.0,60207.84375,49.7,65912.375,0,0.0,145.28125,deepseek-r1:7b,-1
2025-06-08T15:35:16.652644,2.518064,10.2,0.0,60207.84375,49.7,65912.375,0,0.0,145.28125,deepseek-r1:7b,-1
2025-06-08T15:35:16.757983,2.623403,12.5,0.0,60207.84375,49.7,65912.375,0,0.0,145.28125,deepseek-r1:7b,-1
2025-06-08T15:35:16.863456,2.728876,9.9,0.0,60207.84375,49.7,65912.375,0,0.1,145.234375,deepseek-r1:7b,-1
2025-06-08T15:35:16.964418,2.829838,0.0,0.0,60207.84375,49.7,65912.375,0,0.0,145.234375,deepseek-r1:7b,-1
2025-06-08T15:35:17.069771,2.935191,0.0,0.0,60207.84375,49.7,65912.375,0,0.0,145.234375,deepseek-r1:7b,-1
2025-06-08T15:35:17.174990,3.04041,0.0,0.0,60207.84375,49.7,65912.375,0,0.0,145.234375,deepseek-r1:7b,-1
2025-06-08T15:35:17.280170,3.14559,10.6,0.0,60206.296875,49.7,65919.546875,0,0.0,145.234375,deepseek-r1:7b,-1
2025-06-08T15:35:17.385629,3.251049,11.1,0.0,60206.28125,49.7,65919.953125,0,0.0,145.234375,deepseek-r1:7b,-1
2025-06-08T15:35:17.488214,3.353634,9.8,0.0,60206.25,49.7,65920.171875,0,0.0,145.234375,deepseek-r1:7b,-1
2025-06-08T15:35:17.589367,3.454787,8.1,0.0,60206.296875,49.7,65920.171875,0,0.0,145.234375,deepseek-r1:7b,-1
2025-06-08T15:35:17.694723,3.560143,11.2,0.0,60206.296875,49.7,65920.171875,0,0.0,145.234375,deepseek-r1:7b,-1
2025-06-08T15:35:17.800091,3.665511,11.2,0.0,60206.296875,49.7,65920.171875,0,0.0,145.234375,deepseek-r1:7b,-1
2025-06-08T15:35:17.905458,3.770878,8.5,0.0,60206.296875,49.7,65920.171875,0,0.0,145.234375,deepseek-r1:7b,-1
2025-06-08T15:35:18.010799,3.876219,9.5,0.0,60206.296875,49.7,65920.171875,0,0.0,145.234375,deepseek-r1:7b,-1
2025-06-08T15:35:18.113701,3.979121,9.1,0.0,60206.296875,49.7,65920.171875,0,0.0,145.234375,deepseek-r1:7b,-1
2025-06-08T15:35:18.215310,4.08073,0.0,0.0,60206.296875,49.7,65920.171875,0,0.0,145.234375,deepseek-r1:7b,-1
2025-06-08T15:35:18.320708,4.186128,9.7,0.0,60075.84375,49.6,66053.1875,0,0.0,145.234375,deepseek-r1:7b,-1
2025-06-08T15:35:18.423170,4.28859,8.5,0.0,60075.859375,49.6,66053.1875,0,0.0,145.234375,deepseek-r1:7b,-1
2025-06-08T15:35:18.524802,4.390222,12.0,0.0,60075.859375,49.6,66053.1875,0,0.0,145.234375,deepseek-r1:7b,-1
2025-06-08T15:35:18.625952,4.491372,8.8,0.0,60075.859375,49.6,66053.1875,0,0.0,145.234375,deepseek-r1:7b,-1
2025-06-08T15:35:18.731336,4.596756,9.4,0.0,60075.859375,49.6,66053.1875,0,0.0,145.234375,deepseek-r1:7b,-1
2025-06-08T15:35:18.835717,4.701137,0.0,0.0,60075.859375,49.6,66053.1875,0,0.0,145.234375,deepseek-r1:7b,-1
2025-06-08T15:35:18.939190,4.80461,0.0,0.0,60075.859375,49.6,66053.1875,0,0.0,145.234375,deepseek-r1:7b,-1
2025-06-08T15:35:19.044435,4.909855,0.0,0.0,60075.859375,49.6,66053.1875,0,0.0,145.234375,deepseek-r1:7b,-1
2025-06-08T15:35:19.149805,5.015225,0.0,0.0,60075.859375,49.6,66053.1875,0,0.0,145.234375,deepseek-r1:7b,-1
2025-06-08T15:35:19.255194,5.120614,0.0,0.0,60075.859375,49.6,66053.1875,0,0.0,145.234375,deepseek-r1:7b,-1
2025-06-08T15:35:19.360664,5.226084,9.9,0.0,60074.453125,49.6,66058.546875,0,0.0,145.234375,deepseek-r1:7b,-1
2025-06-08T15:35:19.463660,5.32908,7.5,0.0,60074.46875,49.6,66058.921875,0,0.0,145.234375,deepseek-r1:7b,-1
2025-06-08T15:35:19.564584,5.430004,9.3,0.0,60074.484375,49.6,66059.125,0,0.0,145.234375,deepseek-r1:7b,-1
2025-06-08T15:35:19.667826,5.533246,9.7,0.0,60074.484375,49.6,66059.125,0,0.0,145.234375,deepseek-r1:7b,-1
2025-06-08T15:35:19.773217,5.638637,9.5,0.0,60074.484375,49.6,66059.125,0,0.0,145.234375,deepseek-r1:7b,-1
2025-06-08T15:35:19.878585,5.744005,10.7,0.0,60074.484375,49.6,66059.125,0,0.0,145.234375,deepseek-r1:7b,-1
2025-06-08T15:35:19.980322,5.845742,9.2,0.0,60074.484375,49.6,66059.125,0,0.0,145.234375,deepseek-r1:7b,-1
2025-06-08T15:35:20.083546,5.948966,9.6,0.0,60074.484375,49.6,66059.125,0,0.0,145.234375,deepseek-r1:7b,-1
2025-06-08T15:35:20.188901,6.054321,9.6,0.0,60074.484375,49.6,66059.125,0,0.0,145.234375,deepseek-r1:7b,-1
2025-06-08T15:35:20.293507,6.158927,10.1,0.0,60074.484375,49.6,66059.125,0,0.0,145.234375,deepseek-r1:7b,-1
2025-06-08T15:35:20.396983,6.262403,12.4,0.0,60074.765625,49.6,66054.328125,0,0.0,145.234375,deepseek-r1:7b,-1
2025-06-08T15:35:20.498145,6.363565,14.9,0.0,60074.921875,49.6,66051.09375,0,0.0,145.234375,deepseek-r1:7b,-1
2025-06-08T15:35:20.601182,6.466602,10.2,0.0,60074.953125,49.6,66051.453125,0,0.0,145.234375,deepseek-r1:7b,-1
2025-06-08T15:35:20.706577,6.571997,9.5,0.0,60074.953125,49.6,66051.453125,0,0.0,145.234375,deepseek-r1:7b,-1
2025-06-08T15:35:20.807703,6.673123,10.6,0.0,60074.953125,49.6,66051.453125,0,0.0,145.234375,deepseek-r1:7b,-1
2025-06-08T15:35:20.913102,6.778522,8.9,0.0,60074.953125,49.6,66051.453125,0,0.0,145.234375,deepseek-r1:7b,-1
2025-06-08T15:35:21.017858,6.883278,10.8,0.0,60074.953125,49.6,66051.453125,0,0.0,145.234375,deepseek-r1:7b,-1
2025-06-08T15:35:21.123216,6.988636,9.9,0.0,60074.953125,49.6,66051.453125,0,0.0,145.234375,deepseek-r1:7b,-1
2025-06-08T15:35:21.228574,7.093994,9.1,0.0,60074.953125,49.6,66051.453125,0,0.0,145.234375,deepseek-r1:7b,-1
2025-06-08T15:35:21.330442,7.195862,0.0,0.0,60074.953125,49.6,66051.453125,0,0.0,145.234375,deepseek-r1:7b,-1
2025-06-08T15:35:21.434511,7.299931,9.7,0.0,60073.421875,49.6,66051.953125,0,0.0,145.234375,deepseek-r1:7b,-1
2025-06-08T15:35:21.535353,7.400773,9.3,0.0,60073.4375,49.6,66052.171875,0,0.0,145.234375,deepseek-r1:7b,-1
2025-06-08T15:35:21.638723,7.504143,8.0,0.0,60073.4375,49.6,66048.515625,0,0.0,145.234375,deepseek-r1:7b,-1
2025-06-08T15:35:21.741188,7.606608,11.0,0.0,60073.4375,49.6,66048.515625,0,0.0,145.234375,deepseek-r1:7b,-1
2025-06-08T15:35:21.844717,7.710137,0.0,0.0,60073.4375,49.6,66048.515625,0,0.0,145.234375,deepseek-r1:7b,-1
2025-06-08T15:35:21.947421,7.812841,0.0,0.0,60073.4375,49.6,66048.515625,0,0.0,145.234375,deepseek-r1:7b,-1
2025-06-08T15:35:22.052751,7.918171,0.0,0.0,60073.4375,49.6,66048.515625,0,0.0,145.234375,deepseek-r1:7b,-1
2025-06-08T15:35:22.158141,8.023561,0.0,0.0,60073.4375,49.6,66048.515625,0,0.0,145.234375,deepseek-r1:7b,-1
2025-06-08T15:35:22.259511,8.124931,0.0,0.0,60073.4375,49.6,66048.515625,0,0.0,145.234375,deepseek-r1:7b,-1
2025-06-08T15:35:22.364828,8.230248,0.0,0.0,60073.4375,49.6,66048.515625,0,0.0,145.234375,deepseek-r1:7b,-1
2025-06-08T15:35:22.465750,8.33117,11.3,0.0,60084.984375,49.6,66041.1875,0,0.0,145.234375,deepseek-r1:7b,-1
2025-06-08T15:35:22.571112,8.436532,9.6,0.0,60084.984375,49.6,66041.390625,0,0.0,145.234375,deepseek-r1:7b,-1
2025-06-08T15:35:22.674411,8.539831,0.0,0.0,60085.015625,49.6,66041.78125,0,0.0,145.234375,deepseek-r1:7b,-1
2025-06-08T15:35:22.775588,8.641008,0.0,0.0,60085.015625,49.6,66041.78125,0,0.0,145.234375,deepseek-r1:7b,-1
2025-06-08T15:35:22.880827,8.746247,0.0,0.0,60085.015625,49.6,66041.78125,0,0.0,145.234375,deepseek-r1:7b,-1
2025-06-08T15:35:22.986252,8.851672,0.0,0.0,60085.015625,49.6,66041.78125,0,0.0,145.234375,deepseek-r1:7b,-1
2025-06-08T15:35:23.091628,8.957048,0.0,0.0,60085.015625,49.6,66041.78125,0,0.0,145.234375,deepseek-r1:7b,-1
2025-06-08T15:35:23.196984,9.062404,0.0,0.0,60085.015625,49.6,66041.78125,0,0.0,145.234375,deepseek-r1:7b,-1
2025-06-08T15:35:23.299068,9.164488,0.0,0.0,60085.015625,49.6,66041.78125,0,0.0,145.234375,deepseek-r1:7b,-1
2025-06-08T15:35:23.404432,9.269852,0.0,0.0,60085.015625,49.6,66041.78125,0,0.0,145.234375,deepseek-r1:7b,-1
2025-06-08T15:35:23.505463,9.370883,9.6,0.0,60084.78125,49.6,66040.515625,0,0.0,145.234375,deepseek-r1:7b,-1
2025-06-08T15:35:25.654832,0.036809,0.0,0.0,59638.859375,49.3,66483.53125,0,0.0,145.234375,deepseek-r1:7b,-1
2025-06-08T15:35:25.756058,0.138035,16.0,0.0,60085.0625,49.6,66039.625,0,0.0,145.234375,deepseek-r1:7b,-1
2025-06-08T15:35:25.857211,0.239188,15.7,0.0,60095.96875,49.6,66027.78125,0,0.0,145.234375,deepseek-r1:7b,-1
2025-06-08T15:35:25.959091,0.341068,18.5,0.0,60216.0,49.7,65908.890625,0,0.0,145.234375,deepseek-r1:7b,-1
2025-06-08T15:35:26.064465,0.446442,12.0,0.0,60216.0,49.7,65908.890625,0,0.0,145.234375,deepseek-r1:7b,-1
2025-06-08T15:35:26.169838,0.551815,10.6,0.0,60216.0,49.7,65908.890625,0,0.0,145.234375,deepseek-r1:7b,-1
2025-06-08T15:35:26.272472,0.654449,7.5,0.0,60216.0,49.7,65908.890625,0,0.0,145.234375,deepseek-r1:7b,-1
2025-06-08T15:35:26.377848,0.759825,0.0,0.0,60216.0,49.7,65908.890625,0,0.0,145.234375,deepseek-r1:7b,-1
2025-06-08T15:35:26.483208,0.865185,0.0,0.0,60216.0,49.7,65908.890625,0,0.0,145.234375,deepseek-r1:7b,-1
2025-06-08T15:35:26.588589,0.970566,0.0,0.0,60216.0,49.7,65908.890625,0,0.0,145.234375,deepseek-r1:7b,-1
2025-06-08T15:35:26.689138,1.071115,10.3,0.0,60218.015625,49.7,65907.578125,0,0.0,145.234375,deepseek-r1:7b,-1
2025-06-08T15:35:26.792336,1.174313,10.5,0.0,60218.015625,49.7,65907.796875,0,0.0,145.234375,deepseek-r1:7b,-1
2025-06-08T15:35:26.897470,1.279447,10.7,0.0,60218.015625,49.7,65907.796875,0,0.0,145.234375,deepseek-r1:7b,-1
2025-06-08T15:35:27.002609,1.384586,8.9,0.0,60218.015625,49.7,65907.796875,0,0.0,145.234375,deepseek-r1:7b,-1
2025-06-08T15:35:27.105276,1.487253,9.8,0.0,60218.015625,49.7,65907.796875,0,0.0,145.234375,deepseek-r1:7b,-1
2025-06-08T15:35:27.210477,1.592454,11.2,0.0,60218.015625,49.7,65907.796875,0,0.0,145.234375,deepseek-r1:7b,-1
2025-06-08T15:35:27.315839,1.697816,0.0,0.0,60218.015625,49.7,65907.796875,0,0.0,145.234375,deepseek-r1:7b,-1
2025-06-08T15:35:27.421238,1.803215,0.0,0.0,60218.015625,49.7,65907.796875,0,0.0,145.234375,deepseek-r1:7b,-1
2025-06-08T15:35:27.522077,1.904054,0.0,0.0,60218.015625,49.7,65907.796875,0,0.0,145.234375,deepseek-r1:7b,-1
2025-06-08T15:35:27.626135,2.008112,0.0,0.0,60218.015625,49.7,65907.796875,0,0.0,145.234375,deepseek-r1:7b,-1
2025-06-08T15:35:27.731508,2.113485,9.3,0.0,60098.15625,49.6,66031.671875,0,0.0,145.234375,deepseek-r1:7b,-1
2025-06-08T15:35:27.834471,2.216448,10.2,0.0,60098.15625,49.6,66032.234375,0,0.0,145.234375,deepseek-r1:7b,-1
2025-06-08T15:35:27.939854,2.321831,9.6,0.0,60098.140625,49.6,66032.484375,0,0.0,145.234375,deepseek-r1:7b,-1
2025-06-08T15:35:28.045295,2.427272,9.5,0.0,60098.15625,49.6,66032.859375,0,0.0,145.234375,deepseek-r1:7b,-1
2025-06-08T15:35:28.150668,2.532645,9.5,0.0,60098.15625,49.6,66032.859375,0,0.0,145.234375,deepseek-r1:7b,-1
2025-06-08T15:35:28.255794,2.637771,9.5,0.0,60098.15625,49.6,66032.859375,0,0.0,145.234375,deepseek-r1:7b,-1
2025-06-08T15:35:28.357858,2.739835,0.0,0.0,60098.15625,49.6,66032.859375,0,0.0,145.234375,deepseek-r1:7b,-1
2025-06-08T15:35:28.463321,2.845298,0.0,0.0,60098.15625,49.6,66032.859375,0,0.0,145.234375,deepseek-r1:7b,-1
2025-06-08T15:35:28.566162,2.948139,0.0,0.0,60098.15625,49.6,66032.859375,0,0.0,145.234375,deepseek-r1:7b,-1
2025-06-08T15:35:28.667475,3.049452,0.0,0.0,60098.15625,49.6,66032.859375,0,0.0,145.234375,deepseek-r1:7b,-1
2025-06-08T15:35:28.772471,3.154448,9.7,0.0,60094.21875,49.6,66035.53125,0,0.0,145.234375,deepseek-r1:7b,-1
2025-06-08T15:35:28.875558,3.257535,8.6,0.0,60093.96875,49.6,66036.171875,0,0.0,145.234375,deepseek-r1:7b,-1
2025-06-08T15:35:28.980949,3.362926,9.5,0.0,60093.96875,49.6,66036.171875,0,0.0,145.234375,deepseek-r1:7b,-1
2025-06-08T15:35:29.081891,3.463868,9.8,0.0,60093.96875,49.6,66036.171875,0,0.0,145.234375,deepseek-r1:7b,-1
2025-06-08T15:35:29.187240,3.569217,8.9,0.0,60093.96875,49.6,66036.171875,0,0.0,145.234375,deepseek-r1:7b,-1
2025-06-08T15:35:29.292548,3.674525,9.6,0.0,60093.96875,49.6,66036.171875,0,0.0,145.234375,deepseek-r1:7b,-1
2025-06-08T15:35:29.396971,3.778948,9.0,0.0,60093.96875,49.6,66036.171875,0,0.0,145.234375,deepseek-r1:7b,-1
2025-06-08T15:35:29.501684,3.883661,0.0,0.0,60093.96875,49.6,66036.171875,0,0.0,145.234375,deepseek-r1:7b,-1
2025-06-08T15:35:29.605292,3.987269,0.0,0.0,60093.96875,49.6,66036.171875,0,0.0,145.234375,deepseek-r1:7b,-1
2025-06-08T15:35:29.708288,4.090265,0.0,0.0,60093.96875,49.6,66036.171875,0,0.0,145.234375,deepseek-r1:7b,-1
2025-06-08T15:35:29.813503,4.19548,10.2,0.0,60094.09375,49.6,66032.953125,0,0.0,145.234375,deepseek-r1:7b,-1
2025-06-08T15:35:29.919003,4.30098,11.2,0.0,60094.078125,49.6,66033.359375,0,0.0,145.234375,deepseek-r1:7b,-1
2025-06-08T15:35:30.021024,4.403001,8.6,0.0,60094.078125,49.6,66033.359375,0,0.0,145.234375,deepseek-r1:7b,-1
2025-06-08T15:35:30.126370,4.508347,10.1,0.0,60094.078125,49.6,66033.359375,0,0.0,145.234375,deepseek-r1:7b,-1
2025-06-08T15:35:30.226827,4.608804,9.9,0.0,60094.078125,49.6,66033.359375,0,0.0,145.234375,deepseek-r1:7b,-1
2025-06-08T15:35:30.330509,4.712486,9.1,0.0,60094.078125,49.6,66033.359375,0,0.0,145.234375,deepseek-r1:7b,-1
2025-06-08T15:35:30.431232,4.813209,9.3,0.0,60094.078125,49.6,66033.359375,0,0.0,145.234375,deepseek-r1:7b,-1
2025-06-08T15:35:30.534436,4.916413,9.0,0.0,60094.078125,49.6,66033.359375,0,0.0,145.234375,deepseek-r1:7b,-1
2025-06-08T15:35:30.635431,5.017408,10.0,0.0,60094.078125,49.6,66033.359375,0,0.0,145.234375,deepseek-r1:7b,-1
2025-06-08T15:35:30.740770,5.122747,9.6,0.0,60094.078125,49.6,66033.359375,0,0.0,145.234375,deepseek-r1:7b,-1
2025-06-08T15:35:30.841580,5.223557,11.0,0.0,60090.609375,49.6,66040.046875,0,0.0,145.234375,deepseek-r1:7b,-1
2025-06-08T15:35:30.946963,5.32894,10.0,0.0,60090.484375,49.6,66040.421875,0,0.0,145.234375,deepseek-r1:7b,-1
2025-06-08T15:35:31.052312,5.434289,9.0,0.0,60090.390625,49.6,66036.984375,0,0.0,145.234375,deepseek-r1:7b,-1
2025-06-08T15:35:31.152847,5.534824,0.0,0.0,60090.390625,49.6,66036.984375,0,0.0,145.234375,deepseek-r1:7b,-1
2025-06-08T15:35:31.258178,5.640155,0.0,0.0,60090.390625,49.6,66036.984375,0,0.0,145.234375,deepseek-r1:7b,-1
2025-06-08T15:35:31.359437,5.741414,0.0,0.0,60090.390625,49.6,66036.984375,0,0.0,145.234375,deepseek-r1:7b,-1
2025-06-08T15:35:31.464788,5.846765,0.0,0.0,60090.390625,49.6,66036.984375,0,0.0,145.234375,deepseek-r1:7b,-1
2025-06-08T15:35:31.570179,5.952156,0.0,0.0,60090.390625,49.6,66036.984375,0,0.0,145.234375,deepseek-r1:7b,-1
2025-06-08T15:35:31.675531,6.057508,0.0,0.0,60090.390625,49.6,66036.984375,0,0.0,145.234375,deepseek-r1:7b,-1
2025-06-08T15:35:31.780779,6.162756,0.0,0.0,60090.390625,49.6,66036.984375,0,0.0,145.234375,deepseek-r1:7b,-1
2025-06-08T15:35:31.884418,6.266395,9.5,0.0,60090.546875,49.6,66040.734375,0,0.0,145.234375,deepseek-r1:7b,-1
2025-06-08T15:35:31.989824,6.371801,11.8,0.0,60090.5,49.6,66041.015625,0,0.0,145.234375,deepseek-r1:7b,-1
2025-06-08T15:35:32.095194,6.477171,8.3,0.0,60090.5,49.6,66041.375,0,0.0,145.234375,deepseek-r1:7b,-1
2025-06-08T15:35:32.198343,6.58032,8.7,0.0,60090.515625,49.6,66041.65625,0,0.0,145.234375,deepseek-r1:7b,-1
2025-06-08T15:35:32.299593,6.68157,12.7,0.0,60090.515625,49.6,66041.65625,0,0.0,145.234375,deepseek-r1:7b,-1
2025-06-08T15:35:32.400913,6.78289,7.6,0.0,60090.515625,49.6,66041.65625,0,0.0,145.234375,deepseek-r1:7b,-1
2025-06-08T15:35:32.502864,6.884841,8.5,0.0,60090.515625,49.6,66041.65625,0,0.0,145.234375,deepseek-r1:7b,-1
2025-06-08T15:35:32.605762,6.987739,0.0,0.0,60090.515625,49.6,66041.65625,0,0.0,145.234375,deepseek-r1:7b,-1
2025-06-08T15:35:32.711081,7.093058,0.0,0.0,60090.515625,49.6,66041.65625,0,0.0,145.234375,deepseek-r1:7b,-1
2025-06-08T15:35:32.811579,7.193556,0.0,0.0,60090.515625,49.6,66041.65625,0,0.0,145.234375,deepseek-r1:7b,-1
2025-06-08T15:35:32.916912,7.298889,9.8,0.0,60090.328125,49.6,66040.140625,0,0.0,145.234375,deepseek-r1:7b,-1
2025-06-08T15:35:33.018095,7.400072,9.9,0.0,60090.3125,49.6,66040.34375,0,0.0,145.234375,deepseek-r1:7b,-1
2025-06-08T15:35:33.123412,7.505389,9.4,0.0,60090.3125,49.6,66040.34375,0,0.0,145.234375,deepseek-r1:7b,-1
2025-06-08T15:35:33.228011,7.609988,8.4,0.0,60090.3125,49.6,66040.34375,0,0.0,145.234375,deepseek-r1:7b,-1
2025-06-08T15:35:35.377085,0.042365,11.5,0.0,60390.15625,49.8,65739.9375,0,0.0,145.234375,deepseek-r1:7b,-1
2025-06-08T15:35:35.481358,0.146638,18.0,0.0,60357.421875,49.8,65770.828125,0,0.0,145.234375,deepseek-r1:7b,-1
2025-06-08T15:35:35.582446,0.247726,18.5,0.0,60357.421875,49.8,65770.828125,0,0.0,145.234375,deepseek-r1:7b,-1
2025-06-08T15:35:35.685756,0.351036,10.2,0.0,60357.421875,49.8,65770.828125,0,0.0,145.234375,deepseek-r1:7b,-1
2025-06-08T15:35:35.789074,0.454354,9.9,0.0,60357.421875,49.8,65770.828125,0,0.0,145.234375,deepseek-r1:7b,-1
2025-06-08T15:35:35.891442,0.556722,12.2,0.0,60357.421875,49.8,65770.828125,0,0.0,145.234375,deepseek-r1:7b,-1
2025-06-08T15:35:35.993776,0.659056,10.3,0.0,60357.421875,49.8,65770.828125,0,0.0,145.234375,deepseek-r1:7b,-1
2025-06-08T15:35:36.099115,0.764395,10.2,0.0,60357.421875,49.8,65770.828125,0,0.0,145.234375,deepseek-r1:7b,-1
2025-06-08T15:35:36.202734,0.868014,14.0,0.0,60357.421875,49.8,65770.828125,0,0.0,145.234375,deepseek-r1:7b,-1
2025-06-08T15:35:36.303395,0.968675,0.0,0.0,60357.421875,49.8,65770.828125,0,4.6,145.421875,deepseek-r1:7b,-1
2025-06-08T15:35:36.406017,1.071297,20.7,0.0,60560.3125,50.0,65566.203125,0,0.7,145.4375,deepseek-r1:7b,-1
2025-06-08T15:35:36.506586,1.171866,10.3,0.0,60599.234375,50.0,65528.953125,0,0.2,145.4375,deepseek-r1:7b,-1
2025-06-08T15:35:36.611991,1.277271,10.1,0.0,60592.859375,50.0,65535.859375,0,0.0,145.4375,deepseek-r1:7b,-1
2025-06-08T15:35:36.712616,1.377896,11.1,0.0,60592.859375,50.0,65535.859375,0,0.0,145.4375,deepseek-r1:7b,-1
2025-06-08T15:35:36.813080,1.47836,10.7,0.0,60592.859375,50.0,65535.859375,0,0.0,145.4375,deepseek-r1:7b,-1
2025-06-08T15:35:36.918232,1.583512,10.1,0.0,60592.859375,50.0,65535.859375,0,0.0,145.4375,deepseek-r1:7b,-1
2025-06-08T15:35:37.023315,1.688595,9.0,0.0,60592.859375,50.0,65535.859375,0,0.0,145.4375,deepseek-r1:7b,-1
2025-06-08T15:35:37.123873,1.789153,9.9,0.0,60592.859375,50.0,65535.859375,0,0.0,145.4375,deepseek-r1:7b,-1
2025-06-08T15:35:37.229221,1.894501,9.6,0.0,60592.859375,50.0,65535.859375,0,0.0,145.4375,deepseek-r1:7b,-1
2025-06-08T15:35:37.334558,1.999838,0.0,0.0,60592.859375,50.0,65535.859375,0,0.0,145.4375,deepseek-r1:7b,-1
2025-06-08T15:35:37.438560,2.10384,11.9,0.0,60603.734375,50.0,65527.921875,0,0.0,145.4375,deepseek-r1:7b,-1
2025-06-08T15:35:37.543914,2.209194,9.5,0.0,60603.609375,50.0,65528.515625,0,0.0,145.4375,deepseek-r1:7b,-1
2025-06-08T15:35:37.648527,2.313807,12.6,0.0,60603.84375,50.0,65522.921875,0,0.0,145.4375,deepseek-r1:7b,-1
2025-06-08T15:35:37.751560,2.41684,9.7,0.0,60604.140625,50.0,65523.265625,0,0.0,145.4375,deepseek-r1:7b,-1
2025-06-08T15:35:37.856933,2.522213,11.9,0.0,60604.140625,50.0,65523.265625,0,0.0,145.4375,deepseek-r1:7b,-1
2025-06-08T15:35:37.959206,2.624486,0.0,0.0,60604.140625,50.0,65523.265625,0,0.0,145.4375,deepseek-r1:7b,-1
2025-06-08T15:35:38.060538,2.725818,0.0,0.0,60604.140625,50.0,65523.265625,0,0.0,145.4375,deepseek-r1:7b,-1
2025-06-08T15:35:38.165921,2.831201,0.0,0.0,60604.140625,50.0,65523.265625,0,0.0,145.4375,deepseek-r1:7b,-1
2025-06-08T15:35:38.268674,2.933954,0.0,0.0,60604.140625,50.0,65523.265625,0,0.0,145.4375,deepseek-r1:7b,-1
2025-06-08T15:35:38.369709,3.034989,0.0,0.0,60604.140625,50.0,65523.265625,0,0.0,145.4375,deepseek-r1:7b,-1
2025-06-08T15:35:38.475106,3.140386,10.1,0.0,60431.5,49.9,65699.171875,0,0.0,145.4375,deepseek-r1:7b,-1
2025-06-08T15:35:38.580218,3.245498,10.5,0.0,60431.546875,49.9,65695.5625,0,0.0,145.4375,deepseek-r1:7b,-1
2025-06-08T15:35:38.684878,3.350158,9.6,0.0,60431.546875,49.9,65695.5625,0,0.0,145.4375,deepseek-r1:7b,-1
2025-06-08T15:35:38.790216,3.455496,10.2,0.0,60431.546875,49.9,65695.5625,0,0.0,145.4375,deepseek-r1:7b,-1
2025-06-08T15:35:38.890823,3.556103,11.0,0.0,60431.546875,49.9,65695.5625,0,0.0,145.4375,deepseek-r1:7b,-1
2025-06-08T15:35:38.996218,3.661498,9.1,0.0,60431.546875,49.9,65695.5625,0,0.0,145.4375,deepseek-r1:7b,-1
2025-06-08T15:35:39.101546,3.766826,10.9,0.0,60431.546875,49.9,65695.5625,0,0.0,145.4375,deepseek-r1:7b,-1
2025-06-08T15:35:39.202005,3.867285,8.3,0.0,60431.546875,49.9,65695.5625,0,0.0,145.4375,deepseek-r1:7b,-1
2025-06-08T15:35:39.305209,3.970489,9.7,0.0,60431.546875,49.9,65695.5625,0,0.0,145.4375,deepseek-r1:7b,-1
2025-06-08T15:35:39.406488,4.071768,14.4,0.0,60431.546875,49.9,65695.5625,0,0.0,145.4375,deepseek-r1:7b,-1
2025-06-08T15:35:39.509871,4.175151,16.4,0.0,60433.234375,49.9,65693.453125,0,0.0,145.4375,deepseek-r1:7b,-1
2025-06-08T15:35:39.614148,4.279428,13.8,0.0,60432.375,49.9,65693.96875,0,0.5,145.453125,deepseek-r1:7b,-1
2025-06-08T15:35:39.718203,4.383483,12.3,0.0,60432.375,49.9,65693.96875,0,0.0,145.453125,deepseek-r1:7b,-1
2025-06-08T15:35:39.823385,4.488665,8.9,0.0,60432.375,49.9,65693.96875,0,0.0,145.453125,deepseek-r1:7b,-1
2025-06-08T15:35:39.927633,4.592913,0.0,0.0,60432.375,49.9,65693.96875,0,0.0,145.453125,deepseek-r1:7b,-1
2025-06-08T15:35:40.033031,4.698311,0.0,0.0,60432.375,49.9,65693.96875,0,0.0,145.453125,deepseek-r1:7b,-1
2025-06-08T15:35:40.137547,4.802827,0.0,0.0,60432.375,49.9,65693.96875,0,0.7,145.453125,deepseek-r1:7b,-1
2025-06-08T15:35:40.242907,4.908187,0.0,0.0,60432.375,49.9,65693.96875,0,0.0,145.453125,deepseek-r1:7b,-1
2025-06-08T15:35:40.345467,5.010747,0.0,0.0,60432.375,49.9,65693.96875,0,0.0,145.453125,deepseek-r1:7b,-1
2025-06-08T15:35:40.450791,5.116071,0.0,0.0,60432.375,49.9,65693.96875,0,0.0,145.453125,deepseek-r1:7b,-1
2025-06-08T15:35:40.556169,5.221449,10.1,0.0,60432.640625,49.9,65695.625,0,0.0,145.453125,deepseek-r1:7b,-1
2025-06-08T15:35:40.657005,5.322285,10.1,0.0,60432.515625,49.9,65695.953125,0,0.0,145.453125,deepseek-r1:7b,-1
2025-06-08T15:35:40.758368,5.423648,10.5,0.0,60432.46875,49.9,65696.6875,0,0.0,145.453125,deepseek-r1:7b,-1
2025-06-08T15:35:40.859682,5.524962,9.3,0.0,60432.46875,49.9,65696.6875,0,0.0,145.453125,deepseek-r1:7b,-1
2025-06-08T15:35:40.960999,5.626279,11.5,0.0,60432.46875,49.9,65696.6875,0,0.0,145.453125,deepseek-r1:7b,-1
2025-06-08T15:35:41.064105,5.729385,0.0,0.0,60432.46875,49.9,65696.6875,0,0.0,145.453125,deepseek-r1:7b,-1
2025-06-08T15:35:41.168195,5.833475,0.0,0.0,60432.46875,49.9,65696.6875,0,0.0,145.453125,deepseek-r1:7b,-1
2025-06-08T15:35:41.273537,5.938817,0.0,0.0,60432.46875,49.9,65696.6875,0,0.1,145.453125,deepseek-r1:7b,-1
2025-06-08T15:35:41.378894,6.044174,0.0,0.0,60432.46875,49.9,65696.6875,0,0.1,145.3125,deepseek-r1:7b,-1
2025-06-08T15:35:41.484247,6.149527,0.0,0.0,60432.46875,49.9,65696.6875,0,0.0,145.3125,deepseek-r1:7b,-1
2025-06-08T15:35:41.589629,6.254909,9.6,0.0,60355.453125,49.8,65776.875,0,0.0,145.3125,deepseek-r1:7b,-1
2025-06-08T15:35:41.692692,6.357972,8.4,0.0,60355.453125,49.8,65776.875,0,0.0,145.296875,deepseek-r1:7b,-1
2025-06-08T15:35:41.793931,6.459211,12.5,0.0,60355.453125,49.8,65776.875,0,0.0,145.296875,deepseek-r1:7b,-1
2025-06-08T15:35:41.894951,6.560231,10.4,0.0,60355.453125,49.8,65776.875,0,0.0,145.296875,deepseek-r1:7b,-1
2025-06-08T15:35:41.997936,6.663216,9.2,0.0,60355.453125,49.8,65776.875,0,0.0,145.296875,deepseek-r1:7b,-1
2025-06-08T15:35:42.102836,6.768116,9.5,0.0,60355.453125,49.8,65776.875,0,0.0,145.296875,deepseek-r1:7b,-1
2025-06-08T15:35:42.205614,6.870894,9.8,0.0,60355.453125,49.8,65776.875,0,0.0,145.296875,deepseek-r1:7b,-1
2025-06-08T15:35:42.309871,6.975151,9.0,0.0,60355.453125,49.8,65776.875,0,0.0,145.296875,deepseek-r1:7b,-1
2025-06-08T15:35:42.415224,7.080504,9.6,0.0,60355.453125,49.8,65776.875,0,0.0,145.296875,deepseek-r1:7b,-1
2025-06-08T15:35:42.517111,7.182391,9.3,0.0,60355.453125,49.8,65776.875,0,0.0,145.296875,deepseek-r1:7b,-1
2025-06-08T15:35:42.622490,7.28777,9.8,0.0,60355.6875,49.8,65768.71875,0,0.0,145.296875,deepseek-r1:7b,-1
2025-06-08T15:35:42.723677,7.388957,10.5,0.0,60355.6875,49.8,65769.15625,0,0.0,145.296875,deepseek-r1:7b,-1
2025-06-08T15:35:42.829085,7.494365,0.0,0.0,60355.640625,49.8,65769.234375,0,0.0,145.296875,deepseek-r1:7b,-1
2025-06-08T15:35:42.929655,7.594935,0.0,0.0,60355.671875,49.8,65769.765625,0,0.0,145.296875,deepseek-r1:7b,-1
2025-06-08T15:35:43.035013,7.700293,0.0,0.0,60355.671875,49.8,65769.765625,0,0.0,145.296875,deepseek-r1:7b,-1
2025-06-08T15:35:43.140382,7.805662,0.0,0.0,60355.671875,49.8,65769.765625,0,0.0,145.296875,deepseek-r1:7b,-1
2025-06-08T15:35:43.243176,7.908456,0.0,0.0,60355.671875,49.8,65769.765625,0,0.0,145.296875,deepseek-r1:7b,-1
2025-06-08T15:35:45.392216,0.040545,0.0,0.0,59474.75,49.1,66651.71875,0,0.0,145.25,deepseek-r1:7b,-1
2025-06-08T15:35:45.497399,0.145728,0.0,0.0,60030.765625,49.6,66097.5625,0,0.0,145.25,deepseek-r1:7b,-1
2025-06-08T15:35:45.602854,0.251183,0.0,0.0,60030.765625,49.6,66097.5625,0,0.0,145.25,deepseek-r1:7b,-1
2025-06-08T15:35:45.707292,0.355621,0.0,0.0,60030.765625,49.6,66097.5625,0,0.0,145.25,deepseek-r1:7b,-1
2025-06-08T15:35:45.809983,0.458312,0.0,0.0,60030.765625,49.6,66097.5625,0,0.0,145.25,deepseek-r1:7b,-1
2025-06-08T15:35:45.915372,0.563701,0.0,0.0,60030.765625,49.6,66097.5625,0,0.0,145.25,deepseek-r1:7b,-1
2025-06-08T15:35:46.015957,0.664286,0.0,0.0,60030.765625,49.6,66097.5625,0,0.0,145.25,deepseek-r1:7b,-1
2025-06-08T15:35:46.117674,0.766003,0.0,0.0,60030.765625,49.6,66097.5625,0,0.0,145.25,deepseek-r1:7b,-1
2025-06-08T15:35:46.223055,0.871384,0.0,0.0,60030.765625,49.6,66097.5625,0,0.0,145.25,deepseek-r1:7b,-1
2025-06-08T15:35:46.328414,0.976743,0.0,0.0,60030.765625,49.6,66097.5625,0,0.0,145.25,deepseek-r1:7b,-1
2025-06-08T15:35:46.430164,1.078493,11.3,0.0,60478.21875,49.9,65650.421875,0,0.0,145.25,deepseek-r1:7b,-1
2025-06-08T15:35:46.535528,1.183857,9.1,0.0,60478.21875,49.9,65650.421875,0,0.0,145.25,deepseek-r1:7b,-1
2025-06-08T15:35:46.640964,1.289293,9.5,0.0,60478.21875,49.9,65650.421875,0,0.0,145.25,deepseek-r1:7b,-1
2025-06-08T15:35:46.746334,1.394663,11.1,0.0,60478.21875,49.9,65650.421875,0,0.0,145.25,deepseek-r1:7b,-1
2025-06-08T15:35:46.850980,1.499309,9.0,0.0,60478.21875,49.9,65650.421875,0,0.0,145.25,deepseek-r1:7b,-1
2025-06-08T15:35:46.956213,1.604542,10.2,0.0,60478.21875,49.9,65650.421875,0,0.0,145.25,deepseek-r1:7b,-1
2025-06-08T15:35:47.058569,1.706898,9.2,0.0,60478.21875,49.9,65650.421875,0,0.0,145.25,deepseek-r1:7b,-1
2025-06-08T15:35:47.162115,1.810444,10.2,0.0,60478.21875,49.9,65650.421875,0,0.0,145.25,deepseek-r1:7b,-1
2025-06-08T15:35:47.267532,1.915861,0.0,0.0,60478.21875,49.9,65650.421875,0,0.0,145.25,deepseek-r1:7b,-1
2025-06-08T15:35:47.372904,2.021233,0.0,0.0,60478.21875,49.9,65650.421875,0,0.0,145.25,deepseek-r1:7b,-1
2025-06-08T15:35:47.476696,2.125025,9.6,0.0,60351.84375,49.8,65780.328125,0,0.0,145.25,deepseek-r1:7b,-1
2025-06-08T15:35:47.582076,2.230405,9.4,0.0,60351.796875,49.8,65776.78125,0,0.0,145.25,deepseek-r1:7b,-1
2025-06-08T15:35:47.684686,2.333015,8.6,0.0,60351.828125,49.8,65777.15625,0,0.0,145.25,deepseek-r1:7b,-1
2025-06-08T15:35:47.790094,2.438423,10.0,0.0,60351.828125,49.8,65777.15625,0,0.0,145.25,deepseek-r1:7b,-1
2025-06-08T15:35:47.893248,2.541577,9.8,0.0,60351.828125,49.8,65777.15625,0,0.0,145.25,deepseek-r1:7b,-1
2025-06-08T15:35:47.998640,2.646969,10.0,0.0,60351.828125,49.8,65777.15625,0,0.0,145.25,deepseek-r1:7b,-1
2025-06-08T15:35:48.103579,2.751908,9.6,0.0,60351.828125,49.8,65777.15625,0,0.0,145.25,deepseek-r1:7b,-1
2025-06-08T15:35:48.205664,2.853993,0.0,0.0,60351.828125,49.8,65777.15625,0,0.0,145.25,deepseek-r1:7b,-1
2025-06-08T15:35:48.309297,2.957626,0.0,0.0,60351.828125,49.8,65777.15625,0,0.0,145.25,deepseek-r1:7b,-1
2025-06-08T15:35:48.414634,3.062963,0.0,0.0,60351.828125,49.8,65777.15625,0,0.0,145.25,deepseek-r1:7b,-1
2025-06-08T15:35:48.518123,3.166452,9.5,0.0,60351.609375,49.8,65775.875,0,0.0,145.25,deepseek-r1:7b,-1
2025-06-08T15:35:48.621241,3.26957,10.1,0.0,60351.609375,49.8,65775.875,0,0.0,145.25,deepseek-r1:7b,-1
2025-06-08T15:35:48.725975,3.374304,8.6,0.0,60351.609375,49.8,65775.875,0,0.0,145.25,deepseek-r1:7b,-1
2025-06-08T15:35:48.829742,3.478071,10.8,0.0,60351.609375,49.8,65775.875,0,0.0,145.25,deepseek-r1:7b,-1
2025-06-08T15:35:48.935213,3.583542,9.4,0.0,60351.609375,49.8,65775.875,0,0.0,145.25,deepseek-r1:7b,-1
2025-06-08T15:35:49.040579,3.688908,8.3,0.0,60351.609375,49.8,65775.875,0,0.0,145.25,deepseek-r1:7b,-1
2025-06-08T15:35:49.143972,3.792301,11.6,0.0,60351.609375,49.8,65775.875,0,0.0,145.25,deepseek-r1:7b,-1
2025-06-08T15:35:49.247294,3.895623,0.0,0.0,60351.609375,49.8,65775.875,0,0.0,145.25,deepseek-r1:7b,-1
2025-06-08T15:35:49.352640,4.000969,0.0,0.0,60351.609375,49.8,65775.875,0,0.0,145.25,deepseek-r1:7b,-1
2025-06-08T15:35:49.456393,4.104722,0.0,0.0,60351.609375,49.8,65775.875,0,0.0,145.25,deepseek-r1:7b,-1
2025-06-08T15:35:49.559295,4.207624,9.6,0.0,60351.59375,49.8,65775.90625,0,0.0,145.25,deepseek-r1:7b,-1
2025-06-08T15:35:49.664666,4.312995,9.6,0.0,60353.9375,49.8,65778.96875,0,0.0,145.25,deepseek-r1:7b,-1
2025-06-08T15:35:49.767933,4.416262,11.5,0.0,60353.9375,49.8,65778.96875,0,0.0,145.25,deepseek-r1:7b,-1
2025-06-08T15:35:49.873095,4.521424,9.5,0.0,60353.9375,49.8,65778.96875,0,0.0,145.25,deepseek-r1:7b,-1
2025-06-08T15:35:49.975941,4.62427,10.4,0.0,60353.9375,49.8,65778.96875,0,0.0,145.25,deepseek-r1:7b,-1
2025-06-08T15:35:50.080693,4.729022,8.3,0.0,60353.9375,49.8,65778.96875,0,0.0,145.25,deepseek-r1:7b,-1
2025-06-08T15:35:50.186026,4.834355,9.5,0.0,60353.9375,49.8,65778.96875,0,0.0,145.25,deepseek-r1:7b,-1
2025-06-08T15:35:50.288131,4.93646,11.0,0.0,60353.9375,49.8,65778.96875,0,0.0,145.25,deepseek-r1:7b,-1
2025-06-08T15:35:50.391370,5.039699,0.0,0.0,60353.9375,49.8,65778.96875,0,0.0,145.25,deepseek-r1:7b,-1
2025-06-08T15:35:50.492518,5.140847,0.0,0.0,60353.9375,49.8,65778.96875,0,0.0,145.25,deepseek-r1:7b,-1
2025-06-08T15:35:50.597881,5.24621,9.1,0.0,60348.359375,49.8,65784.0625,0,0.0,145.25,deepseek-r1:7b,-1
2025-06-08T15:35:50.702767,5.351096,8.3,0.0,60348.265625,49.8,65784.421875,0,0.0,145.25,deepseek-r1:7b,-1
2025-06-08T15:35:50.808160,5.456489,10.7,0.0,60348.265625,49.8,65784.78125,0,0.0,145.25,deepseek-r1:7b,-1
2025-06-08T15:35:50.913442,5.561771,13.8,0.0,60348.265625,49.8,65784.78125,0,0.0,145.25,deepseek-r1:7b,-1
2025-06-08T15:35:51.018840,5.667169,9.6,0.0,60348.265625,49.8,65784.78125,0,0.0,145.25,deepseek-r1:7b,-1
2025-06-08T15:35:51.119453,5.767782,11.5,0.0,60348.265625,49.8,65784.78125,0,0.0,145.25,deepseek-r1:7b,-1
2025-06-08T15:35:51.223675,5.872004,9.1,0.0,60348.265625,49.8,65784.78125,0,0.0,145.25,deepseek-r1:7b,-1
2025-06-08T15:35:51.329060,5.977389,10.7,0.0,60348.265625,49.8,65784.78125,0,0.0,145.25,deepseek-r1:7b,-1
2025-06-08T15:35:51.434261,6.08259,9.5,0.0,60348.265625,49.8,65784.78125,0,0.0,145.25,deepseek-r1:7b,-1
2025-06-08T15:35:51.539610,6.187939,8.9,0.0,60348.265625,49.8,65784.78125,0,0.0,145.25,deepseek-r1:7b,-1
2025-06-08T15:35:51.642599,6.290928,9.6,0.0,60348.453125,49.8,65779.625,0,0.0,145.25,deepseek-r1:7b,-1
2025-06-08T15:35:51.747271,6.3956,8.5,0.0,60348.453125,49.8,65779.625,0,0.0,145.25,deepseek-r1:7b,-1
2025-06-08T15:35:51.852631,6.50096,9.9,0.0,60348.453125,49.8,65779.625,0,0.0,145.25,deepseek-r1:7b,-1
2025-06-08T15:35:51.955113,6.603442,9.3,0.0,60348.453125,49.8,65779.625,0,0.0,145.25,deepseek-r1:7b,-1
2025-06-08T15:35:52.059298,6.707627,10.1,0.0,60348.453125,49.8,65779.625,0,0.0,145.25,deepseek-r1:7b,-1
2025-06-08T15:35:52.164724,6.813053,7.9,0.0,60348.453125,49.8,65779.625,0,0.0,145.25,deepseek-r1:7b,-1
2025-06-08T15:35:52.266263,6.914592,11.4,0.0,60348.453125,49.8,65779.625,0,0.0,145.25,deepseek-r1:7b,-1
2025-06-08T15:35:52.369806,7.018135,9.2,0.0,60348.453125,49.8,65779.625,0,0.0,145.25,deepseek-r1:7b,-1
2025-06-08T15:35:52.475180,7.123509,8.8,0.0,60348.453125,49.8,65779.625,0,0.0,145.25,deepseek-r1:7b,-1
2025-06-08T15:35:52.580569,7.228898,0.0,0.0,60348.453125,49.8,65779.625,0,0.0,145.25,deepseek-r1:7b,-1
2025-06-08T15:35:52.685927,7.334256,9.5,0.0,60348.4375,49.8,65774.890625,0,0.0,145.25,deepseek-r1:7b,-1
2025-06-08T15:35:52.790414,7.438743,10.2,0.0,60348.40625,49.8,65775.296875,0,0.0,145.25,deepseek-r1:7b,-1
2025-06-08T15:35:52.891714,7.540043,9.3,0.0,60348.453125,49.8,65775.53125,0,0.0,145.25,deepseek-r1:7b,-1
2025-06-08T15:35:52.997095,7.645424,9.6,0.0,60348.453125,49.8,65775.53125,0,0.0,145.25,deepseek-r1:7b,-1
2025-06-08T15:35:53.100910,7.749239,10.2,0.0,60348.453125,49.8,65775.53125,0,0.0,145.25,deepseek-r1:7b,-1
2025-06-08T15:35:53.205706,7.854035,0.0,0.0,60348.453125,49.8,65775.53125,0,0.0,145.25,deepseek-r1:7b,-1
2025-06-08T15:35:53.311051,7.95938,0.0,0.0,60348.453125,49.8,65775.53125,0,0.0,145.25,deepseek-r1:7b,-1
2025-06-08T15:35:53.413915,8.062244,0.0,0.0,60348.453125,49.8,65775.53125,0,0.0,145.25,deepseek-r1:7b,-1
2025-06-08T15:35:55.564934,0.041702,0.0,0.0,59853.78125,49.4,66273.4375,0,0.0,145.25,deepseek-r1:7b,-1
2025-06-08T15:35:55.670134,0.146902,15.8,0.0,60099.5,49.6,66025.84375,0,0.0,145.25,deepseek-r1:7b,-1
2025-06-08T15:35:55.775616,0.252384,16.0,0.0,60109.890625,49.6,66014.0,0,0.0,145.25,deepseek-r1:7b,-1
2025-06-08T15:35:55.877751,0.354519,12.7,0.0,60109.890625,49.6,66014.0,0,0.0,145.25,deepseek-r1:7b,-1
2025-06-08T15:35:55.983137,0.459905,16.6,0.0,60109.890625,49.6,66014.0,0,0.0,145.25,deepseek-r1:7b,-1
2025-06-08T15:35:56.085748,0.562516,0.0,0.0,60109.890625,49.6,66014.0,0,0.0,145.25,deepseek-r1:7b,-1
2025-06-08T15:35:56.189048,0.665816,0.0,0.0,60109.890625,49.6,66014.0,0,0.0,145.25,deepseek-r1:7b,-1
2025-06-08T15:35:56.293055,0.769823,0.0,0.0,60109.890625,49.6,66014.0,0,0.0,145.25,deepseek-r1:7b,-1
2025-06-08T15:35:56.398399,0.875167,0.0,0.0,60109.890625,49.6,66014.0,0,0.0,145.25,deepseek-r1:7b,-1
2025-06-08T15:35:56.503775,0.980543,0.0,0.0,60109.890625,49.6,66014.0,0,0.0,145.25,deepseek-r1:7b,-1
2025-06-08T15:35:56.605053,1.081821,10.1,0.0,60471.921875,49.9,65653.265625,0,0.0,145.25,deepseek-r1:7b,-1
2025-06-08T15:35:56.706694,1.183462,11.1,0.0,60471.8125,49.9,65653.609375,0,0.0,145.25,deepseek-r1:7b,-1
2025-06-08T15:35:56.809714,1.286482,11.4,0.0,60471.8125,49.9,65653.609375,0,0.0,145.25,deepseek-r1:7b,-1
2025-06-08T15:35:56.911942,1.38871,9.7,0.0,60471.8125,49.9,65653.609375,0,0.0,145.25,deepseek-r1:7b,-1
2025-06-08T15:35:57.013387,1.490155,8.7,0.0,60471.8125,49.9,65653.609375,0,0.0,145.25,deepseek-r1:7b,-1
2025-06-08T15:35:57.118063,1.594831,9.1,0.0,60471.8125,49.9,65653.609375,0,0.0,145.25,deepseek-r1:7b,-1
2025-06-08T15:35:57.221712,1.69848,8.4,0.0,60471.8125,49.9,65653.609375,0,0.0,145.25,deepseek-r1:7b,-1
2025-06-08T15:35:57.324219,1.800987,0.0,0.0,60471.8125,49.9,65653.609375,0,0.0,145.25,deepseek-r1:7b,-1
2025-06-08T15:35:57.427737,1.904505,0.0,0.0,60471.8125,49.9,65653.609375,0,0.0,145.25,deepseek-r1:7b,-1
2025-06-08T15:35:57.529005,2.005773,0.0,0.0,60471.8125,49.9,65653.609375,0,0.0,145.25,deepseek-r1:7b,-1
2025-06-08T15:35:57.634337,2.111105,10.0,0.0,60351.640625,49.8,65776.65625,0,0.0,145.25,deepseek-r1:7b,-1
2025-06-08T15:35:57.739703,2.216471,8.5,0.0,60351.65625,49.8,65776.90625,0,0.0,145.25,deepseek-r1:7b,-1
2025-06-08T15:35:57.843037,2.319805,10.1,0.0,60351.65625,49.8,65776.90625,0,0.0,145.25,deepseek-r1:7b,-1
2025-06-08T15:35:57.948446,2.425214,9.6,0.0,60351.65625,49.8,65776.90625,0,0.0,145.25,deepseek-r1:7b,-1
2025-06-08T15:35:58.053820,2.530588,7.8,0.0,60351.65625,49.8,65776.90625,0,0.0,145.25,deepseek-r1:7b,-1
2025-06-08T15:35:58.159212,2.63598,10.7,0.0,60351.65625,49.8,65776.90625,0,0.0,145.25,deepseek-r1:7b,-1
2025-06-08T15:35:58.264571,2.741339,8.9,0.0,60351.65625,49.8,65776.90625,0,0.0,145.25,deepseek-r1:7b,-1
2025-06-08T15:35:58.369985,2.846753,10.2,0.0,60351.65625,49.8,65776.90625,0,0.0,145.25,deepseek-r1:7b,-1
2025-06-08T15:35:58.475511,2.952279,8.9,0.0,60351.65625,49.8,65776.90625,0,0.0,145.25,deepseek-r1:7b,-1
2025-06-08T15:35:58.580029,3.056797,8.4,0.0,60351.65625,49.8,65776.90625,0,0.0,145.25,deepseek-r1:7b,-1
2025-06-08T15:35:58.684199,3.160967,9.5,0.0,60351.6875,49.8,65775.734375,0,0.0,145.25,deepseek-r1:7b,-1
2025-06-08T15:35:58.786182,3.26295,9.9,0.0,60351.6875,49.8,65776.078125,0,0.0,145.25,deepseek-r1:7b,-1
2025-06-08T15:35:58.888368,3.365136,9.9,0.0,60351.609375,49.8,65776.421875,0,0.0,145.25,deepseek-r1:7b,-1
2025-06-08T15:35:58.988830,3.465598,10.5,0.0,60351.609375,49.8,65776.421875,0,0.0,145.25,deepseek-r1:7b,-1
2025-06-08T15:35:59.090146,3.566914,7.5,0.0,60351.609375,49.8,65776.421875,0,0.0,145.25,deepseek-r1:7b,-1
2025-06-08T15:35:59.195463,3.672231,10.7,0.0,60351.609375,49.8,65776.421875,0,0.0,145.25,deepseek-r1:7b,-1
2025-06-08T15:35:59.296167,3.772935,8.8,0.0,60351.609375,49.8,65776.421875,0,0.0,145.25,deepseek-r1:7b,-1
2025-06-08T15:35:59.397429,3.874197,10.4,0.0,60351.609375,49.8,65776.421875,0,0.0,145.25,deepseek-r1:7b,-1
2025-06-08T15:35:59.498543,3.975311,7.6,0.0,60351.609375,49.8,65776.421875,0,0.0,145.25,deepseek-r1:7b,-1
2025-06-08T15:35:59.599900,4.076668,0.0,0.0,60351.609375,49.8,65776.421875,0,0.0,145.25,deepseek-r1:7b,-1
2025-06-08T15:35:59.705274,4.182042,10.9,0.0,60351.6875,49.8,65776.75,0,0.0,145.25,deepseek-r1:7b,-1
2025-06-08T15:35:59.810451,4.287219,11.1,0.0,60351.6875,49.8,65776.75,0,0.0,145.25,deepseek-r1:7b,-1
2025-06-08T15:35:59.915611,4.392379,9.0,0.0,60351.6875,49.8,65776.75,0,0.0,145.25,deepseek-r1:7b,-1
2025-06-08T15:36:00.021062,4.49783,10.1,0.0,60351.6875,49.8,65776.75,0,0.0,145.25,deepseek-r1:7b,-1
2025-06-08T15:36:00.125858,4.602626,10.7,0.0,60351.6875,49.8,65776.75,0,0.0,145.25,deepseek-r1:7b,-1
2025-06-08T15:36:00.226831,4.703599,0.0,0.0,60351.6875,49.8,65776.75,0,0.0,145.25,deepseek-r1:7b,-1
2025-06-08T15:36:00.329866,4.806634,0.0,0.0,60351.6875,49.8,65776.75,0,0.0,145.25,deepseek-r1:7b,-1
2025-06-08T15:36:00.432871,4.909639,0.0,0.0,60351.6875,49.8,65776.75,0,0.0,145.25,deepseek-r1:7b,-1
2025-06-08T15:36:00.534740,5.011508,0.0,0.0,60351.6875,49.8,65776.75,0,0.0,145.25,deepseek-r1:7b,-1
2025-06-08T15:36:00.637702,5.11447,0.0,0.0,60351.6875,49.8,65776.75,0,0.0,145.25,deepseek-r1:7b,-1
2025-06-08T15:36:00.743087,5.219855,9.2,0.0,60351.71875,49.8,65775.515625,0,0.0,145.25,deepseek-r1:7b,-1
2025-06-08T15:36:00.845934,5.322702,9.9,0.0,60351.734375,49.8,65775.859375,0,0.0,145.25,deepseek-r1:7b,-1
2025-06-08T15:36:00.951371,5.428139,9.9,0.0,60351.734375,49.8,65775.859375,0,0.0,145.25,deepseek-r1:7b,-1
2025-06-08T15:36:01.052279,5.529047,8.2,0.0,60351.734375,49.8,65775.859375,0,0.0,145.25,deepseek-r1:7b,-1
2025-06-08T15:36:01.156105,5.632873,0.0,0.0,60351.734375,49.8,65775.859375,0,0.0,145.25,deepseek-r1:7b,-1
2025-06-08T15:36:01.259666,5.736434,0.0,0.0,60351.734375,49.8,65775.859375,0,0.0,145.25,deepseek-r1:7b,-1
2025-06-08T15:36:01.363572,5.84034,0.0,0.0,60351.734375,49.8,65775.859375,0,0.0,145.25,deepseek-r1:7b,-1
2025-06-08T15:36:01.464902,5.94167,0.0,0.0,60351.734375,49.8,65775.859375,0,0.0,145.25,deepseek-r1:7b,-1
2025-06-08T15:36:01.570284,6.047052,0.0,0.0,60351.734375,49.8,65775.859375,0,0.0,145.25,deepseek-r1:7b,-1
2025-06-08T15:36:01.675633,6.152401,0.0,0.0,60351.734375,49.8,65775.859375,0,0.0,145.25,deepseek-r1:7b,-1
2025-06-08T15:36:01.776274,6.253042,9.5,0.0,60351.609375,49.8,65775.671875,0,0.0,145.25,deepseek-r1:7b,-1
2025-06-08T15:36:01.881637,6.358405,11.0,0.0,60351.484375,49.8,65772.53125,0,0.0,145.25,deepseek-r1:7b,-1
2025-06-08T15:36:01.982618,6.459386,10.6,0.0,60351.4375,49.8,65772.875,0,0.0,145.25,deepseek-r1:7b,-1
2025-06-08T15:36:02.087995,6.564763,9.6,0.0,60351.4375,49.8,65772.875,0,0.0,145.25,deepseek-r1:7b,-1
2025-06-08T15:36:02.192498,6.669266,8.9,0.0,60351.4375,49.8,65772.875,0,0.0,145.25,deepseek-r1:7b,-1
2025-06-08T15:36:02.296658,6.773426,10.2,0.0,60351.4375,49.8,65772.875,0,0.0,145.25,deepseek-r1:7b,-1
2025-06-08T15:36:02.402026,6.878794,8.3,0.0,60351.4375,49.8,65772.875,0,0.0,145.25,deepseek-r1:7b,-1
2025-06-08T15:36:02.502448,6.979216,9.3,0.0,60351.4375,49.8,65772.875,0,0.0,145.25,deepseek-r1:7b,-1
2025-06-08T15:36:02.607779,7.084547,7.9,0.0,60351.4375,49.8,65772.875,0,0.0,145.25,deepseek-r1:7b,-1
2025-06-08T15:36:02.709768,7.186536,12.1,0.0,60351.4375,49.8,65772.875,0,0.0,145.25,deepseek-r1:7b,-1
2025-06-08T15:36:02.815169,7.291937,10.5,0.0,60351.546875,49.8,65771.359375,0,0.0,145.25,deepseek-r1:7b,-1
2025-06-08T15:36:02.920035,7.396803,8.5,0.0,60351.375,49.8,65771.734375,0,0.0,145.25,deepseek-r1:7b,-1
2025-06-08T15:36:03.025467,7.502235,10.0,0.0,60351.25,49.8,65772.21875,0,0.0,145.25,deepseek-r1:7b,-1
2025-06-08T15:36:03.130010,7.606778,10.3,0.0,60351.25,49.8,65772.21875,0,0.0,145.25,deepseek-r1:7b,-1
2025-06-08T15:36:03.231439,7.708207,10.2,0.0,60351.25,49.8,65772.21875,0,0.0,145.25,deepseek-r1:7b,-1
2025-06-08T15:36:03.334646,7.811414,10.4,0.0,60351.25,49.8,65772.21875,0,0.0,145.25,deepseek-r1:7b,-1
2025-06-08T15:36:03.440036,7.916804,9.7,0.0,60351.25,49.8,65772.21875,0,0.0,145.25,deepseek-r1:7b,-1
2025-06-08T15:36:03.541133,8.017901,0.0,0.0,60351.25,49.8,65772.21875,0,0.0,145.25,deepseek-r1:7b,-1
2025-06-08T15:36:03.642160,8.118928,0.0,0.0,60351.25,49.8,65772.21875,0,0.0,145.25,deepseek-r1:7b,-1
2025-06-08T15:36:03.747545,8.224313,0.0,0.0,60351.25,49.8,65772.21875,0,0.0,145.25,deepseek-r1:7b,-1
2025-06-08T15:36:03.848403,8.325171,9.6,0.0,60351.90625,49.8,65773.03125,0,0.0,145.25,deepseek-r1:7b,-1
2025-06-08T15:36:03.952098,8.428866,10.3,0.0,60351.515625,49.8,65774.140625,0,0.0,145.25,deepseek-r1:7b,-1
2025-06-08T15:36:04.057483,8.534251,9.6,0.0,60351.515625,49.8,65774.140625,0,0.0,145.25,deepseek-r1:7b,-1
2025-06-08T15:36:04.158067,8.634835,8.7,0.0,60351.515625,49.8,65774.140625,0,0.0,145.25,deepseek-r1:7b,-1
2025-06-08T15:36:04.263435,8.740203,10.1,0.0,60351.515625,49.8,65774.140625,0,0.0,145.25,deepseek-r1:7b,-1
2025-06-08T15:36:04.364166,8.840934,10.0,0.0,60351.515625,49.8,65774.140625,0,0.0,145.25,deepseek-r1:7b,-1
2025-06-08T15:36:04.469503,8.946271,0.0,0.0,60351.515625,49.8,65774.140625,0,0.0,145.25,deepseek-r1:7b,-1
2025-06-08T15:36:04.574824,9.051592,0.0,0.0,60351.515625,49.8,65774.140625,0,0.0,145.25,deepseek-r1:7b,-1
2025-06-08T15:36:04.680158,9.156926,0.0,0.0,60351.515625,49.8,65774.140625,0,0.0,145.25,deepseek-r1:7b,-1
2025-06-08T15:36:04.784622,9.26139,0.0,0.0,60351.515625,49.8,65774.140625,0,0.0,145.25,deepseek-r1:7b,-1
2025-06-08T15:36:04.889954,9.366722,9.2,0.0,60351.40625,49.8,65777.125,0,0.0,145.25,deepseek-r1:7b,-1
2025-06-08T15:36:04.995302,9.47207,10.0,0.0,60351.28125,49.8,65777.59375,0,0.0,145.25,deepseek-r1:7b,-1
2025-06-08T15:36:05.100650,9.577418,9.5,0.0,60351.28125,49.8,65777.796875,0,0.0,145.25,deepseek-r1:7b,-1
2025-06-08T15:36:05.205829,9.682597,0.0,0.0,60351.28125,49.8,65777.796875,0,0.0,145.25,deepseek-r1:7b,-1
2025-06-08T15:36:05.309623,9.786391,0.0,0.0,60351.28125,49.8,65777.796875,0,0.0,145.25,deepseek-r1:7b,-1
2025-06-08T15:36:05.413443,9.890211,0.0,0.0,60351.28125,49.8,65777.796875,0,0.0,145.25,deepseek-r1:7b,-1
2025-06-08T15:36:05.518817,9.995585,0.0,0.0,60351.28125,49.8,65777.796875,0,0.0,145.25,deepseek-r1:7b,-1
2025-06-08T15:36:05.619421,10.096189,0.0,0.0,60351.28125,49.8,65777.796875,0,0.0,145.25,deepseek-r1:7b,-1
2025-06-08T15:36:05.724778,10.201546,0.0,0.0,60351.28125,49.8,65777.796875,0,0.0,145.25,deepseek-r1:7b,-1
2025-06-08T15:36:05.825727,10.302495,0.0,0.0,60351.28125,49.8,65777.796875,0,0.0,145.25,deepseek-r1:7b,-1
2025-06-08T15:36:05.931021,10.407789,9.7,0.0,60351.4375,49.8,65772.265625,0,0.0,145.25,deepseek-r1:7b,-1
2025-06-08T15:36:06.031846,10.508614,9.3,0.0,60348.453125,49.8,65775.625,0,0.0,145.25,deepseek-r1:7b,-1
2025-06-08T15:36:06.135696,10.612464,8.2,0.0,60348.453125,49.8,65775.890625,0,0.0,145.25,deepseek-r1:7b,-1
2025-06-08T15:36:06.241113,10.717881,10.3,0.0,60348.453125,49.8,65775.890625,0,0.0,145.25,deepseek-r1:7b,-1
2025-06-08T15:36:06.346494,10.823262,12.2,0.0,60348.453125,49.8,65775.890625,0,0.0,145.25,deepseek-r1:7b,-1
2025-06-08T15:36:06.451904,10.928672,8.3,0.0,60348.453125,49.8,65775.890625,0,0.0,145.25,deepseek-r1:7b,-1
2025-06-08T15:36:06.553060,11.029828,10.4,0.0,60348.453125,49.8,65775.890625,0,0.0,145.25,deepseek-r1:7b,-1
2025-06-08T15:36:06.654139,11.130907,10.6,0.0,60348.453125,49.8,65775.890625,0,0.0,145.25,deepseek-r1:7b,-1
2025-06-08T15:36:06.759119,11.235887,9.5,0.0,60348.453125,49.8,65775.890625,0,0.0,145.25,deepseek-r1:7b,-1
2025-06-08T15:36:06.864502,11.34127,8.4,0.0,60348.453125,49.8,65775.890625,0,0.0,145.25,deepseek-r1:7b,-1
2025-06-08T15:36:06.965426,11.442194,9.9,0.0,60348.75,49.8,65778.1875,0,0.0,145.25,deepseek-r1:7b,-1
2025-06-08T15:36:07.070833,11.547601,8.8,0.0,60348.75,49.8,65778.1875,0,0.0,145.25,deepseek-r1:7b,-1
2025-06-08T15:36:07.171910,11.648678,8.8,0.0,60348.75,49.8,65778.1875,0,0.0,145.25,deepseek-r1:7b,-1
2025-06-08T15:36:07.277288,11.754056,10.5,0.0,60348.75,49.8,65778.1875,0,0.0,145.25,deepseek-r1:7b,-1
2025-06-08T15:36:07.378257,11.855025,10.1,0.0,60348.75,49.8,65778.1875,0,0.0,145.25,deepseek-r1:7b,-1
2025-06-08T15:36:07.483693,11.960461,8.3,0.0,60348.75,49.8,65778.1875,0,0.0,145.25,deepseek-r1:7b,-1
2025-06-08T15:36:07.589044,12.065812,8.4,0.0,60348.75,49.8,65778.1875,0,0.0,145.25,deepseek-r1:7b,-1
2025-06-08T15:36:07.694414,12.171182,0.0,0.0,60348.75,49.8,65778.1875,0,0.0,145.25,deepseek-r1:7b,-1
2025-06-08T15:36:09.846264,0.042537,10.1,0.0,59526.1875,49.2,66601.3125,0,0.0,145.25,deepseek-r1:7b,-1
2025-06-08T15:36:09.951431,0.147704,17.0,0.0,60068.046875,49.6,66057.125,0,0.0,145.25,deepseek-r1:7b,-1
2025-06-08T15:36:10.053223,0.249496,14.4,0.0,60068.046875,49.6,66057.125,0,0.0,145.25,deepseek-r1:7b,-1
2025-06-08T15:36:10.158614,0.354887,10.7,0.0,60068.046875,49.6,66057.125,0,0.0,145.25,deepseek-r1:7b,-1
2025-06-08T15:36:10.261742,0.458015,9.0,0.0,60068.046875,49.6,66057.125,0,0.0,145.25,deepseek-r1:7b,-1
2025-06-08T15:36:10.367127,0.5634,9.6,0.0,60068.046875,49.6,66057.125,0,0.0,145.25,deepseek-r1:7b,-1
2025-06-08T15:36:10.468632,0.664905,10.4,0.0,60068.046875,49.6,66057.125,0,0.0,145.25,deepseek-r1:7b,-1
2025-06-08T15:36:10.571591,0.767864,7.9,0.0,60068.046875,49.6,66057.125,0,0.0,145.25,deepseek-r1:7b,-1
2025-06-08T15:36:10.676982,0.873255,9.6,0.0,60068.046875,49.6,66057.125,0,0.0,145.25,deepseek-r1:7b,-1
2025-06-08T15:36:10.778790,0.975063,9.9,0.0,60068.046875,49.6,66057.125,0,0.0,145.25,deepseek-r1:7b,-1
2025-06-08T15:36:10.883954,1.080227,9.4,0.0,60474.296875,49.9,65655.109375,0,0.0,145.25,deepseek-r1:7b,-1
2025-06-08T15:36:10.989397,1.18567,9.9,0.0,60474.296875,49.9,65655.109375,0,0.0,145.25,deepseek-r1:7b,-1
2025-06-08T15:36:11.094737,1.29101,11.4,0.0,60474.296875,49.9,65655.109375,0,0.0,145.25,deepseek-r1:7b,-1
2025-06-08T15:36:11.196306,1.392579,9.3,0.0,60474.296875,49.9,65655.109375,0,0.0,145.25,deepseek-r1:7b,-1
2025-06-08T15:36:11.297436,1.493709,9.9,0.0,60474.296875,49.9,65655.109375,0,0.0,145.25,deepseek-r1:7b,-1
2025-06-08T15:36:11.398776,1.595049,8.8,0.0,60474.296875,49.9,65655.109375,0,0.0,145.25,deepseek-r1:7b,-1
2025-06-08T15:36:11.500020,1.696293,9.7,0.0,60474.296875,49.9,65655.109375,0,0.0,145.25,deepseek-r1:7b,-1
2025-06-08T15:36:11.605355,1.801628,10.0,0.0,60474.296875,49.9,65655.109375,0,0.0,145.25,deepseek-r1:7b,-1
2025-06-08T15:36:11.709534,1.905807,8.5,0.0,60474.296875,49.9,65655.109375,0,0.0,145.25,deepseek-r1:7b,-1
2025-06-08T15:36:11.811669,2.007942,9.6,0.0,60474.296875,49.9,65655.109375,0,0.0,145.25,deepseek-r1:7b,-1
2025-06-08T15:36:11.913011,2.109284,10.9,0.0,60353.578125,49.8,65775.0625,0,0.0,145.25,deepseek-r1:7b,-1
2025-06-08T15:36:12.017381,2.213654,8.6,0.0,60353.578125,49.8,65775.40625,0,0.0,145.25,deepseek-r1:7b,-1
2025-06-08T15:36:12.122745,2.319018,9.4,0.0,60353.578125,49.8,65775.625,0,0.0,145.25,deepseek-r1:7b,-1
2025-06-08T15:36:12.228092,2.424365,9.7,0.0,60353.578125,49.8,65775.625,0,0.0,145.25,deepseek-r1:7b,-1
2025-06-08T15:36:12.331905,2.528178,10.2,0.0,60353.578125,49.8,65775.625,0,0.0,145.25,deepseek-r1:7b,-1
2025-06-08T15:36:12.435612,2.631885,9.1,0.0,60353.578125,49.8,65775.625,0,0.0,145.25,deepseek-r1:7b,-1
2025-06-08T15:36:12.541003,2.737276,0.0,0.0,60353.578125,49.8,65775.625,0,0.0,145.25,deepseek-r1:7b,-1
2025-06-08T15:36:12.641537,2.83781,0.0,0.0,60353.578125,49.8,65775.625,0,0.0,145.25,deepseek-r1:7b,-1
2025-06-08T15:36:12.742714,2.938987,0.0,0.0,60353.578125,49.8,65775.625,0,0.0,145.25,deepseek-r1:7b,-1
2025-06-08T15:36:12.846016,3.042289,0.0,0.0,60353.578125,49.8,65775.625,0,0.0,145.25,deepseek-r1:7b,-1
2025-06-08T15:36:12.951190,3.147463,9.7,0.0,60353.59375,49.8,65770.265625,0,0.0,145.25,deepseek-r1:7b,-1
2025-06-08T15:36:13.056568,3.252841,9.0,0.0,60353.5,49.8,65770.78125,0,0.0,145.25,deepseek-r1:7b,-1
2025-06-08T15:36:13.157633,3.353906,9.3,0.0,60353.484375,49.8,65770.78125,0,0.0,145.25,deepseek-r1:7b,-1
2025-06-08T15:36:13.263012,3.459285,9.0,0.0,60353.484375,49.8,65770.78125,0,0.0,145.25,deepseek-r1:7b,-1
2025-06-08T15:36:13.368398,3.564671,10.6,0.0,60353.484375,49.8,65770.78125,0,0.0,145.25,deepseek-r1:7b,-1
2025-06-08T15:36:13.473785,3.670058,7.8,0.0,60353.484375,49.8,65770.78125,0,0.0,145.25,deepseek-r1:7b,-1
2025-06-08T15:36:13.579182,3.775455,10.1,0.0,60353.484375,49.8,65770.78125,0,0.0,145.25,deepseek-r1:7b,-1
2025-06-08T15:36:13.679762,3.876035,9.3,0.0,60353.484375,49.8,65770.78125,0,0.0,145.25,deepseek-r1:7b,-1
2025-06-08T15:36:13.785120,3.981393,8.9,0.0,60353.484375,49.8,65770.78125,0,0.0,145.25,deepseek-r1:7b,-1
2025-06-08T15:36:13.887838,4.084111,0.0,0.0,60353.484375,49.8,65770.78125,0,0.0,145.25,deepseek-r1:7b,-1
2025-06-08T15:36:13.993057,4.18933,11.9,0.0,60347.171875,49.8,65777.6875,0,0.0,145.25,deepseek-r1:7b,-1
2025-06-08T15:36:14.095493,4.291766,10.4,0.0,60347.171875,49.8,65778.03125,0,0.0,145.25,deepseek-r1:7b,-1
2025-06-08T15:36:14.196524,4.392797,8.2,0.0,60347.1875,49.8,65778.296875,0,0.0,145.25,deepseek-r1:7b,-1
2025-06-08T15:36:14.301746,4.498019,10.4,0.0,60347.1875,49.8,65778.296875,0,0.0,145.25,deepseek-r1:7b,-1
2025-06-08T15:36:14.407147,4.60342,0.0,0.0,60347.1875,49.8,65778.296875,0,0.0,145.25,deepseek-r1:7b,-1
2025-06-08T15:36:14.508507,4.70478,0.0,0.0,60347.1875,49.8,65778.296875,0,0.0,145.25,deepseek-r1:7b,-1
2025-06-08T15:36:14.613858,4.810131,0.0,0.0,60347.1875,49.8,65778.296875,0,0.0,145.25,deepseek-r1:7b,-1
2025-06-08T15:36:14.719197,4.91547,0.0,0.0,60347.1875,49.8,65778.296875,0,0.0,145.25,deepseek-r1:7b,-1
2025-06-08T15:36:14.823138,5.019411,0.0,0.0,60347.1875,49.8,65778.296875,0,0.0,145.25,deepseek-r1:7b,-1
2025-06-08T15:36:14.928498,5.124771,0.0,0.0,60347.1875,49.8,65778.296875,0,0.0,145.25,deepseek-r1:7b,-1
2025-06-08T15:36:15.029384,5.225657,9.8,0.0,60346.984375,49.8,65780.921875,0,0.0,145.25,deepseek-r1:7b,-1
2025-06-08T15:36:15.134726,5.330999,7.1,0.0,60346.984375,49.8,65781.140625,0,0.0,145.25,deepseek-r1:7b,-1
2025-06-08T15:36:15.235143,5.431416,9.6,0.0,60347.0,49.8,65781.5625,0,0.0,145.25,deepseek-r1:7b,-1
2025-06-08T15:36:15.340556,5.536829,9.9,0.0,60347.0,49.8,65781.5625,0,0.0,145.25,deepseek-r1:7b,-1
2025-06-08T15:36:15.445921,5.642194,10.0,0.0,60347.0,49.8,65781.5625,0,0.0,145.25,deepseek-r1:7b,-1
2025-06-08T15:36:15.551319,5.747592,8.4,0.0,60347.0,49.8,65781.5625,0,0.0,145.25,deepseek-r1:7b,-1
2025-06-08T15:36:15.654847,5.85112,9.6,0.0,60347.0,49.8,65781.5625,0,0.0,145.25,deepseek-r1:7b,-1
2025-06-08T15:36:15.760242,5.956515,0.0,0.0,60347.0,49.8,65781.5625,0,0.0,145.25,deepseek-r1:7b,-1
2025-06-08T15:36:15.863170,6.059443,0.0,0.0,60347.0,49.8,65781.5625,0,0.0,145.25,deepseek-r1:7b,-1
2025-06-08T15:36:15.968455,6.164728,0.0,0.0,60347.0,49.8,65781.5625,0,0.0,145.25,deepseek-r1:7b,-1
2025-06-08T15:36:16.071515,6.267788,9.3,0.0,60346.84375,49.8,65779.90625,0,0.0,145.25,deepseek-r1:7b,-1
2025-06-08T15:36:16.172798,6.369071,9.3,0.0,60346.84375,49.8,65780.125,0,0.0,145.25,deepseek-r1:7b,-1
2025-06-08T15:36:16.278188,6.474461,9.6,0.0,60346.84375,49.8,65780.46875,0,0.0,145.25,deepseek-r1:7b,-1
2025-06-08T15:36:16.383639,6.579912,9.0,0.0,60346.84375,49.8,65780.46875,0,0.0,145.25,deepseek-r1:7b,-1
2025-06-08T15:36:16.487653,6.683926,0.0,0.0,60346.84375,49.8,65780.46875,0,0.0,145.25,deepseek-r1:7b,-1
2025-06-08T15:36:16.589586,6.785859,0.0,0.0,60346.84375,49.8,65780.46875,0,0.0,145.25,deepseek-r1:7b,-1
2025-06-08T15:36:16.694956,6.891229,0.0,0.0,60346.84375,49.8,65780.46875,0,0.0,145.25,deepseek-r1:7b,-1
2025-06-08T15:36:16.800460,6.996733,0.0,0.0,60346.84375,49.8,65780.46875,0,0.0,145.25,deepseek-r1:7b,-1
2025-06-08T15:36:16.905860,7.102133,0.0,0.0,60346.84375,49.8,65780.46875,0,0.0,145.25,deepseek-r1:7b,-1
2025-06-08T15:36:17.007476,7.203749,0.0,0.0,60346.84375,49.8,65780.46875,0,0.0,145.25,deepseek-r1:7b,-1
2025-06-08T15:36:17.110369,7.306642,9.4,0.0,60346.765625,49.8,65778.703125,0,0.0,145.25,deepseek-r1:7b,-1
2025-06-08T15:36:19.263775,0.040731,0.0,0.0,59456.90625,49.1,66667.71875,0,0.0,145.25,deepseek-r1:7b,-1
2025-06-08T15:36:19.368980,0.145936,17.0,0.0,60012.84375,49.6,66113.515625,0,0.0,145.25,deepseek-r1:7b,-1
2025-06-08T15:36:19.471407,0.248363,15.6,0.0,60031.21875,49.6,66094.21875,0,0.0,145.25,deepseek-r1:7b,-1
2025-06-08T15:36:19.575577,0.352533,9.8,0.0,60031.21875,49.6,66094.21875,0,0.0,145.25,deepseek-r1:7b,-1
2025-06-08T15:36:19.679730,0.456686,0.0,0.0,60031.21875,49.6,66094.21875,0,0.0,145.25,deepseek-r1:7b,-1
2025-06-08T15:36:19.785123,0.562079,0.0,0.0,60031.21875,49.6,66094.21875,0,0.0,145.25,deepseek-r1:7b,-1
2025-06-08T15:36:19.890498,0.667454,0.0,0.0,60031.21875,49.6,66094.21875,0,0.0,145.25,deepseek-r1:7b,-1
2025-06-08T15:36:19.992744,0.7697,0.0,0.0,60031.21875,49.6,66094.21875,0,0.0,145.25,deepseek-r1:7b,-1
2025-06-08T15:36:20.098102,0.875058,0.0,0.0,60031.21875,49.6,66094.21875,0,0.0,145.25,deepseek-r1:7b,-1
2025-06-08T15:36:20.199806,0.976762,0.0,0.0,60031.21875,49.6,66094.21875,0,0.0,145.25,deepseek-r1:7b,-1
2025-06-08T15:36:20.305187,1.082143,9.8,0.0,60470.1875,49.9,65656.1875,0,0.0,145.25,deepseek-r1:7b,-1
2025-06-08T15:36:20.408884,1.18584,9.2,0.0,60470.1875,49.9,65656.1875,0,0.0,145.25,deepseek-r1:7b,-1
2025-06-08T15:36:20.514258,1.291214,9.4,0.0,60470.1875,49.9,65656.1875,0,0.0,145.25,deepseek-r1:7b,-1
2025-06-08T15:36:20.619615,1.396571,9.0,0.0,60470.1875,49.9,65656.1875,0,0.0,145.25,deepseek-r1:7b,-1
2025-06-08T15:36:20.721111,1.498067,9.8,0.0,60470.1875,49.9,65656.1875,0,0.0,145.25,deepseek-r1:7b,-1
2025-06-08T15:36:20.826516,1.603472,10.1,0.0,60470.1875,49.9,65656.1875,0,0.0,145.25,deepseek-r1:7b,-1
2025-06-08T15:36:20.931900,1.708856,0.0,0.0,60470.1875,49.9,65656.1875,0,0.0,145.25,deepseek-r1:7b,-1
2025-06-08T15:36:21.036656,1.813612,0.0,0.0,60470.1875,49.9,65656.1875,0,0.0,145.25,deepseek-r1:7b,-1
2025-06-08T15:36:21.142048,1.919004,0.0,0.0,60470.1875,49.9,65656.1875,0,0.0,145.25,deepseek-r1:7b,-1
2025-06-08T15:36:21.247459,2.024415,0.0,0.0,60470.1875,49.9,65656.1875,0,0.0,145.25,deepseek-r1:7b,-1
2025-06-08T15:36:21.352829,2.129785,9.5,0.0,60350.625,49.8,65775.546875,0,0.0,145.25,deepseek-r1:7b,-1
2025-06-08T15:36:21.455230,2.232186,10.2,0.0,60350.625,49.8,65775.875,0,0.0,145.25,deepseek-r1:7b,-1
2025-06-08T15:36:21.560630,2.337586,9.5,0.0,60350.625,49.8,65775.875,0,0.0,145.25,deepseek-r1:7b,-1
2025-06-08T15:36:21.665998,2.442954,0.0,0.0,60350.625,49.8,65775.875,0,0.0,145.25,deepseek-r1:7b,-1
2025-06-08T15:36:21.771352,2.548308,0.0,0.0,60350.625,49.8,65775.875,0,0.0,145.25,deepseek-r1:7b,-1
2025-06-08T15:36:21.876746,2.653702,0.0,0.0,60350.625,49.8,65775.875,0,0.0,145.25,deepseek-r1:7b,-1
2025-06-08T15:36:21.982103,2.759059,0.0,0.0,60350.625,49.8,65775.875,0,0.0,145.25,deepseek-r1:7b,-1
2025-06-08T15:36:22.087462,2.864418,0.0,0.0,60350.625,49.8,65775.875,0,0.0,145.25,deepseek-r1:7b,-1
2025-06-08T15:36:22.192212,2.969168,0.0,0.0,60350.625,49.8,65775.875,0,0.0,145.25,deepseek-r1:7b,-1
2025-06-08T15:36:22.297609,3.074565,0.0,0.0,60350.625,49.8,65775.875,0,0.0,145.25,deepseek-r1:7b,-1
2025-06-08T15:36:22.402994,3.17995,9.4,0.0,60350.59375,49.8,65770.390625,0,0.0,145.25,deepseek-r1:7b,-1
2025-06-08T15:36:22.504701,3.281657,9.8,0.0,60350.59375,49.8,65770.75,0,0.0,145.25,deepseek-r1:7b,-1
2025-06-08T15:36:22.609280,3.386236,8.4,0.0,60350.609375,49.8,65770.921875,0,0.0,145.25,deepseek-r1:7b,-1
2025-06-08T15:36:22.713544,3.4905,9.1,0.0,60350.609375,49.8,65770.921875,0,0.0,145.25,deepseek-r1:7b,-1
2025-06-08T15:36:22.817200,3.594156,10.7,0.0,60350.609375,49.8,65770.921875,0,0.0,145.25,deepseek-r1:7b,-1
2025-06-08T15:36:22.922538,3.699494,10.2,0.0,60350.609375,49.8,65770.921875,0,0.0,145.25,deepseek-r1:7b,-1
2025-06-08T15:36:23.024541,3.801497,9.3,0.0,60350.609375,49.8,65770.921875,0,0.0,145.25,deepseek-r1:7b,-1
2025-06-08T15:36:23.129924,3.90688,9.3,0.0,60350.609375,49.8,65770.921875,0,0.0,145.25,deepseek-r1:7b,-1
2025-06-08T15:36:23.235301,4.012257,9.6,0.0,60350.609375,49.8,65770.921875,0,0.0,145.25,deepseek-r1:7b,-1
2025-06-08T15:36:23.339187,4.116143,10.7,0.0,60350.609375,49.8,65770.921875,0,0.0,145.25,deepseek-r1:7b,-1
2025-06-08T15:36:23.444583,4.221539,9.5,0.0,60350.484375,49.8,65774.984375,0,0.0,145.25,deepseek-r1:7b,-1
2025-06-08T15:36:23.546290,4.323246,8.1,0.0,60350.484375,49.8,65774.984375,0,0.0,145.25,deepseek-r1:7b,-1
2025-06-08T15:36:23.651724,4.42868,9.5,0.0,60350.484375,49.8,65774.984375,0,0.0,145.25,deepseek-r1:7b,-1
2025-06-08T15:36:23.757089,4.534045,9.0,0.0,60350.484375,49.8,65774.984375,0,0.0,145.25,deepseek-r1:7b,-1
2025-06-08T15:36:23.862463,4.639419,13.5,0.0,60350.484375,49.8,65774.984375,0,0.0,145.25,deepseek-r1:7b,-1
2025-06-08T15:36:23.967621,4.744577,10.1,0.0,60350.484375,49.8,65774.984375,0,0.0,145.25,deepseek-r1:7b,-1
2025-06-08T15:36:24.072826,4.849782,9.6,0.0,60350.484375,49.8,65774.984375,0,0.0,145.25,deepseek-r1:7b,-1
2025-06-08T15:36:24.178316,4.955272,8.9,0.0,60350.484375,49.8,65774.984375,0,0.0,145.25,deepseek-r1:7b,-1
2025-06-08T15:36:24.283707,5.060663,0.0,0.0,60350.484375,49.8,65774.984375,0,0.0,145.25,deepseek-r1:7b,-1
2025-06-08T15:36:24.389106,5.166062,0.0,0.0,60350.484375,49.8,65774.984375,0,0.0,145.25,deepseek-r1:7b,-1
2025-06-08T15:36:24.494512,5.271468,9.3,0.0,60350.5625,49.8,65776.390625,0,0.0,145.25,deepseek-r1:7b,-1
2025-06-08T15:36:24.599905,5.376861,9.5,0.0,60350.5625,49.8,65776.390625,0,0.0,145.25,deepseek-r1:7b,-1
2025-06-08T15:36:24.704690,5.481646,10.1,0.0,60350.5625,49.8,65776.390625,0,0.0,145.25,deepseek-r1:7b,-1
2025-06-08T15:36:24.810071,5.587027,8.4,0.0,60350.5625,49.8,65776.390625,0,0.0,145.25,deepseek-r1:7b,-1
2025-06-08T15:36:24.913508,5.690464,9.7,0.0,60350.5625,49.8,65776.390625,0,0.0,145.25,deepseek-r1:7b,-1
2025-06-08T15:36:25.018004,5.79496,10.0,0.0,60350.5625,49.8,65776.390625,0,0.0,145.25,deepseek-r1:7b,-1
2025-06-08T15:36:25.123370,5.900326,0.0,0.0,60350.5625,49.8,65776.390625,0,0.0,145.25,deepseek-r1:7b,-1
2025-06-08T15:36:25.224053,6.001009,0.0,0.0,60350.5625,49.8,65776.390625,0,0.0,145.25,deepseek-r1:7b,-1
2025-06-08T15:36:25.325446,6.102402,0.0,0.0,60350.5625,49.8,65776.390625,0,0.0,145.25,deepseek-r1:7b,-1
2025-06-08T15:36:25.430479,6.207435,0.0,0.0,60350.5625,49.8,65776.390625,0,0.0,145.25,deepseek-r1:7b,-1
2025-06-08T15:36:25.533352,6.310308,9.4,0.0,60350.625,49.8,65779.265625,0,0.0,145.25,deepseek-r1:7b,-1
2025-06-08T15:36:25.638498,6.415454,10.1,0.0,60350.625,49.8,65779.484375,0,0.0,145.25,deepseek-r1:7b,-1
2025-06-08T15:36:25.743728,6.520684,9.0,0.0,60350.625,49.8,65779.484375,0,0.0,145.25,deepseek-r1:7b,-1
2025-06-08T15:36:25.844808,6.621764,0.0,0.0,60350.625,49.8,65779.484375,0,0.0,145.25,deepseek-r1:7b,-1
2025-06-08T15:36:25.950195,6.727151,0.0,0.0,60350.625,49.8,65779.484375,0,0.0,145.25,deepseek-r1:7b,-1
2025-06-08T15:36:26.055616,6.832572,0.0,0.0,60350.625,49.8,65779.484375,0,0.0,145.25,deepseek-r1:7b,-1
2025-06-08T15:36:26.156350,6.933306,0.0,0.0,60350.625,49.8,65779.484375,0,0.0,145.25,deepseek-r1:7b,-1
2025-06-08T15:36:26.261764,7.03872,0.0,0.0,60350.625,49.8,65779.484375,0,0.0,145.25,deepseek-r1:7b,-1
2025-06-08T15:36:26.364381,7.141337,0.0,0.0,60350.625,49.8,65779.484375,0,0.0,145.25,deepseek-r1:7b,-1
2025-06-08T15:36:26.469716,7.246672,0.0,0.0,60350.625,49.8,65779.484375,0,0.0,145.25,deepseek-r1:7b,-1
2025-06-08T15:36:26.575077,7.352033,11.0,0.0,60350.921875,49.8,65782.1875,0,0.0,145.25,deepseek-r1:7b,-1
2025-06-08T15:36:26.679652,7.456608,9.8,0.0,60350.90625,49.8,65782.53125,0,0.0,145.25,deepseek-r1:7b,-1
2025-06-08T15:36:26.782564,7.55952,0.0,0.0,60350.90625,49.8,65782.53125,0,0.0,145.25,deepseek-r1:7b,-1
2025-06-08T15:36:26.887948,7.664904,0.0,0.0,60350.90625,49.8,65782.53125,0,0.0,145.25,deepseek-r1:7b,-1
2025-06-08T15:36:26.992162,7.769118,0.0,0.0,60350.90625,49.8,65782.53125,0,0.0,145.25,deepseek-r1:7b,-1
2025-06-08T15:36:27.094144,7.8711,0.0,0.0,60350.90625,49.8,65782.53125,0,0.0,145.25,deepseek-r1:7b,-1
2025-06-08T15:36:27.199544,7.9765,0.0,0.0,60350.90625,49.8,65782.53125,0,0.0,145.25,deepseek-r1:7b,-1
2025-06-08T15:36:27.302385,8.079341,0.0,0.0,60350.90625,49.8,65782.53125,0,0.0,145.25,deepseek-r1:7b,-1
2025-06-08T15:36:27.407739,8.184695,0.0,0.0,60350.90625,49.8,65782.53125,0,0.0,145.25,deepseek-r1:7b,-1
2025-06-08T15:36:27.513110,8.290066,0.0,0.0,60350.90625,49.8,65782.53125,0,0.0,145.25,deepseek-r1:7b,-1
2025-06-08T15:36:27.613754,8.39071,9.3,0.0,60350.734375,49.8,65777.296875,0,0.0,145.25,deepseek-r1:7b,-1
2025-06-08T15:36:27.719113,8.496069,8.2,0.0,60350.734375,49.8,65777.609375,0,0.0,145.25,deepseek-r1:7b,-1
2025-06-08T15:36:27.824444,8.6014,10.7,0.0,60350.734375,49.8,65773.8125,0,0.0,145.25,deepseek-r1:7b,-1
2025-06-08T15:36:27.929814,8.70677,10.1,0.0,60350.734375,49.8,65773.8125,0,0.0,145.25,deepseek-r1:7b,-1
2025-06-08T15:36:28.033807,8.810763,0.0,0.0,60350.734375,49.8,65773.8125,0,0.0,145.25,deepseek-r1:7b,-1
2025-06-08T15:36:28.139178,8.916134,0.0,0.0,60350.734375,49.8,65773.8125,0,0.0,145.25,deepseek-r1:7b,-1
2025-06-08T15:36:28.244564,9.02152,0.0,0.0,60350.734375,49.8,65773.8125,0,0.0,145.25,deepseek-r1:7b,-1
2025-06-08T15:36:28.349959,9.126915,0.0,0.0,60350.734375,49.8,65773.8125,0,0.0,145.25,deepseek-r1:7b,-1
2025-06-08T15:36:28.452281,9.229237,0.0,0.0,60350.734375,49.8,65773.8125,0,0.0,145.25,deepseek-r1:7b,-1
2025-06-08T15:36:28.554646,9.331602,0.0,0.0,60350.734375,49.8,65773.8125,0,0.0,145.25,deepseek-r1:7b,-1
2025-06-08T15:36:28.660023,9.436979,9.5,0.0,60347.984375,49.8,65774.96875,0,0.0,145.25,deepseek-r1:7b,-1
2025-06-08T15:36:28.765431,9.542387,10.1,0.0,60347.984375,49.8,65775.515625,0,0.0,145.25,deepseek-r1:7b,-1
2025-06-08T15:36:28.866502,9.643458,9.8,0.0,60348.0,49.8,65775.6875,0,0.0,145.25,deepseek-r1:7b,-1
2025-06-08T15:36:28.971776,9.748732,9.5,0.0,60348.0,49.8,65776.0,0,0.0,145.25,deepseek-r1:7b,-1
2025-06-08T15:36:29.077131,9.854087,9.0,0.0,60348.0,49.8,65776.0,0,0.0,145.25,deepseek-r1:7b,-1
2025-06-08T15:36:31.227363,0.043046,10.3,0.0,59845.6875,49.4,66284.109375,0,0.0,145.265625,deepseek-r1:7b,-1
2025-06-08T15:36:31.332546,0.148229,16.5,0.0,60078.046875,49.6,66053.484375,0,0.0,145.265625,deepseek-r1:7b,-1
2025-06-08T15:36:31.437925,0.253608,15.6,0.0,60078.046875,49.6,66053.484375,0,0.0,145.265625,deepseek-r1:7b,-1
2025-06-08T15:36:31.538548,0.354231,9.9,0.0,60078.046875,49.6,66053.484375,0,0.0,145.265625,deepseek-r1:7b,-1
2025-06-08T15:36:31.639735,0.455418,0.0,0.0,60078.046875,49.6,66053.484375,0,0.0,145.265625,deepseek-r1:7b,-1
2025-06-08T15:36:31.745114,0.560797,0.0,0.0,60078.046875,49.6,66053.484375,0,0.0,145.265625,deepseek-r1:7b,-1
2025-06-08T15:36:31.846247,0.66193,0.0,0.0,60078.046875,49.6,66053.484375,0,0.0,145.265625,deepseek-r1:7b,-1
2025-06-08T15:36:31.950442,0.766125,0.0,0.0,60078.046875,49.6,66053.484375,0,0.0,145.265625,deepseek-r1:7b,-1
2025-06-08T15:36:32.055066,0.870749,0.0,0.0,60078.046875,49.6,66053.484375,0,0.0,145.265625,deepseek-r1:7b,-1
2025-06-08T15:36:32.159346,0.975029,0.0,0.0,60078.046875,49.6,66053.484375,0,0.0,145.265625,deepseek-r1:7b,-1
2025-06-08T15:36:32.264694,1.080377,9.5,0.0,60465.109375,49.9,65670.671875,0,0.0,145.265625,deepseek-r1:7b,-1
2025-06-08T15:36:32.370073,1.185756,11.2,0.0,60465.078125,49.9,65667.078125,0,0.0,145.265625,deepseek-r1:7b,-1
2025-06-08T15:36:32.475429,1.291112,8.5,0.0,60465.078125,49.9,65667.28125,0,0.0,145.265625,deepseek-r1:7b,-1
2025-06-08T15:36:32.580904,1.396587,9.9,0.0,60465.078125,49.9,65667.28125,0,0.0,145.265625,deepseek-r1:7b,-1
2025-06-08T15:36:32.683740,1.499423,9.2,0.0,60465.078125,49.9,65667.28125,0,0.0,145.265625,deepseek-r1:7b,-1
2025-06-08T15:36:32.789122,1.604805,10.1,0.0,60465.078125,49.9,65667.28125,0,0.0,145.265625,deepseek-r1:7b,-1
2025-06-08T15:36:32.892792,1.708475,9.6,0.0,60465.078125,49.9,65667.28125,0,0.0,145.265625,deepseek-r1:7b,-1
2025-06-08T15:36:32.994716,1.810399,8.8,0.0,60465.078125,49.9,65667.28125,0,0.0,145.265625,deepseek-r1:7b,-1
2025-06-08T15:36:33.096216,1.911899,0.0,0.0,60465.078125,49.9,65667.28125,0,0.0,145.265625,deepseek-r1:7b,-1
2025-06-08T15:36:33.197115,2.012798,0.0,0.0,60465.078125,49.9,65667.28125,0,0.0,145.265625,deepseek-r1:7b,-1
2025-06-08T15:36:33.300879,2.116562,10.0,0.0,60344.90625,49.8,65787.390625,0,0.0,145.265625,deepseek-r1:7b,-1
2025-06-08T15:36:33.404558,2.220241,11.0,0.0,60344.90625,49.8,65787.59375,0,0.0,145.265625,deepseek-r1:7b,-1
2025-06-08T15:36:33.508717,2.3244,9.5,0.0,60344.90625,49.8,65787.59375,0,0.0,145.265625,deepseek-r1:7b,-1
2025-06-08T15:36:33.613194,2.428877,9.5,0.0,60344.90625,49.8,65787.59375,0,0.0,145.265625,deepseek-r1:7b,-1
2025-06-08T15:36:33.717543,2.533226,9.0,0.0,60344.90625,49.8,65787.59375,0,0.0,145.265625,deepseek-r1:7b,-1
2025-06-08T15:36:33.821040,2.636723,10.2,0.0,60344.90625,49.8,65787.59375,0,0.0,145.265625,deepseek-r1:7b,-1
2025-06-08T15:36:33.926276,2.741959,0.0,0.0,60344.90625,49.8,65787.59375,0,0.0,145.265625,deepseek-r1:7b,-1
2025-06-08T15:36:34.031679,2.847362,0.0,0.0,60344.90625,49.8,65787.59375,0,0.0,145.265625,deepseek-r1:7b,-1
2025-06-08T15:36:34.137038,2.952721,0.0,0.0,60344.90625,49.8,65787.59375,0,0.0,145.265625,deepseek-r1:7b,-1
2025-06-08T15:36:34.242363,3.058046,0.0,0.0,60344.90625,49.8,65787.59375,0,0.0,145.265625,deepseek-r1:7b,-1
2025-06-08T15:36:34.344001,3.159684,9.6,0.0,60345.265625,49.8,65786.578125,0,0.0,145.265625,deepseek-r1:7b,-1
2025-06-08T15:36:34.446200,3.261883,9.3,0.0,60345.109375,49.8,65787.1875,0,0.0,145.265625,deepseek-r1:7b,-1
2025-06-08T15:36:34.551582,3.367265,19.3,0.0,60345.109375,49.8,65787.1875,0,0.0,145.265625,deepseek-r1:7b,-1
2025-06-08T15:36:34.653080,3.468763,14.8,0.0,60345.109375,49.8,65787.1875,0,0.0,145.265625,deepseek-r1:7b,-1
2025-06-08T15:36:34.758555,3.574238,0.0,0.0,60345.109375,49.8,65787.1875,0,0.0,145.265625,deepseek-r1:7b,-1
2025-06-08T15:36:34.862846,3.678529,0.0,0.0,60345.109375,49.8,65787.1875,0,0.0,145.265625,deepseek-r1:7b,-1
2025-06-08T15:36:34.968168,3.783851,0.0,0.0,60345.109375,49.8,65787.1875,0,0.0,145.265625,deepseek-r1:7b,-1
2025-06-08T15:36:35.073500,3.889183,0.0,0.0,60345.109375,49.8,65787.1875,0,0.0,145.265625,deepseek-r1:7b,-1
2025-06-08T15:36:35.178839,3.994522,0.0,0.0,60345.109375,49.8,65787.1875,0,0.0,145.265625,deepseek-r1:7b,-1
2025-06-08T15:36:35.280194,4.095877,0.0,0.0,60345.109375,49.8,65787.1875,0,0.0,145.265625,deepseek-r1:7b,-1
2025-06-08T15:36:35.385366,4.201049,9.8,0.0,60365.109375,49.8,65761.734375,0,0.0,145.265625,deepseek-r1:7b,-1
2025-06-08T15:36:35.490700,4.306383,9.4,0.0,60365.140625,49.8,65761.953125,0,0.0,145.265625,deepseek-r1:7b,-1
2025-06-08T15:36:35.594934,4.410617,10.7,0.0,60365.140625,49.8,65761.953125,0,0.0,145.265625,deepseek-r1:7b,-1
2025-06-08T15:36:35.700301,4.515984,8.9,0.0,60365.140625,49.8,65761.953125,0,0.0,145.265625,deepseek-r1:7b,-1
2025-06-08T15:36:35.805732,4.621415,0.0,0.0,60365.140625,49.8,65761.953125,0,0.0,145.265625,deepseek-r1:7b,-1
2025-06-08T15:36:35.909397,4.72508,0.0,0.0,60365.140625,49.8,65761.953125,0,0.0,145.265625,deepseek-r1:7b,-1
2025-06-08T15:36:36.014763,4.830446,0.0,0.0,60365.140625,49.8,65761.953125,0,0.0,145.265625,deepseek-r1:7b,-1
2025-06-08T15:36:36.119884,4.935567,0.0,0.0,60365.140625,49.8,65761.953125,0,0.0,145.265625,deepseek-r1:7b,-1
2025-06-08T15:36:36.224918,5.040601,0.0,0.0,60365.140625,49.8,65761.953125,0,0.0,145.265625,deepseek-r1:7b,-1
2025-06-08T15:36:36.325782,5.141465,0.0,0.0,60365.140625,49.8,65761.953125,0,0.0,145.265625,deepseek-r1:7b,-1
2025-06-08T15:36:36.428950,5.244633,10.3,0.0,60365.0625,49.8,65761.265625,0,0.0,145.265625,deepseek-r1:7b,-1
2025-06-08T15:36:36.534300,5.349983,9.0,0.0,60365.03125,49.8,65761.6875,0,0.0,145.265625,deepseek-r1:7b,-1
2025-06-08T15:36:36.635267,5.45095,8.7,0.0,60365.03125,49.8,65761.6875,0,0.0,145.265625,deepseek-r1:7b,-1
2025-06-08T15:36:36.738214,5.553897,9.7,0.0,60365.03125,49.8,65761.6875,0,0.0,145.265625,deepseek-r1:7b,-1
2025-06-08T15:36:36.843428,5.659111,11.3,0.0,60365.03125,49.8,65761.6875,0,0.0,145.265625,deepseek-r1:7b,-1
2025-06-08T15:36:36.948433,5.764116,9.0,0.0,60365.03125,49.8,65761.6875,0,0.0,145.265625,deepseek-r1:7b,-1
2025-06-08T15:36:37.049741,5.865424,9.9,0.0,60365.03125,49.8,65761.6875,0,0.0,145.265625,deepseek-r1:7b,-1
2025-06-08T15:36:37.150927,5.96661,10.4,0.0,60365.03125,49.8,65761.6875,0,0.0,145.265625,deepseek-r1:7b,-1
2025-06-08T15:36:37.256274,6.071957,8.3,0.0,60365.03125,49.8,65761.6875,0,0.0,145.265625,deepseek-r1:7b,-1
2025-06-08T15:36:37.361204,6.176887,10.1,0.0,60365.03125,49.8,65761.6875,0,0.0,145.265625,deepseek-r1:7b,-1
2025-06-08T15:36:37.462827,6.27851,9.8,0.0,60353.15625,49.8,65772.171875,0,0.0,145.265625,deepseek-r1:7b,-1
2025-06-08T15:36:37.567493,6.383176,9.0,0.0,60353.15625,49.8,65768.5625,0,0.0,145.265625,deepseek-r1:7b,-1
2025-06-08T15:36:37.671890,6.487573,10.1,0.0,60353.15625,49.8,65768.5625,0,0.0,145.265625,deepseek-r1:7b,-1
2025-06-08T15:36:37.775315,6.590998,10.3,0.0,60353.15625,49.8,65768.5625,0,0.0,145.265625,deepseek-r1:7b,-1
2025-06-08T15:36:37.876049,6.691732,8.2,0.0,60353.15625,49.8,65768.5625,0,0.0,145.265625,deepseek-r1:7b,-1
2025-06-08T15:36:40.027179,0.041829,0.0,0.0,59953.03125,49.5,66174.84375,0,0.0,145.265625,deepseek-r1:7b,-1
2025-06-08T15:36:40.132355,0.147005,17.9,0.0,60085.125,49.6,66045.046875,0,1.6,145.265625,deepseek-r1:7b,-1
2025-06-08T15:36:40.237793,0.252443,19.2,0.0,60096.0,49.6,66038.703125,0,0.0,145.265625,deepseek-r1:7b,-1
2025-06-08T15:36:40.342939,0.357589,11.3,0.0,60096.0,49.6,66038.703125,0,0.0,145.265625,deepseek-r1:7b,-1
2025-06-08T15:36:40.448213,0.462863,8.4,0.0,60096.0,49.6,66038.703125,0,0.0,145.265625,deepseek-r1:7b,-1
2025-06-08T15:36:40.553574,0.568224,0.0,0.0,60096.0,49.6,66038.703125,0,0.0,145.265625,deepseek-r1:7b,-1
2025-06-08T15:36:40.658931,0.673581,0.0,0.0,60096.0,49.6,66038.703125,0,0.0,145.265625,deepseek-r1:7b,-1
2025-06-08T15:36:40.764318,0.778968,0.0,0.0,60096.0,49.6,66038.703125,0,0.0,145.265625,deepseek-r1:7b,-1
2025-06-08T15:36:40.869116,0.883766,0.0,0.0,60096.0,49.6,66038.703125,0,0.0,145.265625,deepseek-r1:7b,-1
2025-06-08T15:36:40.974677,0.989327,0.0,0.0,60096.0,49.6,66038.703125,0,0.0,145.265625,deepseek-r1:7b,-1
2025-06-08T15:36:41.079997,1.094647,9.7,0.0,60474.9375,49.9,65656.90625,0,0.0,145.265625,deepseek-r1:7b,-1
2025-06-08T15:36:41.185392,1.200042,10.2,0.0,60354.765625,49.8,65777.484375,0,0.0,145.265625,deepseek-r1:7b,-1
2025-06-08T15:36:41.285838,1.300488,11.0,0.0,60354.796875,49.8,65777.796875,0,0.0,145.265625,deepseek-r1:7b,-1
2025-06-08T15:36:41.391218,1.405868,10.2,0.0,60354.734375,49.8,65778.21875,0,0.0,145.265625,deepseek-r1:7b,-1
2025-06-08T15:36:41.496612,1.511262,7.8,0.0,60354.734375,49.8,65778.21875,0,0.0,145.265625,deepseek-r1:7b,-1
2025-06-08T15:36:41.601972,1.616622,10.0,0.0,60354.734375,49.8,65778.21875,0,0.0,145.265625,deepseek-r1:7b,-1
2025-06-08T15:36:41.707332,1.721982,8.4,0.0,60354.734375,49.8,65778.21875,0,0.0,145.265625,deepseek-r1:7b,-1
2025-06-08T15:36:41.812694,1.827344,9.4,0.0,60354.734375,49.8,65778.21875,0,0.0,145.265625,deepseek-r1:7b,-1
2025-06-08T15:36:41.916908,1.931558,9.8,0.0,60354.734375,49.8,65778.21875,0,0.0,145.265625,deepseek-r1:7b,-1
2025-06-08T15:36:42.022273,2.036923,0.0,0.0,60354.734375,49.8,65778.21875,0,0.0,145.265625,deepseek-r1:7b,-1
2025-06-08T15:36:42.125235,2.139885,9.9,0.0,60354.4375,49.8,65780.59375,0,0.0,145.265625,deepseek-r1:7b,-1
2025-06-08T15:36:42.230616,2.245266,9.6,0.0,60354.40625,49.8,65773.03125,0,0.0,145.265625,deepseek-r1:7b,-1
2025-06-08T15:36:42.331141,2.345791,9.4,0.0,60354.40625,49.8,65773.234375,0,0.0,145.265625,deepseek-r1:7b,-1
2025-06-08T15:36:42.436528,2.451178,9.4,0.0,60354.40625,49.8,65773.234375,0,0.0,145.265625,deepseek-r1:7b,-1
2025-06-08T15:36:42.541131,2.555781,9.0,0.0,60354.40625,49.8,65773.234375,0,0.0,145.265625,deepseek-r1:7b,-1
2025-06-08T15:36:42.646077,2.660727,8.3,0.0,60354.40625,49.8,65773.234375,0,0.1,145.265625,deepseek-r1:7b,-1
2025-06-08T15:36:42.750228,2.764878,10.7,0.0,60354.40625,49.8,65773.234375,0,0.0,145.265625,deepseek-r1:7b,-1
2025-06-08T15:36:42.854914,2.869564,9.7,0.0,60354.40625,49.8,65773.234375,0,0.0,145.265625,deepseek-r1:7b,-1
2025-06-08T15:36:42.955685,2.970335,9.8,0.0,60354.40625,49.8,65773.234375,0,0.0,145.265625,deepseek-r1:7b,-1
2025-06-08T15:36:43.061073,3.075723,0.0,0.0,60354.40625,49.8,65773.234375,0,0.0,145.265625,deepseek-r1:7b,-1
2025-06-08T15:36:43.165755,3.180405,9.6,0.0,60354.203125,49.8,65775.890625,0,0.0,145.265625,deepseek-r1:7b,-1
2025-06-08T15:36:43.271044,3.285694,8.9,0.0,60354.203125,49.8,65776.09375,0,0.0,145.265625,deepseek-r1:7b,-1
2025-06-08T15:36:43.376433,3.391083,12.9,0.0,60354.203125,49.8,65776.09375,0,0.0,145.265625,deepseek-r1:7b,-1
2025-06-08T15:36:43.481068,3.495718,11.5,0.0,60354.203125,49.8,65776.09375,0,0.0,145.265625,deepseek-r1:7b,-1
2025-06-08T15:36:43.586468,3.601118,12.9,0.0,60354.203125,49.8,65776.09375,0,0.0,145.265625,deepseek-r1:7b,-1
2025-06-08T15:36:43.691443,3.706093,8.4,0.0,60354.203125,49.8,65776.09375,0,0.0,145.265625,deepseek-r1:7b,-1
2025-06-08T15:36:43.796774,3.811424,0.0,0.0,60354.203125,49.8,65776.09375,0,0.0,145.265625,deepseek-r1:7b,-1
2025-06-08T15:36:43.897665,3.912315,0.0,0.0,60354.203125,49.8,65776.09375,0,0.0,145.265625,deepseek-r1:7b,-1
2025-06-08T15:36:43.998922,4.013572,0.0,0.0,60354.203125,49.8,65776.09375,0,0.0,145.265625,deepseek-r1:7b,-1
2025-06-08T15:36:44.104332,4.118982,0.0,0.0,60354.203125,49.8,65776.09375,0,0.0,145.265625,deepseek-r1:7b,-1
2025-06-08T15:36:44.206165,4.220815,9.5,0.0,60354.75,49.8,65779.75,0,0.0,145.265625,deepseek-r1:7b,-1
2025-06-08T15:36:44.310775,4.325425,9.0,0.0,60354.75,49.8,65779.75,0,0.0,145.265625,deepseek-r1:7b,-1
2025-06-08T15:36:44.416158,4.430808,10.5,0.0,60354.75,49.8,65779.75,0,0.0,145.265625,deepseek-r1:7b,-1
2025-06-08T15:36:44.521551,4.536201,10.1,0.0,60354.75,49.8,65779.75,0,0.0,145.265625,deepseek-r1:7b,-1
2025-06-08T15:36:44.625805,4.640455,0.0,0.0,60354.75,49.8,65779.75,0,0.0,145.265625,deepseek-r1:7b,-1
2025-06-08T15:36:44.726781,4.741431,0.0,0.0,60354.75,49.8,65779.75,0,0.0,145.265625,deepseek-r1:7b,-1
2025-06-08T15:36:44.831888,4.846538,0.0,0.0,60354.75,49.8,65779.75,0,0.0,145.265625,deepseek-r1:7b,-1
2025-06-08T15:36:44.937235,4.951885,0.0,0.0,60354.75,49.8,65779.75,0,0.0,145.265625,deepseek-r1:7b,-1
2025-06-08T15:36:45.042602,5.057252,0.0,0.0,60354.75,49.8,65779.75,0,0.0,145.265625,deepseek-r1:7b,-1
2025-06-08T15:36:45.145477,5.160127,0.0,0.0,60354.75,49.8,65779.75,0,0.0,145.265625,deepseek-r1:7b,-1
2025-06-08T15:36:45.250821,5.265471,9.7,0.0,60357.5,49.8,65765.171875,0,0.0,145.265625,deepseek-r1:7b,-1
2025-06-08T15:36:47.405322,0.043539,10.0,0.0,59858.09375,49.4,66274.953125,0,0.0,145.265625,deepseek-r1:7b,-1
2025-06-08T15:36:47.510447,0.148664,17.3,0.0,60081.078125,49.6,66049.75,0,0.0,145.265625,deepseek-r1:7b,-1
2025-06-08T15:36:47.613150,0.251367,29.1,0.0,60081.078125,49.6,66049.75,0,0.0,145.265625,deepseek-r1:7b,-1
2025-06-08T15:36:47.718270,0.356487,22.8,0.0,60081.078125,49.6,66049.75,0,0.0,145.25,deepseek-r1:7b,-1
2025-06-08T15:36:47.818964,0.457181,21.4,0.0,60081.078125,49.6,66049.75,0,0.0,145.25,deepseek-r1:7b,-1
2025-06-08T15:36:47.924261,0.562478,21.2,0.0,60081.078125,49.6,66049.75,0,0.0,145.25,deepseek-r1:7b,-1
2025-06-08T15:36:48.026866,0.665083,22.9,0.0,60081.078125,49.6,66049.75,0,0.0,145.25,deepseek-r1:7b,-1
2025-06-08T15:36:48.132161,0.770378,0.0,0.0,60081.078125,49.6,66049.75,0,0.0,145.25,deepseek-r1:7b,-1
2025-06-08T15:36:48.237308,0.875525,0.0,0.0,60081.078125,49.6,66049.75,0,0.0,145.25,deepseek-r1:7b,-1
2025-06-08T15:36:48.342495,0.980712,0.0,0.0,60081.078125,49.6,66049.75,0,0.0,145.25,deepseek-r1:7b,-1
2025-06-08T15:36:48.447673,1.08589,18.1,0.0,60470.359375,49.9,65659.46875,0,0.0,145.25,deepseek-r1:7b,-1
2025-06-08T15:36:48.552481,1.190698,8.4,0.0,60470.4375,49.9,65659.6875,0,0.0,145.25,deepseek-r1:7b,-1
2025-06-08T15:36:48.654817,1.293034,9.3,0.0,60470.4375,49.9,65659.6875,0,0.0,145.25,deepseek-r1:7b,-1
2025-06-08T15:36:48.756279,1.394496,11.1,0.0,60470.4375,49.9,65659.6875,0,0.0,145.25,deepseek-r1:7b,-1
2025-06-08T15:36:48.861511,1.499728,0.0,0.0,60470.4375,49.9,65659.6875,0,0.0,145.25,deepseek-r1:7b,-1
2025-06-08T15:36:48.966812,1.605029,0.0,0.0,60470.4375,49.9,65659.6875,0,0.0,145.25,deepseek-r1:7b,-1
2025-06-08T15:36:49.072117,1.710334,0.0,0.0,60470.4375,49.9,65659.6875,0,0.0,145.25,deepseek-r1:7b,-1
2025-06-08T15:36:49.177432,1.815649,0.0,0.0,60470.4375,49.9,65659.6875,0,0.0,145.25,deepseek-r1:7b,-1
2025-06-08T15:36:49.279813,1.91803,0.0,0.0,60470.4375,49.9,65659.6875,0,0.0,145.25,deepseek-r1:7b,-1
2025-06-08T15:36:49.383493,2.02171,0.0,0.0,60470.4375,49.9,65659.6875,0,0.0,145.25,deepseek-r1:7b,-1
2025-06-08T15:36:49.487648,2.125865,11.3,0.0,60375.3125,49.8,65750.203125,0,0.0,145.25,deepseek-r1:7b,-1
2025-06-08T15:36:49.588104,2.226321,8.8,0.0,60375.296875,49.8,65750.578125,0,0.0,145.25,deepseek-r1:7b,-1
2025-06-08T15:36:49.693502,2.331719,9.5,0.0,60375.25,49.8,65750.828125,0,0.0,145.25,deepseek-r1:7b,-1
2025-06-08T15:36:49.798862,2.437079,9.0,0.0,60375.25,49.8,65750.828125,0,0.0,145.25,deepseek-r1:7b,-1
2025-06-08T15:36:49.904224,2.542441,9.5,0.0,60375.25,49.8,65750.828125,0,0.0,145.25,deepseek-r1:7b,-1
2025-06-08T15:36:50.009601,2.647818,0.0,0.0,60375.25,49.8,65750.828125,0,0.0,145.25,deepseek-r1:7b,-1
2025-06-08T15:36:50.114954,2.753171,0.0,0.0,60375.25,49.8,65750.828125,0,0.0,145.25,deepseek-r1:7b,-1
2025-06-08T15:36:50.217269,2.855486,0.0,0.0,60375.25,49.8,65750.828125,0,0.0,145.25,deepseek-r1:7b,-1
2025-06-08T15:36:50.317864,2.956081,0.0,0.0,60375.25,49.8,65750.828125,0,0.0,145.25,deepseek-r1:7b,-1
2025-06-08T15:36:50.422997,3.061214,0.0,0.0,60375.25,49.8,65750.828125,0,0.0,145.25,deepseek-r1:7b,-1
2025-06-08T15:36:50.528443,3.16666,10.7,0.0,60375.28125,49.8,65755.9375,0,0.0,145.25,deepseek-r1:7b,-1
2025-06-08T15:36:50.633454,3.271671,9.1,0.0,60375.453125,49.8,65756.40625,0,0.0,145.25,deepseek-r1:7b,-1
2025-06-08T15:36:50.734459,3.372676,10.4,0.0,60375.453125,49.8,65756.609375,0,0.0,145.25,deepseek-r1:7b,-1
2025-06-08T15:36:50.839648,3.477865,9.0,0.0,60375.453125,49.8,65756.953125,0,0.0,145.25,deepseek-r1:7b,-1
2025-06-08T15:36:50.940660,3.578877,11.3,0.0,60375.453125,49.8,65756.953125,0,0.0,145.25,deepseek-r1:7b,-1
2025-06-08T15:36:51.045943,3.68416,10.7,0.0,60375.453125,49.8,65756.953125,0,0.0,145.25,deepseek-r1:7b,-1
2025-06-08T15:36:51.146297,3.784514,0.0,0.0,60375.453125,49.8,65756.953125,0,0.0,145.25,deepseek-r1:7b,-1
2025-06-08T15:36:51.251590,3.889807,0.0,0.0,60375.453125,49.8,65756.953125,0,0.0,145.25,deepseek-r1:7b,-1
2025-06-08T15:36:51.356088,3.994305,0.0,0.0,60375.453125,49.8,65756.953125,0,0.0,145.25,deepseek-r1:7b,-1
2025-06-08T15:36:51.461484,4.099701,0.0,0.0,60375.453125,49.8,65756.953125,0,0.0,145.25,deepseek-r1:7b,-1
2025-06-08T15:36:51.564201,4.202418,10.8,0.0,60475.140625,49.9,65649.734375,0,0.0,145.25,deepseek-r1:7b,-1
2025-06-08T15:36:51.665191,4.303408,9.4,0.0,60475.140625,49.9,65650.078125,0,0.0,145.25,deepseek-r1:7b,-1
2025-06-08T15:36:51.766208,4.404425,9.3,0.0,60475.140625,49.9,65646.296875,0,0.0,145.25,deepseek-r1:7b,-1
2025-06-08T15:36:51.866707,4.504924,10.5,0.0,60475.140625,49.9,65646.296875,0,0.0,145.25,deepseek-r1:7b,-1
2025-06-08T15:36:51.968408,4.606625,10.8,0.0,60475.140625,49.9,65646.296875,0,0.0,145.25,deepseek-r1:7b,-1
2025-06-08T15:36:52.070745,4.708962,9.3,0.0,60475.140625,49.9,65646.296875,0,0.0,145.25,deepseek-r1:7b,-1
2025-06-08T15:36:52.176133,4.81435,10.1,0.0,60475.140625,49.9,65646.296875,0,0.0,145.25,deepseek-r1:7b,-1
2025-06-08T15:36:52.277890,4.916107,0.0,0.0,60475.140625,49.9,65646.296875,0,0.0,145.25,deepseek-r1:7b,-1
2025-06-08T15:36:52.383319,5.021536,0.0,0.0,60475.140625,49.9,65646.296875,0,0.0,145.25,deepseek-r1:7b,-1
2025-06-08T15:36:52.485328,5.123545,0.0,0.0,60475.140625,49.9,65646.296875,0,0.0,145.25,deepseek-r1:7b,-1
2025-06-08T15:36:52.590723,5.22894,9.7,0.0,60475.40625,49.9,65648.9375,0,0.0,145.25,deepseek-r1:7b,-1
2025-06-08T15:36:52.695944,5.334161,9.6,0.0,60475.21875,49.9,65649.71875,0,0.0,145.25,deepseek-r1:7b,-1
2025-06-08T15:36:52.800094,5.438311,11.3,0.0,60475.21875,49.9,65650.046875,0,0.0,145.25,deepseek-r1:7b,-1
2025-06-08T15:36:52.905430,5.543647,8.9,0.0,60475.21875,49.9,65650.046875,0,0.0,145.25,deepseek-r1:7b,-1
2025-06-08T15:36:53.010827,5.649044,10.1,0.0,60475.21875,49.9,65650.046875,0,0.0,145.25,deepseek-r1:7b,-1
2025-06-08T15:36:53.114862,5.753079,9.7,0.0,60475.21875,49.9,65650.046875,0,0.0,145.25,deepseek-r1:7b,-1
2025-06-08T15:36:53.220182,5.858399,10.6,0.0,60475.21875,49.9,65650.046875,0,0.0,145.25,deepseek-r1:7b,-1
2025-06-08T15:36:53.325544,5.963761,10.1,0.0,60475.21875,49.9,65650.046875,0,0.0,145.25,deepseek-r1:7b,-1
2025-06-08T15:36:53.430899,6.069116,0.0,0.0,60475.21875,49.9,65650.046875,0,0.0,145.25,deepseek-r1:7b,-1
2025-06-08T15:36:53.535282,6.173499,0.0,0.0,60475.21875,49.9,65650.046875,0,0.0,145.25,deepseek-r1:7b,-1
2025-06-08T15:36:53.638091,6.276308,9.6,0.0,60354.90625,49.8,65768.84375,0,0.0,145.25,deepseek-r1:7b,-1
2025-06-08T15:36:53.741751,6.379968,9.7,0.0,60354.921875,49.8,65769.09375,0,0.0,145.25,deepseek-r1:7b,-1
2025-06-08T15:36:53.843972,6.482189,9.9,0.0,60354.953125,49.8,65769.671875,0,0.0,145.25,deepseek-r1:7b,-1
2025-06-08T15:36:53.949360,6.587577,10.7,0.0,60354.953125,49.8,65769.671875,0,0.0,145.25,deepseek-r1:7b,-1
2025-06-08T15:36:54.054253,6.69247,8.9,0.0,60354.953125,49.8,65769.671875,0,0.0,145.25,deepseek-r1:7b,-1
2025-06-08T15:36:54.157062,6.795279,9.2,0.0,60354.953125,49.8,65769.671875,0,0.0,145.25,deepseek-r1:7b,-1
2025-06-08T15:36:56.307651,0.040791,10.7,0.0,59468.203125,49.1,66651.65625,0,0.0,145.25,deepseek-r1:7b,-1
2025-06-08T15:36:56.412801,0.145941,16.1,0.0,60024.3125,49.6,66097.625,0,0.0,145.25,deepseek-r1:7b,-1
2025-06-08T15:36:56.518202,0.251342,15.8,0.0,60053.46875,49.6,66067.390625,0,0.0,145.25,deepseek-r1:7b,-1
2025-06-08T15:36:56.623517,0.356657,9.6,0.0,60053.46875,49.6,66067.390625,0,0.0,145.25,deepseek-r1:7b,-1
2025-06-08T15:36:56.728097,0.461237,9.6,0.0,60053.46875,49.6,66067.390625,0,0.0,145.25,deepseek-r1:7b,-1
2025-06-08T15:36:56.832153,0.565293,8.9,0.0,60053.46875,49.6,66067.390625,0,0.0,145.25,deepseek-r1:7b,-1
2025-06-08T15:36:56.933378,0.666518,0.0,0.0,60053.46875,49.6,66067.390625,0,0.0,145.25,deepseek-r1:7b,-1
2025-06-08T15:36:57.038761,0.771901,0.0,0.0,60053.46875,49.6,66067.390625,0,0.0,145.25,deepseek-r1:7b,-1
2025-06-08T15:36:57.141706,0.874846,0.0,0.0,60053.46875,49.6,66067.390625,0,0.0,145.25,deepseek-r1:7b,-1
2025-06-08T15:36:57.246370,0.97951,0.0,0.0,60053.46875,49.6,66067.390625,0,0.0,145.25,deepseek-r1:7b,-1
2025-06-08T15:36:57.351738,1.084878,9.7,0.0,60492.328125,49.9,65633.515625,0,0.0,145.25,deepseek-r1:7b,-1
2025-06-08T15:36:57.457034,1.190174,9.5,0.0,60492.296875,49.9,65633.90625,0,0.0,145.25,deepseek-r1:7b,-1
2025-06-08T15:36:57.561884,1.295024,0.0,0.0,60492.28125,49.9,65634.15625,0,0.0,145.25,deepseek-r1:7b,-1
2025-06-08T15:36:57.665456,1.398596,0.0,0.0,60492.28125,49.9,65634.15625,0,0.0,145.25,deepseek-r1:7b,-1
2025-06-08T15:36:57.767804,1.500944,0.0,0.0,60492.28125,49.9,65634.15625,0,0.0,145.25,deepseek-r1:7b,-1
2025-06-08T15:36:57.871361,1.604501,0.0,0.0,60492.28125,49.9,65634.15625,0,0.0,145.25,deepseek-r1:7b,-1
2025-06-08T15:36:57.975033,1.708173,0.0,0.0,60492.28125,49.9,65634.15625,0,0.0,145.25,deepseek-r1:7b,-1
2025-06-08T15:36:58.079183,1.812323,0.0,0.0,60492.28125,49.9,65634.15625,0,0.0,145.25,deepseek-r1:7b,-1
2025-06-08T15:36:58.180609,1.913749,0.0,0.0,60492.28125,49.9,65634.15625,0,0.0,145.25,deepseek-r1:7b,-1
2025-06-08T15:36:58.283581,2.016721,0.0,0.0,60492.28125,49.9,65634.15625,0,0.0,145.25,deepseek-r1:7b,-1
2025-06-08T15:36:58.388020,2.12116,9.8,0.0,60372.140625,49.8,65756.640625,0,0.0,145.25,deepseek-r1:7b,-1
2025-06-08T15:36:58.493405,2.226545,9.4,0.0,60372.1875,49.8,65757.015625,0,0.0,145.25,deepseek-r1:7b,-1
2025-06-08T15:36:58.595102,2.328242,9.9,0.0,60372.1875,49.8,65757.015625,0,0.0,145.25,deepseek-r1:7b,-1
2025-06-08T15:36:58.700341,2.433481,9.4,0.0,60372.1875,49.8,65757.015625,0,0.0,145.25,deepseek-r1:7b,-1
2025-06-08T15:36:58.804685,2.537825,8.0,0.0,60372.1875,49.8,65757.015625,0,0.0,145.25,deepseek-r1:7b,-1
2025-06-08T15:36:58.908614,2.641754,0.0,0.0,60372.1875,49.8,65757.015625,0,0.0,145.25,deepseek-r1:7b,-1
2025-06-08T15:36:59.013965,2.747105,0.0,0.0,60372.1875,49.8,65757.015625,0,0.0,145.25,deepseek-r1:7b,-1
2025-06-08T15:36:59.117077,2.850217,0.0,0.0,60372.1875,49.8,65757.015625,0,0.0,145.25,deepseek-r1:7b,-1
2025-06-08T15:36:59.222433,2.955573,0.0,0.0,60372.1875,49.8,65757.015625,0,0.0,145.25,deepseek-r1:7b,-1
2025-06-08T15:36:59.324992,3.058132,0.0,0.0,60372.1875,49.8,65757.015625,0,0.0,145.25,deepseek-r1:7b,-1
2025-06-08T15:36:59.429181,3.162321,14.2,0.0,60370.125,49.8,65750.578125,0,0.0,145.25,deepseek-r1:7b,-1
2025-06-08T15:36:59.533329,3.266469,15.5,0.0,60370.140625,49.8,65749.390625,0,0.0,145.25,deepseek-r1:7b,-1
2025-06-08T15:36:59.638724,3.371864,15.4,0.0,60370.15625,49.8,65752.40625,0,0.0,145.25,deepseek-r1:7b,-1
2025-06-08T15:36:59.740032,3.473172,15.5,0.0,60370.109375,49.8,65755.171875,0,0.0,145.25,deepseek-r1:7b,-1
2025-06-08T15:36:59.841243,3.574383,15.0,0.0,60370.109375,49.8,65755.171875,0,0.0,145.25,deepseek-r1:7b,-1
2025-06-08T15:36:59.946338,3.679478,17.4,0.0,60370.109375,49.8,65755.171875,0,0.0,145.25,deepseek-r1:7b,-1
2025-06-08T15:37:00.049188,3.782328,16.0,0.0,60370.109375,49.8,65755.171875,0,0.0,145.25,deepseek-r1:7b,-1
2025-06-08T15:37:00.154153,3.887293,0.0,0.0,60370.109375,49.8,65755.171875,0,0.0,145.25,deepseek-r1:7b,-1
2025-06-08T15:37:00.258314,3.991454,0.0,0.0,60370.109375,49.8,65755.171875,0,0.0,145.25,deepseek-r1:7b,-1
2025-06-08T15:37:00.360005,4.093145,0.0,0.0,60370.109375,49.8,65755.171875,0,0.0,145.25,deepseek-r1:7b,-1
2025-06-08T15:37:00.465210,4.19835,10.4,0.0,60371.265625,49.8,65752.140625,0,0.0,145.25,deepseek-r1:7b,-1
2025-06-08T15:37:00.569480,4.30262,10.2,0.0,60371.265625,49.8,65752.140625,0,0.0,145.25,deepseek-r1:7b,-1
2025-06-08T15:37:00.674852,4.407992,8.3,0.0,60371.265625,49.8,65752.140625,0,0.0,145.25,deepseek-r1:7b,-1
2025-06-08T15:37:00.780233,4.513373,0.0,0.0,60371.265625,49.8,65752.140625,0,0.0,145.25,deepseek-r1:7b,-1
2025-06-08T15:37:00.885593,4.618733,0.0,0.0,60371.265625,49.8,65752.140625,0,0.0,145.25,deepseek-r1:7b,-1
2025-06-08T15:37:00.987511,4.720651,0.0,0.0,60371.265625,49.8,65752.140625,0,0.0,145.25,deepseek-r1:7b,-1
2025-06-08T15:37:01.091617,4.824757,0.0,0.0,60371.265625,49.8,65752.140625,0,0.0,145.25,deepseek-r1:7b,-1
2025-06-08T15:37:03.243964,0.04266,10.7,0.0,59942.890625,49.5,66179.0625,0,0.0,145.296875,deepseek-r1:7b,-1
2025-06-08T15:37:03.349137,0.147833,16.8,0.0,60091.375,49.6,66032.203125,0,0.0,145.296875,deepseek-r1:7b,-1
2025-06-08T15:37:03.450046,0.248742,14.8,0.0,60102.265625,49.6,66020.453125,0,0.0,145.296875,deepseek-r1:7b,-1
2025-06-08T15:37:03.554103,0.352799,9.6,0.0,60489.0625,49.9,65634.921875,0,0.0,145.296875,deepseek-r1:7b,-1
2025-06-08T15:37:03.659448,0.458144,11.2,0.0,60489.0625,49.9,65634.921875,0,0.0,145.296875,deepseek-r1:7b,-1
2025-06-08T15:37:03.764836,0.563532,9.4,0.0,60489.0625,49.9,65634.921875,0,0.0,145.296875,deepseek-r1:7b,-1
2025-06-08T15:37:03.868695,0.667391,9.1,0.0,60489.0625,49.9,65634.921875,0,0.0,145.296875,deepseek-r1:7b,-1
2025-06-08T15:37:03.974064,0.77276,0.0,0.0,60489.0625,49.9,65634.921875,0,0.0,145.296875,deepseek-r1:7b,-1
2025-06-08T15:37:04.075793,0.874489,0.0,0.0,60489.0625,49.9,65634.921875,0,0.0,145.296875,deepseek-r1:7b,-1
2025-06-08T15:37:04.179107,0.977803,0.0,0.0,60489.0625,49.9,65634.921875,0,0.0,145.296875,deepseek-r1:7b,-1
2025-06-08T15:37:04.284093,1.082789,10.0,0.0,60496.265625,49.9,65628.046875,0,0.0,145.296875,deepseek-r1:7b,-1
2025-06-08T15:37:04.387569,1.186265,9.2,0.0,60496.296875,49.9,65628.328125,0,0.0,145.296875,deepseek-r1:7b,-1
2025-06-08T15:37:04.492947,1.291643,10.5,0.0,60496.28125,49.9,65628.8125,0,0.0,145.296875,deepseek-r1:7b,-1
2025-06-08T15:37:04.595299,1.393995,0.0,0.0,60496.265625,49.9,65629.0625,0,0.0,145.296875,deepseek-r1:7b,-1
2025-06-08T15:37:04.700676,1.499372,0.0,0.0,60496.265625,49.9,65629.0625,0,0.0,145.296875,deepseek-r1:7b,-1
2025-06-08T15:37:04.802847,1.601543,0.0,0.0,60496.265625,49.9,65629.0625,0,0.0,145.296875,deepseek-r1:7b,-1
2025-06-08T15:37:04.908224,1.70692,0.0,0.0,60496.265625,49.9,65629.0625,0,0.0,145.296875,deepseek-r1:7b,-1
2025-06-08T15:37:05.013576,1.812272,0.0,0.0,60496.265625,49.9,65629.0625,0,0.0,145.296875,deepseek-r1:7b,-1
2025-06-08T15:37:05.114422,1.913118,0.0,0.0,60496.265625,49.9,65629.0625,0,0.0,145.296875,deepseek-r1:7b,-1
2025-06-08T15:37:05.215801,2.014497,0.0,0.0,60496.265625,49.9,65629.0625,0,0.0,145.296875,deepseek-r1:7b,-1
2025-06-08T15:37:05.318879,2.117575,10.1,0.0,60375.734375,49.8,65749.9375,0,0.0,145.296875,deepseek-r1:7b,-1
2025-06-08T15:37:05.424029,2.222725,9.0,0.0,60375.734375,49.8,65750.375,0,0.0,145.296875,deepseek-r1:7b,-1
2025-06-08T15:37:05.529169,2.327865,10.1,0.0,60375.78125,49.8,65750.734375,0,0.0,145.296875,deepseek-r1:7b,-1
2025-06-08T15:37:05.633260,2.431956,10.2,0.0,60375.78125,49.8,65750.734375,0,0.0,145.296875,deepseek-r1:7b,-1
2025-06-08T15:37:05.735586,2.534282,9.1,0.0,60375.78125,49.8,65750.734375,0,0.0,145.296875,deepseek-r1:7b,-1
2025-06-08T15:37:05.838600,2.637296,10.8,0.0,60375.78125,49.8,65750.734375,0,0.0,145.296875,deepseek-r1:7b,-1
2025-06-08T15:37:05.943931,2.742627,8.0,0.0,60375.78125,49.8,65750.734375,0,0.0,145.296875,deepseek-r1:7b,-1
2025-06-08T15:37:06.046895,2.845591,10.2,0.0,60375.78125,49.8,65750.734375,0,0.0,145.296875,deepseek-r1:7b,-1
2025-06-08T15:37:06.152171,2.950867,0.0,0.0,60375.78125,49.8,65750.734375,0,0.0,145.296875,deepseek-r1:7b,-1
2025-06-08T15:37:06.255443,3.054139,0.0,0.0,60375.78125,49.8,65750.734375,0,0.0,145.296875,deepseek-r1:7b,-1
2025-06-08T15:37:06.358228,3.156924,11.0,0.0,60485.84375,49.9,65645.859375,0,0.0,145.296875,deepseek-r1:7b,-1
2025-06-08T15:37:06.463511,3.262207,9.0,0.0,60485.84375,49.9,65645.859375,0,0.0,145.296875,deepseek-r1:7b,-1
2025-06-08T15:37:06.567070,3.365766,9.6,0.0,60485.84375,49.9,65645.859375,0,0.0,145.296875,deepseek-r1:7b,-1
2025-06-08T15:37:06.670713,3.469409,9.1,0.0,60485.84375,49.9,65645.859375,0,0.0,145.296875,deepseek-r1:7b,-1
2025-06-08T15:37:06.773705,3.572401,0.0,0.0,60485.84375,49.9,65645.859375,0,0.0,145.296875,deepseek-r1:7b,-1
2025-06-08T15:37:06.879310,3.678006,0.0,0.0,60485.84375,49.9,65645.859375,0,0.0,145.28125,deepseek-r1:7b,-1
2025-06-08T15:37:06.984676,3.783372,0.0,0.0,60485.84375,49.9,65645.859375,0,0.0,145.28125,deepseek-r1:7b,-1
2025-06-08T15:37:07.087407,3.886103,0.0,0.0,60485.84375,49.9,65645.859375,0,0.0,145.28125,deepseek-r1:7b,-1
2025-06-08T15:37:07.192068,3.990764,0.0,0.0,60485.84375,49.9,65645.859375,0,0.2,145.296875,deepseek-r1:7b,-1
2025-06-08T15:37:07.295772,4.094468,0.0,0.0,60485.84375,49.9,65645.859375,0,0.0,145.296875,deepseek-r1:7b,-1
2025-06-08T15:37:07.401238,4.199934,10.1,0.0,60481.703125,49.9,65647.40625,0,0.0,145.296875,deepseek-r1:7b,-1
2025-06-08T15:37:07.505298,4.303994,8.3,0.0,60481.703125,49.9,65647.40625,0,0.0,145.296875,deepseek-r1:7b,-1
2025-06-08T15:37:07.606820,4.405516,9.9,0.0,60481.703125,49.9,65647.40625,0,0.0,145.296875,deepseek-r1:7b,-1
2025-06-08T15:37:07.708917,4.507613,8.8,0.0,60481.703125,49.9,65647.40625,0,0.0,145.296875,deepseek-r1:7b,-1
2025-06-08T15:37:07.814276,4.612972,11.2,0.0,60481.703125,49.9,65647.40625,0,0.0,145.296875,deepseek-r1:7b,-1
2025-06-08T15:37:07.918762,4.717458,10.2,0.0,60481.703125,49.9,65647.40625,0,0.0,145.296875,deepseek-r1:7b,-1
2025-06-08T15:37:08.023156,4.821852,9.6,0.0,60481.703125,49.9,65647.40625,0,0.0,145.296875,deepseek-r1:7b,-1
2025-06-08T15:37:08.123930,4.922626,8.6,0.0,60481.703125,49.9,65647.40625,0,0.0,145.296875,deepseek-r1:7b,-1
2025-06-08T15:37:08.229042,5.027738,9.6,0.0,60481.703125,49.9,65647.40625,0,0.0,145.296875,deepseek-r1:7b,-1
2025-06-08T15:37:08.332145,5.130841,0.0,0.0,60481.703125,49.9,65647.40625,0,0.0,145.296875,deepseek-r1:7b,-1
2025-06-08T15:37:08.437518,5.236214,9.6,0.0,60357.765625,49.8,65762.84375,0,0.0,145.296875,deepseek-r1:7b,-1
2025-06-08T15:37:08.541537,5.340233,9.1,0.0,60357.765625,49.8,65762.84375,0,0.0,145.296875,deepseek-r1:7b,-1
2025-06-08T15:37:10.696401,0.042523,10.2,0.0,60323.71875,49.8,65796.984375,0,0.0,145.296875,deepseek-r1:7b,-1
2025-06-08T15:37:10.801524,0.147646,18.5,0.0,60323.703125,49.8,65796.984375,0,0.0,145.296875,deepseek-r1:7b,-1
2025-06-08T15:37:10.906755,0.252877,14.9,0.0,60323.703125,49.8,65796.984375,0,0.0,145.296875,deepseek-r1:7b,-1
2025-06-08T15:37:11.009653,0.355775,10.4,0.0,60323.703125,49.8,65796.984375,0,0.0,145.296875,deepseek-r1:7b,-1
2025-06-08T15:37:11.112849,0.458971,0.0,0.0,60323.703125,49.8,65796.984375,0,0.0,145.296875,deepseek-r1:7b,-1
2025-06-08T15:37:11.213844,0.559966,0.0,0.0,60323.703125,49.8,65796.984375,0,0.0,145.296875,deepseek-r1:7b,-1
2025-06-08T15:37:11.316503,0.662625,0.0,0.0,60323.703125,49.8,65796.984375,0,0.0,145.296875,deepseek-r1:7b,-1
2025-06-08T15:37:11.421896,0.768018,0.0,0.0,60323.703125,49.8,65796.984375,0,0.0,145.296875,deepseek-r1:7b,-1
2025-06-08T15:37:11.526892,0.873014,0.0,0.0,60323.703125,49.8,65796.984375,0,0.0,145.296875,deepseek-r1:7b,-1
2025-06-08T15:37:11.631793,0.977915,0.0,0.0,60323.703125,49.8,65796.984375,0,0.0,145.296875,deepseek-r1:7b,-1
2025-06-08T15:37:11.735820,1.081942,9.5,0.0,60498.703125,49.9,65626.359375,0,0.0,145.296875,deepseek-r1:7b,-1
2025-06-08T15:37:11.841188,1.18731,11.1,0.0,60498.65625,49.9,65626.625,0,0.0,145.296875,deepseek-r1:7b,-1
2025-06-08T15:37:11.946561,1.292683,9.6,0.0,60498.6875,49.9,65627.015625,0,0.0,145.296875,deepseek-r1:7b,-1
2025-06-08T15:37:12.051305,1.397427,8.3,0.0,60498.6875,49.9,65627.015625,0,0.0,145.296875,deepseek-r1:7b,-1
2025-06-08T15:37:12.156685,1.502807,10.1,0.0,60498.6875,49.9,65627.015625,0,0.1,145.28125,deepseek-r1:7b,-1
2025-06-08T15:37:12.262068,1.60819,10.1,0.0,60498.6875,49.9,65627.015625,0,0.0,145.28125,deepseek-r1:7b,-1
2025-06-08T15:37:12.367444,1.713566,10.1,0.0,60498.6875,49.9,65627.015625,0,0.0,145.28125,deepseek-r1:7b,-1
2025-06-08T15:37:12.472810,1.818932,8.3,0.0,60498.6875,49.9,65627.015625,0,0.0,145.28125,deepseek-r1:7b,-1
2025-06-08T15:37:12.578181,1.924303,0.0,0.0,60498.6875,49.9,65627.015625,0,0.0,145.28125,deepseek-r1:7b,-1
2025-06-08T15:37:12.683140,2.029262,0.0,0.0,60498.6875,49.9,65627.015625,0,0.0,145.28125,deepseek-r1:7b,-1
2025-06-08T15:37:12.788515,2.134637,9.8,0.0,60379.15625,49.8,65750.921875,0,0.0,145.28125,deepseek-r1:7b,-1
2025-06-08T15:37:12.889809,2.235931,9.9,0.0,60379.171875,49.8,65751.265625,0,0.0,145.28125,deepseek-r1:7b,-1
2025-06-08T15:37:12.995152,2.341274,10.1,0.0,60378.828125,49.8,65752.015625,0,0.0,145.28125,deepseek-r1:7b,-1
2025-06-08T15:37:13.095905,2.442027,10.5,0.0,60378.828125,49.8,65752.015625,0,0.0,145.28125,deepseek-r1:7b,-1
2025-06-08T15:37:13.201258,2.54738,8.3,0.0,60378.828125,49.8,65752.015625,0,0.0,145.28125,deepseek-r1:7b,-1
2025-06-08T15:37:13.302429,2.648551,9.4,0.0,60378.828125,49.8,65752.015625,0,0.0,145.28125,deepseek-r1:7b,-1
2025-06-08T15:37:13.404492,2.750614,9.8,0.0,60378.828125,49.8,65752.015625,0,0.0,145.28125,deepseek-r1:7b,-1
2025-06-08T15:37:13.508128,2.85425,9.7,0.0,60378.828125,49.8,65752.015625,0,0.0,145.28125,deepseek-r1:7b,-1
2025-06-08T15:37:13.613489,2.959611,0.0,0.0,60378.828125,49.8,65752.015625,0,0.0,145.28125,deepseek-r1:7b,-1
2025-06-08T15:37:13.714681,3.060803,0.0,0.0,60378.828125,49.8,65752.015625,0,0.0,145.28125,deepseek-r1:7b,-1
2025-06-08T15:37:13.820052,3.166174,9.6,0.0,60375.734375,49.8,65758.578125,0,0.0,145.28125,deepseek-r1:7b,-1
2025-06-08T15:37:13.924792,3.270914,9.5,0.0,60375.734375,49.8,65759.0625,0,0.0,145.28125,deepseek-r1:7b,-1
2025-06-08T15:37:14.030178,3.3763,8.3,0.0,60375.734375,49.8,65759.28125,0,0.0,145.28125,deepseek-r1:7b,-1
2025-06-08T15:37:14.132732,3.478854,9.7,0.0,60375.734375,49.8,65759.28125,0,0.0,145.28125,deepseek-r1:7b,-1
2025-06-08T15:37:14.237799,3.583921,9.6,0.0,60375.734375,49.8,65759.28125,0,0.0,145.28125,deepseek-r1:7b,-1
2025-06-08T15:37:14.339215,3.685337,0.0,0.0,60375.734375,49.8,65759.28125,0,0.0,145.28125,deepseek-r1:7b,-1
2025-06-08T15:37:14.441462,3.787584,0.0,0.0,60375.734375,49.8,65759.28125,0,0.0,145.28125,deepseek-r1:7b,-1
2025-06-08T15:37:14.546808,3.89293,0.0,0.0,60375.734375,49.8,65759.28125,0,0.0,145.28125,deepseek-r1:7b,-1
2025-06-08T15:37:14.649033,3.995155,0.0,0.0,60375.734375,49.8,65759.28125,0,0.0,145.28125,deepseek-r1:7b,-1
2025-06-08T15:37:14.750090,4.096212,0.0,0.0,60375.734375,49.8,65759.28125,0,0.0,145.28125,deepseek-r1:7b,-1
2025-06-08T15:37:14.854467,4.200589,9.6,0.0,60375.59375,49.8,65753.9375,0,0.0,145.28125,deepseek-r1:7b,-1
2025-06-08T15:37:14.956466,4.302588,10.3,0.0,60375.59375,49.8,65754.453125,0,0.0,145.28125,deepseek-r1:7b,-1
2025-06-08T15:37:15.061948,4.40807,9.6,0.0,60375.625,49.8,65754.65625,0,0.0,145.28125,deepseek-r1:7b,-1
2025-06-08T15:37:15.162971,4.509093,8.1,0.0,60375.625,49.8,65754.65625,0,0.0,145.28125,deepseek-r1:7b,-1
2025-06-08T15:37:15.268039,4.614161,10.0,0.0,60375.625,49.8,65754.65625,0,0.0,145.28125,deepseek-r1:7b,-1
2025-06-08T15:37:15.371731,4.717853,13.3,0.0,60375.625,49.8,65754.65625,0,0.0,145.28125,deepseek-r1:7b,-1
2025-06-08T15:37:15.476948,4.82307,9.0,0.0,60375.625,49.8,65754.65625,0,0.0,145.28125,deepseek-r1:7b,-1
2025-06-08T15:37:15.581540,4.927662,9.1,0.0,60375.625,49.8,65754.65625,0,0.0,145.28125,deepseek-r1:7b,-1
2025-06-08T15:37:15.686945,5.033067,0.0,0.0,60375.625,49.8,65754.65625,0,0.0,145.28125,deepseek-r1:7b,-1
2025-06-08T15:37:15.792309,5.138431,0.0,0.0,60375.625,49.8,65754.65625,0,0.0,145.28125,deepseek-r1:7b,-1
2025-06-08T15:37:15.896982,5.243104,9.5,0.0,60375.671875,49.8,65747.03125,0,0.0,145.28125,deepseek-r1:7b,-1
2025-06-08T15:37:16.002349,5.348471,9.1,0.0,60375.59375,49.8,65747.359375,0,0.0,145.28125,deepseek-r1:7b,-1
2025-06-08T15:37:16.107730,5.453852,9.5,0.0,60375.59375,49.8,65747.359375,0,0.0,145.28125,deepseek-r1:7b,-1
2025-06-08T15:37:16.213093,5.559215,9.5,0.0,60375.59375,49.8,65747.359375,0,0.0,145.28125,deepseek-r1:7b,-1
2025-06-08T15:37:16.316447,5.662569,10.8,0.0,60375.59375,49.8,65747.359375,0,0.0,145.28125,deepseek-r1:7b,-1
2025-06-08T15:37:16.421106,5.767228,9.0,0.0,60375.59375,49.8,65747.359375,0,0.0,145.28125,deepseek-r1:7b,-1
2025-06-08T15:37:16.524797,5.870919,10.3,0.0,60375.59375,49.8,65747.359375,0,0.0,145.28125,deepseek-r1:7b,-1
2025-06-08T15:37:16.630189,5.976311,10.1,0.0,60375.59375,49.8,65747.359375,0,0.0,145.28125,deepseek-r1:7b,-1
2025-06-08T15:37:16.731779,6.077901,8.7,0.0,60375.59375,49.8,65747.359375,0,0.0,145.28125,deepseek-r1:7b,-1
2025-06-08T15:37:16.837175,6.183297,9.9,0.0,60375.59375,49.8,65747.359375,0,0.0,145.28125,deepseek-r1:7b,-1
2025-06-08T15:37:16.942555,6.288677,9.6,0.0,60363.390625,49.8,65762.578125,0,0.0,145.28125,deepseek-r1:7b,-1
2025-06-08T15:37:17.047962,6.394084,10.0,0.0,60363.40625,49.8,65762.796875,0,0.0,145.28125,deepseek-r1:7b,-1
2025-06-08T15:37:17.150874,6.496996,7.9,0.0,60363.40625,49.8,65762.796875,0,0.0,145.28125,deepseek-r1:7b,-1
2025-06-08T15:37:17.256312,6.602434,9.6,0.0,60363.40625,49.8,65762.796875,0,0.0,145.28125,deepseek-r1:7b,-1
2025-06-08T15:37:17.358118,6.70424,10.4,0.0,60363.40625,49.8,65762.796875,0,0.0,145.28125,deepseek-r1:7b,-1
2025-06-08T15:37:17.463486,6.809608,8.9,0.0,60363.40625,49.8,65762.796875,0,0.0,145.28125,deepseek-r1:7b,-1
2025-06-08T15:37:17.567730,6.913852,9.0,0.0,60363.40625,49.8,65762.796875,0,0.0,145.28125,deepseek-r1:7b,-1
2025-06-08T15:37:17.668827,7.014949,9.3,0.0,60363.40625,49.8,65762.796875,0,0.0,145.28125,deepseek-r1:7b,-1
2025-06-08T15:37:17.774172,7.120294,10.2,0.0,60363.40625,49.8,65762.796875,0,0.0,145.28125,deepseek-r1:7b,-1
2025-06-08T15:37:17.879545,7.225667,10.0,0.0,60363.40625,49.8,65762.796875,0,0.0,145.28125,deepseek-r1:7b,-1
2025-06-08T15:37:17.984914,7.331036,9.5,0.0,60362.484375,49.8,65762.4375,0,0.0,145.28125,deepseek-r1:7b,-1
2025-06-08T15:37:18.087267,7.433389,9.3,0.0,60362.484375,49.8,65762.4375,0,0.0,145.28125,deepseek-r1:7b,-1
2025-06-08T15:37:18.191427,7.537549,9.5,0.0,60362.484375,49.8,65762.4375,0,0.0,145.28125,deepseek-r1:7b,-1
2025-06-08T15:37:18.296791,7.642913,10.1,0.0,60362.484375,49.8,65762.4375,0,0.0,145.28125,deepseek-r1:7b,-1
2025-06-08T15:37:18.402166,7.748288,10.1,0.0,60362.484375,49.8,65762.4375,0,0.0,145.28125,deepseek-r1:7b,-1
2025-06-08T15:37:18.505443,7.851565,0.0,0.0,60362.484375,49.8,65762.4375,0,0.0,145.28125,deepseek-r1:7b,-1
2025-06-08T15:37:18.608115,7.954237,0.0,0.0,60362.484375,49.8,65762.4375,0,0.0,145.28125,deepseek-r1:7b,-1
2025-06-08T15:37:18.712265,8.058387,0.0,0.0,60362.484375,49.8,65762.4375,0,0.0,145.28125,deepseek-r1:7b,-1
2025-06-08T15:37:18.817632,8.163754,0.0,0.0,60362.484375,49.8,65762.4375,0,0.0,145.28125,deepseek-r1:7b,-1
2025-06-08T15:37:18.922687,8.268809,0.0,0.0,60362.484375,49.8,65762.4375,0,0.0,145.28125,deepseek-r1:7b,-1
2025-06-08T15:37:19.024758,8.37088,9.2,0.0,60362.34375,49.8,65761.65625,0,0.0,145.28125,deepseek-r1:7b,-1
2025-06-08T15:37:19.129399,8.475521,9.6,0.0,60362.34375,49.8,65761.65625,0,0.0,145.28125,deepseek-r1:7b,-1
2025-06-08T15:37:21.282988,0.040867,10.3,0.0,59967.28125,49.5,66155.640625,0,0.0,145.28125,deepseek-r1:7b,-1
2025-06-08T15:37:21.388150,0.146029,16.7,0.0,59967.28125,49.5,66155.640625,0,0.0,145.28125,deepseek-r1:7b,-1
2025-06-08T15:37:21.493628,0.251507,16.1,0.0,59967.28125,49.5,66155.640625,0,0.0,145.28125,deepseek-r1:7b,-1
2025-06-08T15:37:21.597540,0.355419,9.0,0.0,59967.28125,49.5,66155.640625,0,0.0,145.28125,deepseek-r1:7b,-1
2025-06-08T15:37:21.698739,0.456618,11.0,0.0,59967.28125,49.5,66155.640625,0,0.0,145.28125,deepseek-r1:7b,-1
2025-06-08T15:37:21.804112,0.561991,9.1,0.0,59967.28125,49.5,66155.640625,0,0.0,145.28125,deepseek-r1:7b,-1
2025-06-08T15:37:21.909485,0.667364,10.0,0.0,59967.28125,49.5,66155.640625,0,0.0,145.28125,deepseek-r1:7b,-1
2025-06-08T15:37:22.010317,0.768196,8.8,0.0,59967.28125,49.5,66155.640625,0,0.0,145.28125,deepseek-r1:7b,-1
2025-06-08T15:37:22.112225,0.870104,0.0,0.0,59967.28125,49.5,66155.640625,0,0.0,145.28125,deepseek-r1:7b,-1
2025-06-08T15:37:22.217659,0.975538,0.0,0.0,59967.28125,49.5,66155.640625,0,0.0,145.28125,deepseek-r1:7b,-1
2025-06-08T15:37:22.323026,1.080905,9.6,0.0,60488.921875,49.9,65636.4375,0,0.0,145.28125,deepseek-r1:7b,-1
2025-06-08T15:37:22.424636,1.182515,12.0,0.0,60488.90625,49.9,65636.65625,0,0.0,145.28125,deepseek-r1:7b,-1
2025-06-08T15:37:22.529951,1.28783,0.0,0.0,60488.90625,49.9,65637.015625,0,0.0,145.28125,deepseek-r1:7b,-1
2025-06-08T15:37:22.633404,1.391283,0.0,0.0,60488.90625,49.9,65637.015625,0,0.0,145.28125,deepseek-r1:7b,-1
2025-06-08T15:37:22.738750,1.496629,0.0,0.0,60488.90625,49.9,65637.015625,0,0.0,145.28125,deepseek-r1:7b,-1
2025-06-08T15:37:22.843328,1.601207,0.0,0.0,60488.90625,49.9,65637.015625,0,0.0,145.28125,deepseek-r1:7b,-1
2025-06-08T15:37:22.944275,1.702154,0.0,0.0,60488.90625,49.9,65637.015625,0,0.0,145.28125,deepseek-r1:7b,-1
2025-06-08T15:37:23.049637,1.807516,0.0,0.0,60488.90625,49.9,65637.015625,0,0.0,145.28125,deepseek-r1:7b,-1
2025-06-08T15:37:23.152431,1.91031,0.0,0.0,60488.90625,49.9,65637.015625,0,0.0,145.28125,deepseek-r1:7b,-1
2025-06-08T15:37:23.253641,2.01152,0.0,0.0,60488.90625,49.9,65637.015625,0,0.0,145.28125,deepseek-r1:7b,-1
2025-06-08T15:37:23.354954,2.112833,9.6,0.0,60368.75,49.8,65759.75,0,0.0,145.28125,deepseek-r1:7b,-1
2025-06-08T15:37:23.460303,2.218182,8.4,0.0,60368.75,49.8,65759.75,0,0.0,145.28125,deepseek-r1:7b,-1
2025-06-08T15:37:23.565627,2.323506,10.6,0.0,60368.75,49.8,65759.75,0,0.0,145.28125,deepseek-r1:7b,-1
2025-06-08T15:37:23.671015,2.428894,9.4,0.0,60368.75,49.8,65759.75,0,0.0,145.28125,deepseek-r1:7b,-1
2025-06-08T15:37:23.776361,2.53424,0.0,0.0,60368.75,49.8,65759.75,0,0.0,145.28125,deepseek-r1:7b,-1
2025-06-08T15:37:23.878222,2.636101,0.0,0.0,60368.75,49.8,65759.75,0,0.0,145.28125,deepseek-r1:7b,-1
2025-06-08T15:37:23.983569,2.741448,0.0,0.0,60368.75,49.8,65759.75,0,0.0,145.28125,deepseek-r1:7b,-1
2025-06-08T15:37:24.088914,2.846793,0.0,0.0,60368.75,49.8,65759.75,0,0.0,145.28125,deepseek-r1:7b,-1
2025-06-08T15:37:24.189702,2.947581,0.0,0.0,60368.75,49.8,65759.75,0,0.0,145.28125,deepseek-r1:7b,-1
2025-06-08T15:37:24.291361,3.04924,0.0,0.0,60368.75,49.8,65759.75,0,0.0,145.28125,deepseek-r1:7b,-1
2025-06-08T15:37:24.394199,3.152078,9.5,0.0,60368.59375,49.8,65762.90625,0,0.0,145.28125,deepseek-r1:7b,-1
2025-06-08T15:37:24.494946,3.252825,9.8,0.0,60368.390625,49.8,65759.34375,0,0.0,145.28125,deepseek-r1:7b,-1
2025-06-08T15:37:24.600304,3.358183,8.4,0.0,60368.4375,49.8,65759.71875,0,0.0,145.28125,deepseek-r1:7b,-1
2025-06-08T15:37:24.705504,3.463383,9.0,0.0,60368.4375,49.8,65759.71875,0,0.0,145.28125,deepseek-r1:7b,-1
2025-06-08T15:37:24.810518,3.568397,10.2,0.0,60368.4375,49.8,65759.71875,0,0.0,145.28125,deepseek-r1:7b,-1
2025-06-08T15:37:24.915869,3.673748,9.5,0.0,60368.4375,49.8,65759.71875,0,0.0,145.28125,deepseek-r1:7b,-1
2025-06-08T15:37:25.016829,3.774708,10.4,0.0,60368.4375,49.8,65759.71875,0,0.0,145.28125,deepseek-r1:7b,-1
2025-06-08T15:37:25.118092,3.875971,8.7,0.0,60368.4375,49.8,65759.71875,0,0.0,145.28125,deepseek-r1:7b,-1
2025-06-08T15:37:25.219314,3.977193,10.5,0.0,60368.4375,49.8,65759.71875,0,0.0,145.28125,deepseek-r1:7b,-1
2025-06-08T15:37:25.324653,4.082532,12.4,0.0,60368.4375,49.8,65759.71875,0,0.0,145.28125,deepseek-r1:7b,-1
2025-06-08T15:37:25.429733,4.187612,9.0,0.0,60369.03125,49.8,65756.265625,0,0.0,145.28125,deepseek-r1:7b,-1
2025-06-08T15:37:25.533236,4.291115,10.2,0.0,60368.953125,49.8,65756.640625,0,0.0,145.28125,deepseek-r1:7b,-1
2025-06-08T15:37:27.671709,0.0306,10.9,0.0,59408.234375,49.1,66717.015625,0,0.0,145.28125,deepseek-r1:7b,-1
2025-06-08T15:37:27.776886,0.135777,24.4,0.0,60031.359375,49.6,66092.265625,0,0.0,145.28125,deepseek-r1:7b,-1
2025-06-08T15:37:27.879290,0.238181,15.2,0.0,60059.234375,49.6,66063.3125,0,0.0,145.28125,deepseek-r1:7b,-1
2025-06-08T15:37:27.982935,0.341826,9.8,0.0,60496.296875,49.9,65627.546875,0,0.0,145.28125,deepseek-r1:7b,-1
2025-06-08T15:37:28.084113,0.443004,9.4,0.0,60496.296875,49.9,65627.546875,0,0.0,145.28125,deepseek-r1:7b,-1
2025-06-08T15:37:28.189495,0.548386,8.8,0.0,60496.296875,49.9,65627.546875,0,0.0,145.28125,deepseek-r1:7b,-1
2025-06-08T15:37:28.294883,0.653774,10.5,0.0,60496.296875,49.9,65627.546875,0,0.0,145.28125,deepseek-r1:7b,-1
2025-06-08T15:37:28.399585,0.758476,8.6,0.0,60496.296875,49.9,65627.546875,0,0.0,145.28125,deepseek-r1:7b,-1
2025-06-08T15:37:28.501896,0.860787,0.0,0.0,60496.296875,49.9,65627.546875,0,0.0,145.28125,deepseek-r1:7b,-1
2025-06-08T15:37:28.605526,0.964417,0.0,0.0,60496.296875,49.9,65627.546875,0,0.0,145.28125,deepseek-r1:7b,-1
2025-06-08T15:37:28.707754,1.066645,9.9,0.0,60496.375,49.9,65629.53125,0,0.0,145.28125,deepseek-r1:7b,-1
2025-06-08T15:37:28.809552,1.168443,9.9,0.0,60496.421875,49.9,65630.140625,0,0.0,145.28125,deepseek-r1:7b,-1
2025-06-08T15:37:28.914917,1.273808,9.9,0.0,60496.4375,49.9,65630.375,0,0.0,145.28125,deepseek-r1:7b,-1
2025-06-08T15:37:29.020288,1.379179,10.8,0.0,60496.4375,49.9,65630.375,0,0.0,145.28125,deepseek-r1:7b,-1
2025-06-08T15:37:29.125730,1.484621,9.5,0.0,60496.4375,49.9,65630.375,0,0.0,145.28125,deepseek-r1:7b,-1
2025-06-08T15:37:29.230686,1.589577,9.0,0.0,60496.4375,49.9,65630.375,0,0.0,145.28125,deepseek-r1:7b,-1
2025-06-08T15:37:29.331553,1.690444,10.5,0.0,60496.4375,49.9,65630.375,0,0.0,145.28125,deepseek-r1:7b,-1
2025-06-08T15:37:29.436899,1.79579,9.5,0.0,60496.4375,49.9,65630.375,0,0.0,145.28125,deepseek-r1:7b,-1
2025-06-08T15:37:29.541218,1.900109,9.5,0.0,60496.4375,49.9,65630.375,0,0.0,145.28125,deepseek-r1:7b,-1
2025-06-08T15:37:29.646556,2.005447,9.0,0.0,60496.4375,49.9,65630.375,0,0.0,145.28125,deepseek-r1:7b,-1
2025-06-08T15:37:29.749378,2.108269,9.1,0.0,60376.34375,49.8,65748.921875,0,0.0,145.28125,deepseek-r1:7b,-1
2025-06-08T15:37:29.854789,2.21368,10.7,0.0,60376.34375,49.8,65749.3125,0,0.0,145.28125,deepseek-r1:7b,-1
2025-06-08T15:37:29.957231,2.316122,9.8,0.0,60376.34375,49.8,65749.65625,0,0.0,145.28125,deepseek-r1:7b,-1
2025-06-08T15:37:30.062626,2.421517,7.9,0.0,60376.34375,49.8,65749.65625,0,0.0,145.28125,deepseek-r1:7b,-1
2025-06-08T15:37:30.168024,2.526915,10.1,0.0,60376.34375,49.8,65749.65625,0,0.0,145.28125,deepseek-r1:7b,-1
2025-06-08T15:37:30.270084,2.628975,10.8,0.0,60376.34375,49.8,65749.65625,0,0.0,145.28125,deepseek-r1:7b,-1
2025-06-08T15:37:30.371180,2.730071,13.5,0.0,60376.34375,49.8,65749.65625,0,0.0,145.28125,deepseek-r1:7b,-1
2025-06-08T15:37:30.476365,2.835256,8.0,0.0,60376.34375,49.8,65749.65625,0,0.0,145.28125,deepseek-r1:7b,-1
2025-06-08T15:37:30.580985,2.939876,8.9,0.0,60376.34375,49.8,65749.65625,0,0.0,145.28125,deepseek-r1:7b,-1
2025-06-08T15:37:30.684667,3.043558,0.0,0.0,60376.34375,49.8,65749.65625,0,0.0,145.28125,deepseek-r1:7b,-1
2025-06-08T15:37:30.790015,3.148906,9.6,0.0,60376.390625,49.8,65746.140625,0,0.0,145.28125,deepseek-r1:7b,-1
2025-06-08T15:37:30.895389,3.25428,9.5,0.0,60376.390625,49.8,65746.140625,0,0.0,145.28125,deepseek-r1:7b,-1
2025-06-08T15:37:30.996245,3.355136,8.7,0.0,60376.390625,49.8,65746.140625,0,0.0,145.28125,deepseek-r1:7b,-1
2025-06-08T15:37:31.101631,3.460522,0.0,0.0,60376.390625,49.8,65746.140625,0,0.0,145.28125,deepseek-r1:7b,-1
2025-06-08T15:37:31.206962,3.565853,0.0,0.0,60376.390625,49.8,65746.140625,0,0.0,145.28125,deepseek-r1:7b,-1
2025-06-08T15:37:31.312063,3.670954,0.0,0.0,60376.390625,49.8,65746.140625,0,0.0,145.28125,deepseek-r1:7b,-1
2025-06-08T15:37:31.417484,3.776375,0.0,0.0,60376.390625,49.8,65746.140625,0,0.0,145.28125,deepseek-r1:7b,-1
2025-06-08T15:37:31.521027,3.879918,0.0,0.0,60376.390625,49.8,65746.140625,0,0.0,145.28125,deepseek-r1:7b,-1
2025-06-08T15:37:31.624556,3.983447,0.0,0.0,60376.390625,49.8,65746.140625,0,0.0,145.28125,deepseek-r1:7b,-1
2025-06-08T15:37:31.729762,4.088653,0.0,0.0,60376.390625,49.8,65746.140625,0,0.0,145.28125,deepseek-r1:7b,-1
2025-06-08T15:37:31.833932,4.192823,12.3,0.0,60364.765625,49.8,65760.953125,0,0.0,145.28125,deepseek-r1:7b,-1
2025-06-08T15:37:31.939287,4.298178,8.4,0.0,60364.78125,49.8,65761.203125,0,0.0,145.28125,deepseek-r1:7b,-1
2025-06-08T15:37:32.043781,4.402672,10.1,0.0,60364.78125,49.8,65761.546875,0,0.0,145.28125,deepseek-r1:7b,-1
2025-06-08T15:37:32.149159,4.50805,0.0,0.0,60364.78125,49.8,65761.546875,0,0.0,145.28125,deepseek-r1:7b,-1
2025-06-08T15:37:32.254217,4.613108,0.0,0.0,60364.78125,49.8,65761.546875,0,0.0,145.28125,deepseek-r1:7b,-1
2025-06-08T15:37:32.357867,4.716758,0.0,0.0,60364.78125,49.8,65761.546875,0,0.0,145.28125,deepseek-r1:7b,-1
2025-06-08T15:37:32.460501,4.819392,0.0,0.0,60364.78125,49.8,65761.546875,0,0.0,145.28125,deepseek-r1:7b,-1
2025-06-08T15:37:32.565866,4.924757,0.0,0.0,60364.78125,49.8,65761.546875,0,0.0,145.28125,deepseek-r1:7b,-1
2025-06-08T15:37:32.670872,5.029763,0.0,0.0,60364.78125,49.8,65761.546875,0,0.0,145.28125,deepseek-r1:7b,-1
2025-06-08T15:37:32.771546,5.130437,0.0,0.0,60364.78125,49.8,65761.546875,0,0.0,145.28125,deepseek-r1:7b,-1
2025-06-08T15:37:32.876884,5.235775,10.0,0.0,60360.984375,49.8,65769.0625,0,0.0,145.28125,deepseek-r1:7b,-1
2025-06-08T15:37:32.981017,5.339908,9.1,0.0,60360.984375,49.8,65769.40625,0,0.0,145.28125,deepseek-r1:7b,-1
2025-06-08T15:37:33.082857,5.441748,10.4,0.0,60361.0,49.8,65769.625,0,0.0,145.28125,deepseek-r1:7b,-1
2025-06-08T15:37:33.185354,5.544245,8.5,0.0,60361.0,49.8,65769.625,0,0.0,145.28125,deepseek-r1:7b,-1
2025-06-08T15:37:33.290742,5.649633,10.1,0.0,60361.0,49.8,65769.625,0,0.0,145.28125,deepseek-r1:7b,-1
2025-06-08T15:37:35.424969,0.022281,13.2,0.0,59780.375,49.4,66340.53125,0,0.0,144.453125,deepseek-r1:7b,-1
2025-06-08T15:37:35.525541,0.122853,21.6,0.0,60110.921875,49.6,66014.90625,0,0.0,144.453125,deepseek-r1:7b,-1
2025-06-08T15:37:35.629008,0.22632,20.6,0.0,60110.921875,49.6,66014.90625,0,0.0,144.453125,deepseek-r1:7b,-1
2025-06-08T15:37:35.731764,0.329076,8.3,0.0,60110.921875,49.6,66014.90625,0,0.0,144.453125,deepseek-r1:7b,-1
2025-06-08T15:37:35.833216,0.430528,11.0,0.0,60110.921875,49.6,66014.90625,0,0.0,144.453125,deepseek-r1:7b,-1
2025-06-08T15:37:35.938206,0.535518,10.2,0.0,60110.921875,49.6,66014.90625,0,0.0,144.453125,deepseek-r1:7b,-1
2025-06-08T15:37:36.039130,0.636442,0.0,0.0,60110.921875,49.6,66014.90625,0,0.0,144.453125,deepseek-r1:7b,-1
2025-06-08T15:37:36.144507,0.741819,0.0,0.0,60110.921875,49.6,66014.90625,0,0.0,144.453125,deepseek-r1:7b,-1
2025-06-08T15:37:36.245395,0.842707,0.0,0.0,60110.921875,49.6,66014.90625,0,0.0,144.453125,deepseek-r1:7b,-1
2025-06-08T15:37:36.349988,0.9473,0.0,0.0,60110.921875,49.6,66014.90625,0,0.0,144.453125,deepseek-r1:7b,-1
2025-06-08T15:37:36.453682,1.050994,10.2,0.0,60486.640625,49.9,65640.640625,0,0.0,144.453125,deepseek-r1:7b,-1
2025-06-08T15:37:36.559065,1.156377,10.2,0.0,60486.65625,49.9,65640.859375,0,0.0,144.453125,deepseek-r1:7b,-1
2025-06-08T15:37:36.659558,1.25687,8.7,0.0,60486.5,49.9,65641.375,0,0.0,144.453125,deepseek-r1:7b,-1
2025-06-08T15:37:36.763370,1.360682,9.7,0.0,60486.453125,49.9,65641.625,0,0.0,144.453125,deepseek-r1:7b,-1
2025-06-08T15:37:36.866186,1.463498,11.4,0.0,60486.453125,49.9,65641.625,0,0.0,144.453125,deepseek-r1:7b,-1
2025-06-08T15:37:36.971558,1.56887,10.1,0.0,60486.453125,49.9,65641.625,0,0.0,144.453125,deepseek-r1:7b,-1
2025-06-08T15:37:37.076926,1.674238,9.5,0.0,60486.453125,49.9,65641.625,0,0.0,144.453125,deepseek-r1:7b,-1
2025-06-08T15:37:37.178695,1.776007,9.3,0.0,60486.453125,49.9,65641.625,0,0.0,144.453125,deepseek-r1:7b,-1
2025-06-08T15:37:37.283309,1.880621,10.8,0.0,60486.453125,49.9,65641.625,0,0.0,144.453125,deepseek-r1:7b,-1
2025-06-08T15:37:37.388625,1.985937,11.2,0.0,60486.453125,49.9,65641.625,0,0.0,144.453125,deepseek-r1:7b,-1
2025-06-08T15:37:37.493949,2.091261,8.4,0.0,60365.8125,49.8,65765.703125,0,0.0,144.453125,deepseek-r1:7b,-1
2025-06-08T15:37:37.599293,2.196605,9.0,0.0,60365.90625,49.8,65766.046875,0,0.0,144.453125,deepseek-r1:7b,-1
2025-06-08T15:37:37.704704,2.302016,8.9,0.0,60365.90625,49.8,65766.046875,0,0.0,144.453125,deepseek-r1:7b,-1
2025-06-08T15:37:37.808305,2.405617,10.8,0.0,60365.90625,49.8,65766.046875,0,0.0,144.453125,deepseek-r1:7b,-1
2025-06-08T15:37:37.911971,2.509283,9.6,0.0,60365.90625,49.8,65766.046875,0,0.0,144.453125,deepseek-r1:7b,-1
2025-06-08T15:37:38.017349,2.614661,9.6,0.0,60365.90625,49.8,65766.046875,0,0.0,144.453125,deepseek-r1:7b,-1
2025-06-08T15:37:38.119517,2.716829,9.6,0.0,60365.90625,49.8,65766.046875,0,0.0,144.453125,deepseek-r1:7b,-1
2025-06-08T15:37:38.220160,2.817472,8.1,0.0,60365.90625,49.8,65766.046875,0,0.0,144.453125,deepseek-r1:7b,-1
2025-06-08T15:37:38.324959,2.922271,10.2,0.0,60365.90625,49.8,65766.046875,0,0.0,144.453125,deepseek-r1:7b,-1
2025-06-08T15:37:38.430346,3.027658,0.0,0.0,60365.90625,49.8,65766.046875,0,0.0,144.453125,deepseek-r1:7b,-1
2025-06-08T15:37:38.532082,3.129394,9.4,0.0,60366.171875,49.8,65761.0,0,0.0,144.453125,deepseek-r1:7b,-1
2025-06-08T15:37:38.636998,3.23431,9.5,0.0,60366.1875,49.8,65761.359375,0,0.0,144.453125,deepseek-r1:7b,-1
2025-06-08T15:37:38.742374,3.339686,0.0,0.0,60366.1875,49.8,65761.5625,0,0.0,144.453125,deepseek-r1:7b,-1
2025-06-08T15:37:38.845287,3.442599,0.0,0.0,60366.1875,49.8,65761.5625,0,0.0,144.453125,deepseek-r1:7b,-1
2025-06-08T15:37:38.947212,3.544524,0.0,0.0,60366.1875,49.8,65761.5625,0,0.0,144.453125,deepseek-r1:7b,-1
2025-06-08T15:37:39.049949,3.647261,0.0,0.0,60366.1875,49.8,65761.5625,0,0.0,144.453125,deepseek-r1:7b,-1
2025-06-08T15:37:39.155304,3.752616,0.0,0.0,60366.1875,49.8,65761.5625,0,0.0,144.453125,deepseek-r1:7b,-1
2025-06-08T15:37:39.260540,3.857852,0.0,0.0,60366.1875,49.8,65761.5625,0,0.0,144.453125,deepseek-r1:7b,-1
2025-06-08T15:37:39.365959,3.963271,0.0,0.0,60366.1875,49.8,65761.5625,0,0.0,144.453125,deepseek-r1:7b,-1
2025-06-08T15:37:39.470267,4.067579,0.0,0.0,60366.1875,49.8,65761.5625,0,0.0,144.453125,deepseek-r1:7b,-1
2025-06-08T15:37:39.575661,4.172973,11.2,0.0,60469.234375,49.9,65661.046875,0,0.0,144.453125,deepseek-r1:7b,-1
2025-06-08T15:37:39.681080,4.278392,10.7,0.0,60469.28125,49.9,65661.421875,0,0.0,144.453125,deepseek-r1:7b,-1
2025-06-08T15:37:39.786045,4.383357,9.1,0.0,60469.3125,49.9,65657.625,0,0.0,144.453125,deepseek-r1:7b,-1
2025-06-08T15:37:39.888421,4.485733,9.7,0.0,60469.3125,49.9,65657.625,0,0.0,144.453125,deepseek-r1:7b,-1
2025-06-08T15:37:39.989576,4.586888,10.4,0.0,60469.3125,49.9,65657.625,0,0.0,144.453125,deepseek-r1:7b,-1
2025-06-08T15:37:40.093922,4.691234,10.3,0.0,60469.3125,49.9,65657.625,0,0.7,144.453125,deepseek-r1:7b,-1
2025-06-08T15:37:40.195395,4.792707,7.9,0.0,60469.3125,49.9,65657.625,0,0.0,144.453125,deepseek-r1:7b,-1
2025-06-08T15:37:40.300717,4.898029,9.5,0.0,60469.3125,49.9,65657.625,0,0.0,144.453125,deepseek-r1:7b,-1
2025-06-08T15:37:40.401193,4.998505,0.0,0.0,60469.3125,49.9,65657.625,0,0.0,144.453125,deepseek-r1:7b,-1
2025-06-08T15:37:40.506343,5.103655,0.0,0.0,60469.3125,49.9,65657.625,0,0.0,144.453125,deepseek-r1:7b,-1
2025-06-08T15:37:40.607876,5.205188,9.0,0.0,60396.203125,49.8,65733.296875,0,0.0,144.453125,deepseek-r1:7b,-1
2025-06-08T15:37:40.708647,5.305959,8.0,0.0,60396.203125,49.8,65733.296875,0,0.0,144.453125,deepseek-r1:7b,-1
2025-06-08T15:37:40.814028,5.41134,0.0,0.0,60396.203125,49.8,65733.296875,0,0.0,144.453125,deepseek-r1:7b,-1
2025-06-08T15:37:40.919370,5.516682,0.0,0.0,60396.203125,49.8,65733.296875,0,0.0,144.453125,deepseek-r1:7b,-1
2025-06-08T15:37:41.023896,5.621208,0.0,0.0,60396.203125,49.8,65733.296875,0,0.0,144.453125,deepseek-r1:7b,-1
2025-06-08T15:37:41.127020,5.724332,0.0,0.0,60396.203125,49.8,65733.296875,0,0.0,144.453125,deepseek-r1:7b,-1
2025-06-08T15:37:41.232420,5.829732,0.0,0.0,60396.203125,49.8,65733.296875,0,0.0,144.453125,deepseek-r1:7b,-1
2025-06-08T15:37:41.337870,5.935182,0.0,0.0,60396.203125,49.8,65733.296875,0,0.1,144.453125,deepseek-r1:7b,-1
2025-06-08T15:37:41.443280,6.040592,0.0,0.0,60396.203125,49.8,65733.296875,0,0.0,144.453125,deepseek-r1:7b,-1
2025-06-08T15:37:41.548649,6.145961,0.0,0.0,60396.203125,49.8,65733.296875,0,0.0,144.453125,deepseek-r1:7b,-1
2025-06-08T15:37:41.650299,6.247611,8.2,0.0,60436.0625,49.9,65685.671875,0,0.0,144.453125,deepseek-r1:7b,-1
2025-06-08T15:37:41.751380,6.348692,8.6,0.0,60436.0625,49.9,65685.859375,0,0.0,144.453125,deepseek-r1:7b,-1
2025-06-08T15:37:41.856732,6.454044,8.8,0.0,60436.0625,49.9,65685.859375,0,0.0,144.453125,deepseek-r1:7b,-1
2025-06-08T15:37:41.962066,6.559378,8.9,0.0,60436.0625,49.9,65685.859375,0,0.0,144.453125,deepseek-r1:7b,-1
2025-06-08T15:37:42.064833,6.662145,7.3,0.0,60436.0625,49.9,65685.859375,0,0.0,144.453125,deepseek-r1:7b,-1
2025-06-08T15:37:42.170214,6.767526,6.6,0.0,60436.0625,49.9,65685.859375,0,0.0,144.453125,deepseek-r1:7b,-1
2025-06-08T15:37:42.274506,6.871818,9.0,0.0,60436.0625,49.9,65685.859375,0,0.0,144.453125,deepseek-r1:7b,-1
2025-06-08T15:37:42.379906,6.977218,8.3,0.0,60436.0625,49.9,65685.859375,0,0.0,144.453125,deepseek-r1:7b,-1
2025-06-08T15:37:42.485266,7.082578,7.8,0.0,60436.0625,49.9,65685.859375,0,0.0,144.453125,deepseek-r1:7b,-1
2025-06-08T15:37:42.590648,7.18796,0.0,0.0,60436.0625,49.9,65685.859375,0,0.0,144.453125,deepseek-r1:7b,-1
2025-06-08T15:37:42.696036,7.293348,8.0,0.0,60435.015625,49.9,65689.796875,0,0.0,144.453125,deepseek-r1:7b,-1
2025-06-08T15:37:42.797042,7.394354,8.6,0.0,60435.40625,49.9,65691.0,0,0.0,144.453125,deepseek-r1:7b,-1
2025-06-08T15:37:42.900103,7.497415,9.0,0.0,60435.40625,49.9,65691.0,0,0.0,144.453125,deepseek-r1:7b,-1
2025-06-08T15:37:43.001346,7.598658,9.8,0.0,60435.40625,49.9,65691.0,0,0.0,144.453125,deepseek-r1:7b,-1
2025-06-08T15:37:43.106719,7.704031,0.0,0.0,60435.40625,49.9,65691.0,0,0.0,144.453125,deepseek-r1:7b,-1
2025-06-08T15:37:43.212086,7.809398,0.0,0.0,60435.40625,49.9,65691.0,0,0.0,144.453125,deepseek-r1:7b,-1
2025-06-08T15:37:43.316549,7.913861,0.0,0.0,60435.40625,49.9,65691.0,0,0.0,144.453125,deepseek-r1:7b,-1
2025-06-08T15:37:43.421926,8.019238,0.0,0.0,60435.40625,49.9,65691.0,0,0.0,144.453125,deepseek-r1:7b,-1
2025-06-08T15:37:43.527280,8.124592,0.0,0.0,60435.40625,49.9,65691.0,0,0.0,144.453125,deepseek-r1:7b,-1
2025-06-08T15:37:43.632671,8.229983,0.0,0.0,60435.40625,49.9,65691.0,0,0.0,144.453125,deepseek-r1:7b,-1
2025-06-08T15:37:43.737643,8.334955,8.1,0.0,60434.3125,49.9,65695.234375,0,0.0,144.453125,deepseek-r1:7b,-1
2025-06-08T15:37:45.891900,0.041897,8.7,0.0,60383.65625,49.8,65741.734375,0,0.0,144.453125,deepseek-r1:7b,-1
2025-06-08T15:37:45.997065,0.147062,13.8,0.0,60185.0,49.7,65937.921875,0,0.0,144.453125,deepseek-r1:7b,-1
2025-06-08T15:37:46.102492,0.252489,13.7,0.0,60185.0,49.7,65937.921875,0,0.0,144.453125,deepseek-r1:7b,-1
2025-06-08T15:37:46.207844,0.357841,9.4,0.0,60185.0,49.7,65937.921875,0,0.0,144.453125,deepseek-r1:7b,-1
2025-06-08T15:37:46.309484,0.459481,9.8,0.0,60185.0,49.7,65937.921875,0,0.0,144.453125,deepseek-r1:7b,-1
2025-06-08T15:37:46.414883,0.56488,7.7,0.0,60185.0,49.7,65937.921875,0,0.0,144.453125,deepseek-r1:7b,-1
2025-06-08T15:37:46.517427,0.667424,6.8,0.0,60185.0,49.7,65937.921875,0,0.0,144.453125,deepseek-r1:7b,-1
2025-06-08T15:37:46.618430,0.768427,6.8,0.0,60185.0,49.7,65937.921875,0,0.0,144.453125,deepseek-r1:7b,-1
2025-06-08T15:37:46.719251,0.869248,7.5,0.0,60185.0,49.7,65937.921875,0,0.0,144.453125,deepseek-r1:7b,-1
2025-06-08T15:37:46.824615,0.974612,8.9,0.0,60185.0,49.7,65937.921875,0,0.0,144.453125,deepseek-r1:7b,-1
2025-06-08T15:37:46.930017,1.080014,9.4,0.0,60553.984375,50.0,65569.09375,0,0.0,144.453125,deepseek-r1:7b,-1
2025-06-08T15:37:47.032216,1.182213,6.7,0.0,60554.0,50.0,65569.296875,0,0.0,144.453125,deepseek-r1:7b,-1
2025-06-08T15:37:47.135234,1.285231,8.6,0.0,60554.0625,50.0,65569.625,0,0.0,144.453125,deepseek-r1:7b,-1
2025-06-08T15:37:47.240567,1.390564,8.2,0.0,60554.046875,50.0,65569.953125,0,0.0,144.453125,deepseek-r1:7b,-1
2025-06-08T15:37:47.345071,1.495068,11.0,0.0,60554.046875,50.0,65569.953125,0,0.0,144.453125,deepseek-r1:7b,-1
2025-06-08T15:37:47.450437,1.600434,0.0,0.0,60554.046875,50.0,65569.953125,0,0.0,144.453125,deepseek-r1:7b,-1
2025-06-08T15:37:47.555768,1.705765,0.0,0.0,60554.046875,50.0,65569.953125,0,0.0,144.453125,deepseek-r1:7b,-1
2025-06-08T15:37:47.661089,1.811086,0.0,0.0,60554.046875,50.0,65569.953125,0,0.0,144.453125,deepseek-r1:7b,-1
2025-06-08T15:37:47.763083,1.91308,0.0,0.0,60554.046875,50.0,65569.953125,0,0.0,144.453125,deepseek-r1:7b,-1
2025-06-08T15:37:47.866340,2.016337,0.0,0.0,60554.046875,50.0,65569.953125,0,0.0,144.453125,deepseek-r1:7b,-1
2025-06-08T15:37:47.969856,2.119853,7.9,0.0,60435.359375,49.9,65684.734375,0,0.0,144.453125,deepseek-r1:7b,-1
2025-06-08T15:37:48.075256,2.225253,8.2,0.0,60435.359375,49.9,65685.09375,0,0.0,144.453125,deepseek-r1:7b,-1
2025-06-08T15:37:48.180603,2.3306,6.0,0.0,60435.359375,49.9,65685.25,0,0.0,144.453125,deepseek-r1:7b,-1
2025-06-08T15:37:48.285936,2.435933,10.1,0.0,60435.359375,49.9,65685.25,0,0.0,144.453125,deepseek-r1:7b,-1
2025-06-08T15:37:48.391285,2.541282,7.1,0.0,60435.359375,49.9,65685.25,0,0.0,144.453125,deepseek-r1:7b,-1
2025-06-08T15:37:48.496660,2.646657,7.2,0.0,60435.359375,49.9,65685.25,0,0.0,144.453125,deepseek-r1:7b,-1
2025-06-08T15:37:48.602005,2.752002,0.0,0.0,60435.359375,49.9,65685.25,0,0.0,144.453125,deepseek-r1:7b,-1
2025-06-08T15:37:48.705276,2.855273,0.0,0.0,60435.359375,49.9,65685.25,0,0.0,144.453125,deepseek-r1:7b,-1
2025-06-08T15:37:48.810641,2.960638,0.0,0.0,60435.359375,49.9,65685.25,0,0.0,144.453125,deepseek-r1:7b,-1
2025-06-08T15:37:48.912928,3.062925,0.0,0.0,60435.359375,49.9,65685.25,0,0.0,144.453125,deepseek-r1:7b,-1
2025-06-08T15:37:49.014265,3.164262,8.2,0.0,60434.1875,49.9,65688.734375,0,0.0,144.453125,deepseek-r1:7b,-1
2025-06-08T15:37:49.119641,3.269638,8.4,0.0,60434.234375,49.9,65689.1875,0,0.0,144.453125,deepseek-r1:7b,-1
2025-06-08T15:37:49.225056,3.375053,13.1,0.0,60434.234375,49.9,65689.1875,0,0.0,144.453125,deepseek-r1:7b,-1
2025-06-08T15:37:49.325942,3.475939,10.5,0.0,60434.234375,49.9,65689.1875,0,0.0,144.453125,deepseek-r1:7b,-1
2025-06-08T15:37:49.426878,3.576875,7.5,0.0,60434.234375,49.9,65689.1875,0,0.0,144.453125,deepseek-r1:7b,-1
2025-06-08T15:37:49.532220,3.682217,8.2,0.0,60434.234375,49.9,65689.1875,0,0.0,144.453125,deepseek-r1:7b,-1
2025-06-08T15:37:49.637604,3.787601,7.1,0.0,60434.234375,49.9,65689.1875,0,0.0,144.453125,deepseek-r1:7b,-1
2025-06-08T15:37:49.741404,3.891401,7.8,0.0,60434.234375,49.9,65689.1875,0,0.0,144.453125,deepseek-r1:7b,-1
2025-06-08T15:37:49.846772,3.996769,7.7,0.0,60434.234375,49.9,65689.1875,0,0.0,144.453125,deepseek-r1:7b,-1
2025-06-08T15:37:49.947476,4.097473,8.2,0.0,60434.234375,49.9,65689.1875,0,0.0,144.453125,deepseek-r1:7b,-1
2025-06-08T15:37:50.052848,4.202845,8.3,0.0,60421.4375,49.9,65704.765625,0,0.0,144.453125,deepseek-r1:7b,-1
2025-06-08T15:37:50.158176,4.308173,7.6,0.0,60421.5,49.9,65704.921875,0,0.0,144.453125,deepseek-r1:7b,-1
2025-06-08T15:37:50.261353,4.41135,7.4,0.0,60421.5,49.9,65704.921875,0,0.0,144.453125,deepseek-r1:7b,-1
2025-06-08T15:37:50.366696,4.516693,11.8,0.0,60421.5,49.9,65704.921875,0,0.0,144.453125,deepseek-r1:7b,-1
2025-06-08T15:37:50.471912,4.621909,8.3,0.0,60421.5,49.9,65704.921875,0,0.0,144.453125,deepseek-r1:7b,-1
2025-06-08T15:37:50.577258,4.727255,7.1,0.0,60421.5,49.9,65704.921875,0,0.0,144.453125,deepseek-r1:7b,-1
2025-06-08T15:37:50.682665,4.832662,8.3,0.0,60421.5,49.9,65704.921875,0,0.0,144.453125,deepseek-r1:7b,-1
2025-06-08T15:37:50.788038,4.938035,6.7,0.0,60421.5,49.9,65704.921875,0,0.0,144.453125,deepseek-r1:7b,-1
2025-06-08T15:37:50.892660,5.042657,8.3,0.0,60421.5,49.9,65704.921875,0,0.0,144.453125,deepseek-r1:7b,-1
2025-06-08T15:37:50.998733,5.14873,8.1,0.0,60421.5,49.9,65704.921875,0,0.0,144.453125,deepseek-r1:7b,-1
2025-06-08T15:37:51.099679,5.249676,8.1,0.0,60421.40625,49.9,65705.328125,0,0.0,144.453125,deepseek-r1:7b,-1
2025-06-08T15:37:51.200178,5.350175,7.5,0.0,60421.40625,49.9,65705.484375,0,0.0,144.453125,deepseek-r1:7b,-1
2025-06-08T15:37:51.303218,5.453215,8.5,0.0,60420.71875,49.9,65706.390625,0,0.0,144.453125,deepseek-r1:7b,-1
2025-06-08T15:37:53.456867,0.041481,8.7,0.0,59483.890625,49.2,66645.296875,0,0.0,144.453125,deepseek-r1:7b,-1
2025-06-08T15:37:53.562029,0.146643,13.7,0.0,59483.890625,49.2,66645.296875,0,0.0,144.453125,deepseek-r1:7b,-1
2025-06-08T15:37:53.667493,0.252107,0.0,0.0,59483.890625,49.2,66645.296875,0,0.0,144.453125,deepseek-r1:7b,-1
2025-06-08T15:37:53.770864,0.355478,0.0,0.0,59483.890625,49.2,66645.296875,0,0.0,144.453125,deepseek-r1:7b,-1
2025-06-08T15:37:53.876220,0.460834,0.0,0.0,59483.890625,49.2,66645.296875,0,0.0,144.453125,deepseek-r1:7b,-1
2025-06-08T15:37:53.981584,0.566198,0.0,0.0,59483.890625,49.2,66645.296875,0,0.0,144.453125,deepseek-r1:7b,-1
2025-06-08T15:37:54.086959,0.671573,0.0,0.0,59483.890625,49.2,66645.296875,0,0.0,144.453125,deepseek-r1:7b,-1
2025-06-08T15:37:54.192361,0.776975,0.0,0.0,59483.890625,49.2,66645.296875,0,0.0,144.453125,deepseek-r1:7b,-1
2025-06-08T15:37:54.293418,0.878032,0.0,0.0,59483.890625,49.2,66645.296875,0,0.0,144.453125,deepseek-r1:7b,-1
2025-06-08T15:37:54.398781,0.983395,0.0,0.0,59483.890625,49.2,66645.296875,0,0.0,144.453125,deepseek-r1:7b,-1
2025-06-08T15:37:54.501973,1.086587,8.8,0.0,60540.5625,50.0,65586.34375,0,0.0,144.453125,deepseek-r1:7b,-1
2025-06-08T15:37:54.607343,1.191957,8.3,0.0,60540.328125,50.0,65586.765625,0,0.0,144.453125,deepseek-r1:7b,-1
2025-06-08T15:37:54.707835,1.292449,0.0,0.0,60540.171875,50.0,65587.265625,0,0.0,144.453125,deepseek-r1:7b,-1
2025-06-08T15:37:54.813178,1.397792,0.0,0.0,60541.40625,50.0,65583.46875,0,0.0,144.453125,deepseek-r1:7b,-1
2025-06-08T15:37:54.918534,1.503148,0.0,0.0,60541.40625,50.0,65583.46875,0,0.0,144.453125,deepseek-r1:7b,-1
2025-06-08T15:37:55.019503,1.604117,0.0,0.0,60541.40625,50.0,65583.46875,0,0.0,144.453125,deepseek-r1:7b,-1
2025-06-08T15:37:55.124860,1.709474,0.0,0.0,60541.40625,50.0,65583.46875,0,0.0,144.453125,deepseek-r1:7b,-1
2025-06-08T15:37:55.226947,1.811561,0.0,0.0,60541.40625,50.0,65583.46875,0,0.0,144.453125,deepseek-r1:7b,-1
2025-06-08T15:37:55.332258,1.916872,0.0,0.0,60541.40625,50.0,65583.46875,0,0.0,144.453125,deepseek-r1:7b,-1
2025-06-08T15:37:55.436292,2.020906,0.0,0.0,60541.40625,50.0,65583.46875,0,0.0,144.453125,deepseek-r1:7b,-1
2025-06-08T15:37:55.541482,2.126096,8.3,0.0,60421.40625,49.9,65711.328125,0,0.0,144.453125,deepseek-r1:7b,-1
2025-06-08T15:37:55.646954,2.231568,7.1,0.0,60421.421875,49.9,65711.546875,0,0.0,144.453125,deepseek-r1:7b,-1
2025-06-08T15:37:55.752349,2.336963,9.4,0.0,60421.421875,49.9,65711.546875,0,0.0,144.453125,deepseek-r1:7b,-1
2025-06-08T15:37:55.857714,2.442328,7.3,0.0,60421.421875,49.9,65711.546875,0,0.0,144.453125,deepseek-r1:7b,-1
2025-06-08T15:37:55.958405,2.543019,16.6,0.0,60421.421875,49.9,65711.546875,0,0.0,144.453125,deepseek-r1:7b,-1
2025-06-08T15:37:56.059261,2.643875,0.0,0.0,60421.421875,49.9,65711.546875,0,0.0,144.453125,deepseek-r1:7b,-1
2025-06-08T15:37:56.164631,2.749245,0.0,0.0,60421.421875,49.9,65711.546875,0,0.0,144.453125,deepseek-r1:7b,-1
2025-06-08T15:37:56.266266,2.85088,0.0,0.0,60421.421875,49.9,65711.546875,0,0.0,144.453125,deepseek-r1:7b,-1
2025-06-08T15:37:56.371644,2.956258,0.0,0.0,60421.421875,49.9,65711.546875,0,0.0,144.453125,deepseek-r1:7b,-1
2025-06-08T15:37:56.477008,3.061622,0.0,0.0,60421.421875,49.9,65711.546875,0,0.0,144.453125,deepseek-r1:7b,-1
2025-06-08T15:37:56.582331,3.166945,8.4,0.0,60417.5625,49.9,65714.28125,0,0.0,144.453125,deepseek-r1:7b,-1
2025-06-08T15:37:56.684016,3.26863,7.5,0.0,60417.5625,49.9,65714.578125,0,0.0,144.453125,deepseek-r1:7b,-1
2025-06-08T15:37:56.788942,3.373556,7.1,0.0,60417.59375,49.9,65714.734375,0,0.0,144.453125,deepseek-r1:7b,-1
2025-06-08T15:37:56.894267,3.478881,8.3,0.0,60417.59375,49.9,65714.734375,0,0.0,144.453125,deepseek-r1:7b,-1
2025-06-08T15:37:56.999612,3.584226,8.9,0.0,60417.59375,49.9,65714.734375,0,0.0,144.453125,deepseek-r1:7b,-1
2025-06-08T15:37:57.104943,3.689557,7.7,0.0,60417.59375,49.9,65714.734375,0,0.0,144.453125,deepseek-r1:7b,-1
2025-06-08T15:37:57.210272,3.794886,7.2,0.0,60417.59375,49.9,65714.734375,0,0.0,144.453125,deepseek-r1:7b,-1
2025-06-08T15:37:57.313044,3.897658,0.0,0.0,60417.59375,49.9,65714.734375,0,0.0,144.453125,deepseek-r1:7b,-1
2025-06-08T15:37:57.418412,4.003026,0.0,0.0,60417.59375,49.9,65714.734375,0,0.0,144.453125,deepseek-r1:7b,-1
2025-06-08T15:37:57.523785,4.108399,0.0,0.0,60417.59375,49.9,65714.734375,0,0.0,144.453125,deepseek-r1:7b,-1
2025-06-08T15:37:57.629117,4.213731,7.8,0.0,60417.5625,49.9,65710.234375,0,0.0,144.453125,deepseek-r1:7b,-1
2025-06-08T15:37:57.732909,4.317523,7.9,0.0,60417.5625,49.9,65710.53125,0,0.0,144.453125,deepseek-r1:7b,-1
2025-06-08T15:37:57.833589,4.418203,8.6,0.0,60417.5625,49.9,65710.53125,0,0.0,144.453125,deepseek-r1:7b,-1
2025-06-08T15:37:57.938972,4.523586,8.2,0.0,60417.5625,49.9,65710.53125,0,0.0,144.453125,deepseek-r1:7b,-1
2025-06-08T15:37:58.041258,4.625872,9.6,0.0,60417.5625,49.9,65710.53125,0,0.0,144.453125,deepseek-r1:7b,-1
2025-06-08T15:37:58.146599,4.731213,7.2,0.0,60417.5625,49.9,65710.53125,0,0.0,144.453125,deepseek-r1:7b,-1
2025-06-08T15:37:58.249562,4.834176,7.3,0.0,60417.5625,49.9,65710.53125,0,0.0,144.453125,deepseek-r1:7b,-1
2025-06-08T15:37:58.350634,4.935248,8.7,0.0,60417.5625,49.9,65710.53125,0,0.0,144.453125,deepseek-r1:7b,-1
2025-06-08T15:37:58.455999,5.040613,0.0,0.0,60417.5625,49.9,65710.53125,0,0.0,144.453125,deepseek-r1:7b,-1
2025-06-08T15:37:58.561396,5.14601,0.0,0.0,60417.5625,49.9,65710.53125,0,0.0,144.453125,deepseek-r1:7b,-1
2025-06-08T15:37:58.666577,5.251191,7.0,0.0,60417.515625,49.9,65712.875,0,0.0,144.453125,deepseek-r1:7b,-1
2025-06-08T15:37:58.771918,5.356532,8.7,0.0,60417.515625,49.9,65713.203125,0,0.0,144.453125,deepseek-r1:7b,-1
2025-06-08T15:37:58.872765,5.457379,8.1,0.0,60417.53125,49.9,65713.390625,0,0.0,144.453125,deepseek-r1:7b,-1
2025-06-08T15:37:58.978102,5.562716,7.7,0.0,60417.53125,49.9,65713.390625,0,0.0,144.453125,deepseek-r1:7b,-1
2025-06-08T15:37:59.081825,5.666439,8.4,0.0,60417.53125,49.9,65713.390625,0,0.0,144.453125,deepseek-r1:7b,-1
2025-06-08T15:37:59.187196,5.77181,7.1,0.0,60417.53125,49.9,65713.390625,0,0.0,144.453125,deepseek-r1:7b,-1
2025-06-08T15:37:59.291211,5.875825,8.4,0.0,60417.53125,49.9,65713.390625,0,0.0,144.453125,deepseek-r1:7b,-1
2025-06-08T15:37:59.396567,5.981181,7.8,0.0,60417.53125,49.9,65713.390625,0,0.0,144.453125,deepseek-r1:7b,-1
2025-06-08T15:37:59.501908,6.086522,7.7,0.0,60417.53125,49.9,65713.390625,0,0.0,144.453125,deepseek-r1:7b,-1
2025-06-08T15:37:59.607263,6.191877,0.0,0.0,60417.53125,49.9,65713.390625,0,0.0,144.453125,deepseek-r1:7b,-1
2025-06-08T15:37:59.712650,6.297264,6.8,0.0,60417.53125,49.9,65711.671875,0,0.0,144.453125,deepseek-r1:7b,-1
2025-06-08T15:37:59.816198,6.400812,9.0,0.0,60417.53125,49.9,65711.671875,0,0.0,144.453125,deepseek-r1:7b,-1
2025-06-08T15:37:59.921532,6.506146,7.8,0.0,60417.53125,49.9,65711.671875,0,0.0,144.453125,deepseek-r1:7b,-1
2025-06-08T15:38:00.026885,6.611499,9.0,0.0,60417.53125,49.9,65711.671875,0,0.0,144.453125,deepseek-r1:7b,-1
2025-06-08T15:38:00.128085,6.712699,8.0,0.0,60417.53125,49.9,65711.671875,0,0.0,144.453125,deepseek-r1:7b,-1
2025-06-08T15:38:00.233448,6.818062,7.7,0.0,60417.53125,49.9,65711.671875,0,0.0,144.453125,deepseek-r1:7b,-1
2025-06-08T15:38:00.338761,6.923375,0.0,0.0,60417.53125,49.9,65711.671875,0,0.0,144.453125,deepseek-r1:7b,-1
2025-06-08T15:38:00.442697,7.027311,0.0,0.0,60417.53125,49.9,65711.671875,0,0.0,144.453125,deepseek-r1:7b,-1
2025-06-08T15:38:00.546626,7.13124,0.0,0.0,60417.53125,49.9,65711.671875,0,0.0,144.453125,deepseek-r1:7b,-1
2025-06-08T15:38:00.647118,7.231732,0.0,0.0,60417.53125,49.9,65711.671875,0,0.0,144.453125,deepseek-r1:7b,-1
2025-06-08T15:38:00.752407,7.337021,7.6,0.0,60430.078125,49.9,65695.59375,0,0.0,144.453125,deepseek-r1:7b,-1
2025-06-08T15:38:00.853726,7.43834,8.7,0.0,60430.078125,49.9,65695.59375,0,0.0,144.453125,deepseek-r1:7b,-1
2025-06-08T15:38:00.959095,7.543709,8.2,0.0,60430.078125,49.9,65695.59375,0,0.0,144.453125,deepseek-r1:7b,-1
2025-06-08T15:38:03.113816,0.042291,8.7,0.0,59928.71875,49.5,66203.9375,0,0.0,144.453125,deepseek-r1:7b,-1
2025-06-08T15:38:03.218961,0.147436,13.3,0.0,59928.71875,49.5,66203.9375,0,0.0,144.453125,deepseek-r1:7b,-1
2025-06-08T15:38:03.319426,0.247901,0.0,0.0,59928.71875,49.5,66203.9375,0,0.0,144.453125,deepseek-r1:7b,-1
2025-06-08T15:38:03.419829,0.348304,0.0,0.0,59928.71875,49.5,66203.9375,0,0.0,144.453125,deepseek-r1:7b,-1
2025-06-08T15:38:03.524618,0.453093,0.0,0.0,59928.71875,49.5,66203.9375,0,0.0,144.453125,deepseek-r1:7b,-1
2025-06-08T15:38:03.628677,0.557152,0.0,0.0,59928.71875,49.5,66203.9375,0,0.0,144.453125,deepseek-r1:7b,-1
2025-06-08T15:38:03.732904,0.661379,0.0,0.0,59928.71875,49.5,66203.9375,0,0.0,144.453125,deepseek-r1:7b,-1
2025-06-08T15:38:03.838240,0.766715,0.0,0.0,59928.71875,49.5,66203.9375,0,0.0,144.453125,deepseek-r1:7b,-1
2025-06-08T15:38:03.939594,0.868069,0.0,0.0,59928.71875,49.5,66203.9375,0,0.0,144.453125,deepseek-r1:7b,-1
2025-06-08T15:38:04.044983,0.973458,0.0,0.0,59928.71875,49.5,66203.9375,0,0.0,144.453125,deepseek-r1:7b,-1
2025-06-08T15:38:04.149029,1.077504,8.5,0.0,60540.609375,50.0,65587.8125,0,0.0,144.453125,deepseek-r1:7b,-1
2025-06-08T15:38:04.249974,1.178449,8.6,0.0,60541.515625,50.0,65588.390625,0,0.0,144.453125,deepseek-r1:7b,-1
2025-06-08T15:38:04.355382,1.283857,8.2,0.0,60541.515625,50.0,65588.390625,0,0.0,144.453125,deepseek-r1:7b,-1
2025-06-08T15:38:04.460735,1.38921,7.9,0.0,60541.515625,50.0,65588.390625,0,0.0,144.453125,deepseek-r1:7b,-1
2025-06-08T15:38:04.566081,1.494556,6.5,0.0,60541.515625,50.0,65588.390625,0,0.0,144.453125,deepseek-r1:7b,-1
2025-06-08T15:38:04.671417,1.599892,7.7,0.0,60541.515625,50.0,65588.390625,0,0.0,144.453125,deepseek-r1:7b,-1
2025-06-08T15:38:04.776804,1.705279,0.0,0.0,60541.515625,50.0,65588.390625,0,0.0,144.453125,deepseek-r1:7b,-1
2025-06-08T15:38:04.877524,1.805999,0.0,0.0,60541.515625,50.0,65588.390625,0,0.0,144.453125,deepseek-r1:7b,-1
2025-06-08T15:38:04.982883,1.911358,0.0,0.0,60541.515625,50.0,65588.390625,0,0.0,144.453125,deepseek-r1:7b,-1
2025-06-08T15:38:05.087164,2.015639,0.0,0.0,60541.515625,50.0,65588.390625,0,0.0,144.453125,deepseek-r1:7b,-1
2025-06-08T15:38:05.192585,2.12106,8.1,0.0,60421.390625,49.9,65707.359375,0,0.0,144.453125,deepseek-r1:7b,-1
2025-06-08T15:38:05.297948,2.226423,7.8,0.0,60421.484375,49.9,65707.53125,0,0.0,144.453125,deepseek-r1:7b,-1
2025-06-08T15:38:05.403294,2.331769,7.8,0.0,60421.484375,49.9,65707.53125,0,0.0,144.453125,deepseek-r1:7b,-1
2025-06-08T15:38:05.505868,2.434343,7.2,0.0,60421.484375,49.9,65707.53125,0,0.0,144.453125,deepseek-r1:7b,-1
2025-06-08T15:38:05.611220,2.539695,8.2,0.0,60421.484375,49.9,65707.53125,0,0.0,144.453125,deepseek-r1:7b,-1
2025-06-08T15:38:05.716200,2.644675,8.2,0.0,60421.484375,49.9,65707.53125,0,0.0,144.453125,deepseek-r1:7b,-1
2025-06-08T15:38:05.821534,2.750009,8.4,0.0,60421.484375,49.9,65707.53125,0,0.0,144.453125,deepseek-r1:7b,-1
2025-06-08T15:38:05.924571,2.853046,9.0,0.0,60421.484375,49.9,65707.53125,0,0.0,144.453125,deepseek-r1:7b,-1
2025-06-08T15:38:06.029957,2.958432,6.6,0.0,60421.484375,49.9,65707.53125,0,0.0,144.453125,deepseek-r1:7b,-1
2025-06-08T15:38:06.135330,3.063805,0.0,0.0,60421.484375,49.9,65707.53125,0,0.0,144.453125,deepseek-r1:7b,-1
2025-06-08T15:38:06.240674,3.169149,7.4,0.0,60420.921875,49.9,65707.171875,0,0.0,144.453125,deepseek-r1:7b,-1
2025-06-08T15:38:06.346040,3.274515,9.5,0.0,60420.75,49.9,65707.6875,0,0.0,144.453125,deepseek-r1:7b,-1
2025-06-08T15:38:06.451400,3.379875,8.8,0.0,60420.84375,49.9,65708.109375,0,0.0,144.453125,deepseek-r1:7b,-1
2025-06-08T15:38:06.556749,3.485224,6.7,0.0,60420.859375,49.9,65708.46875,0,0.0,144.453125,deepseek-r1:7b,-1
2025-06-08T15:38:06.662128,3.590603,6.5,0.0,60420.859375,49.9,65708.46875,0,0.0,144.453125,deepseek-r1:7b,-1
2025-06-08T15:38:06.766169,3.694644,9.4,0.0,60420.859375,49.9,65708.46875,0,0.0,144.453125,deepseek-r1:7b,-1
2025-06-08T15:38:06.871546,3.800021,7.2,0.0,60420.859375,49.9,65708.46875,0,0.0,144.453125,deepseek-r1:7b,-1
2025-06-08T15:38:06.976926,3.905401,7.8,0.0,60420.859375,49.9,65708.46875,0,0.0,144.453125,deepseek-r1:7b,-1
2025-06-08T15:38:07.082341,4.010816,9.2,0.0,60420.859375,49.9,65708.46875,0,0.0,144.453125,deepseek-r1:7b,-1
2025-06-08T15:38:07.184157,4.112632,9.4,0.0,60420.859375,49.9,65708.46875,0,0.0,144.453125,deepseek-r1:7b,-1
2025-06-08T15:38:07.285179,4.213654,8.6,0.0,60420.828125,49.9,65716.171875,0,0.0,144.453125,deepseek-r1:7b,-1
2025-06-08T15:38:07.390527,4.319002,8.3,0.0,60420.84375,49.9,65716.5,0,0.0,144.453125,deepseek-r1:7b,-1
2025-06-08T15:38:07.492889,4.421364,6.8,0.0,60420.8125,49.9,65716.828125,0,0.0,144.453125,deepseek-r1:7b,-1
2025-06-08T15:38:07.595102,4.523577,0.0,0.0,60420.8125,49.9,65716.828125,0,0.0,144.453125,deepseek-r1:7b,-1
2025-06-08T15:38:07.700450,4.628925,0.0,0.0,60420.8125,49.9,65716.828125,0,0.0,144.453125,deepseek-r1:7b,-1
2025-06-08T15:38:07.805814,4.734289,0.0,0.0,60420.8125,49.9,65716.828125,0,0.0,144.453125,deepseek-r1:7b,-1
2025-06-08T15:38:07.907823,4.836298,0.0,0.0,60420.8125,49.9,65716.828125,0,0.0,144.453125,deepseek-r1:7b,-1
2025-06-08T15:38:08.013191,4.941666,0.0,0.0,60420.8125,49.9,65716.828125,0,0.0,144.453125,deepseek-r1:7b,-1
2025-06-08T15:38:08.117368,5.045843,0.0,0.0,60420.8125,49.9,65716.828125,0,0.0,144.453125,deepseek-r1:7b,-1
2025-06-08T15:38:08.222691,5.151166,0.0,0.0,60420.8125,49.9,65716.828125,0,0.0,144.453125,deepseek-r1:7b,-1
2025-06-08T15:38:08.325033,5.253508,8.0,0.0,60421.25,49.9,65719.875,0,0.0,144.453125,deepseek-r1:7b,-1
2025-06-08T15:38:08.426474,5.354949,8.6,0.0,60421.25,49.9,65719.875,0,0.0,144.453125,deepseek-r1:7b,-1
2025-06-08T15:38:08.531868,5.460343,6.5,0.0,60421.25,49.9,65719.875,0,0.0,144.453125,deepseek-r1:7b,-1
2025-06-08T15:38:08.634902,5.563377,0.0,0.0,60421.25,49.9,65719.875,0,0.0,144.453125,deepseek-r1:7b,-1
2025-06-08T15:38:08.737169,5.665644,0.0,0.0,60421.25,49.9,65719.875,0,0.0,144.453125,deepseek-r1:7b,-1
2025-06-08T15:38:08.841134,5.769609,0.0,0.0,60421.25,49.9,65719.875,0,0.0,144.453125,deepseek-r1:7b,-1
2025-06-08T15:38:08.946463,5.874938,0.0,0.0,60421.25,49.9,65719.875,0,0.0,144.453125,deepseek-r1:7b,-1
2025-06-08T15:38:09.050955,5.97943,0.0,0.0,60421.25,49.9,65719.875,0,0.0,144.453125,deepseek-r1:7b,-1
2025-06-08T15:38:09.156289,6.084764,0.0,0.0,60421.25,49.9,65719.875,0,0.0,144.453125,deepseek-r1:7b,-1
2025-06-08T15:38:09.261604,6.190079,0.0,0.0,60421.25,49.9,65719.875,0,0.0,144.453125,deepseek-r1:7b,-1
2025-06-08T15:38:09.366922,6.295397,7.9,0.0,60421.09375,49.9,65722.734375,0,0.0,144.453125,deepseek-r1:7b,-1
2025-06-08T15:38:09.472299,6.400774,7.1,0.0,60421.09375,49.9,65722.9375,0,0.0,144.453125,deepseek-r1:7b,-1
2025-06-08T15:38:09.577721,6.506196,7.1,0.0,60421.09375,49.9,65723.265625,0,0.0,144.453125,deepseek-r1:7b,-1
2025-06-08T15:38:09.680585,6.60906,7.3,0.0,60421.21875,49.9,65723.453125,0,0.0,144.453125,deepseek-r1:7b,-1
2025-06-08T15:38:09.785958,6.714433,10.1,0.0,60421.21875,49.9,65723.453125,0,0.0,144.453125,deepseek-r1:7b,-1
2025-06-08T15:38:09.891324,6.819799,7.7,0.0,60421.21875,49.9,65723.453125,0,0.0,144.453125,deepseek-r1:7b,-1
2025-06-08T15:38:09.992128,6.920603,8.1,0.0,60421.21875,49.9,65723.453125,0,0.0,144.453125,deepseek-r1:7b,-1
2025-06-08T15:38:10.097467,7.025942,7.1,0.0,60421.21875,49.9,65723.453125,0,0.0,144.453125,deepseek-r1:7b,-1
2025-06-08T15:38:10.202829,7.131304,0.0,0.0,60421.21875,49.9,65723.453125,0,0.0,144.453125,deepseek-r1:7b,-1
2025-06-08T15:38:10.308205,7.23668,0.0,0.0,60421.21875,49.9,65723.453125,0,0.0,144.453125,deepseek-r1:7b,-1
2025-06-08T15:38:12.445953,0.025537,8.6,0.0,59441.515625,49.1,66688.515625,0,0.0,144.453125,deepseek-r1:7b,-1
2025-06-08T15:38:12.549037,0.128621,13.0,0.0,60083.765625,49.6,66044.15625,0,0.0,144.453125,deepseek-r1:7b,-1
2025-06-08T15:38:12.654484,0.234068,14.0,0.0,60083.765625,49.6,66044.15625,0,0.0,144.453125,deepseek-r1:7b,-1
2025-06-08T15:38:12.756459,0.336043,9.3,0.0,60083.765625,49.6,66044.15625,0,0.0,144.453125,deepseek-r1:7b,-1
2025-06-08T15:38:12.857706,0.43729,8.1,0.0,60083.765625,49.6,66044.15625,0,0.0,144.453125,deepseek-r1:7b,-1
2025-06-08T15:38:12.958239,0.537823,8.6,0.0,60083.765625,49.6,66044.15625,0,0.0,144.453125,deepseek-r1:7b,-1
2025-06-08T15:38:13.063649,0.643233,0.0,0.0,60083.765625,49.6,66044.15625,0,0.0,144.453125,deepseek-r1:7b,-1
2025-06-08T15:38:13.169025,0.748609,0.0,0.0,60083.765625,49.6,66044.15625,0,0.0,144.453125,deepseek-r1:7b,-1
2025-06-08T15:38:13.274418,0.854002,0.0,0.0,60083.765625,49.6,66044.15625,0,0.0,144.453125,deepseek-r1:7b,-1
2025-06-08T15:38:13.379692,0.959276,0.0,0.0,60083.765625,49.6,66044.15625,0,0.0,144.453125,deepseek-r1:7b,-1
2025-06-08T15:38:13.480838,1.060422,7.7,0.0,60540.1875,50.0,65589.640625,0,0.0,144.453125,deepseek-r1:7b,-1
2025-06-08T15:38:13.586256,1.16584,9.6,0.0,60539.9375,50.0,65590.25,0,0.0,144.453125,deepseek-r1:7b,-1
2025-06-08T15:38:13.691581,1.271165,7.6,0.0,60539.9375,50.0,65590.25,0,0.0,144.453125,deepseek-r1:7b,-1
2025-06-08T15:38:13.796928,1.376512,9.6,0.0,60539.9375,50.0,65590.25,0,0.0,144.453125,deepseek-r1:7b,-1
2025-06-08T15:38:13.900137,1.479721,0.0,0.0,60539.9375,50.0,65590.25,0,0.0,144.453125,deepseek-r1:7b,-1
2025-06-08T15:38:14.005516,1.5851,0.0,0.0,60539.9375,50.0,65590.25,0,0.0,144.453125,deepseek-r1:7b,-1
2025-06-08T15:38:14.105940,1.685524,0.0,0.0,60539.9375,50.0,65590.25,0,0.0,144.453125,deepseek-r1:7b,-1
2025-06-08T15:38:14.208040,1.787624,0.0,0.0,60539.9375,50.0,65590.25,0,0.0,144.453125,deepseek-r1:7b,-1
2025-06-08T15:38:14.313362,1.892946,0.0,0.0,60539.9375,50.0,65590.25,0,0.0,144.453125,deepseek-r1:7b,-1
2025-06-08T15:38:14.416009,1.995593,0.0,0.0,60539.9375,50.0,65590.25,0,0.0,144.453125,deepseek-r1:7b,-1
2025-06-08T15:38:14.517581,2.097165,8.1,0.0,60421.09375,49.9,65712.765625,0,0.0,144.453125,deepseek-r1:7b,-1
2025-06-08T15:38:14.620903,2.200487,6.1,0.0,60421.078125,49.9,65709.09375,0,0.0,144.453125,deepseek-r1:7b,-1
2025-06-08T15:38:14.724337,2.303921,7.8,0.0,60421.078125,49.9,65709.25,0,0.0,144.453125,deepseek-r1:7b,-1
2025-06-08T15:38:14.826604,2.406188,8.1,0.0,60421.078125,49.9,65709.25,0,0.0,144.453125,deepseek-r1:7b,-1
2025-06-08T15:38:14.931951,2.511535,8.1,0.0,60421.078125,49.9,65709.25,0,0.0,144.453125,deepseek-r1:7b,-1
2025-06-08T15:38:15.037041,2.616625,7.3,0.0,60421.078125,49.9,65709.25,0,0.0,144.453125,deepseek-r1:7b,-1
2025-06-08T15:38:15.138008,2.717592,9.1,0.0,60421.078125,49.9,65709.25,0,0.0,144.453125,deepseek-r1:7b,-1
2025-06-08T15:38:15.243385,2.822969,6.6,0.0,60421.078125,49.9,65709.25,0,0.0,144.453125,deepseek-r1:7b,-1
2025-06-08T15:38:15.348705,2.928289,8.9,0.0,60421.078125,49.9,65709.25,0,0.0,144.453125,deepseek-r1:7b,-1
2025-06-08T15:38:15.454065,3.033649,6.6,0.0,60421.078125,49.9,65709.25,0,0.0,144.453125,deepseek-r1:7b,-1
2025-06-08T15:38:15.556223,3.135807,7.3,0.0,60420.03125,49.9,65712.671875,0,0.0,144.453125,deepseek-r1:7b,-1
2025-06-08T15:38:15.661544,3.241128,7.7,0.0,60419.90625,49.9,65713.109375,0,0.0,144.453125,deepseek-r1:7b,-1
2025-06-08T15:38:15.765144,3.344728,8.9,0.0,60419.90625,49.9,65713.109375,0,0.0,144.453125,deepseek-r1:7b,-1
2025-06-08T15:38:15.868246,3.44783,9.0,0.0,60419.90625,49.9,65713.109375,0,0.0,144.453125,deepseek-r1:7b,-1
2025-06-08T15:38:15.973558,3.553142,8.8,0.0,60419.90625,49.9,65713.109375,0,0.0,144.453125,deepseek-r1:7b,-1
2025-06-08T15:38:16.076693,3.656277,6.8,0.0,60419.90625,49.9,65713.109375,0,0.0,144.453125,deepseek-r1:7b,-1
2025-06-08T15:38:16.182011,3.761595,6.0,0.0,60419.90625,49.9,65713.109375,0,0.0,144.453125,deepseek-r1:7b,-1
2025-06-08T15:38:16.287325,3.866909,7.3,0.0,60419.90625,49.9,65713.109375,0,0.0,144.453125,deepseek-r1:7b,-1
2025-06-08T15:38:16.392648,3.972232,0.0,0.0,60419.90625,49.9,65713.109375,0,0.0,144.453125,deepseek-r1:7b,-1
2025-06-08T15:38:16.497981,4.077565,0.0,0.0,60419.90625,49.9,65713.109375,0,0.0,144.453125,deepseek-r1:7b,-1
2025-06-08T15:38:16.598935,4.178519,8.2,0.0,60419.890625,49.9,65711.5,0,0.0,144.453125,deepseek-r1:7b,-1
2025-06-08T15:38:16.704331,4.283915,7.7,0.0,60419.890625,49.9,65711.65625,0,0.0,144.453125,deepseek-r1:7b,-1
2025-06-08T15:38:16.809711,4.389295,8.3,0.0,60419.890625,49.9,65711.96875,0,0.0,144.453125,deepseek-r1:7b,-1
2025-06-08T15:38:16.910887,4.490471,7.5,0.0,60419.890625,49.9,65711.96875,0,0.0,144.453125,deepseek-r1:7b,-1
2025-06-08T15:38:17.015452,4.595036,8.9,0.0,60419.890625,49.9,65711.96875,0,0.0,144.453125,deepseek-r1:7b,-1
2025-06-08T15:38:17.116115,4.695699,8.8,0.0,60419.890625,49.9,65711.96875,0,0.0,144.453125,deepseek-r1:7b,-1
2025-06-08T15:38:17.221275,4.800859,0.0,0.0,60419.890625,49.9,65711.96875,0,0.0,144.453125,deepseek-r1:7b,-1
2025-06-08T15:38:17.326456,4.90604,0.0,0.0,60419.890625,49.9,65711.96875,0,0.0,144.453125,deepseek-r1:7b,-1
2025-06-08T15:38:17.427083,5.006667,0.0,0.0,60419.890625,49.9,65711.96875,0,0.0,144.453125,deepseek-r1:7b,-1
2025-06-08T15:38:17.532497,5.112081,0.0,0.0,60419.890625,49.9,65711.96875,0,0.0,144.453125,deepseek-r1:7b,-1
2025-06-08T15:38:17.637869,5.217453,8.1,0.0,60420.0,49.9,65712.0625,0,0.0,144.453125,deepseek-r1:7b,-1
2025-06-08T15:38:17.743062,5.322646,7.7,0.0,60420.0,49.9,65712.0625,0,0.0,144.453125,deepseek-r1:7b,-1
2025-06-08T15:38:17.848436,5.42802,0.0,0.0,60420.0,49.9,65712.0625,0,0.0,144.453125,deepseek-r1:7b,-1
2025-06-08T15:38:17.950775,5.530359,0.0,0.0,60420.0,49.9,65712.0625,0,0.0,144.453125,deepseek-r1:7b,-1
2025-06-08T15:38:18.056133,5.635717,0.0,0.0,60420.0,49.9,65712.0625,0,0.0,144.453125,deepseek-r1:7b,-1
2025-06-08T15:38:18.161183,5.740767,0.0,0.0,60420.0,49.9,65712.0625,0,0.0,144.453125,deepseek-r1:7b,-1
2025-06-08T15:38:18.261667,5.841251,0.0,0.0,60420.0,49.9,65712.0625,0,0.0,144.453125,deepseek-r1:7b,-1
2025-06-08T15:38:18.366992,5.946576,0.0,0.0,60420.0,49.9,65712.0625,0,0.0,144.453125,deepseek-r1:7b,-1
2025-06-08T15:38:18.472307,6.051891,0.0,0.0,60420.0,49.9,65712.0625,0,0.0,144.453125,deepseek-r1:7b,-1
2025-06-08T15:38:18.577649,6.157233,0.0,0.0,60420.0,49.9,65712.0625,0,0.0,144.453125,deepseek-r1:7b,-1
2025-06-08T15:38:18.683022,6.262606,7.7,0.0,60420.5,49.9,65714.546875,0,0.0,144.453125,deepseek-r1:7b,-1
2025-06-08T15:38:20.821305,0.030277,8.4,0.0,59498.921875,49.2,66637.75,0,0.0,144.46875,deepseek-r1:7b,-1
2025-06-08T15:38:20.926455,0.135427,16.0,0.0,60038.140625,49.6,66100.09375,0,0.0,144.46875,deepseek-r1:7b,-1
2025-06-08T15:38:21.031939,0.240911,13.0,0.0,60102.484375,49.6,66034.875,0,0.0,144.46875,deepseek-r1:7b,-1
2025-06-08T15:38:21.135625,0.344597,7.9,0.0,60102.453125,49.6,66034.875,0,0.0,144.46875,deepseek-r1:7b,-1
2025-06-08T15:38:21.240995,0.449967,7.8,0.0,60102.453125,49.6,66034.875,0,0.0,144.46875,deepseek-r1:7b,-1
2025-06-08T15:38:21.341562,0.550534,8.1,0.0,60102.453125,49.6,66034.875,0,0.0,144.46875,deepseek-r1:7b,-1
2025-06-08T15:38:21.446929,0.655901,0.0,0.0,60102.453125,49.6,66034.875,0,0.0,144.46875,deepseek-r1:7b,-1
2025-06-08T15:38:21.552330,0.761302,0.0,0.0,60102.453125,49.6,66034.875,0,0.0,144.46875,deepseek-r1:7b,-1
2025-06-08T15:38:21.657788,0.86676,0.0,0.0,60102.453125,49.6,66034.875,0,0.0,144.46875,deepseek-r1:7b,-1
2025-06-08T15:38:21.763247,0.972219,0.0,0.0,60102.453125,49.6,66034.875,0,0.0,144.46875,deepseek-r1:7b,-1
2025-06-08T15:38:21.865126,1.074098,7.6,0.0,60541.15625,50.0,65596.875,0,0.0,144.46875,deepseek-r1:7b,-1
2025-06-08T15:38:21.969701,1.178673,10.1,0.0,60541.15625,50.0,65597.0625,0,0.0,144.46875,deepseek-r1:7b,-1
2025-06-08T15:38:22.075040,1.284012,0.0,0.0,60541.171875,50.0,65597.390625,0,0.0,144.46875,deepseek-r1:7b,-1
2025-06-08T15:38:22.177178,1.38615,0.0,0.0,60541.171875,50.0,65597.390625,0,0.0,144.46875,deepseek-r1:7b,-1
2025-06-08T15:38:22.282344,1.491316,0.0,0.0,60541.171875,50.0,65597.390625,0,0.0,144.46875,deepseek-r1:7b,-1
2025-06-08T15:38:22.387708,1.59668,0.0,0.0,60541.171875,50.0,65597.390625,0,0.0,144.46875,deepseek-r1:7b,-1
2025-06-08T15:38:22.488417,1.697389,0.0,0.0,60541.171875,50.0,65597.390625,0,0.0,144.46875,deepseek-r1:7b,-1
2025-06-08T15:38:22.593774,1.802746,0.0,0.0,60541.171875,50.0,65597.390625,0,0.0,144.46875,deepseek-r1:7b,-1
2025-06-08T15:38:22.699113,1.908085,0.0,0.0,60541.171875,50.0,65597.390625,0,0.0,144.46875,deepseek-r1:7b,-1
2025-06-08T15:38:22.802431,2.011403,0.0,0.0,60541.171875,50.0,65597.390625,0,0.0,144.46875,deepseek-r1:7b,-1
2025-06-08T15:38:22.903628,2.1126,8.2,0.0,60422.171875,49.9,65709.25,0,0.0,144.46875,deepseek-r1:7b,-1
2025-06-08T15:38:23.008951,2.217923,7.3,0.0,60422.171875,49.9,65709.25,0,0.0,144.46875,deepseek-r1:7b,-1
2025-06-08T15:38:23.114321,2.323293,7.6,0.0,60422.171875,49.9,65709.25,0,0.0,144.46875,deepseek-r1:7b,-1
2025-06-08T15:38:23.214963,2.423935,6.4,0.0,60422.171875,49.9,65709.25,0,0.0,144.46875,deepseek-r1:7b,-1
2025-06-08T15:38:23.315819,2.524791,8.0,0.0,60422.171875,49.9,65709.25,0,0.0,144.46875,deepseek-r1:7b,-1
2025-06-08T15:38:23.416193,2.625165,9.8,0.0,60422.171875,49.9,65709.25,0,0.0,144.46875,deepseek-r1:7b,-1
2025-06-08T15:38:23.521499,2.730471,6.1,0.0,60422.171875,49.9,65709.25,0,0.0,144.46875,deepseek-r1:7b,-1
2025-06-08T15:38:23.626826,2.835798,7.6,0.0,60422.171875,49.9,65709.25,0,0.0,144.46875,deepseek-r1:7b,-1
2025-06-08T15:38:23.729526,2.938498,0.0,0.0,60422.171875,49.9,65709.25,0,0.0,144.46875,deepseek-r1:7b,-1
2025-06-08T15:38:23.833251,3.042223,0.0,0.0,60422.171875,49.9,65709.25,0,0.0,144.46875,deepseek-r1:7b,-1
2025-06-08T15:38:23.938628,3.1476,8.8,0.0,60421.265625,49.9,65708.96875,0,0.0,144.46875,deepseek-r1:7b,-1
2025-06-08T15:38:24.043988,3.25296,8.2,0.0,60421.265625,49.9,65708.96875,0,0.0,144.46875,deepseek-r1:7b,-1
2025-06-08T15:38:24.149306,3.358278,6.0,0.0,60421.265625,49.9,65708.96875,0,0.0,144.46875,deepseek-r1:7b,-1
2025-06-08T15:38:24.254604,3.463576,8.4,0.0,60421.265625,49.9,65708.96875,0,0.0,144.46875,deepseek-r1:7b,-1
2025-06-08T15:38:24.359161,3.568133,8.3,0.0,60421.265625,49.9,65708.96875,0,0.0,144.46875,deepseek-r1:7b,-1
2025-06-08T15:38:24.464538,3.67351,7.7,0.0,60421.265625,49.9,65708.96875,0,0.0,144.46875,deepseek-r1:7b,-1
2025-06-08T15:38:24.569899,3.778871,7.1,0.0,60421.265625,49.9,65708.96875,0,0.0,144.46875,deepseek-r1:7b,-1
2025-06-08T15:38:24.675230,3.884202,8.1,0.0,60421.265625,49.9,65708.96875,0,0.0,144.46875,deepseek-r1:7b,-1
2025-06-08T15:38:24.779002,3.987974,7.4,0.0,60421.265625,49.9,65708.96875,0,0.0,144.46875,deepseek-r1:7b,-1
2025-06-08T15:38:24.884336,4.093308,8.2,0.0,60421.265625,49.9,65708.96875,0,0.0,144.46875,deepseek-r1:7b,-1
2025-06-08T15:38:24.989658,4.19863,8.3,0.0,60421.09375,49.9,65707.8125,0,0.0,144.46875,deepseek-r1:7b,-1
2025-06-08T15:38:25.095034,4.304006,7.1,0.0,60421.09375,49.9,65708.109375,0,0.0,144.46875,deepseek-r1:7b,-1
2025-06-08T15:38:25.200363,4.409335,0.0,0.0,60421.375,49.9,65708.515625,0,0.0,144.46875,deepseek-r1:7b,-1
2025-06-08T15:38:25.305716,4.514688,0.0,0.0,60421.375,49.9,65708.515625,0,0.0,144.46875,deepseek-r1:7b,-1
2025-06-08T15:38:25.406423,4.615395,0.0,0.0,60421.375,49.9,65708.515625,0,0.0,144.46875,deepseek-r1:7b,-1
2025-06-08T15:38:25.511803,4.720775,0.0,0.0,60421.375,49.9,65708.515625,0,0.0,144.46875,deepseek-r1:7b,-1
2025-06-08T15:38:25.617104,4.826076,0.0,0.0,60421.375,49.9,65708.515625,0,0.0,144.46875,deepseek-r1:7b,-1
2025-06-08T15:38:25.722420,4.931392,0.0,0.0,60421.375,49.9,65708.515625,0,0.0,144.46875,deepseek-r1:7b,-1
2025-06-08T15:38:25.827723,5.036695,0.0,0.0,60421.375,49.9,65708.515625,0,0.0,144.46875,deepseek-r1:7b,-1
2025-06-08T15:38:25.933031,5.142003,0.0,0.0,60421.375,49.9,65708.515625,0,0.0,144.46875,deepseek-r1:7b,-1
2025-06-08T15:38:26.038341,5.247313,9.0,0.0,60421.296875,49.9,65706.8125,0,0.0,144.46875,deepseek-r1:7b,-1
2025-06-08T15:38:26.143687,5.352659,6.5,0.0,60421.296875,49.9,65707.0,0,0.0,144.46875,deepseek-r1:7b,-1
2025-06-08T15:38:26.248220,5.457192,8.4,0.0,60421.296875,49.9,65707.296875,0,0.0,144.46875,deepseek-r1:7b,-1
2025-06-08T15:38:26.350885,5.559857,8.5,0.0,60421.296875,49.9,65707.296875,0,0.0,144.46875,deepseek-r1:7b,-1
2025-06-08T15:38:26.451473,5.660445,0.0,0.0,60421.296875,49.9,65707.296875,0,0.0,144.46875,deepseek-r1:7b,-1
2025-06-08T15:38:26.556862,5.765834,0.0,0.0,60421.296875,49.9,65707.296875,0,0.0,144.46875,deepseek-r1:7b,-1
2025-06-08T15:38:26.662184,5.871156,0.0,0.0,60421.296875,49.9,65707.296875,0,0.0,144.46875,deepseek-r1:7b,-1
2025-06-08T15:38:26.767550,5.976522,0.0,0.0,60421.296875,49.9,65707.296875,0,0.0,144.46875,deepseek-r1:7b,-1
2025-06-08T15:38:26.868929,6.077901,0.0,0.0,60421.296875,49.9,65707.296875,0,0.0,144.46875,deepseek-r1:7b,-1
2025-06-08T15:38:26.974271,6.183243,0.0,0.0,60421.296875,49.9,65707.296875,0,0.0,144.46875,deepseek-r1:7b,-1
2025-06-08T15:38:27.079604,6.288576,7.6,0.0,60421.375,49.9,65709.28125,0,0.0,144.46875,deepseek-r1:7b,-1
2025-06-08T15:38:27.184954,6.393926,6.4,0.0,60421.375,49.9,65709.28125,0,0.0,144.46875,deepseek-r1:7b,-1
2025-06-08T15:38:27.287883,6.496855,0.0,0.0,60421.375,49.9,65709.28125,0,0.0,144.46875,deepseek-r1:7b,-1
2025-06-08T15:38:27.388988,6.59796,0.0,0.0,60421.375,49.9,65709.28125,0,0.0,144.46875,deepseek-r1:7b,-1
2025-06-08T15:38:27.494305,6.703277,0.0,0.0,60421.375,49.9,65709.28125,0,0.0,144.46875,deepseek-r1:7b,-1
2025-06-08T15:38:27.599661,6.808633,0.0,0.0,60421.375,49.9,65709.28125,0,0.0,144.46875,deepseek-r1:7b,-1
2025-06-08T15:38:27.700996,6.909968,0.0,0.0,60421.375,49.9,65709.28125,0,0.0,144.46875,deepseek-r1:7b,-1
2025-06-08T15:38:27.806384,7.015356,0.0,0.0,60421.375,49.9,65709.28125,0,0.0,144.46875,deepseek-r1:7b,-1
2025-06-08T15:38:27.907168,7.11614,0.0,0.0,60421.375,49.9,65709.28125,0,0.0,144.46875,deepseek-r1:7b,-1
2025-06-08T15:38:28.012521,7.221493,0.0,0.0,60421.375,49.9,65709.28125,0,0.0,144.46875,deepseek-r1:7b,-1
2025-06-08T15:38:28.117886,7.326858,8.1,0.0,60421.21875,49.9,65712.21875,0,0.0,144.46875,deepseek-r1:7b,-1
2025-06-08T15:38:28.223241,7.432213,6.5,0.0,60421.21875,49.9,65712.484375,0,0.0,144.46875,deepseek-r1:7b,-1
2025-06-08T15:38:28.327065,7.536037,8.5,0.0,60421.21875,49.9,65712.484375,0,0.0,144.46875,deepseek-r1:7b,-1
2025-06-08T15:38:28.430794,7.639766,7.9,0.0,60421.21875,49.9,65712.484375,0,0.0,144.46875,deepseek-r1:7b,-1
2025-06-08T15:38:28.536138,7.74511,5.9,0.0,60421.21875,49.9,65712.484375,0,0.0,144.46875,deepseek-r1:7b,-1
2025-06-08T15:38:28.641450,7.850422,7.8,0.0,60421.21875,49.9,65712.484375,0,0.0,144.46875,deepseek-r1:7b,-1
2025-06-08T15:38:28.746754,7.955726,8.3,0.0,60421.21875,49.9,65712.484375,0,0.0,144.46875,deepseek-r1:7b,-1
2025-06-08T15:38:28.852107,8.061079,7.1,0.0,60421.21875,49.9,65712.484375,0,0.0,144.46875,deepseek-r1:7b,-1
2025-06-08T15:38:28.957084,8.166056,8.9,0.0,60421.21875,49.9,65712.484375,0,0.0,144.46875,deepseek-r1:7b,-1
2025-06-08T15:38:29.058270,8.267242,0.0,0.0,60421.21875,49.9,65712.484375,0,0.0,144.46875,deepseek-r1:7b,-1
2025-06-08T15:38:29.161455,8.370427,7.6,0.0,60421.09375,49.9,65711.0,0,0.0,144.46875,deepseek-r1:7b,-1
2025-06-08T15:38:29.263652,8.472624,7.3,0.0,60421.078125,49.9,65711.296875,0,0.0,144.46875,deepseek-r1:7b,-1
2025-06-08T15:38:29.369007,8.577979,7.8,0.0,60421.09375,49.9,65711.484375,0,0.0,144.46875,deepseek-r1:7b,-1
2025-06-08T15:38:29.474378,8.68335,0.0,0.0,60421.09375,49.9,65711.484375,0,0.0,144.46875,deepseek-r1:7b,-1
2025-06-08T15:38:29.579746,8.788718,0.0,0.0,60421.09375,49.9,65711.484375,0,0.0,144.46875,deepseek-r1:7b,-1
2025-06-08T15:38:29.685049,8.894021,0.0,0.0,60421.09375,49.9,65711.484375,0,0.0,144.46875,deepseek-r1:7b,-1
2025-06-08T15:38:29.788217,8.997189,0.0,0.0,60421.09375,49.9,65711.484375,0,0.0,144.46875,deepseek-r1:7b,-1
2025-06-08T15:38:29.890696,9.099668,0.0,0.0,60421.09375,49.9,65711.484375,0,0.0,144.46875,deepseek-r1:7b,-1
2025-06-08T15:38:29.996087,9.205059,0.0,0.0,60421.09375,49.9,65711.484375,0,0.0,144.46875,deepseek-r1:7b,-1
2025-06-08T15:38:30.101445,9.310417,0.0,0.0,60421.09375,49.9,65711.484375,0,0.0,144.46875,deepseek-r1:7b,-1
2025-06-08T15:38:30.206804,9.415776,7.8,0.0,60418.109375,49.9,65716.71875,0,0.0,144.46875,deepseek-r1:7b,-1
2025-06-08T15:38:30.311191,9.520163,9.0,0.0,60418.109375,49.9,65717.0,0,0.0,144.46875,deepseek-r1:7b,-1
2025-06-08T15:38:30.412363,9.621335,8.0,0.0,60418.109375,49.9,65717.0,0,0.0,144.46875,deepseek-r1:7b,-1
2025-06-08T15:38:30.517733,9.726705,0.0,0.0,60418.109375,49.9,65717.0,0,0.0,144.46875,deepseek-r1:7b,-1
2025-06-08T15:38:30.623089,9.832061,0.0,0.0,60418.109375,49.9,65717.0,0,0.0,144.46875,deepseek-r1:7b,-1
2025-06-08T15:38:30.728484,9.937456,0.0,0.0,60418.109375,49.9,65717.0,0,0.0,144.46875,deepseek-r1:7b,-1
2025-06-08T15:38:30.832326,10.041298,0.0,0.0,60418.109375,49.9,65717.0,0,0.0,144.46875,deepseek-r1:7b,-1
2025-06-08T15:38:30.936534,10.145506,0.0,0.0,60418.109375,49.9,65717.0,0,0.0,144.46875,deepseek-r1:7b,-1
2025-06-08T15:38:31.038905,10.247877,0.0,0.0,60418.109375,49.9,65717.0,0,0.0,144.46875,deepseek-r1:7b,-1
2025-06-08T15:38:31.144301,10.353273,0.0,0.0,60418.109375,49.9,65717.0,0,0.0,144.46875,deepseek-r1:7b,-1
2025-06-08T15:38:31.248980,10.457952,7.6,0.0,60407.234375,49.9,65731.5,0,0.0,144.46875,deepseek-r1:7b,-1
2025-06-08T15:38:31.354365,10.563337,9.9,0.0,60407.25,49.9,65731.671875,0,0.0,144.46875,deepseek-r1:7b,-1
2025-06-08T15:38:31.459776,10.668748,6.1,0.0,60407.25,49.9,65731.96875,0,0.0,144.46875,deepseek-r1:7b,-1
2025-06-08T15:38:31.560289,10.769261,9.2,0.0,60407.25,49.9,65731.96875,0,0.0,144.46875,deepseek-r1:7b,-1
2025-06-08T15:38:31.665368,10.87434,7.2,0.0,60407.25,49.9,65731.96875,0,0.0,144.46875,deepseek-r1:7b,-1
2025-06-08T15:38:31.770724,10.979696,7.2,0.0,60407.25,49.9,65731.96875,0,0.0,144.46875,deepseek-r1:7b,-1
2025-06-08T15:38:31.874130,11.083102,10.0,0.0,60407.25,49.9,65731.96875,0,0.0,144.46875,deepseek-r1:7b,-1
2025-06-08T15:38:31.979515,11.188487,8.9,0.0,60407.25,49.9,65731.96875,0,0.0,144.46875,deepseek-r1:7b,-1
2025-06-08T15:38:32.084850,11.293822,6.6,0.0,60407.25,49.9,65731.96875,0,0.0,144.46875,deepseek-r1:7b,-1
2025-06-08T15:38:32.190189,11.399161,0.0,0.0,60407.25,49.9,65731.96875,0,0.0,144.46875,deepseek-r1:7b,-1
2025-06-08T15:38:32.295527,11.504499,8.2,0.0,60404.484375,49.8,65733.15625,0,0.0,144.46875,deepseek-r1:7b,-1
2025-06-08T15:38:32.400899,11.609871,7.2,0.0,60404.484375,49.8,65733.15625,0,0.0,144.46875,deepseek-r1:7b,-1
2025-06-08T15:38:32.506103,11.715075,7.7,0.0,60404.484375,49.8,65733.15625,0,0.0,144.46875,deepseek-r1:7b,-1
2025-06-08T15:38:32.611460,11.820432,0.0,0.0,60404.484375,49.8,65733.15625,0,0.0,144.46875,deepseek-r1:7b,-1
2025-06-08T15:38:32.716835,11.925807,0.0,0.0,60404.484375,49.8,65733.15625,0,0.0,144.46875,deepseek-r1:7b,-1
2025-06-08T15:38:32.819096,12.028068,0.0,0.0,60404.484375,49.8,65733.15625,0,0.0,144.46875,deepseek-r1:7b,-1
2025-06-08T15:38:32.922421,12.131393,0.0,0.0,60404.484375,49.8,65733.15625,0,0.0,144.46875,deepseek-r1:7b,-1
2025-06-08T15:38:33.024870,12.233842,0.0,0.0,60404.484375,49.8,65733.15625,0,0.0,144.46875,deepseek-r1:7b,-1
2025-06-08T15:38:35.181163,0.043539,8.7,0.0,59496.53125,49.2,66641.734375,0,0.0,144.46875,deepseek-r1:7b,-1
2025-06-08T15:38:35.286326,0.148702,15.7,0.0,60036.328125,49.6,66104.203125,0,0.0,144.46875,deepseek-r1:7b,-1
2025-06-08T15:38:35.388417,0.250793,13.3,0.0,60097.46875,49.6,66041.46875,0,0.0,144.46875,deepseek-r1:7b,-1
2025-06-08T15:38:35.493776,0.356152,9.0,0.0,60534.21875,49.9,65606.078125,0,0.0,144.46875,deepseek-r1:7b,-1
2025-06-08T15:38:35.599139,0.461515,6.1,0.0,60534.21875,49.9,65606.078125,0,0.0,144.46875,deepseek-r1:7b,-1
2025-06-08T15:38:35.704504,0.56688,8.0,0.0,60534.21875,49.9,65606.078125,0,0.0,144.46875,deepseek-r1:7b,-1
2025-06-08T15:38:35.805783,0.668159,0.0,0.0,60534.21875,49.9,65606.078125,0,0.0,144.46875,deepseek-r1:7b,-1
2025-06-08T15:38:35.910170,0.772546,0.0,0.0,60534.21875,49.9,65606.078125,0,0.0,144.46875,deepseek-r1:7b,-1
2025-06-08T15:38:36.015072,0.877448,0.0,0.0,60534.21875,49.9,65606.078125,0,0.0,144.46875,deepseek-r1:7b,-1
2025-06-08T15:38:36.120454,0.98283,0.0,0.0,60534.21875,49.9,65606.078125,0,0.0,144.46875,deepseek-r1:7b,-1
2025-06-08T15:38:36.225811,1.088187,8.1,0.0,60534.296875,49.9,65607.640625,0,0.0,144.46875,deepseek-r1:7b,-1
2025-06-08T15:38:36.331235,1.193611,10.7,0.0,60534.078125,49.9,65604.1875,0,0.0,144.46875,deepseek-r1:7b,-1
2025-06-08T15:38:36.436636,1.299012,7.1,0.0,60534.078125,49.9,65604.1875,0,0.0,144.46875,deepseek-r1:7b,-1
2025-06-08T15:38:36.537203,1.399579,7.4,0.0,60534.078125,49.9,65604.1875,0,0.0,144.46875,deepseek-r1:7b,-1
2025-06-08T15:38:36.638257,1.500633,7.4,0.0,60534.078125,49.9,65604.1875,0,0.0,144.46875,deepseek-r1:7b,-1
2025-06-08T15:38:36.743682,1.606058,8.6,0.0,60534.078125,49.9,65604.1875,0,0.0,144.46875,deepseek-r1:7b,-1
2025-06-08T15:38:36.845333,1.707709,9.0,0.0,60534.078125,49.9,65604.1875,0,0.0,144.46875,deepseek-r1:7b,-1
2025-06-08T15:38:36.950541,1.812917,0.0,0.0,60534.078125,49.9,65604.1875,0,0.0,144.46875,deepseek-r1:7b,-1
2025-06-08T15:38:37.051186,1.913562,0.0,0.0,60534.078125,49.9,65604.1875,0,0.0,144.46875,deepseek-r1:7b,-1
2025-06-08T15:38:37.156571,2.018947,0.0,0.0,60534.078125,49.9,65604.1875,0,0.0,144.46875,deepseek-r1:7b,-1
2025-06-08T15:38:37.261942,2.124318,7.2,0.0,60414.875,49.9,65722.984375,0,0.0,144.46875,deepseek-r1:7b,-1
2025-06-08T15:38:37.364332,2.226708,9.8,0.0,60414.890625,49.9,65723.140625,0,0.0,144.46875,deepseek-r1:7b,-1
2025-06-08T15:38:37.465597,2.327973,7.9,0.0,60414.90625,49.9,65723.453125,0,0.0,144.46875,deepseek-r1:7b,-1
2025-06-08T15:38:37.570953,2.433329,7.1,0.0,60414.90625,49.9,65723.453125,0,0.0,144.46875,deepseek-r1:7b,-1
2025-06-08T15:38:37.676361,2.538737,7.1,0.0,60414.90625,49.9,65723.453125,0,0.0,144.46875,deepseek-r1:7b,-1
2025-06-08T15:38:37.781755,2.644131,7.9,0.0,60414.90625,49.9,65723.453125,0,0.0,144.46875,deepseek-r1:7b,-1
2025-06-08T15:38:37.885450,2.747826,0.0,0.0,60414.90625,49.9,65723.453125,0,0.0,144.46875,deepseek-r1:7b,-1
2025-06-08T15:38:37.987251,2.849627,0.0,0.0,60414.90625,49.9,65723.453125,0,0.0,144.46875,deepseek-r1:7b,-1
2025-06-08T15:38:38.089052,2.951428,0.0,0.0,60414.90625,49.9,65723.453125,0,0.0,144.46875,deepseek-r1:7b,-1
2025-06-08T15:38:38.194426,3.056802,0.0,0.0,60414.90625,49.9,65723.453125,0,0.0,144.46875,deepseek-r1:7b,-1
2025-06-08T15:38:38.299765,3.162141,7.9,0.0,60414.859375,49.9,65725.921875,0,0.0,144.46875,deepseek-r1:7b,-1
2025-06-08T15:38:38.405195,3.267571,9.5,0.0,60413.875,49.9,65727.046875,0,0.0,144.46875,deepseek-r1:7b,-1
2025-06-08T15:38:38.506504,3.36888,8.0,0.0,60413.875,49.9,65727.046875,0,0.0,144.46875,deepseek-r1:7b,-1
2025-06-08T15:38:38.611839,3.474215,7.2,0.0,60413.875,49.9,65727.046875,0,0.0,144.46875,deepseek-r1:7b,-1
2025-06-08T15:38:38.715492,3.577868,0.0,0.0,60413.875,49.9,65727.046875,0,0.0,144.46875,deepseek-r1:7b,-1
2025-06-08T15:38:38.816979,3.679355,0.0,0.0,60413.875,49.9,65727.046875,0,0.0,144.46875,deepseek-r1:7b,-1
2025-06-08T15:38:38.922395,3.784771,0.0,0.0,60413.875,49.9,65727.046875,0,0.0,144.46875,deepseek-r1:7b,-1
2025-06-08T15:38:39.024930,3.887306,0.0,0.0,60413.875,49.9,65727.046875,0,0.0,144.46875,deepseek-r1:7b,-1
2025-06-08T15:38:39.128385,3.990761,0.0,0.0,60413.875,49.9,65727.046875,0,0.0,144.46875,deepseek-r1:7b,-1
2025-06-08T15:38:39.233751,4.096127,0.0,0.0,60413.875,49.9,65727.046875,0,0.0,144.46875,deepseek-r1:7b,-1
2025-06-08T15:38:39.338715,4.201091,8.3,0.0,60414.0625,49.9,65726.609375,0,0.0,144.46875,deepseek-r1:7b,-1
2025-06-08T15:38:39.444178,4.306554,7.2,0.0,60414.0625,49.9,65726.765625,0,0.0,144.46875,deepseek-r1:7b,-1
2025-06-08T15:38:39.549556,4.411932,8.2,0.0,60414.0625,49.9,65726.765625,0,0.0,144.46875,deepseek-r1:7b,-1
2025-06-08T15:38:39.654930,4.517306,0.0,0.0,60414.0625,49.9,65726.765625,0,0.0,144.46875,deepseek-r1:7b,-1
2025-06-08T15:38:39.757660,4.620036,0.0,0.0,60414.0625,49.9,65726.765625,0,0.0,144.46875,deepseek-r1:7b,-1
2025-06-08T15:38:39.859642,4.722018,0.0,0.0,60414.0625,49.9,65726.765625,0,0.0,144.46875,deepseek-r1:7b,-1
2025-06-08T15:38:39.965037,4.827413,0.0,0.0,60414.0625,49.9,65726.765625,0,0.0,144.46875,deepseek-r1:7b,-1
2025-06-08T15:38:40.068289,4.930665,0.0,0.0,60414.0625,49.9,65726.765625,0,0.9,144.46875,deepseek-r1:7b,-1
2025-06-08T15:38:40.173181,5.035557,0.0,0.0,60414.0625,49.9,65726.765625,0,0.0,144.46875,deepseek-r1:7b,-1
2025-06-08T15:38:40.273649,5.136025,0.0,0.0,60414.0625,49.9,65726.765625,0,0.0,144.46875,deepseek-r1:7b,-1
2025-06-08T15:38:40.378818,5.241194,8.1,0.0,60414.359375,49.9,65725.765625,0,0.0,144.46875,deepseek-r1:7b,-1
2025-06-08T15:38:40.482669,5.345045,7.1,0.0,60414.359375,49.9,65726.046875,0,0.0,144.46875,deepseek-r1:7b,-1
2025-06-08T15:38:40.588045,5.450421,6.6,0.0,60414.359375,49.9,65726.046875,0,0.0,144.46875,deepseek-r1:7b,-1
2025-06-08T15:38:40.692220,5.554596,7.3,0.0,60414.359375,49.9,65726.046875,0,0.0,144.46875,deepseek-r1:7b,-1
2025-06-08T15:38:40.793837,5.656213,0.0,0.0,60414.359375,49.9,65726.046875,0,0.0,144.46875,deepseek-r1:7b,-1
2025-06-08T15:38:40.899247,5.761623,0.0,0.0,60414.359375,49.9,65726.046875,0,0.0,144.46875,deepseek-r1:7b,-1
2025-06-08T15:38:41.004638,5.867014,0.0,0.0,60414.359375,49.9,65726.046875,0,0.0,144.46875,deepseek-r1:7b,-1
2025-06-08T15:38:41.108292,5.970668,0.0,0.0,60414.359375,49.9,65726.046875,0,0.0,144.46875,deepseek-r1:7b,-1
2025-06-08T15:38:41.213669,6.076045,0.0,0.0,60414.359375,49.9,65726.046875,0,0.0,144.46875,deepseek-r1:7b,-1
2025-06-08T15:38:41.316111,6.178487,0.0,0.0,60414.359375,49.9,65726.046875,0,0.0,144.46875,deepseek-r1:7b,-1
2025-06-08T15:38:41.421504,6.28388,8.1,0.0,60414.421875,49.9,65724.140625,0,0.0,144.46875,deepseek-r1:7b,-1
2025-06-08T15:38:41.526881,6.389257,7.0,0.0,60414.421875,49.9,65724.140625,0,0.0,144.46875,deepseek-r1:7b,-1
2025-06-08T15:38:41.630415,6.492791,6.7,0.0,60414.421875,49.9,65724.140625,0,0.0,144.46875,deepseek-r1:7b,-1
2025-06-08T15:38:41.734730,6.597106,7.9,0.0,60414.421875,49.9,65724.140625,0,0.0,144.46875,deepseek-r1:7b,-1
2025-06-08T15:38:41.840067,6.702443,8.7,0.0,60414.421875,49.9,65724.140625,0,0.0,144.46875,deepseek-r1:7b,-1
2025-06-08T15:38:43.982682,0.038987,8.5,0.0,59918.78125,49.5,66219.828125,0,0.0,144.46875,deepseek-r1:7b,-1
2025-06-08T15:38:44.087855,0.14416,15.8,0.0,60092.28125,49.6,66040.8125,0,0.0,144.46875,deepseek-r1:7b,-1
2025-06-08T15:38:44.189794,0.246099,16.5,0.0,60102.6875,49.6,66034.40625,0,0.0,144.46875,deepseek-r1:7b,-1
2025-06-08T15:38:44.294921,0.351226,9.2,0.0,60102.6875,49.6,66034.40625,0,0.0,144.46875,deepseek-r1:7b,-1
2025-06-08T15:38:44.396786,0.453091,7.4,0.0,60102.6875,49.6,66034.40625,0,0.0,144.46875,deepseek-r1:7b,-1
2025-06-08T15:38:44.499654,0.555959,0.0,0.0,60102.6875,49.6,66034.40625,0,0.0,144.46875,deepseek-r1:7b,-1
2025-06-08T15:38:44.605025,0.66133,0.0,0.0,60102.6875,49.6,66034.40625,0,0.0,144.46875,deepseek-r1:7b,-1
2025-06-08T15:38:44.707541,0.763846,0.0,0.0,60102.6875,49.6,66034.40625,0,0.0,144.46875,deepseek-r1:7b,-1
2025-06-08T15:38:44.810056,0.866361,0.0,0.0,60102.6875,49.6,66034.40625,0,0.0,144.46875,deepseek-r1:7b,-1
2025-06-08T15:38:44.915567,0.971872,0.0,0.0,60102.6875,49.6,66034.40625,0,0.0,144.46875,deepseek-r1:7b,-1
2025-06-08T15:38:45.016794,1.073099,13.3,0.0,60577.25,50.0,65559.953125,0,0.0,144.46875,deepseek-r1:7b,-1
2025-06-08T15:38:45.117962,1.174267,9.3,0.0,60576.875,50.0,65560.671875,0,0.0,144.46875,deepseek-r1:7b,-1
2025-06-08T15:38:45.221313,1.277618,8.8,0.0,60577.0,50.0,65560.828125,0,0.0,144.46875,deepseek-r1:7b,-1
2025-06-08T15:38:45.322025,1.37833,0.0,0.0,60578.40625,50.0,65561.421875,0,0.0,144.46875,deepseek-r1:7b,-1
2025-06-08T15:38:45.427390,1.483695,0.0,0.0,60578.40625,50.0,65561.421875,0,0.0,144.46875,deepseek-r1:7b,-1
2025-06-08T15:38:45.532766,1.589071,0.0,0.0,60578.40625,50.0,65561.421875,0,0.0,144.46875,deepseek-r1:7b,-1
2025-06-08T15:38:45.633219,1.689524,0.0,0.0,60578.40625,50.0,65561.421875,0,0.0,144.46875,deepseek-r1:7b,-1
2025-06-08T15:38:45.733651,1.789956,0.0,0.0,60578.40625,50.0,65561.421875,0,0.0,144.46875,deepseek-r1:7b,-1
2025-06-08T15:38:45.835664,1.891969,0.0,0.0,60578.40625,50.0,65561.421875,0,0.0,144.46875,deepseek-r1:7b,-1
2025-06-08T15:38:45.940807,1.997112,0.0,0.0,60578.40625,50.0,65561.421875,0,0.0,144.46875,deepseek-r1:7b,-1
2025-06-08T15:38:46.042602,2.098907,12.8,0.0,60455.828125,49.9,65681.0,0,0.0,144.46875,deepseek-r1:7b,-1
2025-06-08T15:38:46.147713,2.204018,18.7,0.0,60455.875,49.9,65673.640625,0,0.0,144.46875,deepseek-r1:7b,-1
2025-06-08T15:38:46.252309,2.308614,19.8,0.0,60455.859375,49.9,65669.828125,0,0.0,144.46875,deepseek-r1:7b,-1
2025-06-08T15:38:46.357514,2.413819,7.8,0.0,60455.8125,49.9,65671.125,0,0.0,144.46875,deepseek-r1:7b,-1
2025-06-08T15:38:46.462977,2.519282,8.2,0.0,60455.8125,49.9,65671.125,0,0.0,144.46875,deepseek-r1:7b,-1
2025-06-08T15:38:46.568310,2.624615,6.0,0.0,60455.8125,49.9,65671.125,0,0.0,144.46875,deepseek-r1:7b,-1
2025-06-08T15:38:46.673612,2.729917,13.0,0.0,60455.8125,49.9,65671.125,0,2.4,144.71875,deepseek-r1:7b,-1
2025-06-08T15:38:46.778735,2.83504,38.0,0.0,60455.8125,49.9,65671.125,0,1.9,144.796875,deepseek-r1:7b,-1
2025-06-08T15:38:46.881273,2.937578,0.0,0.0,60455.8125,49.9,65671.125,0,0.6,144.875,deepseek-r1:7b,-1
2025-06-08T15:38:46.986555,3.04286,0.0,0.0,60455.8125,49.9,65671.125,0,0.3,144.875,deepseek-r1:7b,-1
2025-06-08T15:38:47.091962,3.148267,11.4,0.0,60688.0625,50.1,65443.59375,0,0.0,144.875,deepseek-r1:7b,-1
2025-06-08T15:38:47.193299,3.249604,7.4,0.0,60688.03125,50.1,65439.9375,0,0.2,144.875,deepseek-r1:7b,-1
2025-06-08T15:38:47.294755,3.35106,0.0,0.0,60688.03125,50.1,65439.9375,0,0.0,144.875,deepseek-r1:7b,-1
2025-06-08T15:38:47.400143,3.456448,0.0,0.0,60688.03125,50.1,65439.9375,0,0.0,144.875,deepseek-r1:7b,-1
2025-06-08T15:38:47.505519,3.561824,0.0,0.0,60688.03125,50.1,65439.9375,0,0.0,144.875,deepseek-r1:7b,-1
2025-06-08T15:38:47.610980,3.667285,0.0,0.0,60688.03125,50.1,65439.9375,0,0.0,144.875,deepseek-r1:7b,-1
2025-06-08T15:38:47.715741,3.772046,0.0,0.0,60688.03125,50.1,65439.9375,0,0.0,144.875,deepseek-r1:7b,-1
2025-06-08T15:38:47.821189,3.877494,0.0,0.0,60688.03125,50.1,65439.9375,0,0.0,144.875,deepseek-r1:7b,-1
2025-06-08T15:38:47.924064,3.980369,0.0,0.0,60688.03125,50.1,65439.9375,0,0.0,144.875,deepseek-r1:7b,-1
2025-06-08T15:38:48.029401,4.085706,0.0,0.0,60688.03125,50.1,65439.9375,0,0.0,144.875,deepseek-r1:7b,-1
2025-06-08T15:38:48.134814,4.191119,8.4,0.0,60565.40625,50.0,65560.265625,0,0.0,144.875,deepseek-r1:7b,-1
2025-06-08T15:38:48.240184,4.296489,8.4,0.0,60563.359375,50.0,65558.671875,0,0.0,144.875,deepseek-r1:7b,-1
2025-06-08T15:38:48.344372,4.400677,0.0,0.0,60559.515625,50.0,65562.8125,0,0.0,144.875,deepseek-r1:7b,-1
2025-06-08T15:38:48.445929,4.502234,0.0,0.0,60559.515625,50.0,65562.8125,0,0.0,144.875,deepseek-r1:7b,-1
2025-06-08T15:38:48.549338,4.605643,0.0,0.0,60559.515625,50.0,65562.8125,0,0.0,144.875,deepseek-r1:7b,-1
2025-06-08T15:38:48.654733,4.711038,0.0,0.0,60559.515625,50.0,65562.8125,0,0.0,144.875,deepseek-r1:7b,-1
2025-06-08T15:38:48.760117,4.816422,0.0,0.0,60559.515625,50.0,65562.8125,0,0.0,144.875,deepseek-r1:7b,-1
2025-06-08T15:38:48.865188,4.921493,0.0,0.0,60559.515625,50.0,65562.8125,0,0.0,144.875,deepseek-r1:7b,-1
2025-06-08T15:38:48.970636,5.026941,0.0,0.0,60559.515625,50.0,65562.8125,0,0.0,144.875,deepseek-r1:7b,-1
2025-06-08T15:38:49.075986,5.132291,0.0,0.0,60559.515625,50.0,65562.8125,0,0.0,144.875,deepseek-r1:7b,-1
2025-06-08T15:38:49.181349,5.237654,8.8,0.0,60492.546875,49.9,65634.484375,0,0.0,144.875,deepseek-r1:7b,-1
2025-06-08T15:38:49.286508,5.342813,8.8,0.0,60489.875,49.9,65637.53125,0,0.0,144.875,deepseek-r1:7b,-1
2025-06-08T15:38:49.391715,5.44802,9.0,0.0,60489.84375,49.9,65637.84375,0,0.0,144.875,deepseek-r1:7b,-1
2025-06-08T15:38:49.497250,5.553555,7.1,0.0,60489.84375,49.9,65637.84375,0,0.0,144.875,deepseek-r1:7b,-1
2025-06-08T15:38:49.602635,5.65894,6.6,0.0,60489.84375,49.9,65637.84375,0,0.0,144.875,deepseek-r1:7b,-1
2025-06-08T15:38:49.707293,5.763598,8.7,0.0,60489.84375,49.9,65637.84375,0,0.0,144.875,deepseek-r1:7b,-1
2025-06-08T15:38:49.810991,5.867296,7.4,0.0,60489.84375,49.9,65637.84375,0,0.0,144.875,deepseek-r1:7b,-1
2025-06-08T15:38:49.916350,5.972655,9.4,0.0,60489.84375,49.9,65637.84375,0,0.0,144.875,deepseek-r1:7b,-1
2025-06-08T15:38:50.017796,6.074101,0.0,0.0,60489.84375,49.9,65637.84375,0,0.0,144.875,deepseek-r1:7b,-1
2025-06-08T15:38:50.119242,6.175547,0.0,0.0,60489.84375,49.9,65637.84375,0,0.0,144.875,deepseek-r1:7b,-1
2025-06-08T15:38:50.224621,6.280926,7.5,0.0,60483.875,49.9,65645.90625,0,0.0,144.875,deepseek-r1:7b,-1
2025-06-08T15:38:50.329476,6.385781,8.9,0.0,60483.875,49.9,65646.1875,0,0.0,144.875,deepseek-r1:7b,-1
2025-06-08T15:38:50.434884,6.491189,9.4,0.0,60483.875,49.9,65646.1875,0,0.0,144.875,deepseek-r1:7b,-1
2025-06-08T15:38:50.540267,6.596572,6.0,0.0,60483.875,49.9,65646.1875,0,0.0,144.875,deepseek-r1:7b,-1
2025-06-08T15:38:50.645621,6.701926,0.0,0.0,60483.875,49.9,65646.1875,0,0.0,144.875,deepseek-r1:7b,-1
2025-06-08T15:38:50.749327,6.805632,0.0,0.0,60483.875,49.9,65646.1875,0,0.0,144.875,deepseek-r1:7b,-1
2025-06-08T15:38:50.852670,6.908975,0.0,0.0,60483.875,49.9,65646.1875,0,0.0,144.875,deepseek-r1:7b,-1
2025-06-08T15:38:50.957825,7.01413,0.0,0.0,60483.875,49.9,65646.1875,0,0.0,144.875,deepseek-r1:7b,-1
2025-06-08T15:38:51.063208,7.119513,0.0,0.0,60483.875,49.9,65646.1875,0,0.0,144.875,deepseek-r1:7b,-1
2025-06-08T15:38:51.168528,7.224833,0.0,0.0,60483.875,49.9,65646.1875,0,0.0,144.875,deepseek-r1:7b,-1
2025-06-08T15:38:51.273842,7.330147,7.8,0.0,60483.046875,49.9,65649.015625,0,0.0,144.875,deepseek-r1:7b,-1
2025-06-08T15:38:51.379166,7.435471,7.7,0.0,60483.046875,49.9,65649.015625,0,0.0,144.875,deepseek-r1:7b,-1
2025-06-08T15:38:51.484500,7.540805,8.1,0.0,60483.046875,49.9,65649.015625,0,0.0,144.875,deepseek-r1:7b,-1
2025-06-08T15:38:51.589829,7.646134,6.7,0.0,60483.046875,49.9,65649.015625,0,0.0,144.875,deepseek-r1:7b,-1
2025-06-08T15:38:51.694742,7.751047,8.1,0.0,60483.046875,49.9,65649.015625,0,0.1,144.875,deepseek-r1:7b,-1
2025-06-08T15:38:51.798448,7.854753,14.5,0.0,60483.046875,49.9,65649.015625,0,0.0,144.875,deepseek-r1:7b,-1
2025-06-08T15:38:51.903703,7.960008,9.6,0.0,60483.046875,49.9,65649.015625,0,0.2,144.640625,deepseek-r1:7b,-1
2025-06-08T15:38:52.008484,8.064789,7.8,0.0,60483.046875,49.9,65649.015625,0,0.0,144.640625,deepseek-r1:7b,-1
2025-06-08T15:38:52.113848,8.170153,10.1,0.0,60483.046875,49.9,65649.015625,0,0.0,144.640625,deepseek-r1:7b,-1
2025-06-08T15:38:52.219054,8.275359,0.0,0.0,60483.046875,49.9,65649.015625,0,0.0,144.640625,deepseek-r1:7b,-1
2025-06-08T15:38:52.320335,8.37664,9.8,0.0,60588.984375,50.0,65538.125,0,0.0,144.640625,deepseek-r1:7b,-1
2025-06-08T15:38:54.469967,0.041335,9.2,0.0,59893.796875,49.5,66234.78125,0,0.0,144.59375,deepseek-r1:7b,-1
2025-06-08T15:38:54.575150,0.146518,12.1,0.0,59893.796875,49.5,66234.78125,0,0.0,144.59375,deepseek-r1:7b,-1
2025-06-08T15:38:54.679408,0.250776,13.2,0.0,59893.796875,49.5,66234.78125,0,0.0,144.59375,deepseek-r1:7b,-1
2025-06-08T15:38:54.781522,0.35289,10.3,0.0,59893.796875,49.5,66234.78125,0,0.0,144.59375,deepseek-r1:7b,-1
2025-06-08T15:38:54.885949,0.457317,9.0,0.0,59893.796875,49.5,66234.78125,0,0.0,144.59375,deepseek-r1:7b,-1
2025-06-08T15:38:54.989933,0.561301,8.3,0.0,59893.796875,49.5,66234.78125,0,0.0,144.59375,deepseek-r1:7b,-1
2025-06-08T15:38:55.095296,0.666664,0.0,0.0,59893.796875,49.5,66234.78125,0,0.0,144.59375,deepseek-r1:7b,-1
2025-06-08T15:38:55.196602,0.76797,0.0,0.0,59893.796875,49.5,66234.78125,0,0.0,144.59375,deepseek-r1:7b,-1
2025-06-08T15:38:55.298961,0.870329,0.0,0.0,59893.796875,49.5,66234.78125,0,0.0,144.59375,deepseek-r1:7b,-1
2025-06-08T15:38:55.399680,0.971048,0.0,0.0,59893.796875,49.5,66234.78125,0,0.0,144.59375,deepseek-r1:7b,-1
2025-06-08T15:38:55.505116,1.076484,7.7,0.0,60602.65625,50.0,65518.359375,0,0.0,144.59375,deepseek-r1:7b,-1
2025-06-08T15:38:55.610457,1.181825,7.1,0.0,60602.65625,50.0,65518.359375,0,0.0,144.59375,deepseek-r1:7b,-1
2025-06-08T15:38:55.714519,1.285887,6.7,0.0,60602.65625,50.0,65518.359375,0,0.0,144.59375,deepseek-r1:7b,-1
2025-06-08T15:38:55.819896,1.391264,12.4,0.0,60602.65625,50.0,65518.359375,0,0.0,144.59375,deepseek-r1:7b,-1
2025-06-08T15:38:55.925380,1.496748,12.5,0.0,60602.65625,50.0,65518.359375,0,0.0,144.59375,deepseek-r1:7b,-1
2025-06-08T15:38:56.026366,1.597734,0.0,0.0,60602.65625,50.0,65518.359375,0,0.0,144.59375,deepseek-r1:7b,-1
2025-06-08T15:38:56.131824,1.703192,0.0,0.0,60602.65625,50.0,65518.359375,0,0.0,144.59375,deepseek-r1:7b,-1
2025-06-08T15:38:56.237162,1.80853,0.0,0.0,60602.65625,50.0,65518.359375,0,0.0,144.59375,deepseek-r1:7b,-1
2025-06-08T15:38:56.340611,1.911979,0.0,0.0,60602.65625,50.0,65518.359375,0,0.0,144.59375,deepseek-r1:7b,-1
2025-06-08T15:38:56.441138,2.012506,0.0,0.0,60602.65625,50.0,65518.359375,0,0.0,144.59375,deepseek-r1:7b,-1
2025-06-08T15:38:56.546557,2.117925,9.2,0.0,60478.4375,49.9,65646.140625,0,0.0,144.59375,deepseek-r1:7b,-1
2025-06-08T15:38:56.648490,2.219858,6.7,0.0,60478.484375,49.9,65646.359375,0,0.0,144.59375,deepseek-r1:7b,-1
2025-06-08T15:38:56.751125,2.322493,9.0,0.0,60478.484375,49.9,65646.359375,0,0.1,144.578125,deepseek-r1:7b,-1
2025-06-08T15:38:56.854044,2.425412,14.6,0.0,60478.484375,49.9,65646.359375,0,0.0,144.578125,deepseek-r1:7b,-1
2025-06-08T15:38:56.959265,2.530633,12.0,0.0,60478.484375,49.9,65646.359375,0,0.0,144.578125,deepseek-r1:7b,-1
2025-06-08T15:38:57.064618,2.635986,6.5,0.0,60478.484375,49.9,65646.359375,0,0.0,144.578125,deepseek-r1:7b,-1
2025-06-08T15:38:57.165095,2.736463,10.5,0.0,60478.484375,49.9,65646.359375,0,0.0,144.578125,deepseek-r1:7b,-1
2025-06-08T15:38:57.270275,2.841643,10.7,0.0,60478.484375,49.9,65646.359375,0,0.0,144.578125,deepseek-r1:7b,-1
2025-06-08T15:38:57.375750,2.947118,10.1,0.0,60478.484375,49.9,65646.359375,0,0.0,144.578125,deepseek-r1:7b,-1
2025-06-08T15:38:57.479110,3.050478,0.0,0.0,60478.484375,49.9,65646.359375,0,0.0,144.578125,deepseek-r1:7b,-1
2025-06-08T15:38:57.584510,3.155878,7.8,0.0,60584.03125,50.0,65545.15625,0,0.0,144.578125,deepseek-r1:7b,-1
2025-06-08T15:38:57.689849,3.261217,7.7,0.0,60584.109375,50.0,65545.34375,0,0.0,144.578125,deepseek-r1:7b,-1
2025-06-08T15:38:57.790599,3.361967,8.7,0.0,60584.109375,50.0,65545.34375,0,0.0,144.578125,deepseek-r1:7b,-1
2025-06-08T15:38:57.894281,3.465649,9.6,0.0,60584.109375,50.0,65545.34375,0,0.0,144.578125,deepseek-r1:7b,-1
2025-06-08T15:38:57.996592,3.56796,8.0,0.0,60584.109375,50.0,65545.34375,0,0.0,144.578125,deepseek-r1:7b,-1
2025-06-08T15:38:58.097557,3.668925,6.9,0.0,60584.109375,50.0,65545.34375,0,0.0,144.578125,deepseek-r1:7b,-1
2025-06-08T15:38:58.201739,3.773107,0.0,0.0,60584.109375,50.0,65545.34375,0,0.0,144.578125,deepseek-r1:7b,-1
2025-06-08T15:38:58.303526,3.874894,0.0,0.0,60584.109375,50.0,65545.34375,0,0.0,144.578125,deepseek-r1:7b,-1
2025-06-08T15:38:58.406743,3.978111,0.0,0.0,60584.109375,50.0,65545.34375,0,0.0,144.578125,deepseek-r1:7b,-1
2025-06-08T15:38:58.512057,4.083425,0.0,0.0,60584.109375,50.0,65545.34375,0,0.0,144.578125,deepseek-r1:7b,-1
2025-06-08T15:38:58.615102,4.18647,9.2,0.0,60581.78125,50.0,65545.3125,0,0.0,144.578125,deepseek-r1:7b,-1
2025-06-08T15:38:58.720546,4.291914,8.9,0.0,60581.78125,50.0,65545.3125,0,0.0,144.578125,deepseek-r1:7b,-1
2025-06-08T15:38:58.823045,4.394413,11.0,0.0,60581.78125,50.0,65545.3125,0,0.0,144.578125,deepseek-r1:7b,-1
2025-06-08T15:38:58.928423,4.499791,10.2,0.0,60581.78125,50.0,65545.3125,0,0.0,144.578125,deepseek-r1:7b,-1
2025-06-08T15:38:59.030860,4.602228,7.8,0.0,60581.78125,50.0,65545.3125,0,0.0,144.578125,deepseek-r1:7b,-1
2025-06-08T15:38:59.136275,4.707643,6.6,0.0,60581.78125,50.0,65545.3125,0,0.0,144.578125,deepseek-r1:7b,-1
2025-06-08T15:38:59.241615,4.812983,0.0,0.0,60581.78125,50.0,65545.3125,0,0.0,144.578125,deepseek-r1:7b,-1
2025-06-08T15:38:59.346809,4.918177,0.0,0.0,60581.78125,50.0,65545.3125,0,0.0,144.578125,deepseek-r1:7b,-1
2025-06-08T15:38:59.448113,5.019481,0.0,0.0,60581.78125,50.0,65545.3125,0,0.0,144.578125,deepseek-r1:7b,-1
2025-06-08T15:38:59.553467,5.124835,0.0,0.0,60581.78125,50.0,65545.3125,0,0.0,144.578125,deepseek-r1:7b,-1
2025-06-08T15:38:59.658849,5.230217,8.3,0.0,60458.5,49.9,65677.828125,0,0.0,144.578125,deepseek-r1:7b,-1
2025-06-08T15:38:59.764196,5.335564,8.7,0.0,60458.5,49.9,65678.109375,0,0.0,144.578125,deepseek-r1:7b,-1
2025-06-08T15:38:59.869756,5.441124,8.5,0.0,60458.5,49.9,65678.109375,0,0.0,144.578125,deepseek-r1:7b,-1
2025-06-08T15:38:59.972410,5.543778,10.2,0.0,60458.5,49.9,65678.109375,0,0.0,144.578125,deepseek-r1:7b,-1
2025-06-08T15:39:00.077800,5.649168,9.0,0.0,60458.5,49.9,65678.109375,0,0.0,144.578125,deepseek-r1:7b,-1
2025-06-08T15:39:00.181747,5.753115,0.0,0.0,60458.5,49.9,65678.109375,0,0.0,144.578125,deepseek-r1:7b,-1
2025-06-08T15:39:00.286524,5.857892,0.0,0.0,60458.5,49.9,65678.109375,0,0.0,144.578125,deepseek-r1:7b,-1
2025-06-08T15:39:00.391982,5.96335,0.0,0.0,60458.5,49.9,65678.109375,0,0.0,144.578125,deepseek-r1:7b,-1
2025-06-08T15:39:00.497117,6.068485,0.0,0.0,60458.5,49.9,65678.109375,0,0.0,144.578125,deepseek-r1:7b,-1
2025-06-08T15:39:00.601474,6.172842,0.0,0.0,60458.5,49.9,65678.109375,0,0.0,144.578125,deepseek-r1:7b,-1
2025-06-08T15:39:00.706725,6.278093,8.1,0.0,60455.71875,49.9,65676.234375,0,0.0,144.578125,deepseek-r1:7b,-1
2025-06-08T15:39:00.811931,6.383299,10.1,0.0,60455.625,49.9,65676.96875,0,0.0,144.578125,deepseek-r1:7b,-1
2025-06-08T15:39:00.917375,6.488743,10.1,0.0,60455.625,49.9,65676.96875,0,0.0,144.578125,deepseek-r1:7b,-1
2025-06-08T15:39:01.019236,6.590604,0.0,0.0,60455.625,49.9,65676.96875,0,0.0,144.578125,deepseek-r1:7b,-1
2025-06-08T15:39:01.120358,6.691726,0.0,0.0,60455.625,49.9,65676.96875,0,0.0,144.578125,deepseek-r1:7b,-1
2025-06-08T15:39:01.225754,6.797122,0.0,0.0,60455.625,49.9,65676.96875,0,0.0,144.578125,deepseek-r1:7b,-1
2025-06-08T15:39:01.330092,6.90146,0.0,0.0,60455.625,49.9,65676.96875,0,0.0,144.578125,deepseek-r1:7b,-1
2025-06-08T15:39:01.435496,7.006864,0.0,0.0,60455.625,49.9,65676.96875,0,0.0,144.578125,deepseek-r1:7b,-1
2025-06-08T15:39:01.540869,7.112237,0.0,0.0,60455.625,49.9,65676.96875,0,0.0,144.578125,deepseek-r1:7b,-1
2025-06-08T15:39:01.646290,7.217658,0.0,0.0,60455.625,49.9,65676.96875,0,0.0,144.578125,deepseek-r1:7b,-1
2025-06-08T15:39:01.750097,7.321465,7.7,0.0,60454.859375,49.9,65680.0625,0,0.0,144.578125,deepseek-r1:7b,-1
2025-06-08T15:39:01.855542,7.42691,9.8,0.0,60454.890625,49.9,65680.453125,0,0.0,144.578125,deepseek-r1:7b,-1
2025-06-08T15:39:01.957665,7.529033,8.1,0.0,60454.890625,49.9,65680.453125,0,0.1,144.546875,deepseek-r1:7b,-1
2025-06-08T15:39:02.058452,7.62982,11.2,0.0,60454.890625,49.9,65680.453125,0,0.0,144.546875,deepseek-r1:7b,-1
2025-06-08T15:39:02.163836,7.735204,11.3,0.0,60454.890625,49.9,65680.453125,0,0.0,144.546875,deepseek-r1:7b,-1
2025-06-08T15:39:02.266525,7.837893,15.4,0.0,60454.890625,49.9,65680.453125,0,0.0,144.546875,deepseek-r1:7b,-1
2025-06-08T15:39:02.371828,7.943196,11.6,0.0,60454.890625,49.9,65680.453125,0,0.0,144.546875,deepseek-r1:7b,-1
2025-06-08T15:39:02.473727,8.045095,0.0,0.0,60454.890625,49.9,65680.453125,0,0.0,144.546875,deepseek-r1:7b,-1
2025-06-08T15:39:02.579020,8.150388,0.0,0.0,60454.890625,49.9,65680.453125,0,0.0,144.546875,deepseek-r1:7b,-1
2025-06-08T15:39:02.684398,8.255766,0.0,0.0,60454.890625,49.9,65680.453125,0,0.0,144.546875,deepseek-r1:7b,-1
2025-06-08T15:39:02.789885,8.361253,12.4,0.0,60450.859375,49.9,65682.984375,0,0.0,144.546875,deepseek-r1:7b,-1
2025-06-08T15:39:02.895173,8.466541,11.3,0.0,60450.875,49.9,65684.625,0,0.0,144.546875,deepseek-r1:7b,-1
2025-06-08T15:39:02.995705,8.567073,13.0,0.0,60450.890625,49.9,65681.875,0,0.0,144.546875,deepseek-r1:7b,-1
2025-06-08T15:39:03.101072,8.67244,14.0,0.0,60450.890625,49.9,65681.875,0,0.0,144.546875,deepseek-r1:7b,-1
2025-06-08T15:39:03.206396,8.777764,16.9,0.0,60450.890625,49.9,65681.875,0,0.0,144.546875,deepseek-r1:7b,-1
2025-06-08T15:39:03.307781,8.879149,15.6,0.0,60450.890625,49.9,65681.875,0,0.0,144.546875,deepseek-r1:7b,-1
2025-06-08T15:39:03.413103,8.984471,13.6,0.0,60450.890625,49.9,65681.875,0,0.0,144.546875,deepseek-r1:7b,-1
2025-06-08T15:39:03.515429,9.086797,0.0,0.0,60450.890625,49.9,65681.875,0,0.0,144.546875,deepseek-r1:7b,-1
2025-06-08T15:39:03.619701,9.191069,0.0,0.0,60450.890625,49.9,65681.875,0,0.0,144.546875,deepseek-r1:7b,-1
2025-06-08T15:39:03.725118,9.296486,0.0,0.0,60450.890625,49.9,65681.875,0,0.0,144.546875,deepseek-r1:7b,-1
2025-06-08T15:39:03.827800,9.399168,13.3,0.0,60452.28125,49.9,65680.265625,0,0.0,144.546875,deepseek-r1:7b,-1
2025-06-08T15:39:03.933042,9.50441,16.2,0.0,60452.03125,49.9,65679.578125,0,0.0,144.546875,deepseek-r1:7b,-1
2025-06-08T15:39:04.036771,9.608139,12.7,0.0,60451.984375,49.9,65682.484375,0,0.0,144.546875,deepseek-r1:7b,-1
2025-06-08T15:39:04.142150,9.713518,14.1,0.0,60451.984375,49.9,65681.03125,0,0.0,144.546875,deepseek-r1:7b,-1
2025-06-08T15:39:04.247514,9.818882,13.6,0.0,60451.984375,49.9,65681.03125,0,0.0,144.546875,deepseek-r1:7b,-1
2025-06-08T15:39:04.352787,9.924155,13.2,0.0,60451.984375,49.9,65681.03125,0,0.0,144.546875,deepseek-r1:7b,-1
2025-06-08T15:39:04.457391,10.028759,10.8,0.0,60451.984375,49.9,65681.03125,0,0.0,144.546875,deepseek-r1:7b,-1
2025-06-08T15:39:04.561226,10.132594,16.9,0.0,60451.984375,49.9,65681.03125,0,0.0,144.546875,deepseek-r1:7b,-1
2025-06-08T15:39:04.666582,10.23795,0.0,0.0,60451.984375,49.9,65681.03125,0,0.0,144.546875,deepseek-r1:7b,-1
2025-06-08T15:39:04.767688,10.339056,0.0,0.0,60451.984375,49.9,65681.03125,0,0.0,144.546875,deepseek-r1:7b,-1
2025-06-08T15:39:04.873167,10.444535,12.6,0.0,60467.90625,49.9,65665.546875,0,0.0,144.546875,deepseek-r1:7b,-1
2025-06-08T15:39:04.978597,10.549965,12.3,0.0,60467.90625,49.9,65666.453125,0,0.0,144.546875,deepseek-r1:7b,-1
2025-06-08T15:39:05.083391,10.654759,9.8,0.0,60467.90625,49.9,65663.65625,0,0.0,144.546875,deepseek-r1:7b,-1
2025-06-08T15:39:05.188862,10.76023,9.0,0.0,60467.75,49.9,65660.734375,0,0.0,144.546875,deepseek-r1:7b,-1
2025-06-08T15:39:05.290426,10.861794,11.7,0.0,60467.75,49.9,65660.734375,0,0.0,144.546875,deepseek-r1:7b,-1
2025-06-08T15:39:05.395813,10.967181,10.5,0.0,60467.75,49.9,65660.734375,0,0.0,144.546875,deepseek-r1:7b,-1
2025-06-08T15:39:05.501221,11.072589,10.2,0.0,60467.75,49.9,65660.734375,0,0.0,144.546875,deepseek-r1:7b,-1
2025-06-08T15:39:05.602213,11.173581,6.8,0.0,60467.75,49.9,65660.734375,0,0.0,144.546875,deepseek-r1:7b,-1
2025-06-08T15:39:05.707661,11.279029,9.1,0.0,60467.75,49.9,65660.734375,0,0.0,144.546875,deepseek-r1:7b,-1
2025-06-08T15:39:05.810840,11.382208,9.7,0.0,60467.75,49.9,65660.734375,0,0.0,144.546875,deepseek-r1:7b,-1
2025-06-08T15:39:05.916180,11.487548,10.6,0.0,60467.53125,49.9,65661.78125,0,0.0,144.546875,deepseek-r1:7b,-1
2025-06-08T15:39:06.017565,11.588933,9.3,0.0,60467.53125,49.9,65662.34375,0,0.0,144.546875,deepseek-r1:7b,-1
2025-06-08T15:39:06.123005,11.694373,8.9,0.0,60467.546875,49.9,65662.71875,0,0.0,144.546875,deepseek-r1:7b,-1
2025-06-08T15:39:06.224465,11.795833,8.7,0.0,60467.546875,49.9,65662.71875,0,0.0,144.546875,deepseek-r1:7b,-1
2025-06-08T15:39:06.328699,11.900067,8.9,0.0,60467.546875,49.9,65662.71875,0,0.0,144.546875,deepseek-r1:7b,-1
2025-06-08T15:39:06.434786,12.006154,9.4,0.0,60467.546875,49.9,65662.71875,0,0.0,144.546875,deepseek-r1:7b,-1
2025-06-08T15:39:06.540122,12.11149,0.0,0.0,60467.546875,49.9,65662.71875,0,0.0,144.546875,deepseek-r1:7b,-1
2025-06-08T15:39:06.644180,12.215548,0.0,0.0,60467.546875,49.9,65662.71875,0,0.0,144.546875,deepseek-r1:7b,-1
2025-06-08T15:39:06.749618,12.320986,0.0,0.0,60467.546875,49.9,65662.71875,0,0.0,144.546875,deepseek-r1:7b,-1
2025-06-08T15:39:06.851001,12.422369,0.0,0.0,60467.546875,49.9,65662.71875,0,0.0,144.546875,deepseek-r1:7b,-1
2025-06-08T15:39:06.955488,12.526856,12.2,0.0,60467.375,49.9,65661.921875,0,0.0,144.546875,deepseek-r1:7b,-1
2025-06-08T15:39:07.056619,12.627987,29.1,0.0,60467.34375,49.9,65663.640625,0,0.0,144.546875,deepseek-r1:7b,-1
2025-06-08T15:39:07.161970,12.733338,10.1,0.0,60467.34375,49.9,65663.640625,0,0.0,144.546875,deepseek-r1:7b,-1
2025-06-08T15:39:07.263318,12.834686,12.3,0.0,60467.34375,49.9,65663.640625,0,0.0,144.546875,deepseek-r1:7b,-1
2025-06-08T15:39:07.368505,12.939873,0.0,0.0,60467.34375,49.9,65663.640625,0,0.0,144.546875,deepseek-r1:7b,-1
2025-06-08T15:39:07.473530,13.044898,0.0,0.0,60467.34375,49.9,65663.640625,0,0.0,144.546875,deepseek-r1:7b,-1
2025-06-08T15:39:07.577509,13.148877,0.0,0.0,60467.34375,49.9,65663.640625,0,0.0,144.546875,deepseek-r1:7b,-1
2025-06-08T15:39:07.681637,13.253005,0.0,0.0,60467.34375,49.9,65663.640625,0,0.0,144.546875,deepseek-r1:7b,-1
2025-06-08T15:39:07.785803,13.357171,0.0,0.0,60467.34375,49.9,65663.640625,0,0.0,144.546875,deepseek-r1:7b,-1
2025-06-08T15:39:07.888399,13.459767,0.0,0.0,60467.34375,49.9,65663.640625,0,0.0,144.546875,deepseek-r1:7b,-1
2025-06-08T15:39:07.993813,13.565181,9.8,0.0,60464.359375,49.9,65658.921875,0,0.0,144.546875,deepseek-r1:7b,-1
2025-06-08T15:39:08.099199,13.670567,7.6,0.0,60464.359375,49.9,65658.921875,0,0.0,144.546875,deepseek-r1:7b,-1
2025-06-08T15:39:08.204577,13.775945,6.1,0.0,60464.359375,49.9,65658.921875,0,0.0,144.546875,deepseek-r1:7b,-1
2025-06-08T15:39:08.309981,13.881349,10.5,0.0,60464.359375,49.9,65658.921875,0,0.0,144.546875,deepseek-r1:7b,-1
2025-06-08T15:39:08.414977,13.986345,7.2,0.0,60464.359375,49.9,65658.921875,0,0.0,144.546875,deepseek-r1:7b,-1
2025-06-08T15:39:08.515714,14.087082,9.4,0.0,60464.359375,49.9,65658.921875,0,0.0,144.546875,deepseek-r1:7b,-1
2025-06-08T15:39:10.666484,0.037848,9.6,0.0,59993.5,49.5,66131.328125,0,0.0,144.5625,deepseek-r1:7b,-1
2025-06-08T15:39:10.769875,0.141239,13.4,0.0,60146.265625,49.7,65980.234375,0,0.0,144.5625,deepseek-r1:7b,-1
2025-06-08T15:39:10.871059,0.242423,0.0,0.0,60146.265625,49.7,65980.234375,0,0.0,144.5625,deepseek-r1:7b,-1
2025-06-08T15:39:10.976413,0.347777,0.0,0.0,60146.265625,49.7,65980.234375,0,0.0,144.5625,deepseek-r1:7b,-1
2025-06-08T15:39:11.079389,0.450753,0.0,0.0,60146.265625,49.7,65980.234375,0,0.0,144.5625,deepseek-r1:7b,-1
2025-06-08T15:39:11.184799,0.556163,0.0,0.0,60146.265625,49.7,65980.234375,0,0.0,144.5625,deepseek-r1:7b,-1
2025-06-08T15:39:11.289928,0.661292,0.0,0.0,60146.265625,49.7,65980.234375,0,0.0,144.5625,deepseek-r1:7b,-1
2025-06-08T15:39:11.395257,0.766621,0.0,0.0,60146.265625,49.7,65980.234375,0,0.0,144.5625,deepseek-r1:7b,-1
2025-06-08T15:39:11.500628,0.871992,0.0,0.0,60146.265625,49.7,65980.234375,0,0.0,144.5625,deepseek-r1:7b,-1
2025-06-08T15:39:11.602482,0.973846,0.0,0.0,60146.265625,49.7,65980.234375,0,0.0,144.5625,deepseek-r1:7b,-1
2025-06-08T15:39:11.703240,1.074604,10.3,0.0,60608.953125,50.0,65517.015625,0,0.0,144.5625,deepseek-r1:7b,-1
2025-06-08T15:39:11.807113,1.178477,10.8,0.0,60612.140625,50.0,65513.34375,0,0.0,144.5625,deepseek-r1:7b,-1
2025-06-08T15:39:11.910769,1.282133,10.1,0.0,60612.078125,50.0,65513.765625,0,0.0,144.5625,deepseek-r1:7b,-1
2025-06-08T15:39:12.016194,1.387558,9.0,0.0,60612.140625,50.0,65513.765625,0,0.0,144.5625,deepseek-r1:7b,-1
2025-06-08T15:39:12.121545,1.492909,7.6,0.0,60612.140625,50.0,65513.765625,0,0.0,144.5625,deepseek-r1:7b,-1
2025-06-08T15:39:12.225788,1.597152,7.9,0.0,60612.140625,50.0,65513.765625,0,0.0,144.5625,deepseek-r1:7b,-1
2025-06-08T15:39:12.331186,1.70255,8.1,0.0,60612.140625,50.0,65513.765625,0,0.0,144.5625,deepseek-r1:7b,-1
2025-06-08T15:39:12.436554,1.807918,8.5,0.0,60612.140625,50.0,65513.765625,0,0.0,144.5625,deepseek-r1:7b,-1
2025-06-08T15:39:12.539099,1.910463,6.1,0.0,60612.140625,50.0,65513.765625,0,0.0,144.5625,deepseek-r1:7b,-1
2025-06-08T15:39:12.640691,2.012055,0.0,0.0,60612.140625,50.0,65513.765625,0,0.0,144.5625,deepseek-r1:7b,-1
2025-06-08T15:39:12.746086,2.11745,8.9,0.0,60492.203125,49.9,65636.015625,0,0.0,144.5625,deepseek-r1:7b,-1
2025-06-08T15:39:12.851484,2.222848,9.7,0.0,60492.203125,49.9,65636.265625,0,0.0,144.5625,deepseek-r1:7b,-1
2025-06-08T15:39:12.956963,2.328327,0.0,0.0,60492.203125,49.9,65636.265625,0,0.0,144.5625,deepseek-r1:7b,-1
2025-06-08T15:39:13.062473,2.433837,0.0,0.0,60492.203125,49.9,65636.265625,0,0.0,144.5625,deepseek-r1:7b,-1
2025-06-08T15:39:13.164017,2.535381,0.0,0.0,60492.203125,49.9,65636.265625,0,0.0,144.5625,deepseek-r1:7b,-1
2025-06-08T15:39:13.269400,2.640764,0.0,0.0,60492.203125,49.9,65636.265625,0,0.0,144.5625,deepseek-r1:7b,-1
2025-06-08T15:39:13.373753,2.745117,0.0,0.0,60492.203125,49.9,65636.265625,0,0.0,144.5625,deepseek-r1:7b,-1
2025-06-08T15:39:13.478498,2.849862,0.0,0.0,60492.203125,49.9,65636.265625,0,0.0,144.5625,deepseek-r1:7b,-1
2025-06-08T15:39:13.583191,2.954555,0.0,0.0,60492.203125,49.9,65636.265625,0,0.0,144.5625,deepseek-r1:7b,-1
2025-06-08T15:39:13.687474,3.058838,0.0,0.0,60492.203125,49.9,65636.265625,0,0.0,144.5625,deepseek-r1:7b,-1
2025-06-08T15:39:13.790181,3.161545,9.1,0.0,60487.0,49.9,65646.359375,0,0.0,144.5625,deepseek-r1:7b,-1
2025-06-08T15:39:13.890842,3.262206,9.3,0.0,60487.0,49.9,65646.359375,0,0.0,144.5625,deepseek-r1:7b,-1
2025-06-08T15:39:13.996322,3.367686,10.1,0.0,60487.0,49.9,65646.359375,0,0.0,144.5625,deepseek-r1:7b,-1
2025-06-08T15:39:14.097109,3.468473,5.7,0.0,60487.0,49.9,65646.359375,0,0.0,144.5625,deepseek-r1:7b,-1
2025-06-08T15:39:14.200831,3.572195,9.3,0.0,60487.0,49.9,65646.359375,0,0.0,144.5625,deepseek-r1:7b,-1
2025-06-08T15:39:14.303441,3.674805,8.7,0.0,60487.0,49.9,65646.359375,0,0.0,144.5625,deepseek-r1:7b,-1
2025-06-08T15:39:14.407883,3.779247,12.0,0.0,60487.0,49.9,65646.359375,0,0.0,144.5625,deepseek-r1:7b,-1
2025-06-08T15:39:14.513253,3.884617,13.6,0.0,60487.0,49.9,65646.359375,0,0.0,144.5625,deepseek-r1:7b,-1
2025-06-08T15:39:14.613718,3.985082,17.2,0.0,60487.0,49.9,65646.359375,0,0.0,144.5625,deepseek-r1:7b,-1
2025-06-08T15:39:14.719057,4.090421,0.0,0.0,60487.0,49.9,65646.359375,0,0.0,144.5625,deepseek-r1:7b,-1
2025-06-08T15:39:14.824188,4.195552,18.1,0.0,60487.0,49.9,65644.203125,0,0.0,144.5625,deepseek-r1:7b,-1
2025-06-08T15:39:14.927374,4.298738,21.2,0.0,60486.703125,49.9,65641.53125,0,0.0,144.5625,deepseek-r1:7b,-1
2025-06-08T15:39:15.031541,4.402905,17.0,0.0,60486.703125,49.9,65641.53125,0,0.0,144.5625,deepseek-r1:7b,-1
2025-06-08T15:39:15.132544,4.503908,18.6,0.0,60486.703125,49.9,65641.53125,0,0.0,144.5625,deepseek-r1:7b,-1
2025-06-08T15:39:15.237697,4.609061,14.5,0.0,60486.703125,49.9,65641.53125,0,0.0,144.5625,deepseek-r1:7b,-1
2025-06-08T15:39:15.342844,4.714208,20.7,0.0,60486.703125,49.9,65641.53125,0,0.0,144.5625,deepseek-r1:7b,-1
2025-06-08T15:39:15.447774,4.819138,10.3,0.0,60486.703125,49.9,65641.53125,0,0.0,144.5625,deepseek-r1:7b,-1
2025-06-08T15:39:15.552945,4.924309,13.6,0.0,60486.703125,49.9,65641.53125,0,0.0,144.5625,deepseek-r1:7b,-1
2025-06-08T15:39:15.658183,5.029547,0.0,0.0,60486.703125,49.9,65641.53125,0,0.0,144.5625,deepseek-r1:7b,-1
2025-06-08T15:39:15.763649,5.135013,0.0,0.0,60486.703125,49.9,65641.53125,0,0.0,144.5625,deepseek-r1:7b,-1
2025-06-08T15:39:15.868815,5.240179,18.3,0.0,60483.46875,49.9,65645.828125,0,0.0,144.5625,deepseek-r1:7b,-1
2025-06-08T15:39:15.973964,5.345328,11.1,0.0,60483.46875,49.9,65643.953125,0,0.0,144.5625,deepseek-r1:7b,-1
2025-06-08T15:39:16.075665,5.447029,11.4,0.0,60547.671875,50.0,65582.28125,0,0.0,144.5625,deepseek-r1:7b,-1
2025-06-08T15:39:16.180902,5.552266,10.0,0.0,60547.671875,50.0,65582.28125,0,0.0,144.5625,deepseek-r1:7b,-1
2025-06-08T15:39:16.282960,5.654324,0.0,0.0,60547.671875,50.0,65582.28125,0,0.0,144.5625,deepseek-r1:7b,-1
2025-06-08T15:39:16.388339,5.759703,0.0,0.0,60547.671875,50.0,65582.28125,0,0.0,144.5625,deepseek-r1:7b,-1
2025-06-08T15:39:16.493683,5.865047,0.0,0.0,60547.671875,50.0,65582.28125,0,0.0,144.5625,deepseek-r1:7b,-1
2025-06-08T15:39:16.599084,5.970448,0.0,0.0,60547.671875,50.0,65582.28125,0,0.0,144.5625,deepseek-r1:7b,-1
2025-06-08T15:39:16.704499,6.075863,0.0,0.0,60547.671875,50.0,65582.28125,0,0.0,144.5625,deepseek-r1:7b,-1
2025-06-08T15:39:16.807053,6.178417,0.0,0.0,60547.671875,50.0,65582.28125,0,0.0,144.5625,deepseek-r1:7b,-1
2025-06-08T15:39:16.912482,6.283846,7.8,0.0,60603.765625,50.0,65528.203125,0,0.0,144.5625,deepseek-r1:7b,-1
2025-06-08T15:39:17.017875,6.389239,8.9,0.0,60603.765625,50.0,65528.34375,0,0.0,144.5625,deepseek-r1:7b,-1
2025-06-08T15:39:17.118845,6.490209,6.7,0.0,60603.78125,50.0,65528.609375,0,0.0,144.5625,deepseek-r1:7b,-1
2025-06-08T15:39:17.224302,6.595666,10.7,0.0,60603.78125,50.0,65528.609375,0,0.0,144.5625,deepseek-r1:7b,-1
2025-06-08T15:39:17.329698,6.701062,7.8,0.0,60603.78125,50.0,65528.609375,0,0.0,144.5625,deepseek-r1:7b,-1
2025-06-08T15:39:17.435107,6.806471,9.4,0.0,60603.78125,50.0,65528.609375,0,0.0,144.5625,deepseek-r1:7b,-1
2025-06-08T15:39:17.535505,6.906869,6.3,0.0,60603.78125,50.0,65528.609375,0,0.0,144.5625,deepseek-r1:7b,-1
2025-06-08T15:39:17.636456,7.00782,6.9,0.0,60603.78125,50.0,65528.609375,0,0.0,144.5625,deepseek-r1:7b,-1
2025-06-08T15:39:17.741878,7.113242,0.0,0.0,60603.78125,50.0,65528.609375,0,0.0,144.5625,deepseek-r1:7b,-1
2025-06-08T15:39:17.843124,7.214488,0.0,0.0,60603.78125,50.0,65528.609375,0,0.0,144.5625,deepseek-r1:7b,-1
2025-06-08T15:39:17.948544,7.319908,8.8,0.0,60604.296875,50.0,65531.078125,0,0.0,144.5625,deepseek-r1:7b,-1
2025-06-08T15:39:18.050576,7.42194,8.6,0.0,60484.15625,49.9,65651.546875,0,0.0,144.5625,deepseek-r1:7b,-1
2025-06-08T15:39:18.154398,7.525762,6.7,0.0,60484.171875,49.9,65647.671875,0,0.0,144.5625,deepseek-r1:7b,-1
2025-06-08T15:39:18.259807,7.631171,11.4,0.0,60484.171875,49.9,65647.671875,0,0.0,144.5625,deepseek-r1:7b,-1
2025-06-08T15:39:18.365118,7.736482,9.4,0.0,60484.171875,49.9,65647.671875,0,0.0,144.5625,deepseek-r1:7b,-1
2025-06-08T15:39:18.466744,7.838108,7.4,0.0,60484.171875,49.9,65647.671875,0,0.0,144.5625,deepseek-r1:7b,-1
2025-06-08T15:39:18.571648,7.943012,6.0,0.0,60484.171875,49.9,65647.671875,0,0.0,144.5625,deepseek-r1:7b,-1
2025-06-08T15:39:18.677077,8.048441,8.3,0.0,60484.171875,49.9,65647.671875,0,0.0,144.5625,deepseek-r1:7b,-1
2025-06-08T15:39:18.778760,8.150124,7.5,0.0,60484.171875,49.9,65647.671875,0,0.0,144.5625,deepseek-r1:7b,-1
2025-06-08T15:39:18.884098,8.255462,8.8,0.0,60484.171875,49.9,65647.671875,0,0.0,144.5625,deepseek-r1:7b,-1
2025-06-08T15:39:18.989472,8.360836,8.9,0.0,60483.265625,49.9,65651.578125,0,0.0,144.5625,deepseek-r1:7b,-1
2025-06-08T15:39:19.094855,8.466219,7.7,0.0,60483.265625,49.9,65651.875,0,0.0,144.5625,deepseek-r1:7b,-1
2025-06-08T15:39:19.200234,8.571598,10.1,0.0,60483.265625,49.9,65651.875,0,0.0,144.5625,deepseek-r1:7b,-1
2025-06-08T15:39:19.305546,8.67691,7.7,0.0,60483.265625,49.9,65651.875,0,0.0,144.5625,deepseek-r1:7b,-1
2025-06-08T15:39:19.410922,8.782286,11.2,0.0,60483.265625,49.9,65651.875,0,0.0,144.5625,deepseek-r1:7b,-1
2025-06-08T15:39:19.514851,8.886215,9.6,0.0,60483.265625,49.9,65651.875,0,0.0,144.5625,deepseek-r1:7b,-1
2025-06-08T15:39:19.615372,8.986736,7.1,0.0,60483.265625,49.9,65651.875,0,0.0,144.5625,deepseek-r1:7b,-1
2025-06-08T15:39:19.720754,9.092118,9.9,0.0,60483.265625,49.9,65651.875,0,0.0,144.5625,deepseek-r1:7b,-1
2025-06-08T15:39:19.821935,9.193299,11.0,0.0,60483.265625,49.9,65651.875,0,0.0,144.5625,deepseek-r1:7b,-1
2025-06-08T15:39:19.926861,9.298225,12.1,0.0,60483.265625,49.9,65651.875,0,0.0,144.5625,deepseek-r1:7b,-1
2025-06-08T15:39:20.032331,9.403695,8.8,0.0,60489.375,49.9,65642.25,0,0.0,144.5625,deepseek-r1:7b,-1
2025-06-08T15:39:20.135444,9.506808,10.3,0.0,60489.421875,49.9,65642.875,0,0.0,144.5625,deepseek-r1:7b,-1
2025-06-08T15:39:20.240338,9.611702,10.7,0.0,60489.421875,49.9,65642.875,0,0.0,144.5625,deepseek-r1:7b,-1
2025-06-08T15:39:20.345604,9.716968,0.0,0.0,60489.421875,49.9,65642.875,0,0.0,144.5625,deepseek-r1:7b,-1
2025-06-08T15:39:20.447088,9.818452,0.0,0.0,60489.421875,49.9,65642.875,0,0.0,144.5625,deepseek-r1:7b,-1
2025-06-08T15:39:20.552363,9.923727,0.0,0.0,60489.421875,49.9,65642.875,0,0.0,144.5625,deepseek-r1:7b,-1
2025-06-08T15:39:20.653444,10.024808,0.0,0.0,60489.421875,49.9,65642.875,0,0.0,144.5625,deepseek-r1:7b,-1
2025-06-08T15:39:20.755542,10.126906,0.0,0.0,60489.421875,49.9,65642.875,0,0.0,144.5625,deepseek-r1:7b,-1
2025-06-08T15:39:20.860675,10.232039,0.0,0.0,60489.421875,49.9,65642.875,0,0.0,144.5625,deepseek-r1:7b,-1
2025-06-08T15:39:20.966047,10.337411,0.0,0.0,60489.421875,49.9,65642.875,0,0.0,144.5625,deepseek-r1:7b,-1
2025-06-08T15:39:21.071476,10.44284,8.4,0.0,60489.4375,49.9,65642.5,0,0.0,144.5625,deepseek-r1:7b,-1
2025-06-08T15:39:21.173259,10.544623,12.8,0.0,60489.4375,49.9,65642.5,0,0.0,144.5625,deepseek-r1:7b,-1
2025-06-08T15:39:21.280086,10.65145,22.6,0.0,60489.4375,49.9,65642.5,0,0.0,144.5625,deepseek-r1:7b,-1
2025-06-08T15:39:21.385297,10.756661,20.0,0.0,60489.4375,49.9,65642.5,0,0.0,144.5625,deepseek-r1:7b,-1
2025-06-08T15:39:23.537313,0.040684,16.4,0.0,59715.703125,49.3,66425.703125,0,0.0,144.5625,deepseek-r1:7b,-1
2025-06-08T15:39:23.642447,0.145818,20.7,0.0,59715.703125,49.3,66425.703125,0,0.0,144.5625,deepseek-r1:7b,-1
2025-06-08T15:39:23.747655,0.251026,0.0,0.0,59715.703125,49.3,66425.703125,0,0.0,144.5625,deepseek-r1:7b,-1
2025-06-08T15:39:23.852782,0.356153,0.0,0.0,59715.703125,49.3,66425.703125,0,0.0,144.5625,deepseek-r1:7b,-1
2025-06-08T15:39:23.955368,0.458739,0.0,0.0,59715.703125,49.3,66425.703125,0,0.0,144.5625,deepseek-r1:7b,-1
2025-06-08T15:39:24.059513,0.562884,0.0,0.0,59715.703125,49.3,66425.703125,0,0.0,144.5625,deepseek-r1:7b,-1
2025-06-08T15:39:24.162438,0.665809,0.0,0.0,59715.703125,49.3,66425.703125,0,0.0,144.5625,deepseek-r1:7b,-1
2025-06-08T15:39:24.267033,0.770404,0.0,0.0,59715.703125,49.3,66425.703125,0,0.0,144.5625,deepseek-r1:7b,-1
2025-06-08T15:39:24.372450,0.875821,0.0,0.0,59715.703125,49.3,66425.703125,0,0.0,144.5625,deepseek-r1:7b,-1
2025-06-08T15:39:24.477684,0.981055,0.0,0.0,59715.703125,49.3,66425.703125,0,0.0,144.5625,deepseek-r1:7b,-1
2025-06-08T15:39:24.581450,1.084821,11.7,0.0,60579.015625,50.0,65547.390625,0,0.0,144.5625,deepseek-r1:7b,-1
2025-06-08T15:39:24.686764,1.190135,10.3,0.0,60579.0625,50.0,65548.375,0,0.0,144.5625,deepseek-r1:7b,-1
2025-06-08T15:39:24.791893,1.295264,12.9,0.0,60579.046875,50.0,65549.90625,0,0.0,144.5625,deepseek-r1:7b,-1
2025-06-08T15:39:24.895690,1.399061,12.9,0.0,60579.046875,50.0,65549.90625,0,0.0,144.5625,deepseek-r1:7b,-1
2025-06-08T15:39:25.001122,1.504493,10.0,0.0,60579.046875,50.0,65549.90625,0,0.0,144.5625,deepseek-r1:7b,-1
2025-06-08T15:39:25.101878,1.605249,0.0,0.0,60579.046875,50.0,65549.90625,0,0.0,144.5625,deepseek-r1:7b,-1
2025-06-08T15:39:25.207379,1.71075,0.0,0.0,60579.046875,50.0,65549.90625,0,0.0,144.5625,deepseek-r1:7b,-1
2025-06-08T15:39:25.311855,1.815226,0.0,0.0,60579.046875,50.0,65549.90625,0,0.0,144.5625,deepseek-r1:7b,-1
2025-06-08T15:39:25.417210,1.920581,0.0,0.0,60579.046875,50.0,65549.90625,0,0.0,144.5625,deepseek-r1:7b,-1
2025-06-08T15:39:25.520816,2.024187,0.0,0.0,60579.046875,50.0,65549.90625,0,0.0,144.5625,deepseek-r1:7b,-1
2025-06-08T15:39:25.626252,2.129623,9.9,0.0,60580.390625,50.0,65547.75,0,0.0,144.5625,deepseek-r1:7b,-1
2025-06-08T15:39:25.730406,2.233777,9.4,0.0,60580.390625,50.0,65547.75,0,0.0,144.5625,deepseek-r1:7b,-1
2025-06-08T15:39:25.832592,2.335963,11.6,0.0,60580.390625,50.0,65547.75,0,0.0,144.5625,deepseek-r1:7b,-1
2025-06-08T15:39:25.935313,2.438684,13.6,0.0,60580.390625,50.0,65547.75,0,0.0,144.5625,deepseek-r1:7b,-1
2025-06-08T15:39:26.037192,2.540563,26.4,0.0,60580.390625,50.0,65547.75,0,0.0,144.5625,deepseek-r1:7b,-1
2025-06-08T15:39:26.142395,2.645766,18.0,0.0,60580.390625,50.0,65547.75,0,0.0,144.5625,deepseek-r1:7b,-1
2025-06-08T15:39:26.247603,2.750974,7.3,0.0,60580.390625,50.0,65547.75,0,0.0,144.5625,deepseek-r1:7b,-1
2025-06-08T15:39:26.349428,2.852799,14.5,0.0,60580.390625,50.0,65547.75,0,0.0,144.5625,deepseek-r1:7b,-1
2025-06-08T15:39:26.454467,2.957838,15.9,0.0,60580.390625,50.0,65547.75,0,0.0,144.5625,deepseek-r1:7b,-1
2025-06-08T15:39:26.560514,3.063885,17.0,0.0,60580.390625,50.0,65547.75,0,0.0,144.5625,deepseek-r1:7b,-1
2025-06-08T15:39:26.664751,3.168122,23.8,0.0,60573.078125,50.0,65561.1875,0,0.0,144.5625,deepseek-r1:7b,-1
2025-06-08T15:39:26.769195,3.272566,20.7,0.0,60573.203125,50.0,65558.828125,0,0.0,144.5625,deepseek-r1:7b,-1
2025-06-08T15:39:26.874325,3.377696,17.3,0.0,60573.203125,50.0,65558.828125,0,0.0,144.5625,deepseek-r1:7b,-1
2025-06-08T15:39:26.974947,3.478318,0.0,0.0,60573.203125,50.0,65558.828125,0,0.0,144.5625,deepseek-r1:7b,-1
2025-06-08T15:39:27.080091,3.583462,0.0,0.0,60573.203125,50.0,65558.828125,0,0.0,144.5625,deepseek-r1:7b,-1
2025-06-08T15:39:27.183510,3.686881,0.0,0.0,60573.203125,50.0,65558.828125,0,0.0,144.5625,deepseek-r1:7b,-1
2025-06-08T15:39:27.288725,3.792096,0.0,0.0,60573.203125,50.0,65558.828125,0,0.0,144.5625,deepseek-r1:7b,-1
2025-06-08T15:39:27.389156,3.892527,0.0,0.0,60573.203125,50.0,65558.828125,0,0.0,144.5625,deepseek-r1:7b,-1
2025-06-08T15:39:27.494349,3.99772,0.0,0.0,60573.203125,50.0,65558.828125,0,0.0,144.5625,deepseek-r1:7b,-1
2025-06-08T15:39:27.598084,4.101455,0.0,0.0,60573.203125,50.0,65558.828125,0,0.0,144.5625,deepseek-r1:7b,-1
2025-06-08T15:39:27.703234,4.206605,15.9,0.0,60649.015625,50.0,65482.796875,0,0.0,144.5625,deepseek-r1:7b,-1
2025-06-08T15:39:27.808252,4.311623,18.7,0.0,60641.40625,50.0,65495.5625,0,0.0,144.5625,deepseek-r1:7b,-1
2025-06-08T15:39:27.910609,4.41398,13.2,0.0,60639.4375,50.0,65496.640625,0,0.0,144.5625,deepseek-r1:7b,-1
2025-06-08T15:39:28.015923,4.519294,13.8,0.0,60639.4375,50.0,65496.640625,0,0.0,144.5625,deepseek-r1:7b,-1
2025-06-08T15:39:28.121310,4.624681,0.0,0.0,60639.4375,50.0,65496.640625,0,0.0,144.5625,deepseek-r1:7b,-1
2025-06-08T15:39:28.223502,4.726873,0.0,0.0,60639.4375,50.0,65496.640625,0,0.0,144.5625,deepseek-r1:7b,-1
2025-06-08T15:39:28.325367,4.828738,0.0,0.0,60639.4375,50.0,65496.640625,0,0.0,144.5625,deepseek-r1:7b,-1
2025-06-08T15:39:28.430511,4.933882,0.0,0.0,60639.4375,50.0,65496.640625,0,0.0,144.5625,deepseek-r1:7b,-1
2025-06-08T15:39:28.535707,5.039078,0.0,0.0,60639.4375,50.0,65496.640625,0,0.0,144.5625,deepseek-r1:7b,-1
2025-06-08T15:39:28.636057,5.139428,0.0,0.0,60639.4375,50.0,65496.640625,0,0.0,144.5625,deepseek-r1:7b,-1
2025-06-08T15:39:28.738788,5.242159,13.9,0.0,60652.90625,50.0,65483.234375,0,0.0,144.5625,deepseek-r1:7b,-1
2025-06-08T15:39:28.844067,5.347438,11.2,0.0,60645.53125,50.0,65490.25,0,0.0,144.5625,deepseek-r1:7b,-1
2025-06-08T15:39:28.948377,5.451748,12.7,0.0,60641.78125,50.0,65495.375,0,0.0,144.5625,deepseek-r1:7b,-1
2025-06-08T15:39:29.052759,5.55613,18.7,0.0,60641.78125,50.0,65495.375,0,0.0,144.5625,deepseek-r1:7b,-1
2025-06-08T15:39:29.157914,5.661285,19.0,0.0,60641.78125,50.0,65495.375,0,0.0,144.5625,deepseek-r1:7b,-1
2025-06-08T15:39:29.263086,5.766457,12.7,0.0,60641.78125,50.0,65495.375,0,0.0,144.5625,deepseek-r1:7b,-1
2025-06-08T15:39:29.368275,5.871646,13.7,0.0,60641.78125,50.0,65495.375,0,0.0,144.5625,deepseek-r1:7b,-1
2025-06-08T15:39:29.471379,5.97475,18.5,0.0,60641.78125,50.0,65495.375,0,0.0,144.5625,deepseek-r1:7b,-1
2025-06-08T15:39:29.576692,6.080063,0.0,0.0,60641.78125,50.0,65495.375,0,0.0,144.5625,deepseek-r1:7b,-1
2025-06-08T15:39:29.678187,6.181558,0.0,0.0,60641.78125,50.0,65495.375,0,0.0,144.5625,deepseek-r1:7b,-1
2025-06-08T15:39:29.783360,6.286731,17.1,0.0,60647.15625,50.0,65485.515625,0,0.0,144.5625,deepseek-r1:7b,-1
2025-06-08T15:39:29.888617,6.391988,13.7,0.0,60646.171875,50.0,65486.359375,0,0.0,144.5625,deepseek-r1:7b,-1
2025-06-08T15:39:29.990087,6.493458,12.4,0.0,60646.171875,50.0,65487.578125,0,0.0,144.5625,deepseek-r1:7b,-1
2025-06-08T15:39:30.094947,6.598318,34.5,0.0,60646.171875,50.0,65487.578125,0,0.0,144.5625,deepseek-r1:7b,-1
2025-06-08T15:39:30.199957,6.703328,10.8,0.0,60646.171875,50.0,65487.578125,0,0.0,144.5625,deepseek-r1:7b,-1
2025-06-08T15:39:30.305121,6.808492,13.7,0.0,60646.171875,50.0,65487.578125,0,0.0,144.5625,deepseek-r1:7b,-1
2025-06-08T15:39:30.410316,6.913687,0.0,0.0,60646.171875,50.0,65487.578125,0,0.0,144.5625,deepseek-r1:7b,-1
2025-06-08T15:39:30.512075,7.015446,0.0,0.0,60646.171875,50.0,65487.578125,0,0.0,144.5625,deepseek-r1:7b,-1
2025-06-08T15:39:30.615950,7.119321,0.0,0.0,60646.171875,50.0,65487.578125,0,0.0,144.5625,deepseek-r1:7b,-1
2025-06-08T15:39:30.721136,7.224507,0.0,0.0,60646.171875,50.0,65487.578125,0,0.0,144.5625,deepseek-r1:7b,-1
2025-06-08T15:39:30.826302,7.329673,12.2,0.0,60646.125,50.0,65492.84375,0,0.0,144.5625,deepseek-r1:7b,-1
2025-06-08T15:39:30.931122,7.434493,13.9,0.0,60646.328125,50.0,65492.375,0,0.0,144.5625,deepseek-r1:7b,-1
2025-06-08T15:39:31.033150,7.536521,14.2,0.0,60646.375,50.0,65479.03125,0,0.0,144.5625,deepseek-r1:7b,-1
2025-06-08T15:39:31.138353,7.641724,13.1,0.0,60658.453125,50.1,65467.5,0,0.0,144.5625,deepseek-r1:7b,-1
2025-06-08T15:39:31.243576,7.746947,0.0,0.0,60658.453125,50.1,65467.5,0,0.0,144.5625,deepseek-r1:7b,-1
2025-06-08T15:39:31.349163,7.852534,0.0,0.0,60658.453125,50.1,65467.5,0,0.0,144.5625,deepseek-r1:7b,-1
2025-06-08T15:39:31.454392,7.957763,0.0,0.0,60658.453125,50.1,65467.5,0,0.0,144.5625,deepseek-r1:7b,-1
2025-06-08T15:39:31.556831,8.060202,0.0,0.0,60658.453125,50.1,65467.5,0,0.0,144.5625,deepseek-r1:7b,-1
2025-06-08T15:39:31.662206,8.165577,0.0,0.0,60658.453125,50.1,65467.5,0,0.0,144.5625,deepseek-r1:7b,-1
2025-06-08T15:39:31.767374,8.270745,0.0,0.0,60658.453125,50.1,65467.5,0,0.0,144.5625,deepseek-r1:7b,-1
2025-06-08T15:39:31.872597,8.375968,12.6,0.0,60646.53125,50.0,65485.125,0,0.0,144.5625,deepseek-r1:7b,-1
2025-06-08T15:39:31.977824,8.481195,14.1,0.0,60646.53125,50.0,65487.328125,0,0.0,144.5625,deepseek-r1:7b,-1
2025-06-08T15:39:32.078610,8.581981,16.0,0.0,60646.53125,50.0,65490.4375,0,0.0,144.5625,deepseek-r1:7b,-1
2025-06-08T15:39:32.183985,8.687356,12.1,0.0,60646.53125,50.0,65490.4375,0,0.0,144.5625,deepseek-r1:7b,-1
2025-06-08T15:39:32.284798,8.788169,14.9,0.0,60646.53125,50.0,65490.4375,0,0.0,144.5625,deepseek-r1:7b,-1
2025-06-08T15:39:32.389919,8.89329,15.4,0.0,60646.53125,50.0,65490.4375,0,0.0,144.5625,deepseek-r1:7b,-1
2025-06-08T15:39:32.495143,8.998514,25.3,0.0,60646.53125,50.0,65490.4375,0,0.0,144.5625,deepseek-r1:7b,-1
2025-06-08T15:39:32.596453,9.099824,12.2,0.0,60646.53125,50.0,65490.4375,0,0.0,144.5625,deepseek-r1:7b,-1
2025-06-08T15:39:32.698933,9.202304,14.8,0.0,60646.53125,50.0,65490.4375,0,0.0,144.5625,deepseek-r1:7b,-1
2025-06-08T15:39:32.804131,9.307502,0.0,0.0,60646.53125,50.0,65490.4375,0,0.0,144.5625,deepseek-r1:7b,-1
2025-06-08T15:39:32.910521,9.413892,12.4,0.0,60669.421875,50.1,65461.359375,0,0.0,144.5625,deepseek-r1:7b,-1
2025-06-08T15:39:33.015708,9.519079,12.5,0.0,60669.421875,50.1,65461.359375,0,0.0,144.5625,deepseek-r1:7b,-1
2025-06-08T15:39:33.117399,9.62077,11.6,0.0,60669.421875,50.1,65461.359375,0,0.0,144.5625,deepseek-r1:7b,-1
2025-06-08T15:39:33.222730,9.726101,19.3,0.0,60669.421875,50.1,65461.359375,0,0.0,144.5625,deepseek-r1:7b,-1
2025-06-08T15:39:33.327184,9.830555,0.0,0.0,60669.421875,50.1,65461.359375,0,0.0,144.5625,deepseek-r1:7b,-1
2025-06-08T15:39:33.431357,9.934728,0.0,0.0,60669.421875,50.1,65461.359375,0,0.0,144.5625,deepseek-r1:7b,-1
2025-06-08T15:39:33.536564,10.039935,0.0,0.0,60669.421875,50.1,65461.359375,0,0.0,144.5625,deepseek-r1:7b,-1
2025-06-08T15:39:33.638881,10.142252,0.0,0.0,60669.421875,50.1,65461.359375,0,0.0,144.5625,deepseek-r1:7b,-1
2025-06-08T15:39:33.744057,10.247428,0.0,0.0,60669.421875,50.1,65461.359375,0,0.0,144.5625,deepseek-r1:7b,-1
2025-06-08T15:39:33.849221,10.352592,0.0,0.0,60669.421875,50.1,65461.359375,0,0.0,144.5625,deepseek-r1:7b,-1
2025-06-08T15:39:33.954416,10.457787,15.8,0.0,60660.046875,50.0,65475.140625,0,0.0,144.5625,deepseek-r1:7b,-1
2025-06-08T15:39:34.057871,10.561242,8.0,0.0,60660.046875,50.1,65467.46875,0,0.0,144.5625,deepseek-r1:7b,-1
2025-06-08T15:39:34.160941,10.664312,0.0,0.0,60665.078125,50.1,65462.359375,0,0.0,144.5625,deepseek-r1:7b,-1
2025-06-08T15:39:34.266368,10.769739,0.0,0.0,60665.078125,50.1,65462.359375,0,0.0,144.5625,deepseek-r1:7b,-1
2025-06-08T15:39:34.371833,10.875204,0.0,0.0,60665.078125,50.1,65462.359375,0,0.0,144.5625,deepseek-r1:7b,-1
2025-06-08T15:39:34.474605,10.977976,0.0,0.0,60665.078125,50.1,65462.359375,0,0.0,144.5625,deepseek-r1:7b,-1
2025-06-08T15:39:34.580032,11.083403,0.0,0.0,60665.078125,50.1,65462.359375,0,0.0,144.5625,deepseek-r1:7b,-1
2025-06-08T15:39:34.684079,11.18745,0.0,0.0,60665.078125,50.1,65462.359375,0,0.0,144.5625,deepseek-r1:7b,-1
2025-06-08T15:39:34.789322,11.292693,0.0,0.0,60665.078125,50.1,65462.359375,0,0.0,144.5625,deepseek-r1:7b,-1
2025-06-08T15:39:34.894526,11.397897,0.0,0.0,60665.078125,50.1,65462.359375,0,0.0,144.5625,deepseek-r1:7b,-1
2025-06-08T15:39:34.998861,11.502232,14.2,0.0,60659.71875,50.1,65468.953125,0,0.0,144.5625,deepseek-r1:7b,-1
2025-06-08T15:39:35.103998,11.607369,20.2,0.0,60611.46875,50.0,65514.96875,0,0.0,144.5625,deepseek-r1:7b,-1
2025-06-08T15:39:35.208711,11.712082,21.9,0.0,60611.5,50.0,65524.234375,0,0.0,144.5625,deepseek-r1:7b,-1
2025-06-08T15:39:35.311992,11.815363,20.2,0.0,60611.5,50.0,65524.234375,0,0.0,144.5625,deepseek-r1:7b,-1
2025-06-08T15:39:35.414692,11.918063,12.2,0.0,60611.5,50.0,65524.234375,0,0.0,144.5625,deepseek-r1:7b,-1
2025-06-08T15:39:35.520093,12.023464,19.3,0.0,60611.5,50.0,65524.234375,0,0.0,144.5625,deepseek-r1:7b,-1
2025-06-08T15:39:35.625340,12.128711,11.2,0.0,60611.5,50.0,65524.234375,0,0.0,144.5625,deepseek-r1:7b,-1
2025-06-08T15:39:35.730738,12.234109,12.5,0.0,60611.5,50.0,65524.234375,0,0.0,144.5625,deepseek-r1:7b,-1
2025-06-08T15:39:35.835951,12.339322,12.3,0.0,60611.5,50.0,65524.234375,0,0.0,144.5625,deepseek-r1:7b,-1
2025-06-08T15:39:35.941497,12.444868,0.0,0.0,60611.5,50.0,65524.234375,0,0.0,144.5625,deepseek-r1:7b,-1
2025-06-08T15:39:36.045595,12.548966,10.8,0.0,60662.609375,50.1,65467.25,0,0.0,144.5625,deepseek-r1:7b,-1
2025-06-08T15:39:36.150739,12.65411,10.2,0.0,60662.734375,50.1,65463.84375,0,0.0,144.5625,deepseek-r1:7b,-1
2025-06-08T15:39:36.255928,12.759299,8.8,0.0,60662.765625,50.1,65464.203125,0,0.0,144.5625,deepseek-r1:7b,-1
2025-06-08T15:39:36.361493,12.864864,9.0,0.0,60662.765625,50.1,65464.203125,0,0.0,144.5625,deepseek-r1:7b,-1
2025-06-08T15:39:36.466998,12.970369,7.6,0.0,60662.765625,50.1,65464.203125,0,0.0,144.5625,deepseek-r1:7b,-1
2025-06-08T15:39:36.567812,13.071183,0.0,0.0,60662.765625,50.1,65464.203125,0,0.0,144.5625,deepseek-r1:7b,-1
2025-06-08T15:39:36.669278,13.172649,0.0,0.0,60662.765625,50.1,65464.203125,0,0.0,144.5625,deepseek-r1:7b,-1
2025-06-08T15:39:36.774396,13.277767,0.0,0.0,60662.765625,50.1,65464.203125,0,0.0,144.5625,deepseek-r1:7b,-1
2025-06-08T15:39:36.879534,13.382905,0.0,0.0,60662.765625,50.1,65464.203125,0,0.0,144.5625,deepseek-r1:7b,-1
2025-06-08T15:39:36.984716,13.488087,0.0,0.0,60662.765625,50.1,65464.203125,0,0.0,144.5625,deepseek-r1:7b,-1
2025-06-08T15:39:37.085999,13.58937,14.5,0.0,60662.78125,50.0,65474.25,0,0.0,144.5625,deepseek-r1:7b,-1
2025-06-08T15:39:37.191540,13.694911,11.3,0.0,60663.171875,50.0,65475.421875,0,0.0,144.5625,deepseek-r1:7b,-1
2025-06-08T15:39:37.295066,13.798437,11.4,0.0,60663.125,50.1,65468.625,0,0.0,144.5625,deepseek-r1:7b,-1
2025-06-08T15:39:37.398724,13.902095,10.9,0.0,60663.125,50.1,65468.625,0,0.0,144.5625,deepseek-r1:7b,-1
2025-06-08T15:39:37.504173,14.007544,13.4,0.0,60663.125,50.1,65468.625,0,0.0,144.5625,deepseek-r1:7b,-1
2025-06-08T15:39:37.609550,14.112921,10.3,0.0,60663.125,50.1,65468.625,0,0.0,144.5625,deepseek-r1:7b,-1
2025-06-08T15:39:37.713178,14.216549,15.1,0.0,60663.125,50.1,65468.625,0,0.0,144.5625,deepseek-r1:7b,-1
2025-06-08T15:39:37.818815,14.322186,13.8,0.0,60663.125,50.1,65468.625,0,0.0,144.5625,deepseek-r1:7b,-1
2025-06-08T15:39:37.923494,14.426865,11.8,0.0,60663.125,50.1,65468.625,0,0.0,144.5625,deepseek-r1:7b,-1
2025-06-08T15:39:38.028829,14.5322,10.7,0.0,60663.125,50.1,65468.625,0,0.0,144.5625,deepseek-r1:7b,-1
2025-06-08T15:39:38.131986,14.635357,7.9,0.0,60661.234375,50.1,65467.9375,0,0.0,144.5625,deepseek-r1:7b,-1
2025-06-08T15:39:38.235479,14.73885,9.1,0.0,60661.21875,50.1,65468.671875,0,0.0,144.5625,deepseek-r1:7b,-1
2025-06-08T15:39:38.339777,14.843148,10.7,0.0,60661.234375,50.1,65469.03125,0,0.0,144.5625,deepseek-r1:7b,-1
2025-06-08T15:39:38.445174,14.948545,8.9,0.0,60661.234375,50.1,65469.03125,0,0.0,144.5625,deepseek-r1:7b,-1
2025-06-08T15:39:38.550604,15.053975,0.0,0.0,60661.234375,50.1,65469.03125,0,0.0,144.5625,deepseek-r1:7b,-1
2025-06-08T15:39:38.651621,15.154992,0.0,0.0,60661.234375,50.1,65469.03125,0,0.0,144.5625,deepseek-r1:7b,-1
2025-06-08T15:39:38.754658,15.258029,0.0,0.0,60661.234375,50.1,65469.03125,0,0.0,144.5625,deepseek-r1:7b,-1
2025-06-08T15:39:38.856968,15.360339,0.0,0.0,60661.234375,50.1,65469.03125,0,0.0,144.5625,deepseek-r1:7b,-1
2025-06-08T15:39:38.960462,15.463833,0.0,0.0,60661.234375,50.1,65469.03125,0,0.0,144.5625,deepseek-r1:7b,-1
2025-06-08T15:39:39.065639,15.56901,0.0,0.0,60661.234375,50.1,65469.03125,0,0.0,144.5625,deepseek-r1:7b,-1
2025-06-08T15:39:39.166713,15.670084,16.4,0.0,60653.953125,50.0,65476.328125,0,0.0,144.5625,deepseek-r1:7b,-1
2025-06-08T15:39:39.271845,15.775216,19.5,0.0,60653.703125,50.0,65478.0625,0,0.0,144.5625,deepseek-r1:7b,-1
2025-06-08T15:39:39.376995,15.880366,18.3,0.0,60653.8125,50.0,65479.515625,0,0.0,144.5625,deepseek-r1:7b,-1
2025-06-08T15:39:39.481272,15.984643,20.6,0.0,60653.8125,50.0,65479.515625,0,0.0,144.5625,deepseek-r1:7b,-1
2025-06-08T15:39:39.586366,16.089737,14.5,0.0,60653.8125,50.0,65479.515625,0,0.0,144.5625,deepseek-r1:7b,-1
2025-06-08T15:39:39.688228,16.191599,17.7,0.0,60653.8125,50.0,65479.515625,0,0.0,144.5625,deepseek-r1:7b,-1
2025-06-08T15:39:39.793445,16.296816,0.0,0.0,60653.8125,50.0,65479.515625,0,0.0,144.5625,deepseek-r1:7b,-1
2025-06-08T15:39:39.898465,16.401836,0.0,0.0,60653.8125,50.0,65479.515625,0,0.0,144.5625,deepseek-r1:7b,-1
2025-06-08T15:39:40.003627,16.506998,0.0,0.0,60653.8125,50.0,65479.515625,0,0.0,144.5625,deepseek-r1:7b,-1
2025-06-08T15:39:40.108892,16.612263,0.0,0.0,60653.8125,50.0,65479.515625,0,0.7,144.59375,deepseek-r1:7b,-1
2025-06-08T15:39:40.209037,16.712408,11.9,0.0,60654.609375,50.0,65474.671875,0,0.0,144.59375,deepseek-r1:7b,-1
2025-06-08T15:39:40.314164,16.817535,12.6,0.0,60654.609375,50.0,65474.671875,0,0.0,144.59375,deepseek-r1:7b,-1
2025-06-08T15:39:40.419392,16.922763,0.0,0.0,60654.609375,50.0,65474.671875,0,0.0,144.59375,deepseek-r1:7b,-1
2025-06-08T15:39:40.524378,17.027749,0.0,0.0,60654.609375,50.0,65474.671875,0,0.0,144.59375,deepseek-r1:7b,-1
2025-06-08T15:39:40.627480,17.130851,0.0,0.0,60654.609375,50.0,65474.671875,0,0.0,144.59375,deepseek-r1:7b,-1
2025-06-08T15:39:40.729035,17.232406,0.0,0.0,60654.609375,50.0,65474.671875,0,0.0,144.59375,deepseek-r1:7b,-1
2025-06-08T15:39:40.834294,17.337665,0.0,0.0,60654.609375,50.0,65474.671875,0,0.0,144.59375,deepseek-r1:7b,-1
2025-06-08T15:39:40.939826,17.443197,0.0,0.0,60654.609375,50.0,65474.671875,0,0.0,144.59375,deepseek-r1:7b,-1
2025-06-08T15:39:41.045255,17.548626,0.0,0.0,60654.609375,50.0,65474.671875,0,0.0,144.59375,deepseek-r1:7b,-1
2025-06-08T15:39:41.147756,17.651127,0.0,0.0,60654.609375,50.0,65474.671875,0,0.0,144.59375,deepseek-r1:7b,-1
2025-06-08T15:39:41.252940,17.756311,14.2,0.0,60667.375,50.1,65462.5625,0,0.0,144.59375,deepseek-r1:7b,-1
2025-06-08T15:39:41.356789,17.86016,10.4,0.0,60667.359375,50.1,65462.84375,0,0.0,144.59375,deepseek-r1:7b,-1
2025-06-08T15:39:41.462210,17.965581,7.6,0.0,60667.359375,50.1,65462.84375,0,0.0,144.59375,deepseek-r1:7b,-1
2025-06-08T15:39:41.567687,18.071058,6.6,0.0,60667.359375,50.1,65462.84375,0,0.0,144.59375,deepseek-r1:7b,-1
2025-06-08T15:39:41.672245,18.175616,8.8,0.0,60667.359375,50.1,65462.84375,0,0.0,144.59375,deepseek-r1:7b,-1
2025-06-08T15:39:41.777643,18.281014,7.8,0.0,60667.359375,50.1,65462.84375,0,0.0,144.59375,deepseek-r1:7b,-1
2025-06-08T15:39:41.879559,18.38293,8.4,0.0,60667.359375,50.1,65462.84375,0,0.0,144.59375,deepseek-r1:7b,-1
2025-06-08T15:39:41.984969,18.48834,0.0,0.0,60667.359375,50.1,65462.84375,0,0.0,144.59375,deepseek-r1:7b,-1
2025-06-08T15:39:42.086170,18.589541,0.0,0.0,60667.359375,50.1,65462.84375,0,0.0,144.59375,deepseek-r1:7b,-1
2025-06-08T15:39:42.191646,18.695017,0.0,0.0,60667.359375,50.1,65462.84375,0,0.0,144.59375,deepseek-r1:7b,-1
2025-06-08T15:39:42.294058,18.797429,9.1,0.0,60527.859375,49.9,65602.796875,0,0.0,144.59375,deepseek-r1:7b,-1
2025-06-08T15:39:42.395083,18.898454,11.1,0.0,60527.875,49.9,65603.4375,0,0.0,144.59375,deepseek-r1:7b,-1
2025-06-08T15:39:42.500524,19.003895,0.0,0.0,60527.875,49.9,65603.4375,0,0.0,144.59375,deepseek-r1:7b,-1
2025-06-08T15:39:42.605648,19.109019,0.0,0.0,60527.875,49.9,65603.4375,0,0.0,144.59375,deepseek-r1:7b,-1
2025-06-08T15:39:42.710824,19.214195,0.0,0.0,60527.875,49.9,65603.4375,0,0.0,144.59375,deepseek-r1:7b,-1
2025-06-08T15:39:42.815969,19.31934,0.0,0.0,60527.875,49.9,65603.4375,0,0.0,144.59375,deepseek-r1:7b,-1
2025-06-08T15:39:42.921092,19.424463,0.0,0.0,60527.875,49.9,65603.4375,0,0.0,144.59375,deepseek-r1:7b,-1
2025-06-08T15:39:43.026233,19.529604,0.0,0.0,60527.875,49.9,65603.4375,0,0.0,144.59375,deepseek-r1:7b,-1
2025-06-08T15:39:43.131408,19.634779,0.0,0.0,60527.875,49.9,65603.4375,0,0.0,144.59375,deepseek-r1:7b,-1
2025-06-08T15:39:43.236613,19.739984,0.0,0.0,60527.875,49.9,65603.4375,0,0.0,144.59375,deepseek-r1:7b,-1
2025-06-08T15:39:43.341797,19.845168,18.5,0.0,60635.328125,50.0,65499.09375,0,0.0,144.59375,deepseek-r1:7b,-1
2025-06-08T15:39:43.447038,19.950409,20.1,0.0,60646.390625,50.0,65487.578125,0,0.0,144.59375,deepseek-r1:7b,-1
2025-06-08T15:39:43.552066,20.055437,11.8,0.0,60646.390625,50.0,65487.578125,0,0.0,144.59375,deepseek-r1:7b,-1
2025-06-08T15:39:43.656275,20.159646,12.7,0.0,60646.390625,50.0,65487.578125,0,0.0,144.59375,deepseek-r1:7b,-1
2025-06-08T15:39:43.757776,20.261147,13.6,0.0,60646.390625,50.0,65487.578125,0,0.0,144.59375,deepseek-r1:7b,-1
2025-06-08T15:39:43.863179,20.36655,13.5,0.0,60646.390625,50.0,65487.578125,0,0.0,144.59375,deepseek-r1:7b,-1
2025-06-08T15:39:46.014147,0.044124,9.2,0.0,60548.65625,50.0,65586.765625,0,0.0,144.59375,deepseek-r1:7b,-1
2025-06-08T15:39:46.119280,0.149257,18.5,0.0,60514.03125,49.9,65614.1875,0,0.0,144.59375,deepseek-r1:7b,-1
2025-06-08T15:39:46.224484,0.254461,11.9,0.0,60514.03125,49.9,65614.1875,0,0.0,144.59375,deepseek-r1:7b,-1
2025-06-08T15:39:46.328452,0.358429,8.4,0.0,60514.03125,49.9,65614.1875,0,0.0,144.59375,deepseek-r1:7b,-1
2025-06-08T15:39:46.430738,0.460715,9.9,0.0,60514.03125,49.9,65614.1875,0,0.0,144.59375,deepseek-r1:7b,-1
2025-06-08T15:39:46.536162,0.566139,7.6,0.0,60514.03125,49.9,65614.1875,0,0.0,144.59375,deepseek-r1:7b,-1
2025-06-08T15:39:46.639936,0.669913,0.0,0.0,60514.03125,49.9,65614.1875,0,0.0,144.59375,deepseek-r1:7b,-1
2025-06-08T15:39:46.745353,0.77533,0.0,0.0,60514.03125,49.9,65614.1875,0,0.0,144.59375,deepseek-r1:7b,-1
2025-06-08T15:39:46.848415,0.878392,0.0,0.0,60514.03125,49.9,65614.1875,0,0.0,144.59375,deepseek-r1:7b,-1
2025-06-08T15:39:46.953934,0.983911,0.0,0.0,60514.03125,49.9,65614.1875,0,0.0,144.59375,deepseek-r1:7b,-1
2025-06-08T15:39:47.059367,1.089344,8.8,0.0,60629.484375,50.0,65502.015625,0,0.0,144.59375,deepseek-r1:7b,-1
2025-06-08T15:39:47.160007,1.189984,8.1,0.0,60629.5,50.0,65502.28125,0,0.0,144.59375,deepseek-r1:7b,-1
2025-06-08T15:39:47.265386,1.295363,8.2,0.0,60629.5,50.0,65502.40625,0,0.0,144.59375,deepseek-r1:7b,-1
2025-06-08T15:39:47.370838,1.400815,8.3,0.0,60629.5,50.0,65502.40625,0,0.0,144.59375,deepseek-r1:7b,-1
2025-06-08T15:39:47.476235,1.506212,8.2,0.0,60629.5,50.0,65502.40625,0,0.0,144.59375,deepseek-r1:7b,-1
2025-06-08T15:39:47.580483,1.61046,7.2,0.0,60629.5,50.0,65502.40625,0,0.0,144.59375,deepseek-r1:7b,-1
2025-06-08T15:39:47.681656,1.711633,0.0,0.0,60629.5,50.0,65502.40625,0,0.0,144.59375,deepseek-r1:7b,-1
2025-06-08T15:39:47.785999,1.815976,0.0,0.0,60629.5,50.0,65502.40625,0,0.0,144.59375,deepseek-r1:7b,-1
2025-06-08T15:39:47.891443,1.92142,0.0,0.0,60629.5,50.0,65502.40625,0,0.0,144.59375,deepseek-r1:7b,-1
2025-06-08T15:39:47.996869,2.026846,0.0,0.0,60629.5,50.0,65502.40625,0,0.0,144.59375,deepseek-r1:7b,-1
2025-06-08T15:39:48.097829,2.127806,8.2,0.0,60632.75,50.0,65496.84375,0,0.0,144.59375,deepseek-r1:7b,-1
2025-06-08T15:39:48.203308,2.233285,7.8,0.0,60506.640625,49.9,65623.34375,0,0.0,144.59375,deepseek-r1:7b,-1
2025-06-08T15:39:48.308752,2.338729,9.4,0.0,60506.640625,49.9,65623.34375,0,0.0,144.59375,deepseek-r1:7b,-1
2025-06-08T15:39:48.414184,2.444161,7.2,0.0,60506.640625,49.9,65623.34375,0,0.0,144.59375,deepseek-r1:7b,-1
2025-06-08T15:39:48.515428,2.545405,6.8,0.0,60506.640625,49.9,65623.34375,0,0.0,144.59375,deepseek-r1:7b,-1
2025-06-08T15:39:48.620901,2.650878,8.2,0.0,60506.640625,49.9,65623.34375,0,0.0,144.59375,deepseek-r1:7b,-1
2025-06-08T15:39:48.722873,2.75285,7.9,0.0,60506.640625,49.9,65623.34375,0,0.0,144.59375,deepseek-r1:7b,-1
2025-06-08T15:39:48.823865,2.853842,0.0,0.0,60506.640625,49.9,65623.34375,0,0.0,144.59375,deepseek-r1:7b,-1
2025-06-08T15:39:48.927037,2.957014,0.0,0.0,60506.640625,49.9,65623.34375,0,0.0,144.59375,deepseek-r1:7b,-1
2025-06-08T15:39:49.028378,3.058355,0.0,0.0,60506.640625,49.9,65623.34375,0,0.0,144.59375,deepseek-r1:7b,-1
2025-06-08T15:39:49.133767,3.163744,8.8,0.0,60506.828125,49.9,65622.546875,0,0.0,144.59375,deepseek-r1:7b,-1
2025-06-08T15:39:49.239160,3.269137,8.9,0.0,60506.078125,49.9,65623.6875,0,0.0,144.59375,deepseek-r1:7b,-1
2025-06-08T15:39:49.344555,3.374532,0.0,0.0,60506.078125,49.9,65623.6875,0,0.0,144.59375,deepseek-r1:7b,-1
2025-06-08T15:39:49.445224,3.475201,0.0,0.0,60506.078125,49.9,65623.6875,0,0.0,144.59375,deepseek-r1:7b,-1
2025-06-08T15:39:49.550639,3.580616,0.0,0.0,60506.078125,49.9,65623.6875,0,0.0,144.59375,deepseek-r1:7b,-1
2025-06-08T15:39:49.652946,3.682923,0.0,0.0,60506.078125,49.9,65623.6875,0,0.0,144.59375,deepseek-r1:7b,-1
2025-06-08T15:39:49.753769,3.783746,0.0,0.0,60506.078125,49.9,65623.6875,0,0.0,144.59375,deepseek-r1:7b,-1
2025-06-08T15:39:49.854990,3.884967,0.0,0.0,60506.078125,49.9,65623.6875,0,0.0,144.59375,deepseek-r1:7b,-1
2025-06-08T15:39:49.960374,3.990351,0.0,0.0,60506.078125,49.9,65623.6875,0,0.0,144.59375,deepseek-r1:7b,-1
2025-06-08T15:39:50.061057,4.091034,0.0,0.0,60506.078125,49.9,65623.6875,0,0.0,144.59375,deepseek-r1:7b,-1
2025-06-08T15:39:50.161785,4.191762,8.3,0.0,60501.71875,49.9,65631.890625,0,0.0,144.59375,deepseek-r1:7b,-1
2025-06-08T15:39:50.266479,4.296456,8.3,0.0,60501.71875,49.9,65628.09375,0,0.0,144.59375,deepseek-r1:7b,-1
2025-06-08T15:39:50.371964,4.401941,8.9,0.0,60501.640625,49.9,65628.515625,0,0.0,144.59375,deepseek-r1:7b,-1
2025-06-08T15:39:50.474263,4.50424,7.9,0.0,60501.640625,49.9,65628.515625,0,0.0,144.59375,deepseek-r1:7b,-1
2025-06-08T15:39:50.579716,4.609693,6.0,0.0,60501.640625,49.9,65628.515625,0,0.0,144.59375,deepseek-r1:7b,-1
2025-06-08T15:39:50.681573,4.71155,6.7,0.0,60501.640625,49.9,65628.515625,0,0.0,144.59375,deepseek-r1:7b,-1
2025-06-08T15:39:50.785351,4.815328,8.9,0.0,60501.640625,49.9,65628.515625,0,0.0,144.59375,deepseek-r1:7b,-1
2025-06-08T15:39:50.890799,4.920776,9.6,0.0,60501.640625,49.9,65628.515625,0,0.0,144.59375,deepseek-r1:7b,-1
2025-06-08T15:39:50.995137,5.025114,0.0,0.0,60501.640625,49.9,65628.515625,0,0.0,144.59375,deepseek-r1:7b,-1
2025-06-08T15:39:51.097619,5.127596,0.0,0.0,60501.640625,49.9,65628.515625,0,0.0,144.59375,deepseek-r1:7b,-1
2025-06-08T15:39:51.203030,5.233007,7.4,0.0,60501.5625,49.9,65630.1875,0,0.0,144.59375,deepseek-r1:7b,-1
2025-06-08T15:39:51.304448,5.334425,8.7,0.0,60501.5625,49.9,65630.296875,0,0.0,144.59375,deepseek-r1:7b,-1
2025-06-08T15:39:51.406174,5.436151,8.6,0.0,60501.53125,49.9,65626.8125,0,0.0,144.59375,deepseek-r1:7b,-1
2025-06-08T15:39:51.506803,5.53678,7.5,0.0,60501.546875,49.9,65627.171875,0,0.0,144.59375,deepseek-r1:7b,-1
2025-06-08T15:39:51.612226,5.642203,7.7,0.0,60501.546875,49.9,65627.171875,0,0.0,144.59375,deepseek-r1:7b,-1
2025-06-08T15:39:51.713802,5.743779,6.7,0.0,60501.546875,49.9,65627.171875,0,0.0,144.59375,deepseek-r1:7b,-1
2025-06-08T15:39:51.817331,5.847308,0.0,0.0,60501.546875,49.9,65627.171875,0,0.0,144.59375,deepseek-r1:7b,-1
2025-06-08T15:39:51.922758,5.952735,0.0,0.0,60501.546875,49.9,65627.171875,0,0.0,144.59375,deepseek-r1:7b,-1
2025-06-08T15:39:52.025579,6.055556,0.0,0.0,60501.546875,49.9,65627.171875,0,0.0,144.59375,deepseek-r1:7b,-1
2025-06-08T15:39:52.131043,6.16102,0.0,0.0,60501.546875,49.9,65627.171875,0,0.0,144.59375,deepseek-r1:7b,-1
2025-06-08T15:39:52.236475,6.266452,8.1,0.0,60498.625,49.9,65627.875,0,0.0,144.59375,deepseek-r1:7b,-1
2025-06-08T15:39:52.337401,6.367378,9.8,0.0,60498.640625,49.9,65628.046875,0,0.0,144.59375,deepseek-r1:7b,-1
2025-06-08T15:39:52.437884,6.467861,7.4,0.0,60498.640625,49.9,65628.046875,0,0.0,144.59375,deepseek-r1:7b,-1
2025-06-08T15:39:52.539629,6.569606,0.0,0.0,60498.640625,49.9,65628.046875,0,0.0,144.59375,deepseek-r1:7b,-1
2025-06-08T15:39:52.645005,6.674982,0.0,0.0,60498.640625,49.9,65628.046875,0,0.0,144.59375,deepseek-r1:7b,-1
2025-06-08T15:39:52.748345,6.778322,0.0,0.0,60498.640625,49.9,65628.046875,0,0.0,144.59375,deepseek-r1:7b,-1
2025-06-08T15:39:52.848799,6.878776,0.0,0.0,60498.640625,49.9,65628.046875,0,0.0,144.59375,deepseek-r1:7b,-1
2025-06-08T15:39:52.954291,6.984268,0.0,0.0,60498.640625,49.9,65628.046875,0,0.0,144.59375,deepseek-r1:7b,-1
2025-06-08T15:39:53.059750,7.089727,0.0,0.0,60498.640625,49.9,65628.046875,0,0.0,144.59375,deepseek-r1:7b,-1
2025-06-08T15:39:53.165214,7.195191,0.0,0.0,60498.640625,49.9,65628.046875,0,0.0,144.59375,deepseek-r1:7b,-1
2025-06-08T15:39:53.268674,7.298651,8.0,0.0,60495.953125,49.9,65632.984375,0,0.0,144.59375,deepseek-r1:7b,-1
2025-06-08T15:39:53.374110,7.404087,8.9,0.0,60496.21875,49.9,65633.125,0,0.0,144.59375,deepseek-r1:7b,-1
2025-06-08T15:39:53.478072,7.508049,8.9,0.0,60496.21875,49.9,65633.40625,0,0.0,144.59375,deepseek-r1:7b,-1
2025-06-08T15:39:53.583450,7.613427,0.0,0.0,60496.21875,49.9,65633.40625,0,0.0,144.59375,deepseek-r1:7b,-1
2025-06-08T15:39:53.686019,7.715996,0.0,0.0,60496.21875,49.9,65633.40625,0,0.0,144.59375,deepseek-r1:7b,-1
2025-06-08T15:39:53.790006,7.819983,0.0,0.0,60496.21875,49.9,65633.40625,0,0.0,144.59375,deepseek-r1:7b,-1
2025-06-08T15:39:53.893683,7.92366,0.0,0.0,60496.21875,49.9,65633.40625,0,0.0,144.59375,deepseek-r1:7b,-1
2025-06-08T15:39:53.999088,8.029065,0.0,0.0,60496.21875,49.9,65633.40625,0,0.0,144.59375,deepseek-r1:7b,-1
2025-06-08T15:39:54.100339,8.130316,0.0,0.0,60496.21875,49.9,65633.40625,0,0.0,144.59375,deepseek-r1:7b,-1
2025-06-08T15:39:54.205755,8.235732,0.0,0.0,60496.21875,49.9,65633.40625,0,0.0,144.59375,deepseek-r1:7b,-1
2025-06-08T15:39:54.311202,8.341179,8.1,0.0,60495.703125,49.9,65635.703125,0,0.0,144.59375,deepseek-r1:7b,-1
2025-06-08T15:39:54.414514,8.444491,7.9,0.0,60495.6875,49.9,65636.0,0,0.0,144.59375,deepseek-r1:7b,-1
2025-06-08T15:39:54.516544,8.546521,6.1,0.0,60495.640625,49.9,65636.140625,0,0.0,144.59375,deepseek-r1:7b,-1
2025-06-08T15:39:54.618783,8.64876,0.0,0.0,60495.640625,49.9,65636.140625,0,0.0,144.59375,deepseek-r1:7b,-1
2025-06-08T15:39:54.724200,8.754177,0.0,0.0,60495.640625,49.9,65636.140625,0,0.0,144.59375,deepseek-r1:7b,-1
2025-06-08T15:39:54.826992,8.856969,0.0,0.0,60495.640625,49.9,65636.140625,0,0.0,144.59375,deepseek-r1:7b,-1
2025-06-08T15:39:54.932398,8.962375,0.0,0.0,60495.640625,49.9,65636.140625,0,0.0,144.59375,deepseek-r1:7b,-1
2025-06-08T15:39:55.037326,9.067303,0.0,0.0,60495.640625,49.9,65636.140625,0,0.0,144.59375,deepseek-r1:7b,-1
2025-06-08T15:39:55.138625,9.168602,0.0,0.0,60495.640625,49.9,65636.140625,0,0.0,144.59375,deepseek-r1:7b,-1
2025-06-08T15:39:55.244011,9.273988,0.0,0.0,60495.640625,49.9,65636.140625,0,0.0,144.59375,deepseek-r1:7b,-1
2025-06-08T15:39:55.349468,9.379445,8.5,0.0,60493.171875,49.9,65640.875,0,0.0,144.59375,deepseek-r1:7b,-1
2025-06-08T15:39:55.454936,9.484913,7.2,0.0,60492.96875,49.9,65637.359375,0,0.0,144.59375,deepseek-r1:7b,-1
2025-06-08T15:39:55.560365,9.590342,7.1,0.0,60492.96875,49.9,65637.359375,0,0.0,144.59375,deepseek-r1:7b,-1
2025-06-08T15:39:55.665778,9.695755,0.0,0.0,60492.96875,49.9,65637.359375,0,0.0,144.59375,deepseek-r1:7b,-1
2025-06-08T15:39:55.771193,9.80117,0.0,0.0,60492.96875,49.9,65637.359375,0,0.0,144.59375,deepseek-r1:7b,-1
2025-06-08T15:39:55.872869,9.902846,0.0,0.0,60492.96875,49.9,65637.359375,0,0.0,144.59375,deepseek-r1:7b,-1
2025-06-08T15:39:55.978355,10.008332,0.0,0.0,60492.96875,49.9,65637.359375,0,0.0,144.59375,deepseek-r1:7b,-1
2025-06-08T15:39:56.082859,10.112836,0.0,0.0,60492.96875,49.9,65637.359375,0,0.0,144.59375,deepseek-r1:7b,-1
2025-06-08T15:39:56.188266,10.218243,0.0,0.0,60492.96875,49.9,65637.359375,0,0.0,144.59375,deepseek-r1:7b,-1
2025-06-08T15:39:56.293658,10.323635,0.0,0.0,60492.96875,49.9,65637.359375,0,0.0,144.59375,deepseek-r1:7b,-1
2025-06-08T15:39:56.399074,10.429051,9.7,0.0,60492.828125,49.9,65639.328125,0,0.0,144.59375,deepseek-r1:7b,-1
2025-06-08T15:39:56.504526,10.534503,6.5,0.0,60492.828125,49.9,65639.453125,0,0.0,144.59375,deepseek-r1:7b,-1
2025-06-08T15:39:56.609996,10.639973,7.2,0.0,60492.828125,49.9,65639.6875,0,0.0,144.59375,deepseek-r1:7b,-1
2025-06-08T15:39:56.715442,10.745419,8.1,0.0,60492.609375,49.9,65640.0625,0,0.0,144.59375,deepseek-r1:7b,-1
2025-06-08T15:39:56.819254,10.849231,7.4,0.0,60492.609375,49.9,65640.0625,0,0.0,144.59375,deepseek-r1:7b,-1
2025-06-08T15:39:56.924749,10.954726,9.4,0.0,60492.609375,49.9,65640.0625,0,0.0,144.59375,deepseek-r1:7b,-1
2025-06-08T15:39:57.026417,11.056394,8.0,0.0,60492.609375,49.9,65640.0625,0,0.0,144.59375,deepseek-r1:7b,-1
2025-06-08T15:39:57.127990,11.157967,8.0,0.0,60492.609375,49.9,65640.0625,0,0.0,144.59375,deepseek-r1:7b,-1
2025-06-08T15:39:57.231794,11.261771,0.0,0.0,60492.609375,49.9,65640.0625,0,0.0,144.59375,deepseek-r1:7b,-1
2025-06-08T15:39:57.332903,11.36288,0.0,0.0,60492.609375,49.9,65640.0625,0,0.0,144.59375,deepseek-r1:7b,-1
2025-06-08T15:39:57.438404,11.468381,8.1,0.0,60487.140625,49.9,65643.125,0,0.0,144.59375,deepseek-r1:7b,-1
2025-06-08T15:39:57.540810,11.570787,7.9,0.0,60487.09375,49.9,65643.28125,0,0.0,144.59375,deepseek-r1:7b,-1
2025-06-08T15:39:57.646212,11.676189,6.5,0.0,60487.09375,49.9,65643.28125,0,0.0,144.59375,deepseek-r1:7b,-1
2025-06-08T15:39:57.750692,11.780669,7.9,0.0,60487.09375,49.9,65643.28125,0,0.0,144.59375,deepseek-r1:7b,-1
2025-06-08T15:39:57.856118,11.886095,8.2,0.0,60487.09375,49.9,65643.28125,0,0.0,144.59375,deepseek-r1:7b,-1
2025-06-08T15:40:00.001912,0.038883,9.2,0.0,59591.234375,49.2,66553.515625,0,0.0,144.59375,deepseek-r1:7b,-1
2025-06-08T15:40:00.107066,0.144037,15.3,0.0,60134.390625,49.6,66008.109375,0,0.0,144.59375,deepseek-r1:7b,-1
2025-06-08T15:40:00.207879,0.24485,13.7,0.0,60134.390625,49.6,66008.109375,0,0.0,144.59375,deepseek-r1:7b,-1
2025-06-08T15:40:00.311336,0.348307,7.9,0.0,60134.390625,49.6,66008.109375,0,0.0,144.59375,deepseek-r1:7b,-1
2025-06-08T15:40:00.416678,0.453649,9.2,0.0,60134.390625,49.6,66008.109375,0,0.0,144.59375,deepseek-r1:7b,-1
2025-06-08T15:40:00.522037,0.559008,7.2,0.0,60134.390625,49.6,66008.109375,0,0.0,144.59375,deepseek-r1:7b,-1
2025-06-08T15:40:00.627406,0.664377,0.0,0.0,60134.390625,49.6,66008.109375,0,0.0,144.59375,deepseek-r1:7b,-1
2025-06-08T15:40:00.732870,0.769841,0.0,0.0,60134.390625,49.6,66008.109375,0,0.0,144.59375,deepseek-r1:7b,-1
2025-06-08T15:40:00.834052,0.871023,0.0,0.0,60134.390625,49.6,66008.109375,0,0.0,144.59375,deepseek-r1:7b,-1
2025-06-08T15:40:00.935856,0.972827,0.0,0.0,60134.390625,49.6,66008.109375,0,0.0,144.59375,deepseek-r1:7b,-1
2025-06-08T15:40:01.041322,1.078293,7.7,0.0,60620.140625,50.0,65524.09375,0,0.0,144.59375,deepseek-r1:7b,-1
2025-06-08T15:40:01.142581,1.179552,10.2,0.0,60617.796875,50.0,65522.859375,0,0.0,144.59375,deepseek-r1:7b,-1
2025-06-08T15:40:01.248022,1.284993,10.1,0.0,60491.546875,49.9,65648.78125,0,0.0,144.59375,deepseek-r1:7b,-1
2025-06-08T15:40:01.351352,1.388323,8.5,0.0,60491.546875,49.9,65648.78125,0,0.0,144.59375,deepseek-r1:7b,-1
2025-06-08T15:40:01.452342,1.489313,7.4,0.0,60491.546875,49.9,65648.78125,0,0.0,144.59375,deepseek-r1:7b,-1
2025-06-08T15:40:01.557812,1.594783,7.1,0.0,60491.546875,49.9,65648.78125,0,0.0,144.59375,deepseek-r1:7b,-1
2025-06-08T15:40:01.659034,1.696005,7.5,0.0,60491.546875,49.9,65648.78125,0,0.0,144.59375,deepseek-r1:7b,-1
2025-06-08T15:40:01.764458,1.801429,8.3,0.0,60491.546875,49.9,65648.78125,0,0.0,144.59375,deepseek-r1:7b,-1
2025-06-08T15:40:01.869857,1.906828,0.0,0.0,60491.546875,49.9,65648.78125,0,0.0,144.59375,deepseek-r1:7b,-1
2025-06-08T15:40:01.971693,2.008664,0.0,0.0,60491.546875,49.9,65648.78125,0,0.0,144.59375,deepseek-r1:7b,-1
2025-06-08T15:40:02.076619,2.11359,8.3,0.0,60491.71875,49.9,65651.140625,0,0.0,144.59375,deepseek-r1:7b,-1
2025-06-08T15:40:02.182099,2.21907,7.6,0.0,60491.734375,49.9,65651.234375,0,0.0,144.59375,deepseek-r1:7b,-1
2025-06-08T15:40:02.287560,2.324531,7.8,0.0,60491.765625,49.9,65647.484375,0,0.0,144.59375,deepseek-r1:7b,-1
2025-06-08T15:40:02.393032,2.430003,9.4,0.0,60491.765625,49.9,65647.484375,0,0.0,144.59375,deepseek-r1:7b,-1
2025-06-08T15:40:02.495687,2.532658,6.8,0.0,60491.765625,49.9,65647.484375,0,0.0,144.59375,deepseek-r1:7b,-1
2025-06-08T15:40:02.600359,2.63733,7.6,0.0,60491.765625,49.9,65647.484375,0,0.0,144.59375,deepseek-r1:7b,-1
2025-06-08T15:40:02.705743,2.742714,7.7,0.0,60491.765625,49.9,65647.484375,0,0.0,144.59375,deepseek-r1:7b,-1
2025-06-08T15:40:02.810231,2.847202,8.4,0.0,60491.765625,49.9,65647.484375,0,0.0,144.59375,deepseek-r1:7b,-1
2025-06-08T15:40:02.915663,2.952634,8.4,0.0,60491.765625,49.9,65647.484375,0,0.0,144.59375,deepseek-r1:7b,-1
2025-06-08T15:40:03.019251,3.056222,0.0,0.0,60491.765625,49.9,65647.484375,0,0.0,144.59375,deepseek-r1:7b,-1
2025-06-08T15:40:03.124642,3.161613,7.7,0.0,60486.5625,49.9,65650.28125,0,0.0,144.59375,deepseek-r1:7b,-1
2025-06-08T15:40:03.225338,3.262309,8.1,0.0,60486.609375,49.9,65650.515625,0,0.0,144.59375,deepseek-r1:7b,-1
2025-06-08T15:40:03.330761,3.367732,0.0,0.0,60486.609375,49.9,65650.625,0,0.0,144.59375,deepseek-r1:7b,-1
2025-06-08T15:40:03.433132,3.470103,0.0,0.0,60486.609375,49.9,65650.625,0,0.0,144.59375,deepseek-r1:7b,-1
2025-06-08T15:40:03.538571,3.575542,0.0,0.0,60486.609375,49.9,65650.625,0,0.0,144.59375,deepseek-r1:7b,-1
2025-06-08T15:40:03.643946,3.680917,0.0,0.0,60486.609375,49.9,65650.625,0,0.0,144.59375,deepseek-r1:7b,-1
2025-06-08T15:40:03.749302,3.786273,0.0,0.0,60486.609375,49.9,65650.625,0,0.0,144.59375,deepseek-r1:7b,-1
2025-06-08T15:40:03.854751,3.891722,0.0,0.0,60486.609375,49.9,65650.625,0,0.0,144.59375,deepseek-r1:7b,-1
2025-06-08T15:40:03.957923,3.994894,0.0,0.0,60486.609375,49.9,65650.625,0,0.0,144.59375,deepseek-r1:7b,-1
2025-06-08T15:40:04.059427,4.096398,0.0,0.0,60486.609375,49.9,65650.625,0,0.0,144.59375,deepseek-r1:7b,-1
2025-06-08T15:40:04.164658,4.201629,8.1,0.0,60486.5,49.9,65655.5625,0,0.0,144.59375,deepseek-r1:7b,-1
2025-06-08T15:40:04.268559,4.30553,8.0,0.0,60486.53125,49.9,65655.796875,0,0.0,144.59375,deepseek-r1:7b,-1
2025-06-08T15:40:04.369851,4.406822,10.2,0.0,60486.4375,49.9,65656.046875,0,0.0,144.59375,deepseek-r1:7b,-1
2025-06-08T15:40:04.475348,4.512319,7.1,0.0,60486.4375,49.9,65656.046875,0,0.0,144.59375,deepseek-r1:7b,-1
2025-06-08T15:40:04.581523,4.618494,6.5,0.0,60486.4375,49.9,65656.046875,0,0.0,144.59375,deepseek-r1:7b,-1
2025-06-08T15:40:04.683384,4.720355,6.8,0.0,60486.4375,49.9,65656.046875,0,0.0,144.59375,deepseek-r1:7b,-1
2025-06-08T15:40:04.788814,4.825785,9.4,0.0,60486.4375,49.9,65656.046875,0,0.0,144.59375,deepseek-r1:7b,-1
2025-06-08T15:40:04.894263,4.931234,0.0,0.0,60486.4375,49.9,65656.046875,0,0.0,144.59375,deepseek-r1:7b,-1
2025-06-08T15:40:04.999667,5.036638,0.0,0.0,60486.4375,49.9,65656.046875,0,0.0,144.59375,deepseek-r1:7b,-1
2025-06-08T15:40:05.105117,5.142088,0.0,0.0,60486.4375,49.9,65656.046875,0,0.0,144.59375,deepseek-r1:7b,-1
2025-06-08T15:40:05.210536,5.247507,7.7,0.0,60483.421875,49.9,65660.65625,0,0.0,144.59375,deepseek-r1:7b,-1
2025-06-08T15:40:05.315972,5.352943,10.1,0.0,60483.484375,49.9,65661.3125,0,0.0,144.59375,deepseek-r1:7b,-1
2025-06-08T15:40:05.418541,5.455512,7.4,0.0,60483.46875,49.9,65661.46875,0,0.0,144.59375,deepseek-r1:7b,-1
2025-06-08T15:40:05.523968,5.560939,8.1,0.0,60483.46875,49.9,65661.46875,0,0.0,144.59375,deepseek-r1:7b,-1
2025-06-08T15:40:05.627661,5.664632,0.0,0.0,60483.46875,49.9,65661.46875,0,0.0,144.59375,deepseek-r1:7b,-1
2025-06-08T15:40:05.732560,5.769531,0.0,0.0,60483.46875,49.9,65661.46875,0,0.0,144.59375,deepseek-r1:7b,-1
2025-06-08T15:40:05.835838,5.872809,0.0,0.0,60483.46875,49.9,65661.46875,0,0.0,144.59375,deepseek-r1:7b,-1
2025-06-08T15:40:05.941235,5.978206,0.0,0.0,60483.46875,49.9,65661.46875,0,0.0,144.59375,deepseek-r1:7b,-1
2025-06-08T15:40:06.042264,6.079235,0.0,0.0,60483.46875,49.9,65661.46875,0,0.0,144.59375,deepseek-r1:7b,-1
2025-06-08T15:40:06.145935,6.182906,0.0,0.0,60483.46875,49.9,65661.46875,0,0.0,144.59375,deepseek-r1:7b,-1
2025-06-08T15:40:06.251370,6.288341,8.0,0.0,60453.65625,49.9,65685.03125,0,0.0,144.59375,deepseek-r1:7b,-1
2025-06-08T15:40:06.356822,6.393793,7.1,0.0,60453.65625,49.9,65685.03125,0,0.0,144.59375,deepseek-r1:7b,-1
2025-06-08T15:40:06.462263,6.499234,8.7,0.0,60453.65625,49.9,65685.03125,0,0.0,144.59375,deepseek-r1:7b,-1
2025-06-08T15:40:06.565264,6.602235,6.7,0.0,60453.65625,49.9,65685.03125,0,0.0,144.59375,deepseek-r1:7b,-1
2025-06-08T15:40:06.670603,6.707574,7.2,0.0,60453.65625,49.9,65685.03125,0,0.0,144.59375,deepseek-r1:7b,-1
2025-06-08T15:40:06.775927,6.812898,7.1,0.0,60453.65625,49.9,65685.03125,0,0.0,144.59375,deepseek-r1:7b,-1
2025-06-08T15:40:06.881382,6.918353,0.0,0.0,60453.65625,49.9,65685.03125,0,0.0,144.59375,deepseek-r1:7b,-1
2025-06-08T15:40:06.985190,7.022161,0.0,0.0,60453.65625,49.9,65685.03125,0,0.0,144.59375,deepseek-r1:7b,-1
2025-06-08T15:40:07.089363,7.126334,0.0,0.0,60453.65625,49.9,65685.03125,0,0.0,144.59375,deepseek-r1:7b,-1
2025-06-08T15:40:07.193331,7.230302,0.0,0.0,60453.65625,49.9,65685.03125,0,0.0,144.59375,deepseek-r1:7b,-1
2025-06-08T15:40:07.298198,7.335169,8.3,0.0,60453.46875,49.9,65687.375,0,0.0,144.59375,deepseek-r1:7b,-1
2025-06-08T15:40:07.403537,7.440508,7.2,0.0,60453.46875,49.9,65687.375,0,0.0,144.59375,deepseek-r1:7b,-1
2025-06-08T15:40:07.508969,7.54594,7.3,0.0,60453.46875,49.9,65687.375,0,0.0,144.59375,deepseek-r1:7b,-1
2025-06-08T15:40:07.613433,7.650404,7.1,0.0,60453.46875,49.9,65687.375,0,0.0,144.59375,deepseek-r1:7b,-1
2025-06-08T15:40:07.718891,7.755862,7.2,0.0,60453.46875,49.9,65687.375,0,0.0,144.59375,deepseek-r1:7b,-1
2025-06-08T15:40:07.824322,7.861293,10.5,0.0,60453.46875,49.9,65687.375,0,0.0,144.59375,deepseek-r1:7b,-1
2025-06-08T15:40:07.926835,7.963806,6.7,0.0,60453.46875,49.9,65687.375,0,0.0,144.59375,deepseek-r1:7b,-1
2025-06-08T15:40:08.031042,8.068013,8.3,0.0,60453.46875,49.9,65687.375,0,0.0,144.59375,deepseek-r1:7b,-1
2025-06-08T15:40:08.132202,8.169173,0.0,0.0,60453.46875,49.9,65687.375,0,0.0,144.59375,deepseek-r1:7b,-1
2025-06-08T15:40:08.237632,8.274603,0.0,0.0,60453.46875,49.9,65687.375,0,0.0,144.59375,deepseek-r1:7b,-1
2025-06-08T15:40:08.339584,8.376555,8.3,0.0,60450.53125,49.9,65692.453125,0,0.0,144.59375,deepseek-r1:7b,-1
2025-06-08T15:40:08.442563,8.479534,6.1,0.0,60450.53125,49.9,65688.75,0,0.0,144.59375,deepseek-r1:7b,-1
2025-06-08T15:40:08.548003,8.584974,7.7,0.0,60450.53125,49.9,65688.75,0,0.0,144.59375,deepseek-r1:7b,-1
2025-06-08T15:40:08.653519,8.69049,7.1,0.0,60450.53125,49.9,65688.75,0,0.0,144.59375,deepseek-r1:7b,-1
2025-06-08T15:40:08.755747,8.792718,6.2,0.0,60450.53125,49.9,65688.75,0,0.0,144.59375,deepseek-r1:7b,-1
2025-06-08T15:40:08.861164,8.898135,9.4,0.0,60450.53125,49.9,65688.75,0,0.0,144.59375,deepseek-r1:7b,-1
2025-06-08T15:40:08.966585,9.003556,0.0,0.0,60450.53125,49.9,65688.75,0,0.0,144.59375,deepseek-r1:7b,-1
2025-06-08T15:40:09.067592,9.104563,0.0,0.0,60450.53125,49.9,65688.75,0,0.0,144.59375,deepseek-r1:7b,-1
2025-06-08T15:40:09.173079,9.21005,0.0,0.0,60450.53125,49.9,65688.75,0,0.0,144.59375,deepseek-r1:7b,-1
2025-06-08T15:40:09.273981,9.310952,0.0,0.0,60450.53125,49.9,65688.75,0,0.0,144.59375,deepseek-r1:7b,-1
2025-06-08T15:40:09.374997,9.411968,8.4,0.0,60450.59375,49.9,65686.359375,0,0.0,144.59375,deepseek-r1:7b,-1
2025-06-08T15:40:09.480437,9.517408,7.1,0.0,60450.59375,49.9,65686.609375,0,0.0,144.59375,deepseek-r1:7b,-1
2025-06-08T15:40:09.583830,9.620801,6.7,0.0,60450.59375,49.9,65686.609375,0,0.0,144.59375,deepseek-r1:7b,-1
2025-06-08T15:40:09.689266,9.726237,8.3,0.0,60450.59375,49.9,65686.609375,0,0.0,144.59375,deepseek-r1:7b,-1
2025-06-08T15:40:09.793492,9.830463,9.5,0.0,60450.59375,49.9,65686.609375,0,0.0,144.59375,deepseek-r1:7b,-1
2025-06-08T15:40:09.898178,9.935149,8.9,0.0,60450.59375,49.9,65686.609375,0,0.0,144.59375,deepseek-r1:7b,-1
2025-06-08T15:40:10.001818,10.038789,7.8,0.0,60450.59375,49.9,65686.609375,0,0.0,144.59375,deepseek-r1:7b,-1
2025-06-08T15:40:10.106960,10.143931,6.6,0.0,60450.59375,49.9,65686.609375,0,0.0,144.59375,deepseek-r1:7b,-1
2025-06-08T15:40:10.207703,10.244674,0.0,0.0,60450.59375,49.9,65686.609375,0,0.0,144.59375,deepseek-r1:7b,-1
2025-06-08T15:40:10.313103,10.350074,0.0,0.0,60450.59375,49.9,65686.609375,0,0.0,144.59375,deepseek-r1:7b,-1
2025-06-08T15:40:10.414631,10.451602,7.9,0.0,60447.640625,49.9,65687.421875,0,0.0,144.59375,deepseek-r1:7b,-1
2025-06-08T15:40:10.520119,10.55709,7.1,0.0,60447.640625,49.9,65687.671875,0,0.0,144.59375,deepseek-r1:7b,-1
2025-06-08T15:40:10.622246,10.659217,7.3,0.0,60447.640625,49.9,65687.671875,0,0.0,144.59375,deepseek-r1:7b,-1
2025-06-08T15:40:10.723333,10.760304,7.5,0.0,60447.640625,49.9,65687.671875,0,0.0,144.59375,deepseek-r1:7b,-1
2025-06-08T15:40:10.826050,10.863021,8.4,0.0,60447.640625,49.9,65687.671875,0,0.0,144.59375,deepseek-r1:7b,-1
2025-06-08T15:40:10.927241,10.964212,9.2,0.0,60447.640625,49.9,65687.671875,0,0.0,144.59375,deepseek-r1:7b,-1
2025-06-08T15:40:11.032638,11.069609,7.7,0.0,60447.640625,49.9,65687.671875,0,0.0,144.59375,deepseek-r1:7b,-1
2025-06-08T15:40:11.138047,11.175018,7.2,0.0,60447.640625,49.9,65687.671875,0,0.0,144.59375,deepseek-r1:7b,-1
2025-06-08T15:40:11.243444,11.280415,0.0,0.0,60447.640625,49.9,65687.671875,0,0.0,144.59375,deepseek-r1:7b,-1
2025-06-08T15:40:11.348857,11.385828,0.0,0.0,60447.640625,49.9,65687.671875,0,0.0,144.59375,deepseek-r1:7b,-1
2025-06-08T15:40:11.452859,11.48983,8.0,0.0,60447.3125,49.9,65690.015625,0,0.0,144.59375,deepseek-r1:7b,-1
2025-06-08T15:40:11.558310,11.595281,7.7,0.0,60447.3125,49.9,65690.125,0,0.0,144.59375,deepseek-r1:7b,-1
2025-06-08T15:40:11.663750,11.700721,8.2,0.0,60447.3125,49.9,65690.125,0,0.0,144.59375,deepseek-r1:7b,-1
2025-06-08T15:40:11.769153,11.806124,13.6,0.0,60447.3125,49.9,65690.125,0,0.0,144.59375,deepseek-r1:7b,-1
2025-06-08T15:40:11.874599,11.91157,11.9,0.0,60447.3125,49.9,65690.125,0,0.0,144.59375,deepseek-r1:7b,-1
2025-06-08T15:40:11.976962,12.013933,0.0,0.0,60447.3125,49.9,65690.125,0,0.0,144.59375,deepseek-r1:7b,-1
2025-06-08T15:40:12.082404,12.119375,0.0,0.0,60447.3125,49.9,65690.125,0,0.0,144.59375,deepseek-r1:7b,-1
2025-06-08T15:40:12.187846,12.224817,0.0,0.0,60447.3125,49.9,65690.125,0,0.0,144.59375,deepseek-r1:7b,-1
2025-06-08T15:40:12.289850,12.326821,0.0,0.0,60447.3125,49.9,65690.125,0,0.0,144.59375,deepseek-r1:7b,-1
2025-06-08T15:40:12.395320,12.432291,0.0,0.0,60447.3125,49.9,65690.125,0,0.0,144.59375,deepseek-r1:7b,-1
2025-06-08T15:40:12.498695,12.535666,8.2,0.0,60556.890625,50.0,65580.40625,0,0.0,144.59375,deepseek-r1:7b,-1
2025-06-08T15:40:12.604156,12.641127,11.1,0.0,60556.96875,50.0,65580.734375,0,0.0,144.59375,deepseek-r1:7b,-1
2025-06-08T15:40:12.709614,12.746585,0.0,0.0,60556.96875,50.0,65580.734375,0,0.0,144.59375,deepseek-r1:7b,-1
2025-06-08T15:40:12.814811,12.851782,0.0,0.0,60556.96875,50.0,65580.734375,0,0.0,144.59375,deepseek-r1:7b,-1
2025-06-08T15:40:12.920239,12.95721,0.0,0.0,60556.96875,50.0,65580.734375,0,0.0,144.59375,deepseek-r1:7b,-1
2025-06-08T15:40:13.025427,13.062398,0.0,0.0,60556.96875,50.0,65580.734375,0,0.0,144.59375,deepseek-r1:7b,-1
2025-06-08T15:40:13.130567,13.167538,0.0,0.0,60556.96875,50.0,65580.734375,0,0.0,144.59375,deepseek-r1:7b,-1
2025-06-08T15:40:13.234580,13.271551,0.0,0.0,60556.96875,50.0,65580.734375,0,0.0,144.59375,deepseek-r1:7b,-1
2025-06-08T15:40:13.339845,13.376816,0.0,0.0,60556.96875,50.0,65580.734375,0,0.0,144.59375,deepseek-r1:7b,-1
2025-06-08T15:40:13.445152,13.482123,0.0,0.0,60556.96875,50.0,65580.734375,0,0.0,144.59375,deepseek-r1:7b,-1
2025-06-08T15:40:13.550469,13.58744,8.9,0.0,60484.046875,49.9,65654.921875,0,0.0,144.59375,deepseek-r1:7b,-1
2025-06-08T15:40:13.652381,13.689352,7.4,0.0,60484.015625,49.9,65655.15625,0,0.0,144.59375,deepseek-r1:7b,-1
2025-06-08T15:40:13.754610,13.791581,10.4,0.0,60484.015625,49.9,65655.15625,0,0.0,144.59375,deepseek-r1:7b,-1
2025-06-08T15:40:13.859863,13.896834,8.8,0.0,60484.015625,49.9,65655.15625,0,0.0,144.59375,deepseek-r1:7b,-1
2025-06-08T15:40:13.960207,13.997178,0.0,0.0,60484.015625,49.9,65655.15625,0,0.0,144.59375,deepseek-r1:7b,-1
2025-06-08T15:40:14.062254,14.099225,0.0,0.0,60484.015625,49.9,65655.15625,0,0.0,144.59375,deepseek-r1:7b,-1
2025-06-08T15:40:14.167475,14.204446,0.0,0.0,60484.015625,49.9,65655.15625,0,0.0,144.59375,deepseek-r1:7b,-1
2025-06-08T15:40:14.270851,14.307822,0.0,0.0,60484.015625,49.9,65655.15625,0,0.0,144.59375,deepseek-r1:7b,-1
2025-06-08T15:40:14.373187,14.410158,0.0,0.0,60484.015625,49.9,65655.15625,0,0.0,144.59375,deepseek-r1:7b,-1
2025-06-08T15:40:14.477765,14.514736,0.0,0.0,60484.015625,49.9,65655.15625,0,0.0,144.59375,deepseek-r1:7b,-1
2025-06-08T15:40:14.583077,14.620048,9.5,0.0,60485.078125,49.9,65658.203125,0,0.0,144.59375,deepseek-r1:7b,-1
2025-06-08T15:40:14.684435,14.721406,7.4,0.0,60485.09375,49.9,65658.5,0,0.0,144.59375,deepseek-r1:7b,-1
2025-06-08T15:40:14.786445,14.823416,11.0,0.0,60485.125,49.9,65658.90625,0,0.0,144.59375,deepseek-r1:7b,-1
2025-06-08T15:40:14.889341,14.926312,9.6,0.0,60485.25,49.9,65659.5,0,0.0,144.59375,deepseek-r1:7b,-1
2025-06-08T15:40:14.994556,15.031527,8.4,0.0,60485.25,49.9,65659.5,0,0.0,144.59375,deepseek-r1:7b,-1
2025-06-08T15:40:15.099810,15.136781,6.5,0.0,60485.25,49.9,65659.5,0,0.0,144.59375,deepseek-r1:7b,-1
2025-06-08T15:40:15.205049,15.24202,7.7,0.0,60485.25,49.9,65659.5,0,0.0,144.59375,deepseek-r1:7b,-1
2025-06-08T15:40:15.309748,15.346719,0.0,0.0,60485.25,49.9,65659.5,0,0.0,144.59375,deepseek-r1:7b,-1
2025-06-08T15:40:15.414970,15.451941,0.0,0.0,60485.25,49.9,65659.5,0,0.0,144.59375,deepseek-r1:7b,-1
2025-06-08T15:40:15.516276,15.553247,0.0,0.0,60485.25,49.9,65659.5,0,0.0,144.59375,deepseek-r1:7b,-1
2025-06-08T15:40:15.621392,15.658363,7.9,0.0,60485.203125,49.9,65657.234375,0,0.0,144.59375,deepseek-r1:7b,-1
2025-06-08T15:40:15.726671,15.763642,9.0,0.0,60485.21875,49.9,65657.46875,0,0.0,144.59375,deepseek-r1:7b,-1
2025-06-08T15:40:15.828306,15.865277,9.6,0.0,60485.21875,49.9,65657.46875,0,0.0,144.59375,deepseek-r1:7b,-1
2025-06-08T15:40:15.928856,15.965827,8.8,0.0,60485.21875,49.9,65657.46875,0,0.0,144.59375,deepseek-r1:7b,-1
2025-06-08T15:40:16.034081,16.071052,7.2,0.0,60485.21875,49.9,65657.46875,0,0.0,144.59375,deepseek-r1:7b,-1
2025-06-08T15:40:16.139186,16.176157,8.2,0.0,60485.21875,49.9,65657.46875,0,0.0,144.59375,deepseek-r1:7b,-1
2025-06-08T15:40:16.244464,16.281435,8.9,0.0,60485.21875,49.9,65657.46875,0,0.0,144.59375,deepseek-r1:7b,-1
2025-06-08T15:40:16.349738,16.386709,8.4,0.0,60485.21875,49.9,65657.46875,0,0.0,144.59375,deepseek-r1:7b,-1
2025-06-08T15:40:16.450769,16.48774,0.0,0.0,60485.21875,49.9,65657.46875,0,0.0,144.59375,deepseek-r1:7b,-1
2025-06-08T15:40:16.551531,16.588502,0.0,0.0,60485.21875,49.9,65657.46875,0,0.0,144.59375,deepseek-r1:7b,-1
2025-06-08T15:40:16.654351,16.691322,7.0,0.0,60483.75,49.9,65658.0625,0,0.0,144.59375,deepseek-r1:7b,-1
2025-06-08T15:40:16.758734,16.795705,9.0,0.0,60482.796875,49.9,65659.296875,0,0.0,144.59375,deepseek-r1:7b,-1
2025-06-08T15:40:16.862261,16.899232,9.5,0.0,60482.78125,49.9,65659.4375,0,0.0,144.59375,deepseek-r1:7b,-1
2025-06-08T15:40:16.966276,17.003247,7.8,0.0,60482.78125,49.9,65659.4375,0,0.0,144.59375,deepseek-r1:7b,-1
2025-06-08T15:40:17.071525,17.108496,10.7,0.0,60482.78125,49.9,65659.4375,0,0.0,144.59375,deepseek-r1:7b,-1
2025-06-08T15:40:17.174525,17.211496,0.0,0.0,60482.78125,49.9,65659.4375,0,0.0,144.59375,deepseek-r1:7b,-1
2025-06-08T15:40:17.276786,17.313757,0.0,0.0,60482.78125,49.9,65659.4375,0,0.0,144.59375,deepseek-r1:7b,-1
2025-06-08T15:40:17.382157,17.419128,0.0,0.0,60482.78125,49.9,65659.4375,0,0.0,144.59375,deepseek-r1:7b,-1
2025-06-08T15:40:17.487551,17.524522,0.0,0.0,60482.78125,49.9,65659.4375,0,0.0,144.59375,deepseek-r1:7b,-1
2025-06-08T15:40:17.590972,17.627943,0.0,0.0,60482.78125,49.9,65659.4375,0,0.0,144.59375,deepseek-r1:7b,-1
2025-06-08T15:40:17.696286,17.733257,7.9,0.0,60458.84375,49.9,65679.234375,0,0.0,144.59375,deepseek-r1:7b,-1
2025-06-08T15:40:17.801585,17.838556,9.0,0.0,60458.84375,49.9,65679.34375,0,0.0,144.59375,deepseek-r1:7b,-1
2025-06-08T15:40:17.902952,17.939923,9.1,0.0,60458.84375,49.9,65679.34375,0,0.0,144.59375,deepseek-r1:7b,-1
2025-06-08T15:40:18.008290,18.045261,8.2,0.0,60458.84375,49.9,65679.34375,0,0.0,144.59375,deepseek-r1:7b,-1
2025-06-08T15:40:18.110665,18.147636,6.1,0.0,60458.84375,49.9,65679.34375,0,0.0,144.59375,deepseek-r1:7b,-1
2025-06-08T15:40:18.214803,18.251774,7.2,0.0,60458.84375,49.9,65679.34375,0,0.0,144.59375,deepseek-r1:7b,-1
2025-06-08T15:40:18.320114,18.357085,9.4,0.0,60458.84375,49.9,65679.34375,0,0.0,144.59375,deepseek-r1:7b,-1
2025-06-08T15:40:18.425424,18.462395,7.2,0.0,60458.84375,49.9,65679.34375,0,0.0,144.59375,deepseek-r1:7b,-1
2025-06-08T15:40:18.530731,18.567702,8.8,0.0,60458.84375,49.9,65679.34375,0,0.0,144.59375,deepseek-r1:7b,-1
2025-06-08T15:40:18.636071,18.673042,7.7,0.0,60458.84375,49.9,65679.34375,0,0.0,144.59375,deepseek-r1:7b,-1
2025-06-08T15:40:18.737470,18.774441,8.7,0.0,60458.734375,49.9,65681.53125,0,0.0,144.59375,deepseek-r1:7b,-1
2025-06-08T15:40:18.842534,18.879505,9.4,0.0,60458.734375,49.9,65681.53125,0,0.0,144.59375,deepseek-r1:7b,-1
2025-06-08T15:40:18.947536,18.984507,7.7,0.0,60458.734375,49.9,65681.53125,0,0.0,144.59375,deepseek-r1:7b,-1
2025-06-08T15:40:19.052853,19.089824,7.2,0.0,60458.734375,49.9,65681.53125,0,0.0,144.59375,deepseek-r1:7b,-1
2025-06-08T15:40:19.154480,19.191451,8.5,0.0,60458.734375,49.9,65681.53125,0,0.0,144.59375,deepseek-r1:7b,-1
2025-06-08T15:40:19.257645,19.294616,7.4,0.0,60458.734375,49.9,65681.53125,0,0.0,144.59375,deepseek-r1:7b,-1
2025-06-08T15:40:19.362969,19.39994,9.4,0.0,60458.734375,49.9,65681.53125,0,0.0,144.59375,deepseek-r1:7b,-1
2025-06-08T15:40:19.468312,19.505283,7.1,0.0,60458.734375,49.9,65681.53125,0,0.0,144.59375,deepseek-r1:7b,-1
2025-06-08T15:40:19.573621,19.610592,7.2,0.0,60458.734375,49.9,65681.53125,0,0.0,144.59375,deepseek-r1:7b,-1
2025-06-08T15:40:19.677858,19.714829,0.0,0.0,60458.734375,49.9,65681.53125,0,0.0,144.59375,deepseek-r1:7b,-1
2025-06-08T15:40:19.781310,19.818281,7.8,0.0,60456.828125,49.9,65685.71875,0,0.0,144.59375,deepseek-r1:7b,-1
2025-06-08T15:40:19.886645,19.923616,8.8,0.0,60456.8125,49.9,65686.015625,0,0.0,144.59375,deepseek-r1:7b,-1
2025-06-08T15:40:19.992005,20.028976,9.4,0.0,60456.8125,49.9,65686.015625,0,0.0,144.59375,deepseek-r1:7b,-1
2025-06-08T15:40:20.097317,20.134288,6.5,0.0,60456.8125,49.9,65686.015625,0,0.0,144.59375,deepseek-r1:7b,-1
2025-06-08T15:40:20.197828,20.234799,7.5,0.0,60456.8125,49.9,65686.015625,0,0.0,144.59375,deepseek-r1:7b,-1
2025-06-08T15:40:20.302862,20.339833,7.9,0.0,60456.8125,49.9,65686.015625,0,0.0,144.59375,deepseek-r1:7b,-1
2025-06-08T15:40:20.408210,20.445181,8.2,0.0,60456.8125,49.9,65686.015625,0,0.0,144.59375,deepseek-r1:7b,-1
2025-06-08T15:40:20.508902,20.545873,0.0,0.0,60456.8125,49.9,65686.015625,0,0.0,144.59375,deepseek-r1:7b,-1
2025-06-08T15:40:20.614250,20.651221,0.0,0.0,60456.8125,49.9,65686.015625,0,0.0,144.59375,deepseek-r1:7b,-1
2025-06-08T15:40:20.714906,20.751877,0.0,0.0,60456.8125,49.9,65686.015625,0,0.0,144.59375,deepseek-r1:7b,-1
2025-06-08T15:40:20.820219,20.85719,7.4,0.0,60451.90625,49.9,65684.546875,0,0.0,144.59375,deepseek-r1:7b,-1
2025-06-08T15:40:20.921891,20.958862,9.2,0.0,60451.9375,49.9,65684.828125,0,0.0,144.59375,deepseek-r1:7b,-1
2025-06-08T15:40:21.027181,21.064152,7.1,0.0,60451.9375,49.9,65684.828125,0,0.0,144.59375,deepseek-r1:7b,-1
2025-06-08T15:40:21.132399,21.16937,7.2,0.0,60451.9375,49.9,65684.828125,0,0.0,144.59375,deepseek-r1:7b,-1
2025-06-08T15:40:21.237406,21.274377,7.1,0.0,60451.9375,49.9,65684.828125,0,0.0,144.59375,deepseek-r1:7b,-1
2025-06-08T15:40:21.339781,21.376752,8.6,0.0,60451.9375,49.9,65684.828125,0,0.0,144.59375,deepseek-r1:7b,-1
2025-06-08T15:40:21.444239,21.48121,8.9,0.0,60451.9375,49.9,65684.828125,0,0.0,144.59375,deepseek-r1:7b,-1
2025-06-08T15:40:21.549594,21.586565,7.7,0.0,60451.9375,49.9,65684.828125,0,0.0,144.59375,deepseek-r1:7b,-1
2025-06-08T15:40:21.654886,21.691857,6.5,0.0,60451.9375,49.9,65684.828125,0,0.0,144.59375,deepseek-r1:7b,-1
2025-06-08T15:40:21.758272,21.795243,0.0,0.0,60451.9375,49.9,65684.828125,0,0.0,144.59375,deepseek-r1:7b,-1
2025-06-08T15:40:21.861528,21.898499,8.5,0.0,60451.84375,49.9,65682.546875,0,0.0,144.59375,deepseek-r1:7b,-1
2025-06-08T15:40:21.966205,22.003176,7.8,0.0,60451.84375,49.9,65682.796875,0,0.0,144.59375,deepseek-r1:7b,-1
2025-06-08T15:40:22.071481,22.108452,7.1,0.0,60451.84375,49.9,65682.796875,0,0.0,144.59375,deepseek-r1:7b,-1
2025-06-08T15:40:22.173347,22.210318,8.6,0.0,60451.84375,49.9,65682.796875,0,0.0,144.59375,deepseek-r1:7b,-1
2025-06-08T15:40:22.277199,22.31417,8.4,0.0,60451.84375,49.9,65682.796875,0,0.0,144.59375,deepseek-r1:7b,-1
2025-06-08T15:40:22.382530,22.419501,0.0,0.0,60451.84375,49.9,65682.796875,0,0.0,144.59375,deepseek-r1:7b,-1
2025-06-08T15:40:22.487862,22.524833,0.0,0.0,60451.84375,49.9,65682.796875,0,0.0,144.59375,deepseek-r1:7b,-1
2025-06-08T15:40:22.593258,22.630229,0.0,0.0,60451.84375,49.9,65682.796875,0,0.0,144.59375,deepseek-r1:7b,-1
2025-06-08T15:40:24.733913,0.033777,9.0,0.0,59529.984375,49.2,66609.328125,0,0.0,144.609375,deepseek-r1:7b,-1
2025-06-08T15:40:24.838951,0.138815,14.8,0.0,59529.984375,49.2,66609.328125,0,0.0,144.609375,deepseek-r1:7b,-1
2025-06-08T15:40:24.944143,0.244007,15.0,0.0,59529.984375,49.2,66609.328125,0,0.0,144.609375,deepseek-r1:7b,-1
2025-06-08T15:40:25.047659,0.347523,7.8,0.0,59529.984375,49.2,66609.328125,0,0.0,144.609375,deepseek-r1:7b,-1
2025-06-08T15:40:25.152936,0.4528,0.0,0.0,59529.984375,49.2,66609.328125,0,0.0,144.609375,deepseek-r1:7b,-1
2025-06-08T15:40:25.258246,0.55811,0.0,0.0,59529.984375,49.2,66609.328125,0,0.0,144.609375,deepseek-r1:7b,-1
2025-06-08T15:40:25.363606,0.66347,0.0,0.0,59529.984375,49.2,66609.328125,0,0.0,144.609375,deepseek-r1:7b,-1
2025-06-08T15:40:25.469178,0.769042,0.0,0.0,59529.984375,49.2,66609.328125,0,0.0,144.609375,deepseek-r1:7b,-1
2025-06-08T15:40:25.571945,0.871809,0.0,0.0,59529.984375,49.2,66609.328125,0,0.0,144.609375,deepseek-r1:7b,-1
2025-06-08T15:40:25.675863,0.975727,0.0,0.0,59529.984375,49.2,66609.328125,0,0.0,144.609375,deepseek-r1:7b,-1
2025-06-08T15:40:25.781196,1.08106,7.9,0.0,60549.515625,50.0,65591.859375,0,0.0,144.609375,deepseek-r1:7b,-1
2025-06-08T15:40:25.886549,1.186413,11.8,0.0,60549.5,50.0,65592.0,0,0.0,144.609375,deepseek-r1:7b,-1
2025-06-08T15:40:25.991338,1.291202,15.4,0.0,60549.375,50.0,65592.421875,0,0.0,144.609375,deepseek-r1:7b,-1
2025-06-08T15:40:26.095483,1.395347,10.4,0.0,60549.375,50.0,65592.53125,0,0.0,144.609375,deepseek-r1:7b,-1
2025-06-08T15:40:26.200842,1.500706,7.6,0.0,60549.375,50.0,65592.53125,0,0.0,144.609375,deepseek-r1:7b,-1
2025-06-08T15:40:26.306205,1.606069,8.9,0.0,60549.375,50.0,65592.53125,0,0.0,144.609375,deepseek-r1:7b,-1
2025-06-08T15:40:26.408821,1.708685,9.8,0.0,60549.375,50.0,65592.53125,0,0.0,144.609375,deepseek-r1:7b,-1
2025-06-08T15:40:26.509718,1.809582,7.5,0.0,60549.375,50.0,65592.53125,0,0.0,144.609375,deepseek-r1:7b,-1
2025-06-08T15:40:26.615074,1.914938,6.6,0.0,60549.375,50.0,65592.53125,0,0.0,144.609375,deepseek-r1:7b,-1
2025-06-08T15:40:26.715487,2.015351,0.0,0.0,60549.375,50.0,65592.53125,0,0.0,144.609375,deepseek-r1:7b,-1
2025-06-08T15:40:26.816440,2.116304,8.6,0.0,60432.296875,49.9,65710.28125,0,0.0,144.609375,deepseek-r1:7b,-1
2025-06-08T15:40:26.917716,2.21758,6.9,0.0,60432.296875,49.9,65710.609375,0,0.0,144.609375,deepseek-r1:7b,-1
2025-06-08T15:40:27.020746,2.32061,9.1,0.0,60432.40625,49.9,65706.765625,0,0.0,144.609375,deepseek-r1:7b,-1
2025-06-08T15:40:27.126138,2.426002,7.1,0.0,60432.40625,49.9,65706.765625,0,0.0,144.609375,deepseek-r1:7b,-1
2025-06-08T15:40:27.231536,2.5314,0.0,0.0,60432.40625,49.9,65706.765625,0,0.0,144.609375,deepseek-r1:7b,-1
2025-06-08T15:40:27.336989,2.636853,0.0,0.0,60432.40625,49.9,65706.765625,0,0.0,144.609375,deepseek-r1:7b,-1
2025-06-08T15:40:27.440874,2.740738,0.0,0.0,60432.40625,49.9,65706.765625,0,0.0,144.609375,deepseek-r1:7b,-1
2025-06-08T15:40:27.546258,2.846122,0.0,0.0,60432.40625,49.9,65706.765625,0,0.0,144.609375,deepseek-r1:7b,-1
2025-06-08T15:40:27.647407,2.947271,0.0,0.0,60432.40625,49.9,65706.765625,0,0.0,144.609375,deepseek-r1:7b,-1
2025-06-08T15:40:27.752070,3.051934,0.0,0.0,60432.40625,49.9,65706.765625,0,0.0,144.609375,deepseek-r1:7b,-1
2025-06-08T15:40:27.855007,3.154871,8.1,0.0,60431.8125,49.9,65705.296875,0,0.0,144.609375,deepseek-r1:7b,-1
2025-06-08T15:40:27.959469,3.259333,8.3,0.0,60431.8125,49.9,65705.296875,0,0.0,144.609375,deepseek-r1:7b,-1
2025-06-08T15:40:28.064769,3.364633,6.1,0.0,60431.8125,49.9,65705.296875,0,0.0,144.609375,deepseek-r1:7b,-1
2025-06-08T15:40:28.167091,3.466955,9.0,0.0,60431.8125,49.9,65705.296875,0,0.0,144.609375,deepseek-r1:7b,-1
2025-06-08T15:40:28.272267,3.572131,8.3,0.0,60431.8125,49.9,65705.296875,0,0.0,144.609375,deepseek-r1:7b,-1
2025-06-08T15:40:28.375852,3.675716,8.5,0.0,60431.8125,49.9,65705.296875,0,0.0,144.609375,deepseek-r1:7b,-1
2025-06-08T15:40:28.481235,3.781099,6.5,0.0,60431.8125,49.9,65705.296875,0,0.0,144.609375,deepseek-r1:7b,-1
2025-06-08T15:40:28.586589,3.886453,7.6,0.0,60431.8125,49.9,65705.296875,0,0.0,144.609375,deepseek-r1:7b,-1
2025-06-08T15:40:28.691528,3.991392,7.2,0.0,60431.8125,49.9,65705.296875,0,0.0,144.609375,deepseek-r1:7b,-1
2025-06-08T15:40:28.796902,4.096766,0.0,0.0,60431.8125,49.9,65705.296875,0,0.0,144.609375,deepseek-r1:7b,-1
2025-06-08T15:40:28.902039,4.201903,10.1,0.0,60431.984375,49.9,65701.234375,0,0.0,144.609375,deepseek-r1:7b,-1
2025-06-08T15:40:29.003669,4.303533,9.1,0.0,60432.03125,49.9,65701.515625,0,0.0,144.609375,deepseek-r1:7b,-1
2025-06-08T15:40:29.104953,4.404817,6.7,0.0,60432.03125,49.9,65701.515625,0,0.0,144.609375,deepseek-r1:7b,-1
2025-06-08T15:40:29.209143,4.509007,7.8,0.0,60432.03125,49.9,65701.515625,0,0.0,144.609375,deepseek-r1:7b,-1
2025-06-08T15:40:29.313248,4.613112,9.6,0.0,60432.03125,49.9,65701.515625,0,0.0,144.609375,deepseek-r1:7b,-1
2025-06-08T15:40:29.415452,4.715316,7.3,0.0,60432.03125,49.9,65701.515625,0,0.0,144.609375,deepseek-r1:7b,-1
2025-06-08T15:40:29.515835,4.815699,8.1,0.0,60432.03125,49.9,65701.515625,0,0.0,144.609375,deepseek-r1:7b,-1
2025-06-08T15:40:29.621216,4.92108,6.6,0.0,60432.03125,49.9,65701.515625,0,0.0,144.609375,deepseek-r1:7b,-1
2025-06-08T15:40:29.724988,5.024852,9.4,0.0,60432.03125,49.9,65701.515625,0,0.0,144.609375,deepseek-r1:7b,-1
2025-06-08T15:40:29.829590,5.129454,10.2,0.0,60432.03125,49.9,65701.515625,0,0.0,144.609375,deepseek-r1:7b,-1
2025-06-08T15:40:29.931221,5.231085,13.0,0.0,60429.59375,49.9,65706.59375,0,0.0,144.609375,deepseek-r1:7b,-1
2025-06-08T15:40:30.032949,5.332813,9.8,0.0,60429.59375,49.9,65706.59375,0,0.0,144.609375,deepseek-r1:7b,-1
2025-06-08T15:40:30.138393,5.438257,6.6,0.0,60429.59375,49.9,65706.59375,0,0.0,144.609375,deepseek-r1:7b,-1
2025-06-08T15:40:30.243810,5.543674,7.7,0.0,60429.59375,49.9,65706.59375,0,0.0,144.609375,deepseek-r1:7b,-1
2025-06-08T15:40:30.345970,5.645834,9.8,0.0,60429.59375,49.9,65706.59375,0,0.0,144.609375,deepseek-r1:7b,-1
2025-06-08T15:40:30.450845,5.750709,0.0,0.0,60429.59375,49.9,65706.59375,0,0.3,144.625,deepseek-r1:7b,-1
2025-06-08T15:40:30.552926,5.85279,0.0,0.0,60429.59375,49.9,65706.59375,0,0.0,144.609375,deepseek-r1:7b,-1
2025-06-08T15:40:30.658270,5.958134,0.0,0.0,60429.59375,49.9,65706.59375,0,0.0,144.609375,deepseek-r1:7b,-1
2025-06-08T15:40:30.762371,6.062235,0.0,0.0,60429.59375,49.9,65706.59375,0,0.0,144.609375,deepseek-r1:7b,-1
2025-06-08T15:40:30.867782,6.167646,0.0,0.0,60429.59375,49.9,65706.59375,0,0.1,144.609375,deepseek-r1:7b,-1
2025-06-08T15:40:30.973227,6.273091,10.7,0.0,60431.28125,49.9,65712.8125,0,0.0,144.609375,deepseek-r1:7b,-1
2025-06-08T15:40:31.078676,6.37854,6.5,0.0,60431.046875,49.9,65713.171875,0,0.0,144.609375,deepseek-r1:7b,-1
2025-06-08T15:40:31.180838,6.480702,6.8,0.0,60431.046875,49.9,65713.171875,0,0.0,144.609375,deepseek-r1:7b,-1
2025-06-08T15:40:31.282384,6.582248,0.0,0.0,60431.046875,49.9,65713.171875,0,0.0,144.609375,deepseek-r1:7b,-1
2025-06-08T15:40:31.386497,6.686361,0.0,0.0,60431.046875,49.9,65713.171875,0,0.0,144.609375,deepseek-r1:7b,-1
2025-06-08T15:40:31.491833,6.791697,0.0,0.0,60431.046875,49.9,65713.171875,0,0.0,144.609375,deepseek-r1:7b,-1
2025-06-08T15:40:31.597188,6.897052,0.0,0.0,60431.046875,49.9,65713.171875,0,0.0,144.609375,deepseek-r1:7b,-1
2025-06-08T15:40:31.700845,7.000709,0.0,0.0,60431.046875,49.9,65713.171875,0,0.0,144.609375,deepseek-r1:7b,-1
2025-06-08T15:40:31.801890,7.101754,0.0,0.0,60431.046875,49.9,65713.171875,0,0.0,144.609375,deepseek-r1:7b,-1
2025-06-08T15:40:31.907249,7.207113,0.0,0.0,60431.046875,49.9,65713.171875,0,0.0,144.609375,deepseek-r1:7b,-1
2025-06-08T15:40:32.011984,7.311848,8.7,0.0,60431.171875,49.9,65711.265625,0,0.0,144.609375,deepseek-r1:7b,-1
2025-06-08T15:40:32.117303,7.417167,6.6,0.0,60431.171875,49.9,65711.46875,0,0.0,144.609375,deepseek-r1:7b,-1
2025-06-08T15:40:32.222676,7.52254,8.8,0.0,60431.09375,49.9,65711.8125,0,0.0,144.609375,deepseek-r1:7b,-1
2025-06-08T15:40:32.328091,7.627955,9.4,0.0,60431.09375,49.9,65711.8125,0,0.0,144.609375,deepseek-r1:7b,-1
2025-06-08T15:40:32.429853,7.729717,0.0,0.0,60431.09375,49.9,65711.8125,0,0.0,144.609375,deepseek-r1:7b,-1
2025-06-08T15:40:32.535275,7.835139,0.0,0.0,60431.09375,49.9,65711.8125,0,0.0,144.609375,deepseek-r1:7b,-1
2025-06-08T15:40:32.636737,7.936601,0.0,0.0,60431.09375,49.9,65711.8125,0,0.0,144.609375,deepseek-r1:7b,-1
2025-06-08T15:40:32.739417,8.039281,0.0,0.0,60431.09375,49.9,65711.8125,0,0.0,144.609375,deepseek-r1:7b,-1
2025-06-08T15:40:32.844833,8.144697,0.0,0.0,60431.09375,49.9,65711.8125,0,0.0,144.609375,deepseek-r1:7b,-1
2025-06-08T15:40:32.950247,8.250111,0.0,0.0,60431.09375,49.9,65711.8125,0,0.0,144.609375,deepseek-r1:7b,-1
2025-06-08T15:40:33.055628,8.355492,9.5,0.0,60444.0,49.9,65696.484375,0,0.0,144.609375,deepseek-r1:7b,-1
2025-06-08T15:40:33.161025,8.460889,6.6,0.0,60444.015625,49.9,65696.71875,0,0.0,144.609375,deepseek-r1:7b,-1
2025-06-08T15:40:33.265509,8.565373,8.9,0.0,60444.015625,49.9,65696.71875,0,0.0,144.609375,deepseek-r1:7b,-1
2025-06-08T15:40:33.368794,8.668658,0.0,0.0,60444.015625,49.9,65696.71875,0,0.0,144.609375,deepseek-r1:7b,-1
2025-06-08T15:40:33.474251,8.774115,0.0,0.0,60444.015625,49.9,65696.71875,0,0.0,144.609375,deepseek-r1:7b,-1
2025-06-08T15:40:33.577344,8.877208,0.0,0.0,60444.015625,49.9,65696.71875,0,0.0,144.609375,deepseek-r1:7b,-1
2025-06-08T15:40:33.682778,8.982642,0.0,0.0,60444.015625,49.9,65696.71875,0,0.0,144.609375,deepseek-r1:7b,-1
2025-06-08T15:40:33.786662,9.086526,0.0,0.0,60444.015625,49.9,65696.71875,0,0.0,144.609375,deepseek-r1:7b,-1
2025-06-08T15:40:33.892080,9.191944,0.0,0.0,60444.015625,49.9,65696.71875,0,0.0,144.609375,deepseek-r1:7b,-1
2025-06-08T15:40:33.993179,9.293043,0.0,0.0,60444.015625,49.9,65696.71875,0,0.0,144.609375,deepseek-r1:7b,-1
2025-06-08T15:40:34.098585,9.398449,8.0,0.0,60443.6875,49.9,65695.015625,0,0.0,144.609375,deepseek-r1:7b,-1
2025-06-08T15:40:34.202643,9.502507,7.2,0.0,60443.703125,49.9,65695.25,0,0.0,144.609375,deepseek-r1:7b,-1
2025-06-08T15:40:34.305827,9.605691,9.7,0.0,60443.703125,49.9,65695.25,0,0.0,144.609375,deepseek-r1:7b,-1
2025-06-08T15:40:34.407253,9.707117,7.5,0.0,60443.703125,49.9,65695.25,0,0.0,144.609375,deepseek-r1:7b,-1
2025-06-08T15:40:34.512651,9.812515,7.1,0.0,60443.703125,49.9,65695.25,0,0.0,144.609375,deepseek-r1:7b,-1
2025-06-08T15:40:34.618061,9.917925,8.3,0.0,60443.703125,49.9,65695.25,0,0.0,144.609375,deepseek-r1:7b,-1
2025-06-08T15:40:34.722306,10.02217,8.3,0.0,60443.703125,49.9,65695.25,0,0.0,144.609375,deepseek-r1:7b,-1
2025-06-08T15:40:34.827715,10.127579,9.0,0.0,60443.703125,49.9,65695.25,0,0.0,144.609375,deepseek-r1:7b,-1
2025-06-08T15:40:34.933112,10.232976,0.0,0.0,60443.703125,49.9,65695.25,0,0.0,144.609375,deepseek-r1:7b,-1
2025-06-08T15:40:37.079845,0.039182,9.4,0.0,59562.8125,49.2,66575.484375,0,0.0,144.609375,deepseek-r1:7b,-1
2025-06-08T15:40:37.184962,0.144299,13.6,0.0,60101.453125,49.6,66038.46875,0,0.0,144.609375,deepseek-r1:7b,-1
2025-06-08T15:40:37.290395,0.249732,14.9,0.0,60101.453125,49.6,66038.46875,0,0.0,144.609375,deepseek-r1:7b,-1
2025-06-08T15:40:37.392881,0.352218,9.2,0.0,60101.453125,49.6,66038.46875,0,0.0,144.609375,deepseek-r1:7b,-1
2025-06-08T15:40:37.498172,0.457509,7.1,0.0,60101.453125,49.6,66038.46875,0,0.0,144.609375,deepseek-r1:7b,-1
2025-06-08T15:40:37.599797,0.559134,7.9,0.0,60101.453125,49.6,66038.46875,0,0.0,144.609375,deepseek-r1:7b,-1
2025-06-08T15:40:37.702892,0.662229,7.9,0.0,60101.453125,49.6,66038.46875,0,0.0,144.609375,deepseek-r1:7b,-1
2025-06-08T15:40:37.806274,0.765611,9.0,0.0,60101.453125,49.6,66038.46875,0,0.0,144.609375,deepseek-r1:7b,-1
2025-06-08T15:40:37.907525,0.866862,8.7,0.0,60101.453125,49.6,66038.46875,0,0.0,144.609375,deepseek-r1:7b,-1
2025-06-08T15:40:38.012936,0.972273,0.0,0.0,60101.453125,49.6,66038.46875,0,0.0,144.609375,deepseek-r1:7b,-1
2025-06-08T15:40:38.118351,1.077688,7.7,0.0,60566.328125,50.0,65575.140625,0,0.0,144.609375,deepseek-r1:7b,-1
2025-06-08T15:40:38.219596,1.178933,9.4,0.0,60568.34375,50.0,65572.578125,0,0.0,144.609375,deepseek-r1:7b,-1
2025-06-08T15:40:38.324277,1.283614,9.0,0.0,60448.203125,49.9,65692.90625,0,0.0,144.609375,deepseek-r1:7b,-1
2025-06-08T15:40:38.425663,1.385,8.5,0.0,60448.203125,49.9,65692.90625,0,0.0,144.609375,deepseek-r1:7b,-1
2025-06-08T15:40:38.531042,1.490379,6.0,0.0,60448.203125,49.9,65692.90625,0,0.0,144.609375,deepseek-r1:7b,-1
2025-06-08T15:40:38.635614,1.594951,0.0,0.0,60448.203125,49.9,65692.90625,0,0.0,144.609375,deepseek-r1:7b,-1
2025-06-08T15:40:38.740947,1.700284,0.0,0.0,60448.203125,49.9,65692.90625,0,0.0,144.609375,deepseek-r1:7b,-1
2025-06-08T15:40:38.846253,1.80559,0.0,0.0,60448.203125,49.9,65692.90625,0,0.0,144.609375,deepseek-r1:7b,-1
2025-06-08T15:40:38.949806,1.909143,0.0,0.0,60448.203125,49.9,65692.90625,0,0.0,144.609375,deepseek-r1:7b,-1
2025-06-08T15:40:39.055239,2.014576,0.0,0.0,60448.203125,49.9,65692.90625,0,0.0,144.609375,deepseek-r1:7b,-1
2025-06-08T15:40:39.160635,2.119972,7.8,0.0,60448.25,49.9,65694.546875,0,0.0,144.609375,deepseek-r1:7b,-1
2025-06-08T15:40:39.265246,2.224583,8.9,0.0,60448.234375,49.9,65694.65625,0,0.0,144.609375,deepseek-r1:7b,-1
2025-06-08T15:40:39.370513,2.32985,8.4,0.0,60448.21875,49.9,65694.953125,0,0.0,144.609375,deepseek-r1:7b,-1
2025-06-08T15:40:39.475926,2.435263,7.2,0.0,60448.21875,49.9,65694.953125,0,0.0,144.609375,deepseek-r1:7b,-1
2025-06-08T15:40:39.576909,2.536246,6.8,0.0,60448.21875,49.9,65694.953125,0,0.0,144.609375,deepseek-r1:7b,-1
2025-06-08T15:40:39.682373,2.64171,0.0,0.0,60448.21875,49.9,65694.953125,0,0.0,144.609375,deepseek-r1:7b,-1
2025-06-08T15:40:39.787528,2.746865,0.0,0.0,60448.21875,49.9,65694.953125,0,0.0,144.609375,deepseek-r1:7b,-1
2025-06-08T15:40:39.892948,2.852285,0.0,0.0,60448.21875,49.9,65694.953125,0,0.0,144.609375,deepseek-r1:7b,-1
2025-06-08T15:40:39.994148,2.953485,0.0,0.0,60448.21875,49.9,65694.953125,0,0.0,144.609375,deepseek-r1:7b,-1
2025-06-08T15:40:40.096975,3.056312,0.0,0.0,60448.21875,49.9,65694.953125,0,0.9,144.609375,deepseek-r1:7b,-1
2025-06-08T15:40:40.199387,3.158724,8.3,0.0,60443.375,49.9,65698.078125,0,0.0,144.609375,deepseek-r1:7b,-1
2025-06-08T15:40:40.304798,3.264135,9.4,0.0,60442.96875,49.9,65698.640625,0,0.0,144.609375,deepseek-r1:7b,-1
2025-06-08T15:40:40.410193,3.36953,6.1,0.0,60442.9375,49.9,65698.96875,0,0.0,144.609375,deepseek-r1:7b,-1
2025-06-08T15:40:40.512030,3.471367,6.8,0.0,60442.9375,49.9,65698.96875,0,0.0,144.609375,deepseek-r1:7b,-1
2025-06-08T15:40:40.617509,3.576846,7.6,0.0,60442.9375,49.9,65698.96875,0,0.0,144.609375,deepseek-r1:7b,-1
2025-06-08T15:40:40.721151,3.680488,8.5,0.0,60442.9375,49.9,65698.96875,0,0.0,144.609375,deepseek-r1:7b,-1
2025-06-08T15:40:40.825782,3.785119,10.1,0.0,60442.9375,49.9,65698.96875,0,0.0,144.609375,deepseek-r1:7b,-1
2025-06-08T15:40:40.931170,3.890507,7.7,0.0,60442.9375,49.9,65698.96875,0,0.0,144.609375,deepseek-r1:7b,-1
2025-06-08T15:40:41.036539,3.995876,8.4,0.0,60442.9375,49.9,65698.96875,0,0.0,144.609375,deepseek-r1:7b,-1
2025-06-08T15:40:41.141894,4.101231,0.0,0.0,60442.9375,49.9,65698.96875,0,0.0,144.609375,deepseek-r1:7b,-1
2025-06-08T15:40:41.247077,4.206414,9.4,0.0,60444.5625,49.9,65698.3125,0,0.0,144.609375,deepseek-r1:7b,-1
2025-06-08T15:40:41.350920,4.310257,7.3,0.0,60444.546875,49.9,65698.421875,0,0.0,144.609375,deepseek-r1:7b,-1
2025-06-08T15:40:41.452861,4.412198,9.1,0.0,60443.9375,49.9,65699.796875,0,0.1,144.59375,deepseek-r1:7b,-1
2025-06-08T15:40:41.558272,4.517609,6.1,0.0,60443.9375,49.9,65699.796875,0,0.0,144.59375,deepseek-r1:7b,-1
2025-06-08T15:40:41.662350,4.621687,0.0,0.0,60443.9375,49.9,65699.796875,0,0.0,144.59375,deepseek-r1:7b,-1
2025-06-08T15:40:41.765876,4.725213,0.0,0.0,60443.9375,49.9,65699.796875,0,0.0,144.59375,deepseek-r1:7b,-1
2025-06-08T15:40:41.867692,4.827029,0.0,0.0,60443.9375,49.9,65699.796875,0,0.0,144.59375,deepseek-r1:7b,-1
2025-06-08T15:40:41.970730,4.930067,0.0,0.0,60443.9375,49.9,65699.796875,0,0.0,144.59375,deepseek-r1:7b,-1
2025-06-08T15:40:42.072003,5.03134,0.0,0.0,60443.9375,49.9,65699.796875,0,0.0,144.59375,deepseek-r1:7b,-1
2025-06-08T15:40:42.173778,5.133115,0.0,0.0,60443.9375,49.9,65699.796875,0,0.0,144.59375,deepseek-r1:7b,-1
2025-06-08T15:40:42.279218,5.238555,8.1,0.0,60441.65625,49.9,65700.515625,0,0.0,144.59375,deepseek-r1:7b,-1
2025-06-08T15:40:42.384610,5.343947,7.2,0.0,60441.65625,49.9,65700.515625,0,0.0,144.59375,deepseek-r1:7b,-1
2025-06-08T15:40:42.489949,5.449286,7.6,0.0,60441.65625,49.9,65700.515625,0,0.0,144.59375,deepseek-r1:7b,-1
2025-06-08T15:40:42.594743,5.55408,0.0,0.0,60441.65625,49.9,65700.515625,0,0.0,144.59375,deepseek-r1:7b,-1
2025-06-08T15:40:42.700156,5.659493,0.0,0.0,60441.65625,49.9,65700.515625,0,0.0,144.59375,deepseek-r1:7b,-1
2025-06-08T15:40:42.801961,5.761298,0.0,0.0,60441.65625,49.9,65700.515625,0,0.0,144.59375,deepseek-r1:7b,-1
2025-06-08T15:40:42.904157,5.863494,0.0,0.0,60441.65625,49.9,65700.515625,0,0.0,144.59375,deepseek-r1:7b,-1
2025-06-08T15:40:43.007935,5.967272,0.0,0.0,60441.65625,49.9,65700.515625,0,0.0,144.59375,deepseek-r1:7b,-1
2025-06-08T15:40:43.113284,6.072621,0.0,0.0,60441.65625,49.9,65700.515625,0,0.0,144.59375,deepseek-r1:7b,-1
2025-06-08T15:40:43.215156,6.174493,0.0,0.0,60441.65625,49.9,65700.515625,0,0.0,144.59375,deepseek-r1:7b,-1
2025-06-08T15:40:43.320568,6.279905,8.0,0.0,60441.6875,49.9,65702.40625,0,0.0,144.59375,deepseek-r1:7b,-1
2025-06-08T15:40:43.425974,6.385311,7.2,0.0,60441.6875,49.9,65702.6875,0,0.0,144.59375,deepseek-r1:7b,-1
2025-06-08T15:40:43.529109,6.488446,0.0,0.0,60441.6875,49.9,65702.765625,0,0.0,144.59375,deepseek-r1:7b,-1
2025-06-08T15:40:43.632735,6.592072,0.0,0.0,60441.703125,49.9,65703.0,0,0.0,144.59375,deepseek-r1:7b,-1
2025-06-08T15:40:43.737715,6.697052,0.0,0.0,60441.703125,49.9,65703.0,0,0.0,144.59375,deepseek-r1:7b,-1
2025-06-08T15:40:43.843092,6.802429,0.0,0.0,60441.703125,49.9,65703.0,0,0.0,144.59375,deepseek-r1:7b,-1
2025-06-08T15:40:43.947866,6.907203,0.0,0.0,60441.703125,49.9,65703.0,0,0.0,144.59375,deepseek-r1:7b,-1
2025-06-08T15:40:44.049606,7.008943,0.0,0.0,60441.703125,49.9,65703.0,0,0.0,144.59375,deepseek-r1:7b,-1
2025-06-08T15:40:44.153385,7.112722,0.0,0.0,60441.703125,49.9,65703.0,0,0.0,144.59375,deepseek-r1:7b,-1
2025-06-08T15:40:44.256566,7.215903,0.0,0.0,60441.703125,49.9,65703.0,0,0.0,144.59375,deepseek-r1:7b,-1
2025-06-08T15:40:44.358342,7.317679,7.9,0.0,60441.578125,49.9,65696.53125,0,0.0,144.59375,deepseek-r1:7b,-1
2025-06-08T15:40:44.463742,7.423079,8.8,0.0,60441.578125,49.9,65696.53125,0,0.0,144.59375,deepseek-r1:7b,-1
2025-06-08T15:40:44.566720,7.526057,6.1,0.0,60441.578125,49.9,65696.53125,0,0.0,144.59375,deepseek-r1:7b,-1
2025-06-08T15:40:44.672127,7.631464,7.1,0.0,60441.578125,49.9,65696.53125,0,0.0,144.59375,deepseek-r1:7b,-1
2025-06-08T15:40:44.777268,7.736605,9.6,0.0,60441.578125,49.9,65696.53125,0,0.0,144.59375,deepseek-r1:7b,-1
2025-06-08T15:40:44.882700,7.842037,7.7,0.0,60441.578125,49.9,65696.53125,0,0.0,144.59375,deepseek-r1:7b,-1
2025-06-08T15:40:44.988140,7.947477,7.2,0.0,60441.578125,49.9,65696.53125,0,0.0,144.59375,deepseek-r1:7b,-1
2025-06-08T15:40:45.089485,8.048822,8.0,0.0,60441.578125,49.9,65696.53125,0,0.0,144.59375,deepseek-r1:7b,-1
2025-06-08T15:40:45.192899,8.152236,8.3,0.0,60441.578125,49.9,65696.53125,0,0.0,144.59375,deepseek-r1:7b,-1
2025-06-08T15:40:45.298308,8.257645,0.0,0.0,60441.578125,49.9,65696.53125,0,0.0,144.59375,deepseek-r1:7b,-1
2025-06-08T15:40:45.403656,8.362993,8.9,0.0,60441.640625,49.9,65700.359375,0,0.0,144.59375,deepseek-r1:7b,-1
2025-06-08T15:40:45.505168,8.464505,6.3,0.0,60441.640625,49.9,65700.484375,0,0.0,144.59375,deepseek-r1:7b,-1
2025-06-08T15:40:45.610610,8.569947,7.1,0.0,60441.640625,49.9,65700.71875,0,0.0,144.59375,deepseek-r1:7b,-1
2025-06-08T15:40:45.716012,8.675349,7.1,0.0,60441.671875,49.9,65700.8125,0,0.0,144.59375,deepseek-r1:7b,-1
2025-06-08T15:40:45.816746,8.776083,8.1,0.0,60441.671875,49.9,65700.8125,0,0.0,144.59375,deepseek-r1:7b,-1
2025-06-08T15:40:45.922144,8.881481,9.4,0.0,60441.671875,49.9,65700.8125,0,0.0,144.59375,deepseek-r1:7b,-1
2025-06-08T15:40:46.023444,8.982781,8.0,0.0,60441.671875,49.9,65700.8125,0,0.0,144.59375,deepseek-r1:7b,-1
2025-06-08T15:40:46.128900,9.088237,8.3,0.0,60441.671875,49.9,65700.8125,0,0.0,144.59375,deepseek-r1:7b,-1
2025-06-08T15:40:46.233068,9.192405,7.7,0.0,60441.671875,49.9,65700.8125,0,0.0,144.59375,deepseek-r1:7b,-1
2025-06-08T15:40:46.335988,9.295325,0.0,0.0,60441.671875,49.9,65700.8125,0,0.0,144.59375,deepseek-r1:7b,-1
2025-06-08T15:40:46.437556,9.396893,8.4,0.0,60440.515625,49.9,65703.453125,0,0.0,144.59375,deepseek-r1:7b,-1
2025-06-08T15:40:46.542950,9.502287,6.5,0.0,60440.515625,49.9,65703.546875,0,0.0,144.59375,deepseek-r1:7b,-1
2025-06-08T15:40:46.648316,9.607653,7.7,0.0,60440.484375,49.9,65703.796875,0,0.0,144.59375,deepseek-r1:7b,-1
2025-06-08T15:40:46.750345,9.709682,0.0,0.0,60440.484375,49.9,65703.796875,0,0.0,144.59375,deepseek-r1:7b,-1
2025-06-08T15:40:46.851500,9.810837,0.0,0.0,60440.484375,49.9,65703.796875,0,0.0,144.59375,deepseek-r1:7b,-1
2025-06-08T15:40:46.956873,9.91621,0.0,0.0,60440.484375,49.9,65703.796875,0,0.0,144.59375,deepseek-r1:7b,-1
2025-06-08T15:40:47.058552,10.017889,0.0,0.0,60440.484375,49.9,65703.796875,0,0.0,144.59375,deepseek-r1:7b,-1
2025-06-08T15:40:47.159304,10.118641,0.0,0.0,60440.484375,49.9,65703.796875,0,0.0,144.59375,deepseek-r1:7b,-1
2025-06-08T15:40:47.264681,10.224018,0.0,0.0,60440.484375,49.9,65703.796875,0,0.0,144.59375,deepseek-r1:7b,-1
2025-06-08T15:40:47.370071,10.329408,0.0,0.0,60440.484375,49.9,65703.796875,0,0.0,144.59375,deepseek-r1:7b,-1
2025-06-08T15:40:47.475382,10.434719,8.0,0.0,60437.546875,49.9,65700.609375,0,0.0,144.59375,deepseek-r1:7b,-1
2025-06-08T15:40:47.580771,10.540108,7.8,0.0,60437.546875,49.9,65700.609375,0,0.0,144.59375,deepseek-r1:7b,-1
2025-06-08T15:40:47.681571,10.640908,7.5,0.0,60437.546875,49.9,65700.609375,0,0.0,144.59375,deepseek-r1:7b,-1
2025-06-08T15:40:47.786945,10.746282,8.9,0.0,60437.546875,49.9,65700.609375,0,0.0,144.59375,deepseek-r1:7b,-1
2025-06-08T15:40:47.889042,10.848379,7.4,0.0,60437.546875,49.9,65700.609375,0,0.0,144.59375,deepseek-r1:7b,-1
2025-06-08T15:40:47.991374,10.950711,0.0,0.0,60437.546875,49.9,65700.609375,0,0.0,144.59375,deepseek-r1:7b,-1
2025-06-08T15:40:48.091841,11.051178,0.0,0.0,60437.546875,49.9,65700.609375,0,0.0,144.59375,deepseek-r1:7b,-1
2025-06-08T15:40:48.197246,11.156583,0.0,0.0,60437.546875,49.9,65700.609375,0,0.0,144.59375,deepseek-r1:7b,-1
2025-06-08T15:40:48.300038,11.259375,0.0,0.0,60437.546875,49.9,65700.609375,0,0.0,144.59375,deepseek-r1:7b,-1
2025-06-08T15:40:48.405501,11.364838,0.0,0.0,60437.546875,49.9,65700.609375,0,0.0,144.59375,deepseek-r1:7b,-1
2025-06-08T15:40:48.506056,11.465393,7.9,0.0,60437.453125,49.9,65702.828125,0,0.0,144.59375,deepseek-r1:7b,-1
2025-06-08T15:40:48.611427,11.570764,7.1,0.0,60437.46875,49.9,65703.03125,0,0.0,144.59375,deepseek-r1:7b,-1
2025-06-08T15:40:48.716849,11.676186,8.3,0.0,60437.46875,49.9,65703.03125,0,0.0,144.59375,deepseek-r1:7b,-1
2025-06-08T15:40:48.822279,11.781616,7.8,0.0,60437.46875,49.9,65703.03125,0,0.0,144.59375,deepseek-r1:7b,-1
2025-06-08T15:40:48.926846,11.886183,9.0,0.0,60437.46875,49.9,65703.03125,0,0.0,144.59375,deepseek-r1:7b,-1
2025-06-08T15:40:49.028354,11.987691,7.3,0.0,60437.46875,49.9,65703.03125,0,0.0,144.59375,deepseek-r1:7b,-1
2025-06-08T15:40:49.133804,12.093141,7.2,0.0,60437.46875,49.9,65703.03125,0,0.0,144.59375,deepseek-r1:7b,-1
2025-06-08T15:40:49.235524,12.194861,7.4,0.0,60437.46875,49.9,65703.03125,0,0.0,144.59375,deepseek-r1:7b,-1
2025-06-08T15:40:49.336841,12.296178,0.0,0.0,60437.46875,49.9,65703.03125,0,0.0,144.59375,deepseek-r1:7b,-1
2025-06-08T15:40:49.437267,12.396604,0.0,0.0,60437.46875,49.9,65703.03125,0,0.0,144.59375,deepseek-r1:7b,-1
2025-06-08T15:40:49.542680,12.502017,7.9,0.0,60437.578125,49.9,65700.734375,0,0.0,144.59375,deepseek-r1:7b,-1
2025-06-08T15:40:49.646948,12.606285,6.6,0.0,60437.625,49.9,65700.9375,0,0.0,144.59375,deepseek-r1:7b,-1
2025-06-08T15:40:49.752412,12.711749,8.8,0.0,60437.515625,49.9,65701.171875,0,0.0,144.59375,deepseek-r1:7b,-1
2025-06-08T15:40:49.857864,12.817201,0.0,0.0,60437.515625,49.9,65701.453125,0,0.0,144.59375,deepseek-r1:7b,-1
2025-06-08T15:40:49.963286,12.922623,0.0,0.0,60437.515625,49.9,65701.453125,0,0.0,144.59375,deepseek-r1:7b,-1
2025-06-08T15:40:50.068688,13.028025,0.0,0.0,60437.515625,49.9,65701.453125,0,0.0,144.59375,deepseek-r1:7b,-1
2025-06-08T15:40:50.170338,13.129675,0.0,0.0,60437.515625,49.9,65701.453125,0,0.0,144.59375,deepseek-r1:7b,-1
2025-06-08T15:40:50.275732,13.235069,0.0,0.0,60437.515625,49.9,65701.453125,0,0.0,144.59375,deepseek-r1:7b,-1
2025-06-08T15:40:50.381173,13.34051,0.0,0.0,60437.515625,49.9,65701.453125,0,0.0,144.59375,deepseek-r1:7b,-1
2025-06-08T15:40:50.483174,13.442511,0.0,0.0,60437.515625,49.9,65701.453125,0,0.0,144.59375,deepseek-r1:7b,-1
2025-06-08T15:40:50.587562,13.546899,7.9,0.0,60437.265625,49.9,65702.96875,0,0.0,144.59375,deepseek-r1:7b,-1
2025-06-08T15:40:50.692978,13.652315,7.2,0.0,60437.28125,49.9,65703.203125,0,0.0,144.59375,deepseek-r1:7b,-1
2025-06-08T15:40:50.796825,13.756162,7.8,0.0,60437.296875,49.9,65703.453125,0,0.0,144.59375,deepseek-r1:7b,-1
2025-06-08T15:40:50.902227,13.861564,8.4,0.0,60437.328125,49.9,65703.5625,0,0.0,144.59375,deepseek-r1:7b,-1
2025-06-08T15:40:51.007698,13.967035,7.6,0.0,60437.328125,49.9,65703.5625,0,0.0,144.59375,deepseek-r1:7b,-1
2025-06-08T15:40:51.113140,14.072477,7.2,0.0,60437.328125,49.9,65703.5625,0,0.0,144.59375,deepseek-r1:7b,-1
2025-06-08T15:40:51.218589,14.177926,8.7,0.0,60437.328125,49.9,65703.5625,0,0.0,144.59375,deepseek-r1:7b,-1
2025-06-08T15:40:51.324019,14.283356,7.9,0.0,60437.328125,49.9,65703.5625,0,0.0,144.59375,deepseek-r1:7b,-1
2025-06-08T15:40:51.429399,14.388736,7.1,0.0,60437.328125,49.9,65703.5625,0,0.0,144.59375,deepseek-r1:7b,-1
2025-06-08T15:40:51.534817,14.494154,0.0,0.0,60437.328125,49.9,65703.5625,0,0.0,144.59375,deepseek-r1:7b,-1
2025-06-08T15:40:51.635962,14.595299,7.6,0.0,60437.40625,49.9,65704.953125,0,0.0,144.59375,deepseek-r1:7b,-1
2025-06-08T15:40:51.741395,14.700732,8.8,0.0,60437.375,49.9,65705.078125,0,0.0,144.59375,deepseek-r1:7b,-1
2025-06-08T15:40:51.843645,14.802982,7.5,0.0,60437.359375,49.9,65705.359375,0,0.0,144.59375,deepseek-r1:7b,-1
2025-06-08T15:40:51.949122,14.908459,7.7,0.0,60437.390625,49.9,65705.484375,0,0.0,144.59375,deepseek-r1:7b,-1
2025-06-08T15:40:52.054535,15.013872,8.3,0.0,60437.390625,49.9,65705.484375,0,0.0,144.59375,deepseek-r1:7b,-1
2025-06-08T15:40:52.156491,15.115828,7.9,0.0,60437.390625,49.9,65705.484375,0,0.0,144.59375,deepseek-r1:7b,-1
2025-06-08T15:40:52.260798,15.220135,7.8,0.0,60437.390625,49.9,65705.484375,0,0.0,144.59375,deepseek-r1:7b,-1
2025-06-08T15:40:52.363275,15.322612,9.1,0.0,60437.390625,49.9,65705.484375,0,0.0,144.59375,deepseek-r1:7b,-1
2025-06-08T15:40:52.467069,15.426406,7.2,0.0,60437.390625,49.9,65705.484375,0,0.0,144.59375,deepseek-r1:7b,-1
2025-06-08T15:40:52.569531,15.528868,6.2,0.0,60437.390625,49.9,65705.484375,0,0.0,144.59375,deepseek-r1:7b,-1
2025-06-08T15:40:52.674924,15.634261,8.9,0.0,60437.59375,49.9,65707.171875,0,0.0,144.59375,deepseek-r1:7b,-1
2025-06-08T15:40:52.780334,15.739671,9.4,0.0,60437.609375,49.9,65707.25,0,0.0,144.59375,deepseek-r1:7b,-1
2025-06-08T15:40:52.882007,15.841344,8.1,0.0,60437.609375,49.9,65707.25,0,0.0,144.59375,deepseek-r1:7b,-1
2025-06-08T15:40:52.983187,15.942524,8.0,0.0,60437.609375,49.9,65707.25,0,0.0,144.59375,deepseek-r1:7b,-1
2025-06-08T15:40:53.088654,16.047991,6.5,0.0,60437.609375,49.9,65707.25,0,0.0,144.59375,deepseek-r1:7b,-1
2025-06-08T15:40:53.194092,16.153429,7.7,0.0,60437.609375,49.9,65707.25,0,0.0,144.59375,deepseek-r1:7b,-1
2025-06-08T15:40:53.295739,16.255076,0.0,0.0,60437.609375,49.9,65707.25,0,0.0,144.59375,deepseek-r1:7b,-1
2025-06-08T15:40:53.396946,16.356283,0.0,0.0,60437.609375,49.9,65707.25,0,0.0,144.59375,deepseek-r1:7b,-1
2025-06-08T15:40:53.502320,16.461657,0.0,0.0,60437.609375,49.9,65707.25,0,0.0,144.59375,deepseek-r1:7b,-1
2025-06-08T15:40:53.607735,16.567072,0.0,0.0,60437.609375,49.9,65707.25,0,0.0,144.59375,deepseek-r1:7b,-1
2025-06-08T15:40:53.713229,16.672566,7.8,0.0,60437.390625,49.9,65709.28125,0,0.0,144.59375,deepseek-r1:7b,-1
2025-06-08T15:40:53.817689,16.777026,8.3,0.0,60438.109375,49.9,65709.625,0,0.0,144.59375,deepseek-r1:7b,-1
2025-06-08T15:40:53.921315,16.880652,7.9,0.0,60438.109375,49.9,65709.734375,0,0.0,144.59375,deepseek-r1:7b,-1
2025-06-08T15:40:54.021862,16.981199,8.1,0.0,60438.125,49.9,65706.015625,0,0.0,144.59375,deepseek-r1:7b,-1
2025-06-08T15:40:54.123429,17.082766,8.0,0.0,60438.125,49.9,65706.015625,0,0.0,144.59375,deepseek-r1:7b,-1
2025-06-08T15:40:54.228854,17.188191,8.2,0.0,60438.125,49.9,65706.015625,0,0.0,144.59375,deepseek-r1:7b,-1
2025-06-08T15:40:54.330448,17.289785,0.0,0.0,60438.125,49.9,65706.015625,0,0.0,144.59375,deepseek-r1:7b,-1
2025-06-08T15:40:54.433936,17.393273,0.0,0.0,60438.125,49.9,65706.015625,0,0.0,144.59375,deepseek-r1:7b,-1
2025-06-08T15:40:54.539369,17.498706,0.0,0.0,60438.125,49.9,65706.015625,0,0.0,144.59375,deepseek-r1:7b,-1
2025-06-08T15:40:54.640793,17.60013,0.0,0.0,60438.125,49.9,65706.015625,0,0.0,144.59375,deepseek-r1:7b,-1
2025-06-08T15:40:54.741349,17.700686,7.6,0.0,60438.3125,49.9,65699.625,0,0.0,144.59375,deepseek-r1:7b,-1
2025-06-08T15:40:54.843632,17.802969,8.5,0.0,60438.296875,49.9,65699.90625,0,0.0,144.59375,deepseek-r1:7b,-1
2025-06-08T15:40:54.949073,17.90841,8.3,0.0,60438.046875,49.9,65700.296875,0,0.0,144.59375,deepseek-r1:7b,-1
2025-06-08T15:40:55.054481,18.013818,0.0,0.0,60438.046875,49.9,65700.296875,0,0.0,144.59375,deepseek-r1:7b,-1
2025-06-08T15:40:55.158057,18.117394,0.0,0.0,60438.046875,49.9,65700.296875,0,0.0,144.59375,deepseek-r1:7b,-1
2025-06-08T15:40:55.259888,18.219225,0.0,0.0,60438.046875,49.9,65700.296875,0,0.0,144.59375,deepseek-r1:7b,-1
2025-06-08T15:40:55.364849,18.324186,0.0,0.0,60438.046875,49.9,65700.296875,0,0.0,144.59375,deepseek-r1:7b,-1
2025-06-08T15:40:55.470303,18.42964,0.0,0.0,60438.046875,49.9,65700.296875,0,0.0,144.59375,deepseek-r1:7b,-1
2025-06-08T15:40:55.574660,18.533997,0.0,0.0,60438.046875,49.9,65700.296875,0,0.0,144.59375,deepseek-r1:7b,-1
2025-06-08T15:40:55.680055,18.639392,0.0,0.0,60438.046875,49.9,65700.296875,0,0.0,144.59375,deepseek-r1:7b,-1
2025-06-08T15:40:55.785456,18.744793,7.9,0.0,60438.296875,49.9,65702.09375,0,0.0,144.59375,deepseek-r1:7b,-1
2025-06-08T15:40:55.890829,18.850166,11.7,0.0,60438.28125,49.9,65702.359375,0,0.0,144.59375,deepseek-r1:7b,-1
2025-06-08T15:40:55.996030,18.955367,15.5,0.0,60438.25,49.9,65702.53125,0,0.0,144.59375,deepseek-r1:7b,-1
2025-06-08T15:40:56.101555,19.060892,10.5,0.0,60438.265625,49.9,65702.796875,0,0.0,144.59375,deepseek-r1:7b,-1
2025-06-08T15:40:56.207000,19.166337,0.0,0.0,60438.265625,49.9,65702.796875,0,0.0,144.59375,deepseek-r1:7b,-1
2025-06-08T15:40:56.312441,19.271778,0.0,0.0,60438.265625,49.9,65702.796875,0,0.0,144.59375,deepseek-r1:7b,-1
2025-06-08T15:40:56.417914,19.377251,0.0,0.0,60438.265625,49.9,65702.796875,0,0.0,144.59375,deepseek-r1:7b,-1
2025-06-08T15:40:56.523323,19.48266,0.0,0.0,60438.265625,49.9,65702.796875,0,0.0,144.59375,deepseek-r1:7b,-1
2025-06-08T15:40:58.677791,0.041964,8.9,0.0,59949.484375,49.5,66191.625,0,0.0,144.59375,deepseek-r1:7b,-1
2025-06-08T15:40:58.782394,0.146567,14.5,0.0,60111.5625,49.6,66027.046875,0,0.0,144.59375,deepseek-r1:7b,-1
2025-06-08T15:40:58.882794,0.246967,0.0,0.0,60568.125,50.0,65570.75,0,0.0,144.59375,deepseek-r1:7b,-1
2025-06-08T15:40:58.988125,0.352298,0.0,0.0,60568.125,50.0,65570.75,0,0.0,144.59375,deepseek-r1:7b,-1
2025-06-08T15:40:59.092838,0.457011,0.0,0.0,60568.125,50.0,65570.75,0,0.0,144.59375,deepseek-r1:7b,-1
2025-06-08T15:40:59.198231,0.562404,0.0,0.0,60568.125,50.0,65570.75,0,0.0,144.59375,deepseek-r1:7b,-1
2025-06-08T15:40:59.303609,0.667782,0.0,0.0,60568.125,50.0,65570.75,0,0.0,144.59375,deepseek-r1:7b,-1
2025-06-08T15:40:59.407764,0.771937,0.0,0.0,60568.125,50.0,65570.75,0,0.0,144.59375,deepseek-r1:7b,-1
2025-06-08T15:40:59.513182,0.877355,0.0,0.0,60568.125,50.0,65570.75,0,0.0,144.59375,deepseek-r1:7b,-1
2025-06-08T15:40:59.617559,0.981732,0.0,0.0,60568.125,50.0,65570.75,0,0.0,144.59375,deepseek-r1:7b,-1
2025-06-08T15:40:59.722067,1.08624,8.6,0.0,60568.625,50.0,65565.65625,0,0.0,144.59375,deepseek-r1:7b,-1
2025-06-08T15:40:59.827506,1.191679,8.4,0.0,60568.625,50.0,65565.65625,0,0.0,144.59375,deepseek-r1:7b,-1
2025-06-08T15:40:59.932868,1.297041,10.7,0.0,60568.625,50.0,65565.65625,0,0.0,144.59375,deepseek-r1:7b,-1
2025-06-08T15:41:00.038302,1.402475,9.5,0.0,60568.625,50.0,65565.65625,0,0.0,144.59375,deepseek-r1:7b,-1
2025-06-08T15:41:00.143713,1.507886,7.7,0.0,60568.625,50.0,65565.65625,0,0.0,144.59375,deepseek-r1:7b,-1
2025-06-08T15:41:00.247029,1.611202,8.0,0.0,60568.625,50.0,65565.65625,0,0.0,144.59375,deepseek-r1:7b,-1
2025-06-08T15:41:00.352501,1.716674,9.9,0.0,60568.625,50.0,65565.65625,0,0.0,144.59375,deepseek-r1:7b,-1
2025-06-08T15:41:00.457954,1.822127,6.6,0.0,60568.625,50.0,65565.65625,0,0.0,144.59375,deepseek-r1:7b,-1
2025-06-08T15:41:00.561934,1.926107,7.7,0.0,60568.625,50.0,65565.65625,0,0.0,144.59375,deepseek-r1:7b,-1
2025-06-08T15:41:00.667363,2.031536,0.0,0.0,60568.625,50.0,65565.65625,0,0.0,144.59375,deepseek-r1:7b,-1
2025-06-08T15:41:00.772757,2.13693,8.0,0.0,60454.796875,49.9,65686.1875,0,0.0,144.59375,deepseek-r1:7b,-1
2025-06-08T15:41:00.875179,2.239352,8.0,0.0,60454.78125,49.9,65686.46875,0,0.0,144.59375,deepseek-r1:7b,-1
2025-06-08T15:41:00.975736,2.339909,0.0,0.0,60454.78125,49.9,65686.59375,0,0.0,144.59375,deepseek-r1:7b,-1
2025-06-08T15:41:01.076240,2.440413,0.0,0.0,60454.78125,49.9,65686.59375,0,0.0,144.59375,deepseek-r1:7b,-1
2025-06-08T15:41:01.181738,2.545911,0.0,0.0,60454.78125,49.9,65686.59375,0,0.0,144.59375,deepseek-r1:7b,-1
2025-06-08T15:41:01.287108,2.651281,0.0,0.0,60454.78125,49.9,65686.59375,0,0.0,144.59375,deepseek-r1:7b,-1
2025-06-08T15:41:01.392425,2.756598,0.0,0.0,60454.78125,49.9,65686.59375,0,0.0,144.59375,deepseek-r1:7b,-1
2025-06-08T15:41:01.497842,2.862015,0.0,0.0,60454.78125,49.9,65686.59375,0,0.0,144.59375,deepseek-r1:7b,-1
2025-06-08T15:41:01.603266,2.967439,0.0,0.0,60454.78125,49.9,65686.59375,0,0.0,144.59375,deepseek-r1:7b,-1
2025-06-08T15:41:01.708635,3.072808,0.0,0.0,60454.78125,49.9,65686.59375,0,0.0,144.59375,deepseek-r1:7b,-1
2025-06-08T15:41:01.812057,3.17623,7.9,0.0,60448.28125,49.9,65694.578125,0,0.0,144.59375,deepseek-r1:7b,-1
2025-06-08T15:41:01.917211,3.281384,7.7,0.0,60448.28125,49.9,65694.8125,0,0.0,144.59375,deepseek-r1:7b,-1
2025-06-08T15:41:02.018205,3.382378,8.0,0.0,60448.28125,49.9,65694.8125,0,0.0,144.59375,deepseek-r1:7b,-1
2025-06-08T15:41:02.119468,3.483641,6.8,0.0,60448.28125,49.9,65694.8125,0,0.0,144.59375,deepseek-r1:7b,-1
2025-06-08T15:41:02.224089,3.588262,9.0,0.0,60448.28125,49.9,65694.8125,0,0.0,144.59375,deepseek-r1:7b,-1
2025-06-08T15:41:02.325963,3.690136,8.5,0.0,60448.28125,49.9,65694.8125,0,0.0,144.59375,deepseek-r1:7b,-1
2025-06-08T15:41:02.431400,3.795573,7.1,0.0,60448.28125,49.9,65694.8125,0,0.0,144.59375,deepseek-r1:7b,-1
2025-06-08T15:41:02.536813,3.900986,0.0,0.0,60448.28125,49.9,65694.8125,0,0.0,144.59375,deepseek-r1:7b,-1
2025-06-08T15:41:02.637960,4.002133,0.0,0.0,60448.28125,49.9,65694.8125,0,0.0,144.59375,deepseek-r1:7b,-1
2025-06-08T15:41:02.743346,4.107519,0.0,0.0,60448.28125,49.9,65694.8125,0,0.0,144.59375,deepseek-r1:7b,-1
2025-06-08T15:41:02.848556,4.212729,8.8,0.0,60447.328125,49.9,65695.484375,0,0.0,144.59375,deepseek-r1:7b,-1
2025-06-08T15:41:02.954099,4.318272,8.9,0.0,60447.328125,49.9,65695.484375,0,0.0,144.59375,deepseek-r1:7b,-1
2025-06-08T15:41:03.059533,4.423706,6.5,0.0,60447.328125,49.9,65695.484375,0,0.0,144.59375,deepseek-r1:7b,-1
2025-06-08T15:41:03.164957,4.52913,7.3,0.0,60447.328125,49.9,65695.484375,0,0.0,144.59375,deepseek-r1:7b,-1
2025-06-08T15:41:03.270335,4.634508,8.2,0.0,60447.328125,49.9,65695.484375,0,0.0,144.59375,deepseek-r1:7b,-1
2025-06-08T15:41:03.374445,4.738618,9.0,0.0,60447.328125,49.9,65695.484375,0,0.0,144.59375,deepseek-r1:7b,-1
2025-06-08T15:41:03.475761,4.839934,6.8,0.0,60447.328125,49.9,65695.484375,0,0.0,144.59375,deepseek-r1:7b,-1
2025-06-08T15:41:03.581157,4.94533,6.5,0.0,60447.328125,49.9,65695.484375,0,0.0,144.59375,deepseek-r1:7b,-1
2025-06-08T15:41:03.683560,5.047733,8.5,0.0,60447.328125,49.9,65695.484375,0,0.0,144.59375,deepseek-r1:7b,-1
2025-06-08T15:41:03.786880,5.151053,9.0,0.0,60447.328125,49.9,65695.484375,0,0.0,144.59375,deepseek-r1:7b,-1
2025-06-08T15:41:03.892304,5.256477,7.3,0.0,60444.359375,49.9,65700.3125,0,0.0,144.59375,deepseek-r1:7b,-1
2025-06-08T15:41:03.997748,5.361921,7.1,0.0,60444.375,49.9,65700.4375,0,0.0,144.59375,deepseek-r1:7b,-1
2025-06-08T15:41:04.100230,5.464403,8.0,0.0,60444.375,49.9,65700.4375,0,0.0,144.59375,deepseek-r1:7b,-1
2025-06-08T15:41:04.205667,5.56984,0.0,0.0,60444.375,49.9,65700.4375,0,0.0,144.59375,deepseek-r1:7b,-1
2025-06-08T15:41:04.311101,5.675274,0.0,0.0,60444.375,49.9,65700.4375,0,0.0,144.59375,deepseek-r1:7b,-1
2025-06-08T15:41:04.416541,5.780714,0.0,0.0,60444.375,49.9,65700.4375,0,0.0,144.59375,deepseek-r1:7b,-1
2025-06-08T15:41:04.520747,5.88492,0.0,0.0,60444.375,49.9,65700.4375,0,0.0,144.59375,deepseek-r1:7b,-1
2025-06-08T15:41:04.626189,5.990362,0.0,0.0,60444.375,49.9,65700.4375,0,0.0,144.59375,deepseek-r1:7b,-1
2025-06-08T15:41:04.731611,6.095784,0.0,0.0,60444.375,49.9,65700.4375,0,0.0,144.59375,deepseek-r1:7b,-1
2025-06-08T15:41:04.835641,6.199814,0.0,0.0,60444.375,49.9,65700.4375,0,0.0,144.59375,deepseek-r1:7b,-1
2025-06-08T15:41:04.941077,6.30525,8.1,0.0,60444.203125,49.9,65698.828125,0,0.0,144.59375,deepseek-r1:7b,-1
2025-06-08T15:41:05.042108,6.406281,7.4,0.0,60444.03125,49.9,65699.1875,0,0.0,144.59375,deepseek-r1:7b,-1
2025-06-08T15:41:05.144577,6.50875,6.8,0.0,60444.03125,49.9,65699.1875,0,0.0,144.59375,deepseek-r1:7b,-1
2025-06-08T15:41:05.249976,6.614149,0.0,0.0,60444.03125,49.9,65699.1875,0,0.0,144.59375,deepseek-r1:7b,-1
2025-06-08T15:41:05.355414,6.719587,0.0,0.0,60444.03125,49.9,65699.1875,0,0.0,144.59375,deepseek-r1:7b,-1
2025-06-08T15:41:05.460879,6.825052,0.0,0.0,60444.03125,49.9,65699.1875,0,0.0,144.59375,deepseek-r1:7b,-1
2025-06-08T15:41:05.564896,6.929069,0.0,0.0,60444.03125,49.9,65699.1875,0,0.0,144.59375,deepseek-r1:7b,-1
2025-06-08T15:41:05.670334,7.034507,0.0,0.0,60444.03125,49.9,65699.1875,0,0.0,144.59375,deepseek-r1:7b,-1
2025-06-08T15:41:05.775744,7.139917,0.0,0.0,60444.03125,49.9,65699.1875,0,0.0,144.59375,deepseek-r1:7b,-1
2025-06-08T15:41:05.881177,7.24535,0.0,0.0,60444.03125,49.9,65699.1875,0,0.0,144.59375,deepseek-r1:7b,-1
2025-06-08T15:41:05.986596,7.350769,8.1,0.0,60443.96875,49.9,65697.171875,0,0.0,144.59375,deepseek-r1:7b,-1
2025-06-08T15:41:06.091985,7.456158,6.6,0.0,60443.984375,49.9,65689.421875,0,0.0,144.59375,deepseek-r1:7b,-1
2025-06-08T15:41:06.195471,7.559644,7.2,0.0,60444.0,49.9,65689.484375,0,0.0,144.59375,deepseek-r1:7b,-1
2025-06-08T15:41:06.296097,7.66027,8.1,0.0,60444.03125,49.9,65689.71875,0,0.0,144.59375,deepseek-r1:7b,-1
2025-06-08T15:41:06.397287,7.76146,8.6,0.0,60444.03125,49.9,65689.71875,0,0.0,144.59375,deepseek-r1:7b,-1
2025-06-08T15:41:06.502710,7.866883,7.2,0.0,60444.03125,49.9,65689.71875,0,0.0,144.59375,deepseek-r1:7b,-1
2025-06-08T15:41:06.608208,7.972381,6.6,0.0,60444.03125,49.9,65689.71875,0,0.0,144.59375,deepseek-r1:7b,-1
2025-06-08T15:41:06.711646,8.075819,8.3,0.0,60444.03125,49.9,65689.71875,0,0.0,144.59375,deepseek-r1:7b,-1
2025-06-08T15:41:06.817038,8.181211,10.2,0.0,60444.03125,49.9,65689.71875,0,0.0,144.59375,deepseek-r1:7b,-1
2025-06-08T15:41:06.922400,8.286573,0.0,0.0,60444.03125,49.9,65689.71875,0,0.0,144.59375,deepseek-r1:7b,-1
2025-06-08T15:41:07.027741,8.391914,8.6,0.0,60444.015625,49.9,65691.421875,0,0.0,144.59375,deepseek-r1:7b,-1
2025-06-08T15:41:07.131311,8.495484,6.7,0.0,60444.078125,49.9,65691.65625,0,0.0,144.59375,deepseek-r1:7b,-1
2025-06-08T15:41:07.236677,8.60085,0.0,0.0,60444.078125,49.9,65691.65625,0,0.0,144.59375,deepseek-r1:7b,-1
2025-06-08T15:41:07.342121,8.706294,0.0,0.0,60444.078125,49.9,65691.65625,0,0.0,144.59375,deepseek-r1:7b,-1
2025-06-08T15:41:07.447594,8.811767,0.0,0.0,60444.078125,49.9,65691.65625,0,0.0,144.59375,deepseek-r1:7b,-1
2025-06-08T15:41:07.553032,8.917205,0.0,0.0,60444.078125,49.9,65691.65625,0,0.0,144.59375,deepseek-r1:7b,-1
2025-06-08T15:41:07.655323,9.019496,0.0,0.0,60444.078125,49.9,65691.65625,0,0.0,144.59375,deepseek-r1:7b,-1
2025-06-08T15:41:07.760726,9.124899,0.0,0.0,60444.078125,49.9,65691.65625,0,0.0,144.59375,deepseek-r1:7b,-1
2025-06-08T15:41:07.865724,9.229897,0.0,0.0,60444.078125,49.9,65691.65625,0,0.0,144.59375,deepseek-r1:7b,-1
2025-06-08T15:41:07.969886,9.334059,0.0,0.0,60444.078125,49.9,65691.65625,0,0.0,144.59375,deepseek-r1:7b,-1
2025-06-08T15:41:08.075318,9.439491,8.1,0.0,60444.09375,49.9,65693.65625,0,0.0,144.59375,deepseek-r1:7b,-1
2025-06-08T15:41:08.176728,9.540901,6.1,0.0,60444.09375,49.9,65693.65625,0,0.0,144.59375,deepseek-r1:7b,-1
2025-06-08T15:41:08.278141,9.642314,8.8,0.0,60444.09375,49.9,65693.65625,0,0.0,144.59375,deepseek-r1:7b,-1
2025-06-08T15:41:08.382354,9.746527,8.3,0.0,60444.09375,49.9,65693.65625,0,0.0,144.59375,deepseek-r1:7b,-1
2025-06-08T15:41:08.483390,9.847563,6.9,0.0,60444.09375,49.9,65693.65625,0,0.0,144.59375,deepseek-r1:7b,-1
2025-06-08T15:41:08.588781,9.952954,7.6,0.0,60444.09375,49.9,65693.65625,0,0.0,144.59375,deepseek-r1:7b,-1
2025-06-08T15:41:08.694152,10.058325,8.3,0.0,60444.09375,49.9,65693.65625,0,0.0,144.59375,deepseek-r1:7b,-1
2025-06-08T15:41:08.799587,10.16376,8.8,0.0,60444.09375,49.9,65693.65625,0,0.0,144.59375,deepseek-r1:7b,-1
2025-06-08T15:41:08.901751,10.265924,7.9,0.0,60444.09375,49.9,65693.65625,0,0.0,144.59375,deepseek-r1:7b,-1
2025-06-08T15:41:09.006694,10.370867,0.0,0.0,60444.09375,49.9,65693.65625,0,0.0,144.59375,deepseek-r1:7b,-1
2025-06-08T15:41:09.108374,10.472547,7.4,0.0,60444.1875,49.9,65695.515625,0,0.0,144.59375,deepseek-r1:7b,-1
2025-06-08T15:41:09.210411,10.574584,8.4,0.0,60444.5625,49.9,65695.875,0,0.0,144.59375,deepseek-r1:7b,-1
2025-06-08T15:41:09.315923,10.680096,7.7,0.0,60444.5625,49.9,65695.875,0,0.0,144.59375,deepseek-r1:7b,-1
2025-06-08T15:41:09.421408,10.785581,7.1,0.0,60444.5625,49.9,65695.875,0,0.0,144.59375,deepseek-r1:7b,-1
2025-06-08T15:41:09.526806,10.890979,7.8,0.0,60444.5625,49.9,65695.875,0,0.0,144.59375,deepseek-r1:7b,-1
2025-06-08T15:41:09.632221,10.996394,7.1,0.0,60444.5625,49.9,65695.875,0,0.0,144.59375,deepseek-r1:7b,-1
2025-06-08T15:41:09.737438,11.101611,7.8,0.0,60444.5625,49.9,65695.875,0,0.0,144.59375,deepseek-r1:7b,-1
2025-06-08T15:41:09.842853,11.207026,8.8,0.0,60444.5625,49.9,65695.875,0,0.0,144.59375,deepseek-r1:7b,-1
2025-06-08T15:41:09.945661,11.309834,0.0,0.0,60444.5625,49.9,65695.875,0,0.0,144.59375,deepseek-r1:7b,-1
2025-06-08T15:41:10.048294,11.412467,0.0,0.0,60444.5625,49.9,65695.875,0,0.0,144.59375,deepseek-r1:7b,-1
2025-06-08T15:41:10.153750,11.517923,7.8,0.0,60441.640625,49.9,65700.5625,0,0.0,144.59375,deepseek-r1:7b,-1
2025-06-08T15:41:10.257746,11.621919,7.9,0.0,60441.640625,49.9,65700.625,0,0.0,144.59375,deepseek-r1:7b,-1
2025-06-08T15:41:10.363173,11.727346,8.4,0.0,60441.625,49.9,65700.953125,0,0.0,144.59375,deepseek-r1:7b,-1
2025-06-08T15:41:10.468606,11.832779,7.5,0.0,60441.625,49.9,65700.953125,0,0.0,144.59375,deepseek-r1:7b,-1
2025-06-08T15:41:10.573840,11.938013,7.7,0.0,60441.625,49.9,65700.953125,0,0.0,144.59375,deepseek-r1:7b,-1
2025-06-08T15:41:10.677757,12.04193,7.1,0.0,60441.625,49.9,65700.953125,0,0.0,144.59375,deepseek-r1:7b,-1
2025-06-08T15:41:10.779452,12.143625,9.3,0.0,60441.625,49.9,65700.953125,0,0.0,144.59375,deepseek-r1:7b,-1
2025-06-08T15:41:10.882700,12.246873,0.0,0.0,60441.625,49.9,65700.953125,0,0.0,144.59375,deepseek-r1:7b,-1
2025-06-08T15:41:10.983441,12.347614,0.0,0.0,60441.625,49.9,65700.953125,0,0.0,144.59375,deepseek-r1:7b,-1
2025-06-08T15:41:11.085335,12.449508,0.0,0.0,60441.625,49.9,65700.953125,0,0.0,144.59375,deepseek-r1:7b,-1
2025-06-08T15:41:11.185859,12.550032,7.3,0.0,60441.53125,49.9,65694.546875,0,0.0,144.59375,deepseek-r1:7b,-1
2025-06-08T15:41:11.291007,12.65518,9.4,0.0,60441.546875,49.9,65694.765625,0,0.0,144.59375,deepseek-r1:7b,-1
2025-06-08T15:41:11.394634,12.758807,6.7,0.0,60441.546875,49.9,65694.765625,0,0.0,144.59375,deepseek-r1:7b,-1
2025-06-08T15:41:11.500070,12.864243,7.7,0.0,60441.546875,49.9,65694.765625,0,0.0,144.59375,deepseek-r1:7b,-1
2025-06-08T15:41:11.601712,12.965885,8.0,0.0,60441.546875,49.9,65694.765625,0,0.0,144.59375,deepseek-r1:7b,-1
2025-06-08T15:41:11.707135,13.071308,7.6,0.0,60441.546875,49.9,65694.765625,0,0.0,144.59375,deepseek-r1:7b,-1
2025-06-08T15:41:11.811039,13.175212,7.9,0.0,60441.546875,49.9,65694.765625,0,0.0,144.59375,deepseek-r1:7b,-1
2025-06-08T15:41:11.916112,13.280285,8.9,0.0,60441.546875,49.9,65694.765625,0,0.0,144.59375,deepseek-r1:7b,-1
2025-06-08T15:41:12.021502,13.385675,7.7,0.0,60441.546875,49.9,65694.765625,0,0.0,144.59375,deepseek-r1:7b,-1
2025-06-08T15:41:12.126909,13.491082,0.0,0.0,60441.546875,49.9,65694.765625,0,0.0,144.59375,deepseek-r1:7b,-1
2025-06-08T15:41:12.232342,13.596515,8.0,0.0,60441.375,49.9,65696.765625,0,0.0,144.59375,deepseek-r1:7b,-1
2025-06-08T15:41:12.336350,13.700523,8.5,0.0,60441.359375,49.9,65697.046875,0,0.0,144.59375,deepseek-r1:7b,-1
2025-06-08T15:41:12.441750,13.805923,6.0,0.0,60441.28125,49.9,65697.265625,0,0.0,144.59375,deepseek-r1:7b,-1
2025-06-08T15:41:12.547183,13.911356,8.2,0.0,60441.28125,49.9,65697.265625,0,0.0,144.59375,deepseek-r1:7b,-1
2025-06-08T15:41:12.652611,14.016784,7.1,0.0,60441.28125,49.9,65697.265625,0,0.0,144.59375,deepseek-r1:7b,-1
2025-06-08T15:41:12.758094,14.122267,9.6,0.0,60441.28125,49.9,65697.265625,0,0.0,144.59375,deepseek-r1:7b,-1
2025-06-08T15:41:12.858597,14.22277,8.0,0.0,60441.28125,49.9,65697.265625,0,0.0,144.59375,deepseek-r1:7b,-1
2025-06-08T15:41:12.962948,14.327121,8.5,0.0,60441.28125,49.9,65697.265625,0,0.0,144.59375,deepseek-r1:7b,-1
2025-06-08T15:41:13.068319,14.432492,7.7,0.0,60441.28125,49.9,65697.265625,0,0.0,144.59375,deepseek-r1:7b,-1
2025-06-08T15:41:13.173670,14.537843,0.0,0.0,60441.28125,49.9,65697.265625,0,0.0,144.59375,deepseek-r1:7b,-1
2025-06-08T15:41:13.277069,14.641242,8.1,0.0,60441.25,49.9,65698.921875,0,0.0,144.59375,deepseek-r1:7b,-1
2025-06-08T15:41:13.382065,14.746238,7.7,0.0,60441.25,49.9,65698.921875,0,0.0,144.59375,deepseek-r1:7b,-1
2025-06-08T15:41:13.486264,14.850437,7.7,0.0,60441.25,49.9,65698.921875,0,0.0,144.59375,deepseek-r1:7b,-1
2025-06-08T15:41:13.590374,14.954547,6.7,0.0,60441.25,49.9,65698.921875,0,0.0,144.59375,deepseek-r1:7b,-1
2025-06-08T15:41:13.690958,15.055131,7.4,0.0,60441.25,49.9,65698.921875,0,0.0,144.59375,deepseek-r1:7b,-1
2025-06-08T15:41:13.792837,15.15701,0.0,0.0,60441.25,49.9,65698.921875,0,0.0,144.59375,deepseek-r1:7b,-1
2025-06-08T15:41:13.898270,15.262443,0.0,0.0,60441.25,49.9,65698.921875,0,0.0,144.59375,deepseek-r1:7b,-1
2025-06-08T15:41:14.002818,15.366991,0.0,0.0,60441.25,49.9,65698.921875,0,0.0,144.59375,deepseek-r1:7b,-1
2025-06-08T15:41:14.108208,15.472381,0.0,0.0,60441.25,49.9,65698.921875,0,0.0,144.59375,deepseek-r1:7b,-1
2025-06-08T15:41:14.212917,15.57709,0.0,0.0,60441.25,49.9,65698.921875,0,0.0,144.59375,deepseek-r1:7b,-1
2025-06-08T15:41:14.318353,15.682526,8.2,0.0,60441.078125,49.9,65700.9375,0,0.0,144.59375,deepseek-r1:7b,-1
2025-06-08T15:41:14.423775,15.787948,7.8,0.0,60441.078125,49.9,65700.9375,0,0.0,144.59375,deepseek-r1:7b,-1
2025-06-08T15:41:14.525996,15.890169,7.2,0.0,60441.078125,49.9,65700.9375,0,0.0,144.59375,deepseek-r1:7b,-1
2025-06-08T15:41:14.627828,15.992001,17.0,0.0,60441.078125,49.9,65700.9375,0,0.0,144.59375,deepseek-r1:7b,-1
2025-06-08T15:41:14.733055,16.097228,0.0,0.0,60441.078125,49.9,65700.9375,0,0.0,144.59375,deepseek-r1:7b,-1
2025-06-08T15:41:14.836146,16.200319,0.0,0.0,60441.078125,49.9,65700.9375,0,0.0,144.59375,deepseek-r1:7b,-1
2025-06-08T15:41:14.940295,16.304468,0.0,0.0,60441.078125,49.9,65700.9375,0,0.0,144.59375,deepseek-r1:7b,-1
2025-06-08T15:41:15.045646,16.409819,0.0,0.0,60441.078125,49.9,65700.9375,0,0.0,144.59375,deepseek-r1:7b,-1
2025-06-08T15:41:15.150849,16.515022,0.0,0.0,60441.078125,49.9,65700.9375,0,0.0,144.59375,deepseek-r1:7b,-1
2025-06-08T15:41:15.252783,16.616956,0.0,0.0,60441.078125,49.9,65700.9375,0,0.0,144.59375,deepseek-r1:7b,-1
2025-06-08T15:41:15.356948,16.721121,13.3,0.0,60429.0,49.9,65713.015625,0,0.0,144.59375,deepseek-r1:7b,-1
2025-06-08T15:41:15.462302,16.826475,22.3,0.0,60429.0,49.9,65713.015625,0,0.0,144.59375,deepseek-r1:7b,-1
2025-06-08T15:41:15.568041,16.932214,8.9,0.0,60429.0,49.9,65713.015625,0,0.0,144.59375,deepseek-r1:7b,-1
2025-06-08T15:41:15.673613,17.037786,9.4,0.0,60429.0,49.9,65713.015625,0,0.0,144.59375,deepseek-r1:7b,-1
2025-06-08T15:41:15.775463,17.139636,6.7,0.0,60429.0,49.9,65713.015625,0,0.0,144.59375,deepseek-r1:7b,-1
2025-06-08T15:41:15.879893,17.244066,9.5,0.0,60429.0,49.9,65713.015625,0,0.0,144.59375,deepseek-r1:7b,-1
2025-06-08T15:41:15.985357,17.34953,8.4,0.0,60429.0,49.9,65713.015625,0,0.0,144.59375,deepseek-r1:7b,-1
2025-06-08T15:41:16.088714,17.452887,11.4,0.0,60429.0,49.9,65713.015625,0,0.0,144.59375,deepseek-r1:7b,-1
2025-06-08T15:41:16.193934,17.558107,0.0,0.0,60429.0,49.9,65713.015625,0,0.0,144.59375,deepseek-r1:7b,-1
2025-06-08T15:41:16.299457,17.66363,0.0,0.0,60429.0,49.9,65713.015625,0,0.0,144.59375,deepseek-r1:7b,-1
2025-06-08T15:41:16.404870,17.769043,8.2,0.0,60552.0625,50.0,65588.640625,0,0.0,144.59375,deepseek-r1:7b,-1
2025-06-08T15:41:16.510279,17.874452,7.0,0.0,60552.0625,50.0,65588.640625,0,0.0,144.59375,deepseek-r1:7b,-1
2025-06-08T15:41:16.611331,17.975504,7.5,0.0,60552.0625,50.0,65588.640625,0,0.0,144.59375,deepseek-r1:7b,-1
2025-06-08T15:41:16.716799,18.080972,8.2,0.0,60552.0625,50.0,65588.640625,0,0.0,144.59375,deepseek-r1:7b,-1
2025-06-08T15:41:16.820479,18.184652,14.2,0.0,60552.0625,50.0,65588.640625,0,0.0,144.59375,deepseek-r1:7b,-1
2025-06-08T15:41:16.921009,18.285182,20.8,0.0,60552.0625,50.0,65588.640625,0,0.0,144.59375,deepseek-r1:7b,-1
2025-06-08T15:41:17.026162,18.390335,20.8,0.0,60552.0625,50.0,65588.640625,0,0.0,144.59375,deepseek-r1:7b,-1
2025-06-08T15:41:17.131289,18.495462,14.3,0.0,60552.0625,50.0,65588.640625,0,0.0,144.59375,deepseek-r1:7b,-1
2025-06-08T15:41:17.236400,18.600573,0.0,0.0,60552.0625,50.0,65588.640625,0,0.0,144.59375,deepseek-r1:7b,-1
2025-06-08T15:41:17.336908,18.701081,0.0,0.0,60552.0625,50.0,65588.640625,0,0.0,144.59375,deepseek-r1:7b,-1
2025-06-08T15:41:17.442002,18.806175,22.0,0.0,60603.625,50.0,65532.671875,0,0.0,144.59375,deepseek-r1:7b,-1
2025-06-08T15:41:17.547120,18.911293,17.7,0.0,60603.640625,50.0,65537.03125,0,0.0,144.59375,deepseek-r1:7b,-1
2025-06-08T15:41:17.652230,19.016403,23.0,0.0,60603.921875,50.0,65534.84375,0,0.0,144.59375,deepseek-r1:7b,-1
2025-06-08T15:41:17.757345,19.121518,17.2,0.0,60603.921875,50.0,65534.84375,0,0.0,144.59375,deepseek-r1:7b,-1
2025-06-08T15:41:17.862525,19.226698,9.4,0.0,60603.921875,50.0,65534.84375,0,0.0,144.59375,deepseek-r1:7b,-1
2025-06-08T15:41:17.964474,19.328647,23.0,0.0,60603.921875,50.0,65534.84375,0,3.8,144.75,deepseek-r1:7b,-1
2025-06-08T15:41:18.068043,19.432216,18.9,0.0,60603.921875,50.0,65534.84375,0,0.6,144.765625,deepseek-r1:7b,-1
2025-06-08T15:41:18.173210,19.537383,0.0,0.0,60603.921875,50.0,65534.84375,0,0.0,144.765625,deepseek-r1:7b,-1
2025-06-08T15:41:18.277634,19.641807,0.0,0.0,60603.921875,50.0,65534.84375,0,0.3,144.765625,deepseek-r1:7b,-1
2025-06-08T15:41:18.379629,19.743802,0.0,0.0,60603.921875,50.0,65534.84375,0,0.0,144.765625,deepseek-r1:7b,-1
2025-06-08T15:41:18.485006,19.849179,9.0,0.0,60669.5625,50.1,65467.296875,0,0.0,144.765625,deepseek-r1:7b,-1
2025-06-08T15:41:18.590467,19.95464,6.5,0.0,60669.765625,50.1,65463.53125,0,0.0,144.765625,deepseek-r1:7b,-1
2025-06-08T15:41:18.693528,20.057701,7.8,0.0,60669.78125,50.1,65459.625,0,0.0,144.765625,deepseek-r1:7b,-1
2025-06-08T15:41:18.794701,20.158874,7.6,0.0,60669.78125,50.1,65459.625,0,0.0,144.765625,deepseek-r1:7b,-1
2025-06-08T15:41:18.900183,20.264356,0.0,0.0,60669.78125,50.1,65459.625,0,0.0,144.765625,deepseek-r1:7b,-1
2025-06-08T15:41:19.000922,20.365095,0.0,0.0,60669.78125,50.1,65459.625,0,0.0,144.765625,deepseek-r1:7b,-1
2025-06-08T15:41:19.101975,20.466148,0.0,0.0,60669.78125,50.1,65459.625,0,0.0,144.765625,deepseek-r1:7b,-1
2025-06-08T15:41:19.204428,20.568601,0.0,0.0,60669.78125,50.1,65459.625,0,0.0,144.765625,deepseek-r1:7b,-1
2025-06-08T15:41:19.307278,20.671451,0.0,0.0,60669.78125,50.1,65459.625,0,0.0,144.765625,deepseek-r1:7b,-1
2025-06-08T15:41:19.408862,20.773035,0.0,0.0,60669.78125,50.1,65459.625,0,0.0,144.765625,deepseek-r1:7b,-1
2025-06-08T15:41:19.514372,20.878545,12.1,0.0,60480.6875,49.9,65654.90625,0,0.0,144.765625,deepseek-r1:7b,-1
2025-06-08T15:41:19.619980,20.984153,8.8,0.0,60484.671875,49.9,65649.984375,0,0.0,144.765625,deepseek-r1:7b,-1
2025-06-08T15:41:19.725368,21.089541,7.9,0.0,60483.390625,49.9,65651.515625,0,0.0,144.765625,deepseek-r1:7b,-1
2025-06-08T15:41:19.830779,21.194952,0.0,0.0,60483.71875,49.9,65644.125,0,0.0,144.765625,deepseek-r1:7b,-1
2025-06-08T15:41:19.935884,21.300057,0.0,0.0,60483.71875,49.9,65644.125,0,0.0,144.765625,deepseek-r1:7b,-1
2025-06-08T15:41:20.041331,21.405504,0.0,0.0,60483.71875,49.9,65644.125,0,0.0,144.765625,deepseek-r1:7b,-1
2025-06-08T15:41:20.146785,21.510958,0.0,0.0,60483.71875,49.9,65644.125,0,0.0,144.765625,deepseek-r1:7b,-1
2025-06-08T15:41:20.248741,21.612914,0.0,0.0,60483.71875,49.9,65644.125,0,0.0,144.765625,deepseek-r1:7b,-1
2025-06-08T15:41:20.354239,21.718412,0.0,0.0,60483.71875,49.9,65644.125,0,0.0,144.765625,deepseek-r1:7b,-1
2025-06-08T15:41:20.457050,21.821223,0.0,0.0,60483.71875,49.9,65644.125,0,0.0,144.765625,deepseek-r1:7b,-1
2025-06-08T15:41:20.562538,21.926711,10.1,0.0,60554.390625,50.0,65578.15625,0,0.0,144.765625,deepseek-r1:7b,-1
2025-06-08T15:41:20.667954,22.032127,8.3,0.0,60554.390625,50.0,65578.15625,0,0.0,144.765625,deepseek-r1:7b,-1
2025-06-08T15:41:20.773351,22.137524,9.4,0.0,60554.390625,50.0,65578.15625,0,0.0,144.765625,deepseek-r1:7b,-1
2025-06-08T15:41:20.878810,22.242983,8.4,0.0,60554.390625,50.0,65578.15625,0,0.0,144.765625,deepseek-r1:7b,-1
2025-06-08T15:41:20.982946,22.347119,9.0,0.0,60554.390625,50.0,65578.15625,0,0.0,144.765625,deepseek-r1:7b,-1
2025-06-08T15:41:21.084193,22.448366,9.3,0.0,60554.390625,50.0,65578.15625,0,0.0,144.765625,deepseek-r1:7b,-1
2025-06-08T15:41:21.189624,22.553797,7.1,0.0,60554.390625,50.0,65578.15625,0,0.0,144.765625,deepseek-r1:7b,-1
2025-06-08T15:41:21.291590,22.655763,10.5,0.0,60554.390625,50.0,65578.15625,0,0.4,144.765625,deepseek-r1:7b,-1
2025-06-08T15:41:21.396690,22.760863,8.5,0.0,60554.390625,50.0,65578.15625,0,0.0,144.765625,deepseek-r1:7b,-1
2025-06-08T15:41:21.502155,22.866328,0.0,0.0,60554.390625,50.0,65578.15625,0,0.0,144.765625,deepseek-r1:7b,-1
2025-06-08T15:41:21.607552,22.971725,7.1,0.0,60556.03125,50.0,65580.578125,0,0.0,144.765625,deepseek-r1:7b,-1
2025-06-08T15:41:21.712935,23.077108,7.5,0.0,60556.03125,50.0,65580.578125,0,0.0,144.765625,deepseek-r1:7b,-1
2025-06-08T15:41:21.818280,23.182453,8.4,0.0,60556.03125,50.0,65580.578125,0,0.0,144.765625,deepseek-r1:7b,-1
2025-06-08T15:41:21.923140,23.287313,9.0,0.0,60556.03125,50.0,65580.578125,0,0.0,144.765625,deepseek-r1:7b,-1
2025-06-08T15:41:22.028552,23.392725,8.3,0.0,60556.03125,50.0,65580.578125,0,0.0,144.765625,deepseek-r1:7b,-1
2025-06-08T15:41:22.133957,23.49813,7.1,0.0,60556.03125,50.0,65580.578125,0,0.0,144.765625,deepseek-r1:7b,-1
2025-06-08T15:41:22.238549,23.602722,9.5,0.0,60556.03125,50.0,65580.578125,0,0.0,144.765625,deepseek-r1:7b,-1
2025-06-08T15:41:22.341898,23.706071,8.3,0.0,60556.03125,50.0,65580.578125,0,0.0,144.765625,deepseek-r1:7b,-1
2025-06-08T15:41:22.447246,23.811419,0.0,0.0,60556.03125,50.0,65580.578125,0,0.0,144.765625,deepseek-r1:7b,-1
2025-06-08T15:41:22.549371,23.913544,0.0,0.0,60556.03125,50.0,65580.578125,0,0.0,144.765625,deepseek-r1:7b,-1
2025-06-08T15:41:22.654762,24.018935,7.9,0.0,60483.828125,49.9,65651.375,0,0.0,144.765625,deepseek-r1:7b,-1
2025-06-08T15:41:22.760136,24.124309,8.3,0.0,60484.90625,49.9,65647.640625,0,0.0,144.765625,deepseek-r1:7b,-1
2025-06-08T15:41:22.861286,24.225459,8.0,0.0,60484.90625,49.9,65647.640625,0,0.0,144.765625,deepseek-r1:7b,-1
2025-06-08T15:41:22.966690,24.330863,10.1,0.0,60484.90625,49.9,65647.640625,0,0.1,144.765625,deepseek-r1:7b,-1
2025-06-08T15:41:23.072069,24.436242,0.0,0.0,60484.90625,49.9,65647.640625,0,0.0,144.765625,deepseek-r1:7b,-1
2025-06-08T15:41:23.177501,24.541674,0.0,0.0,60484.90625,49.9,65647.640625,0,0.0,144.765625,deepseek-r1:7b,-1
2025-06-08T15:41:23.282985,24.647158,0.0,0.0,60484.90625,49.9,65647.640625,0,0.0,144.765625,deepseek-r1:7b,-1
2025-06-08T15:41:23.384722,24.748895,0.0,0.0,60484.90625,49.9,65647.640625,0,0.0,144.765625,deepseek-r1:7b,-1
2025-06-08T15:41:23.490168,24.854341,0.0,0.0,60484.90625,49.9,65647.640625,0,0.2,144.578125,deepseek-r1:7b,-1
2025-06-08T15:41:23.595648,24.959821,0.0,0.0,60484.90625,49.9,65647.640625,0,0.0,144.578125,deepseek-r1:7b,-1
2025-06-08T15:41:23.698455,25.062628,10.4,0.0,60477.25,49.9,65654.5625,0,0.0,144.578125,deepseek-r1:7b,-1
2025-06-08T15:41:23.800560,25.164733,15.8,0.0,60477.484375,49.9,65655.6875,0,0.0,144.578125,deepseek-r1:7b,-1
2025-06-08T15:41:23.903097,25.26727,12.9,0.0,60477.53125,49.9,65656.125,0,0.0,144.578125,deepseek-r1:7b,-1
2025-06-08T15:41:24.008539,25.372712,0.0,0.0,60477.53125,49.9,65656.125,0,0.0,144.578125,deepseek-r1:7b,-1
2025-06-08T15:41:24.113964,25.478137,0.0,0.0,60477.53125,49.9,65656.125,0,0.0,144.578125,deepseek-r1:7b,-1
2025-06-08T15:41:24.216247,25.58042,0.0,0.0,60477.53125,49.9,65656.125,0,0.0,144.578125,deepseek-r1:7b,-1
2025-06-08T15:41:24.321628,25.685801,0.0,0.0,60477.53125,49.9,65656.125,0,0.0,144.578125,deepseek-r1:7b,-1
2025-06-08T15:41:24.427065,25.791238,0.0,0.0,60477.53125,49.9,65656.125,0,0.0,144.578125,deepseek-r1:7b,-1
2025-06-08T15:41:24.529779,25.893952,0.0,0.0,60477.53125,49.9,65656.125,0,0.0,144.578125,deepseek-r1:7b,-1
2025-06-08T15:41:26.681089,0.039506,8.6,0.0,60505.8125,49.9,65625.34375,0,0.0,144.59375,deepseek-r1:7b,-1
2025-06-08T15:41:26.785829,0.144246,14.8,0.0,60469.0,49.9,65663.78125,0,0.0,144.59375,deepseek-r1:7b,-1
2025-06-08T15:41:26.890481,0.248898,19.4,0.0,60596.25,50.0,65537.390625,0,0.0,144.59375,deepseek-r1:7b,-1
2025-06-08T15:41:26.995474,0.353891,11.4,0.0,60596.25,50.0,65537.390625,0,0.0,144.59375,deepseek-r1:7b,-1
2025-06-08T15:41:27.100807,0.459224,7.1,0.0,60596.25,50.0,65537.390625,0,0.0,144.59375,deepseek-r1:7b,-1
2025-06-08T15:41:27.206113,0.56453,0.0,0.0,60596.25,50.0,65537.390625,0,0.0,144.59375,deepseek-r1:7b,-1
2025-06-08T15:41:27.311551,0.669968,0.0,0.0,60596.25,50.0,65537.390625,0,0.0,144.59375,deepseek-r1:7b,-1
2025-06-08T15:41:27.413937,0.772354,0.0,0.0,60596.25,50.0,65537.390625,0,0.0,144.59375,deepseek-r1:7b,-1
2025-06-08T15:41:27.519503,0.87792,0.0,0.0,60596.25,50.0,65537.390625,0,0.0,144.59375,deepseek-r1:7b,-1
2025-06-08T15:41:27.625019,0.983436,0.0,0.0,60596.25,50.0,65537.390625,0,0.0,144.59375,deepseek-r1:7b,-1
2025-06-08T15:41:27.727758,1.086175,8.2,0.0,60580.703125,50.0,65555.1875,0,0.0,144.59375,deepseek-r1:7b,-1
2025-06-08T15:41:27.833210,1.191627,9.3,0.0,60580.703125,50.0,65555.4375,0,0.0,144.59375,deepseek-r1:7b,-1
2025-06-08T15:41:27.936088,1.294505,9.3,0.0,60580.703125,50.0,65555.4375,0,0.0,144.59375,deepseek-r1:7b,-1
2025-06-08T15:41:28.041538,1.399955,6.5,0.0,60580.703125,50.0,65555.4375,0,0.0,144.59375,deepseek-r1:7b,-1
2025-06-08T15:41:28.145133,1.50355,7.2,0.0,60580.703125,50.0,65555.4375,0,0.0,144.59375,deepseek-r1:7b,-1
2025-06-08T15:41:28.250413,1.60883,11.0,0.0,60580.703125,50.0,65555.4375,0,0.0,144.59375,deepseek-r1:7b,-1
2025-06-08T15:41:28.351175,1.709592,0.0,0.0,60580.703125,50.0,65555.4375,0,0.0,144.59375,deepseek-r1:7b,-1
2025-06-08T15:41:28.455606,1.814023,0.0,0.0,60580.703125,50.0,65555.4375,0,0.0,144.59375,deepseek-r1:7b,-1
2025-06-08T15:41:28.561060,1.919477,0.0,0.0,60580.703125,50.0,65555.4375,0,0.0,144.59375,deepseek-r1:7b,-1
2025-06-08T15:41:28.665208,2.023625,0.0,0.0,60580.703125,50.0,65555.4375,0,0.0,144.59375,deepseek-r1:7b,-1
2025-06-08T15:41:28.765918,2.124335,8.0,0.0,60457.984375,49.9,65679.546875,0,0.0,144.59375,deepseek-r1:7b,-1
2025-06-08T15:41:28.871335,2.229752,8.2,0.0,60457.984375,49.9,65679.640625,0,0.0,144.59375,deepseek-r1:7b,-1
2025-06-08T15:41:28.976768,2.335185,7.9,0.0,60457.984375,49.9,65679.640625,0,0.0,144.59375,deepseek-r1:7b,-1
2025-06-08T15:41:29.082183,2.4406,6.5,0.0,60457.984375,49.9,65679.640625,0,0.0,144.59375,deepseek-r1:7b,-1
2025-06-08T15:41:29.187583,2.546,7.2,0.0,60457.984375,49.9,65679.640625,0,0.0,144.59375,deepseek-r1:7b,-1
2025-06-08T15:41:29.293009,2.651426,9.8,0.0,60457.984375,49.9,65679.640625,0,0.0,144.59375,deepseek-r1:7b,-1
2025-06-08T15:41:29.398400,2.756817,7.3,0.0,60457.984375,49.9,65679.640625,0,0.0,144.59375,deepseek-r1:7b,-1
2025-06-08T15:41:29.503755,2.862172,7.1,0.0,60457.984375,49.9,65679.640625,0,0.0,144.59375,deepseek-r1:7b,-1
2025-06-08T15:41:29.609087,2.967504,0.0,0.0,60457.984375,49.9,65679.640625,0,0.0,144.59375,deepseek-r1:7b,-1
2025-06-08T15:41:29.710809,3.069226,0.0,0.0,60457.984375,49.9,65679.640625,0,0.0,144.59375,deepseek-r1:7b,-1
2025-06-08T15:41:29.816209,3.174626,7.6,0.0,60453.671875,49.9,65681.890625,0,0.0,144.59375,deepseek-r1:7b,-1
2025-06-08T15:41:29.921049,3.279466,9.4,0.0,60453.421875,49.9,65682.28125,0,0.0,144.59375,deepseek-r1:7b,-1
2025-06-08T15:41:30.026430,3.384847,8.3,0.0,60453.421875,49.9,65682.546875,0,0.0,144.59375,deepseek-r1:7b,-1
2025-06-08T15:41:30.131771,3.490188,7.0,0.0,60453.421875,49.9,65682.546875,0,0.0,144.59375,deepseek-r1:7b,-1
2025-06-08T15:41:30.232334,3.590751,8.2,0.0,60453.421875,49.9,65682.546875,0,0.0,144.59375,deepseek-r1:7b,-1
2025-06-08T15:41:30.337739,3.696156,7.9,0.0,60453.421875,49.9,65682.546875,0,0.0,144.59375,deepseek-r1:7b,-1
2025-06-08T15:41:30.443225,3.801642,7.1,0.0,60453.421875,49.9,65682.546875,0,0.0,144.59375,deepseek-r1:7b,-1
2025-06-08T15:41:30.548649,3.907066,7.7,0.0,60453.421875,49.9,65682.546875,0,0.0,144.59375,deepseek-r1:7b,-1
2025-06-08T15:41:30.650221,4.008638,0.0,0.0,60453.421875,49.9,65682.546875,0,0.0,144.59375,deepseek-r1:7b,-1
2025-06-08T15:41:30.755512,4.113929,0.0,0.0,60453.421875,49.9,65682.546875,0,0.0,144.59375,deepseek-r1:7b,-1
2025-06-08T15:41:30.860710,4.219127,8.8,0.0,60453.1875,49.9,65681.734375,0,0.0,144.59375,deepseek-r1:7b,-1
2025-06-08T15:41:30.966276,4.324693,8.9,0.0,60453.15625,49.9,65682.0625,0,0.0,144.59375,deepseek-r1:7b,-1
2025-06-08T15:41:31.071732,4.430149,6.5,0.0,60453.15625,49.9,65682.0625,0,0.0,144.59375,deepseek-r1:7b,-1
2025-06-08T15:41:31.177233,4.53565,7.2,0.0,60453.15625,49.9,65682.0625,0,0.0,144.59375,deepseek-r1:7b,-1
2025-06-08T15:41:31.280383,4.6388,9.5,0.0,60453.15625,49.9,65682.0625,0,0.0,144.59375,deepseek-r1:7b,-1
2025-06-08T15:41:31.385471,4.743888,7.1,0.0,60453.15625,49.9,65682.0625,0,0.0,144.59375,deepseek-r1:7b,-1
2025-06-08T15:41:31.489694,4.848111,6.7,0.0,60453.15625,49.9,65682.0625,0,0.0,144.59375,deepseek-r1:7b,-1
2025-06-08T15:41:31.591506,4.949923,7.9,0.0,60453.15625,49.9,65682.0625,0,0.0,144.59375,deepseek-r1:7b,-1
2025-06-08T15:41:31.693427,5.051844,6.8,0.0,60453.15625,49.9,65682.0625,0,0.0,144.59375,deepseek-r1:7b,-1
2025-06-08T15:41:31.798840,5.157257,0.0,0.0,60453.15625,49.9,65682.0625,0,0.0,144.59375,deepseek-r1:7b,-1
2025-06-08T15:41:31.904254,5.262671,8.1,0.0,60450.140625,49.9,65686.671875,0,0.0,144.59375,deepseek-r1:7b,-1
2025-06-08T15:41:32.009701,5.368118,8.2,0.0,60450.078125,49.9,65687.015625,0,0.0,144.59375,deepseek-r1:7b,-1
2025-06-08T15:41:32.110254,5.468671,8.1,0.0,60450.078125,49.9,65687.09375,0,0.0,144.59375,deepseek-r1:7b,-1
2025-06-08T15:41:32.215680,5.574097,7.6,0.0,60450.078125,49.9,65687.09375,0,0.0,144.59375,deepseek-r1:7b,-1
2025-06-08T15:41:32.321112,5.679529,8.9,0.0,60450.078125,49.9,65687.09375,0,0.0,144.59375,deepseek-r1:7b,-1
2025-06-08T15:41:32.422031,5.780448,7.5,0.0,60450.078125,49.9,65687.09375,0,0.0,144.59375,deepseek-r1:7b,-1
2025-06-08T15:41:32.524025,5.882442,6.1,0.0,60450.078125,49.9,65687.09375,0,0.0,144.59375,deepseek-r1:7b,-1
2025-06-08T15:41:32.629485,5.987902,7.7,0.0,60450.078125,49.9,65687.09375,0,0.0,144.59375,deepseek-r1:7b,-1
2025-06-08T15:41:32.734913,6.09333,0.0,0.0,60450.078125,49.9,65687.09375,0,0.0,144.59375,deepseek-r1:7b,-1
2025-06-08T15:41:32.835928,6.194345,0.0,0.0,60450.078125,49.9,65687.09375,0,0.0,144.59375,deepseek-r1:7b,-1
2025-06-08T15:41:32.941393,6.29981,9.2,0.0,60449.875,49.9,65685.65625,0,0.0,144.59375,deepseek-r1:7b,-1
2025-06-08T15:41:33.044977,6.403394,6.8,0.0,60449.9375,49.9,65685.984375,0,0.0,144.59375,deepseek-r1:7b,-1
2025-06-08T15:41:33.150158,6.508575,0.0,0.0,60449.9375,49.9,65686.140625,0,0.0,144.59375,deepseek-r1:7b,-1
2025-06-08T15:41:33.255419,6.613836,0.0,0.0,60449.9375,49.9,65686.140625,0,0.0,144.59375,deepseek-r1:7b,-1
2025-06-08T15:41:33.360875,6.719292,0.0,0.0,60449.9375,49.9,65686.140625,0,0.0,144.59375,deepseek-r1:7b,-1
2025-06-08T15:41:33.466320,6.824737,0.0,0.0,60449.9375,49.9,65686.140625,0,0.0,144.59375,deepseek-r1:7b,-1
2025-06-08T15:41:33.571751,6.930168,0.0,0.0,60449.9375,49.9,65686.140625,0,0.0,144.59375,deepseek-r1:7b,-1
2025-06-08T15:41:33.672241,7.030658,0.0,0.0,60449.9375,49.9,65686.140625,0,0.0,144.59375,deepseek-r1:7b,-1
2025-06-08T15:41:33.774257,7.132674,0.0,0.0,60449.9375,49.9,65686.140625,0,0.0,144.59375,deepseek-r1:7b,-1
2025-06-08T15:41:33.875526,7.233943,0.0,0.0,60449.9375,49.9,65686.140625,0,0.0,144.59375,deepseek-r1:7b,-1
2025-06-08T15:41:33.978880,7.337297,7.8,0.0,60449.59375,49.9,65684.515625,0,0.0,144.59375,deepseek-r1:7b,-1
2025-06-08T15:41:34.084337,7.442754,7.1,0.0,60449.609375,49.9,65684.640625,0,0.0,144.59375,deepseek-r1:7b,-1
2025-06-08T15:41:34.188820,7.547237,6.1,0.0,60449.4375,49.9,65685.0625,0,0.0,144.59375,deepseek-r1:7b,-1
2025-06-08T15:41:34.290199,7.648616,9.0,0.0,60449.4375,49.9,65685.0625,0,0.0,144.59375,deepseek-r1:7b,-1
2025-06-08T15:41:34.395634,7.754051,8.3,0.0,60449.4375,49.9,65685.0625,0,0.0,144.59375,deepseek-r1:7b,-1
2025-06-08T15:41:34.501023,7.85944,6.5,0.0,60449.4375,49.9,65685.0625,0,0.0,144.59375,deepseek-r1:7b,-1
2025-06-08T15:41:34.606453,7.96487,0.0,0.0,60449.4375,49.9,65685.0625,0,0.0,144.59375,deepseek-r1:7b,-1
2025-06-08T15:41:34.711880,8.070297,0.0,0.0,60449.4375,49.9,65685.0625,0,0.0,144.59375,deepseek-r1:7b,-1
2025-06-08T15:41:34.813556,8.171973,0.0,0.0,60449.4375,49.9,65685.0625,0,0.0,144.59375,deepseek-r1:7b,-1
2025-06-08T15:41:34.918966,8.277383,0.0,0.0,60449.4375,49.9,65685.0625,0,0.0,144.59375,deepseek-r1:7b,-1
2025-06-08T15:41:35.024363,8.38278,8.3,0.0,60449.328125,49.9,65686.78125,0,0.0,144.59375,deepseek-r1:7b,-1
2025-06-08T15:41:35.129769,8.488186,5.9,0.0,60449.328125,49.9,65686.78125,0,0.0,144.59375,deepseek-r1:7b,-1
2025-06-08T15:41:35.235148,8.593565,7.8,0.0,60449.328125,49.9,65686.78125,0,0.0,144.59375,deepseek-r1:7b,-1
2025-06-08T15:41:35.340584,8.699001,8.8,0.0,60449.328125,49.9,65686.78125,0,0.0,144.59375,deepseek-r1:7b,-1
2025-06-08T15:41:35.446063,8.80448,7.8,0.0,60449.328125,49.9,65686.78125,0,0.0,144.59375,deepseek-r1:7b,-1
2025-06-08T15:41:35.547032,8.905449,8.7,0.0,60449.328125,49.9,65686.78125,0,0.0,144.59375,deepseek-r1:7b,-1
2025-06-08T15:41:35.650757,9.009174,8.8,0.0,60449.328125,49.9,65686.78125,0,0.0,144.59375,deepseek-r1:7b,-1
2025-06-08T15:41:35.756183,9.1146,9.1,0.0,60449.328125,49.9,65686.78125,0,0.0,144.59375,deepseek-r1:7b,-1
2025-06-08T15:41:35.857187,9.215604,8.7,0.0,60449.328125,49.9,65686.78125,0,0.0,144.59375,deepseek-r1:7b,-1
2025-06-08T15:41:35.958645,9.317062,7.4,0.0,60449.328125,49.9,65686.78125,0,0.0,144.59375,deepseek-r1:7b,-1
2025-06-08T15:41:36.059295,9.417712,6.8,0.0,60449.421875,49.9,65680.96875,0,0.0,144.59375,deepseek-r1:7b,-1
2025-06-08T15:41:36.164770,9.523187,7.8,0.0,60449.4375,49.9,65681.203125,0,0.0,144.59375,deepseek-r1:7b,-1
2025-06-08T15:41:36.270175,9.628592,11.0,0.0,60454.703125,49.9,65674.984375,0,0.0,144.59375,deepseek-r1:7b,-1
2025-06-08T15:41:36.374784,9.733201,12.3,0.0,60454.703125,49.9,65674.984375,0,0.0,144.59375,deepseek-r1:7b,-1
2025-06-08T15:41:36.480136,9.838553,8.9,0.0,60454.703125,49.9,65674.984375,0,0.0,144.59375,deepseek-r1:7b,-1
2025-06-08T15:41:36.582502,9.940919,8.5,0.0,60454.703125,49.9,65674.984375,0,0.0,144.59375,deepseek-r1:7b,-1
2025-06-08T15:41:36.683859,10.042276,6.2,0.0,60454.703125,49.9,65674.984375,0,0.0,144.59375,deepseek-r1:7b,-1
2025-06-08T15:41:36.788591,10.147008,0.0,0.0,60454.703125,49.9,65674.984375,0,0.0,144.59375,deepseek-r1:7b,-1
2025-06-08T15:41:36.894062,10.252479,0.0,0.0,60454.703125,49.9,65674.984375,0,0.0,144.59375,deepseek-r1:7b,-1
2025-06-08T15:41:36.998253,10.35667,0.0,0.0,60454.703125,49.9,65674.984375,0,0.0,144.59375,deepseek-r1:7b,-1
2025-06-08T15:41:37.100345,10.458762,11.7,0.0,60463.171875,49.9,65673.90625,0,0.0,144.59375,deepseek-r1:7b,-1
2025-06-08T15:41:37.205843,10.56426,7.3,0.0,60463.171875,49.9,65674.140625,0,0.0,144.59375,deepseek-r1:7b,-1
2025-06-08T15:41:37.307354,10.665771,8.6,0.0,60463.171875,49.9,65674.140625,0,0.0,144.59375,deepseek-r1:7b,-1
2025-06-08T15:41:37.410917,10.769334,7.7,0.0,60463.171875,49.9,65674.140625,0,0.0,144.59375,deepseek-r1:7b,-1
2025-06-08T15:41:37.516332,10.874749,14.4,0.0,60463.171875,49.9,65674.140625,0,0.0,144.59375,deepseek-r1:7b,-1
2025-06-08T15:41:37.617273,10.97569,8.2,0.0,60463.171875,49.9,65674.140625,0,0.0,144.59375,deepseek-r1:7b,-1
2025-06-08T15:41:37.722736,11.081153,0.0,0.0,60463.171875,49.9,65674.140625,0,0.0,144.59375,deepseek-r1:7b,-1
2025-06-08T15:41:37.827417,11.185834,0.0,0.0,60463.171875,49.9,65674.140625,0,0.0,144.59375,deepseek-r1:7b,-1
2025-06-08T15:41:37.930280,11.288697,0.0,0.0,60463.171875,49.9,65674.140625,0,0.0,144.59375,deepseek-r1:7b,-1
2025-06-08T15:41:38.035716,11.394133,0.0,0.0,60463.171875,49.9,65674.140625,0,0.0,144.59375,deepseek-r1:7b,-1
2025-06-08T15:41:38.141123,11.49954,7.8,0.0,60460.359375,49.9,65679.234375,0,0.0,144.59375,deepseek-r1:7b,-1
2025-06-08T15:41:38.246514,11.604931,9.6,0.0,60460.53125,49.9,65679.65625,0,0.0,144.59375,deepseek-r1:7b,-1
2025-06-08T15:41:38.351959,11.710376,7.0,0.0,60460.53125,49.9,65679.78125,0,0.0,144.59375,deepseek-r1:7b,-1
2025-06-08T15:41:38.457372,11.815789,7.9,0.0,60460.53125,49.9,65679.78125,0,0.0,144.59375,deepseek-r1:7b,-1
2025-06-08T15:41:38.562823,11.92124,7.0,0.0,60460.53125,49.9,65679.78125,0,0.0,144.59375,deepseek-r1:7b,-1
2025-06-08T15:41:38.668307,12.026724,7.2,0.0,60460.53125,49.9,65679.78125,0,0.0,144.59375,deepseek-r1:7b,-1
2025-06-08T15:41:38.773708,12.132125,7.1,0.0,60460.53125,49.9,65679.78125,0,0.0,144.59375,deepseek-r1:7b,-1
2025-06-08T15:41:38.879104,12.237521,9.5,0.0,60460.53125,49.9,65679.78125,0,0.0,144.59375,deepseek-r1:7b,-1
2025-06-08T15:41:38.984517,12.342934,8.8,0.0,60460.53125,49.9,65679.78125,0,0.0,144.59375,deepseek-r1:7b,-1
2025-06-08T15:41:39.089925,12.448342,6.5,0.0,60460.53125,49.9,65679.78125,0,0.0,144.59375,deepseek-r1:7b,-1
2025-06-08T15:41:39.194087,12.552504,7.9,0.0,60460.515625,49.9,65681.46875,0,0.0,144.59375,deepseek-r1:7b,-1
2025-06-08T15:41:39.294550,12.652967,9.3,0.0,60460.484375,49.9,65681.640625,0,0.0,144.59375,deepseek-r1:7b,-1
2025-06-08T15:41:39.398237,12.756654,6.7,0.0,60460.484375,49.9,65681.90625,0,0.0,144.59375,deepseek-r1:7b,-1
2025-06-08T15:41:39.503699,12.862116,0.0,0.0,60460.484375,49.9,65681.90625,0,0.0,144.59375,deepseek-r1:7b,-1
2025-06-08T15:41:39.609119,12.967536,0.0,0.0,60460.484375,49.9,65681.90625,0,0.0,144.59375,deepseek-r1:7b,-1
2025-06-08T15:41:39.714289,13.072706,0.0,0.0,60460.484375,49.9,65681.90625,0,0.0,144.59375,deepseek-r1:7b,-1
2025-06-08T15:41:39.819765,13.178182,0.0,0.0,60460.484375,49.9,65681.90625,0,0.0,144.59375,deepseek-r1:7b,-1
2025-06-08T15:41:39.925260,13.283677,0.0,0.0,60460.484375,49.9,65681.90625,0,0.0,144.59375,deepseek-r1:7b,-1
2025-06-08T15:41:40.030728,13.389145,0.0,0.0,60460.484375,49.9,65681.90625,0,0.0,144.59375,deepseek-r1:7b,-1
2025-06-08T15:41:40.133859,13.492276,0.0,0.0,60460.484375,49.9,65681.90625,0,1.0,144.59375,deepseek-r1:7b,-1
2025-06-08T15:41:40.239293,13.59771,8.2,0.0,60460.703125,49.9,65679.84375,0,0.0,144.59375,deepseek-r1:7b,-1
2025-06-08T15:41:40.344774,13.703191,8.9,0.0,60460.703125,49.9,65679.84375,0,0.0,144.59375,deepseek-r1:7b,-1
2025-06-08T15:41:40.448352,13.806769,7.8,0.0,60460.703125,49.9,65679.84375,0,0.0,144.59375,deepseek-r1:7b,-1
2025-06-08T15:41:40.553841,13.912258,6.0,0.0,60460.703125,49.9,65679.84375,0,0.0,144.59375,deepseek-r1:7b,-1
2025-06-08T15:41:40.659284,14.017701,7.1,0.0,60460.703125,49.9,65679.84375,0,0.0,144.59375,deepseek-r1:7b,-1
2025-06-08T15:41:40.760475,14.118892,8.5,0.0,60460.703125,49.9,65679.84375,0,0.0,144.59375,deepseek-r1:7b,-1
2025-06-08T15:41:40.865915,14.224332,8.4,0.0,60460.703125,49.9,65679.84375,0,0.0,144.59375,deepseek-r1:7b,-1
2025-06-08T15:41:40.966742,14.325159,8.1,0.0,60460.703125,49.9,65679.84375,0,0.0,144.59375,deepseek-r1:7b,-1
2025-06-08T15:41:41.067712,14.426129,0.0,0.0,60460.703125,49.9,65679.84375,0,0.0,144.59375,deepseek-r1:7b,-1
2025-06-08T15:41:41.173085,14.531502,0.0,0.0,60460.703125,49.9,65679.84375,0,0.0,144.59375,deepseek-r1:7b,-1
2025-06-08T15:41:41.278430,14.636847,19.0,0.0,60512.6875,49.9,65620.671875,0,0.0,144.59375,deepseek-r1:7b,-1
2025-06-08T15:41:41.383758,14.742175,20.8,0.0,60512.828125,49.9,65629.921875,0,0.0,144.59375,deepseek-r1:7b,-1
2025-06-08T15:41:41.489022,14.847439,18.3,0.0,60512.890625,49.9,65612.078125,0,0.0,144.59375,deepseek-r1:7b,-1
2025-06-08T15:41:41.594366,14.952783,17.6,0.0,60512.890625,49.9,65612.078125,0,0.0,144.59375,deepseek-r1:7b,-1
2025-06-08T15:41:41.699711,15.058128,18.3,0.0,60512.890625,49.9,65612.078125,0,0.0,144.59375,deepseek-r1:7b,-1
2025-06-08T15:41:41.801861,15.160278,16.1,0.0,60512.890625,49.9,65612.078125,0,0.0,144.59375,deepseek-r1:7b,-1
2025-06-08T15:41:41.907018,15.265435,11.5,0.0,60512.890625,49.9,65612.078125,0,0.0,144.59375,deepseek-r1:7b,-1
2025-06-08T15:41:42.012385,15.370802,0.0,0.0,60512.890625,49.9,65612.078125,0,0.0,144.59375,deepseek-r1:7b,-1
2025-06-08T15:41:42.115044,15.473461,0.0,0.0,60512.890625,49.9,65612.078125,0,0.0,144.59375,deepseek-r1:7b,-1
2025-06-08T15:41:42.216099,15.574516,0.0,0.0,60512.890625,49.9,65612.078125,0,0.0,144.59375,deepseek-r1:7b,-1
2025-06-08T15:41:42.321457,15.679874,12.6,0.0,60511.890625,49.9,65621.078125,0,0.0,144.59375,deepseek-r1:7b,-1
2025-06-08T15:41:42.426815,15.785232,10.6,0.0,60511.859375,49.9,65621.546875,0,0.0,144.59375,deepseek-r1:7b,-1
2025-06-08T15:41:42.528605,15.887022,0.0,0.0,60511.90625,49.9,65622.078125,0,0.0,144.59375,deepseek-r1:7b,-1
2025-06-08T15:41:42.634083,15.9925,0.0,0.0,60511.90625,49.9,65622.078125,0,0.0,144.59375,deepseek-r1:7b,-1
2025-06-08T15:41:42.739327,16.097744,0.0,0.0,60511.90625,49.9,65622.078125,0,0.0,144.59375,deepseek-r1:7b,-1
2025-06-08T15:41:42.841117,16.199534,0.0,0.0,60511.90625,49.9,65622.078125,0,0.0,144.59375,deepseek-r1:7b,-1
2025-06-08T15:41:42.946601,16.305018,0.0,0.0,60511.90625,49.9,65622.078125,0,0.0,144.59375,deepseek-r1:7b,-1
2025-06-08T15:41:43.048488,16.406905,0.0,0.0,60511.90625,49.9,65622.078125,0,0.0,144.59375,deepseek-r1:7b,-1
2025-06-08T15:41:43.152834,16.511251,0.0,0.0,60511.90625,49.9,65622.078125,0,0.0,144.59375,deepseek-r1:7b,-1
2025-06-08T15:41:43.256071,16.614488,0.0,0.0,60511.90625,49.9,65622.078125,0,0.0,144.59375,deepseek-r1:7b,-1
2025-06-08T15:41:43.361533,16.71995,10.7,0.0,60538.953125,50.0,65597.234375,0,0.0,144.59375,deepseek-r1:7b,-1
2025-06-08T15:41:43.462811,16.821228,8.7,0.0,60538.9375,50.0,65598.078125,0,0.0,144.59375,deepseek-r1:7b,-1
2025-06-08T15:41:43.568280,16.926697,7.1,0.0,60538.9375,50.0,65598.375,0,0.0,144.59375,deepseek-r1:7b,-1
2025-06-08T15:41:43.673692,17.032109,0.0,0.0,60538.9375,50.0,65598.375,0,0.0,144.59375,deepseek-r1:7b,-1
2025-06-08T15:41:43.775208,17.133625,0.0,0.0,60538.9375,50.0,65598.375,0,0.0,144.59375,deepseek-r1:7b,-1
2025-06-08T15:41:43.876158,17.234575,0.0,0.0,60538.9375,50.0,65598.375,0,0.0,144.59375,deepseek-r1:7b,-1
2025-06-08T15:41:43.981609,17.340026,0.0,0.0,60538.9375,50.0,65598.375,0,0.0,144.59375,deepseek-r1:7b,-1
2025-06-08T15:41:44.086983,17.4454,0.0,0.0,60538.9375,50.0,65598.375,0,0.0,144.59375,deepseek-r1:7b,-1
2025-06-08T15:41:44.188142,17.546559,0.0,0.0,60538.9375,50.0,65598.375,0,0.0,144.59375,deepseek-r1:7b,-1
2025-06-08T15:41:44.289960,17.648377,0.0,0.0,60538.9375,50.0,65598.375,0,0.0,144.59375,deepseek-r1:7b,-1
2025-06-08T15:41:44.394890,17.753307,9.3,0.0,60537.703125,49.9,65601.828125,0,0.0,144.59375,deepseek-r1:7b,-1
2025-06-08T15:41:44.500330,17.858747,8.8,0.0,60537.6875,49.9,65602.015625,0,0.0,144.59375,deepseek-r1:7b,-1
2025-06-08T15:41:44.603212,17.961629,7.5,0.0,60537.71875,49.9,65602.28125,0,0.0,144.59375,deepseek-r1:7b,-1
2025-06-08T15:41:44.705000,18.063417,8.5,0.0,60537.71875,49.9,65602.28125,0,0.0,144.59375,deepseek-r1:7b,-1
2025-06-08T15:41:44.805441,18.163858,8.9,0.0,60537.71875,49.9,65602.28125,0,0.0,144.59375,deepseek-r1:7b,-1
2025-06-08T15:41:44.910110,18.268527,9.4,0.0,60537.71875,49.9,65602.28125,0,0.0,144.59375,deepseek-r1:7b,-1
2025-06-08T15:41:45.015565,18.373982,9.5,0.0,60537.71875,49.9,65602.28125,0,0.0,144.59375,deepseek-r1:7b,-1
2025-06-08T15:41:45.118452,18.476869,9.6,0.0,60537.71875,49.9,65602.28125,0,0.0,144.59375,deepseek-r1:7b,-1
2025-06-08T15:41:45.220741,18.579158,9.1,0.0,60537.71875,49.9,65602.28125,0,0.0,144.59375,deepseek-r1:7b,-1
2025-06-08T15:41:45.321792,18.680209,0.0,0.0,60537.71875,49.9,65602.28125,0,0.0,144.59375,deepseek-r1:7b,-1
2025-06-08T15:41:45.427111,18.785528,10.4,0.0,60537.734375,50.0,65600.828125,0,0.0,144.59375,deepseek-r1:7b,-1
2025-06-08T15:41:45.532549,18.890966,11.7,0.0,60537.796875,50.0,65601.125,0,0.0,144.59375,deepseek-r1:7b,-1
2025-06-08T15:41:45.638010,18.996427,10.1,0.0,60537.796875,50.0,65601.125,0,0.1,144.5625,deepseek-r1:7b,-1
2025-06-08T15:41:45.743458,19.101875,9.6,0.0,60537.796875,50.0,65601.125,0,0.0,144.5625,deepseek-r1:7b,-1
2025-06-08T15:41:45.848908,19.207325,10.0,0.0,60537.796875,50.0,65601.125,0,0.0,144.5625,deepseek-r1:7b,-1
2025-06-08T15:41:45.950958,19.309375,10.4,0.0,60537.796875,50.0,65601.125,0,0.0,144.5625,deepseek-r1:7b,-1
2025-06-08T15:41:46.051409,19.409826,10.1,0.0,60537.796875,50.0,65601.125,0,0.0,144.5625,deepseek-r1:7b,-1
2025-06-08T15:41:46.153629,19.512046,10.9,0.0,60537.796875,50.0,65601.125,0,0.0,144.5625,deepseek-r1:7b,-1
2025-06-08T15:41:46.259090,19.617507,10.0,0.0,60537.796875,50.0,65601.125,0,0.0,144.5625,deepseek-r1:7b,-1
2025-06-08T15:41:46.364237,19.722654,0.0,0.0,60537.796875,50.0,65601.125,0,0.0,144.5625,deepseek-r1:7b,-1
2025-06-08T15:41:46.467781,19.826198,9.3,0.0,60465.265625,49.9,65665.625,0,0.0,144.5625,deepseek-r1:7b,-1
2025-06-08T15:41:46.573232,19.931649,9.1,0.0,60465.375,49.9,65662.0,0,0.0,144.5625,deepseek-r1:7b,-1
2025-06-08T15:41:46.676730,20.035147,0.0,0.0,60401.1875,49.9,65726.640625,0,0.0,144.5625,deepseek-r1:7b,-1
2025-06-08T15:41:46.782172,20.140589,0.0,0.0,60401.1875,49.9,65726.640625,0,0.0,144.5625,deepseek-r1:7b,-1
2025-06-08T15:41:46.885054,20.243471,0.0,0.0,60401.1875,49.9,65726.640625,0,0.0,144.5625,deepseek-r1:7b,-1
2025-06-08T15:41:46.987182,20.345599,0.0,0.0,60401.1875,49.9,65726.640625,0,0.0,144.5625,deepseek-r1:7b,-1
2025-06-08T15:41:47.092588,20.451005,0.0,0.0,60401.1875,49.9,65726.640625,0,0.0,144.5625,deepseek-r1:7b,-1
2025-06-08T15:41:47.198052,20.556469,0.0,0.0,60401.1875,49.9,65726.640625,0,0.0,144.5625,deepseek-r1:7b,-1
2025-06-08T15:41:47.303487,20.661904,0.0,0.0,60401.1875,49.9,65726.640625,0,0.0,144.5625,deepseek-r1:7b,-1
2025-06-08T15:41:47.405807,20.764224,0.0,0.0,60401.1875,49.9,65726.640625,0,0.0,144.5625,deepseek-r1:7b,-1
2025-06-08T15:41:47.511223,20.86964,9.0,0.0,60450.875,49.9,65677.53125,0,0.0,144.5625,deepseek-r1:7b,-1
2025-06-08T15:41:47.616642,20.975059,7.3,0.0,60450.921875,49.9,65677.796875,0,0.0,144.5625,deepseek-r1:7b,-1
2025-06-08T15:41:47.718471,21.076888,7.8,0.0,60450.8125,49.9,65678.0,0,0.0,144.5625,deepseek-r1:7b,-1
2025-06-08T15:41:47.823040,21.181457,8.5,0.0,60450.8125,49.9,65678.0,0,0.0,144.5625,deepseek-r1:7b,-1
2025-06-08T15:41:47.928492,21.286909,8.2,0.0,60450.8125,49.9,65678.0,0,0.0,144.5625,deepseek-r1:7b,-1
2025-06-08T15:41:48.030007,21.388424,7.4,0.0,60450.8125,49.9,65678.0,0,0.0,144.5625,deepseek-r1:7b,-1
2025-06-08T15:41:48.135430,21.493847,6.6,0.0,60450.8125,49.9,65678.0,0,0.0,144.5625,deepseek-r1:7b,-1
2025-06-08T15:41:48.239702,21.598119,0.0,0.0,60450.8125,49.9,65678.0,0,0.0,144.5625,deepseek-r1:7b,-1
2025-06-08T15:41:48.345094,21.703511,0.0,0.0,60450.8125,49.9,65678.0,0,0.0,144.5625,deepseek-r1:7b,-1
2025-06-08T15:41:48.450520,21.808937,0.0,0.0,60450.8125,49.9,65678.0,0,0.0,144.5625,deepseek-r1:7b,-1
2025-06-08T15:41:48.555928,21.914345,7.8,0.0,60450.875,49.9,65679.703125,0,0.0,144.5625,deepseek-r1:7b,-1
2025-06-08T15:41:48.660411,22.018828,7.0,0.0,60450.875,49.9,65679.703125,0,0.0,144.5625,deepseek-r1:7b,-1
2025-06-08T15:41:48.765820,22.124237,9.0,0.0,60450.875,49.9,65679.703125,0,0.0,144.5625,deepseek-r1:7b,-1
2025-06-08T15:41:48.871237,22.229654,8.9,0.0,60450.875,49.9,65679.703125,0,0.0,144.5625,deepseek-r1:7b,-1
2025-06-08T15:41:48.976645,22.335062,7.6,0.0,60450.875,49.9,65679.703125,0,0.0,144.5625,deepseek-r1:7b,-1
2025-06-08T15:41:49.077351,22.435768,0.0,0.0,60450.875,49.9,65679.703125,0,0.0,144.5625,deepseek-r1:7b,-1
2025-06-08T15:41:49.182792,22.541209,0.0,0.0,60450.875,49.9,65679.703125,0,0.0,144.5625,deepseek-r1:7b,-1
2025-06-08T15:41:49.284827,22.643244,0.0,0.0,60450.875,49.9,65679.703125,0,0.0,144.5625,deepseek-r1:7b,-1
2025-06-08T15:41:49.389592,22.748009,0.0,0.0,60450.875,49.9,65679.703125,0,0.0,144.5625,deepseek-r1:7b,-1
2025-06-08T15:41:49.494990,22.853407,0.0,0.0,60450.875,49.9,65679.703125,0,0.0,144.5625,deepseek-r1:7b,-1
2025-06-08T15:41:49.596287,22.954704,8.1,0.0,60450.421875,49.9,65684.03125,0,0.0,144.5625,deepseek-r1:7b,-1
2025-06-08T15:41:49.700437,23.058854,9.4,0.0,60450.09375,49.9,65684.703125,0,0.0,144.5625,deepseek-r1:7b,-1
2025-06-08T15:41:49.805396,23.163813,7.3,0.0,60450.09375,49.9,65684.703125,0,0.0,144.5625,deepseek-r1:7b,-1
2025-06-08T15:41:49.907015,23.265432,7.9,0.0,60450.09375,49.9,65684.703125,0,0.0,144.5625,deepseek-r1:7b,-1
2025-06-08T15:41:50.012402,23.370819,6.7,0.0,60450.09375,49.9,65684.703125,0,0.0,144.5625,deepseek-r1:7b,-1
2025-06-08T15:41:50.117853,23.47627,8.7,0.0,60450.09375,49.9,65684.703125,0,0.0,144.5625,deepseek-r1:7b,-1
2025-06-08T15:41:50.220475,23.578892,7.9,0.0,60450.09375,49.9,65684.703125,0,0.0,144.5625,deepseek-r1:7b,-1
2025-06-08T15:41:50.321345,23.679762,0.0,0.0,60450.09375,49.9,65684.703125,0,0.0,144.5625,deepseek-r1:7b,-1
2025-06-08T15:41:50.426765,23.785182,0.0,0.0,60450.09375,49.9,65684.703125,0,0.0,144.5625,deepseek-r1:7b,-1
2025-06-08T15:41:50.532130,23.890547,0.0,0.0,60450.09375,49.9,65684.703125,0,0.0,144.5625,deepseek-r1:7b,-1
2025-06-08T15:41:50.637507,23.995924,7.4,0.0,60450.078125,49.9,65686.375,0,0.0,144.5625,deepseek-r1:7b,-1
2025-06-08T15:41:50.742864,24.101281,9.0,0.0,60449.90625,49.9,65686.71875,0,0.0,144.5625,deepseek-r1:7b,-1
2025-06-08T15:41:50.845366,24.203783,8.0,0.0,60449.9375,49.9,65686.984375,0,0.0,144.5625,deepseek-r1:7b,-1
2025-06-08T15:41:50.947722,24.306139,8.4,0.0,60449.9375,49.9,65686.984375,0,0.0,144.5625,deepseek-r1:7b,-1
2025-06-08T15:41:51.053109,24.411526,6.7,0.0,60449.9375,49.9,65686.984375,0,0.0,144.5625,deepseek-r1:7b,-1
2025-06-08T15:41:51.158519,24.516936,0.0,0.0,60449.9375,49.9,65686.984375,0,0.0,144.5625,deepseek-r1:7b,-1
2025-06-08T15:41:51.261001,24.619418,0.0,0.0,60449.9375,49.9,65686.984375,0,0.0,144.5625,deepseek-r1:7b,-1
2025-06-08T15:41:51.366463,24.72488,0.0,0.0,60449.9375,49.9,65686.984375,0,0.0,144.5625,deepseek-r1:7b,-1
2025-06-08T15:41:51.471922,24.830339,0.0,0.0,60449.9375,49.9,65686.984375,0,0.0,144.5625,deepseek-r1:7b,-1
2025-06-08T15:41:51.577366,24.935783,0.0,0.0,60449.9375,49.9,65686.984375,0,0.0,144.5625,deepseek-r1:7b,-1
2025-06-08T15:41:51.682785,25.041202,7.6,0.0,60450.140625,49.9,65684.84375,0,0.0,144.5625,deepseek-r1:7b,-1
2025-06-08T15:41:51.788202,25.146619,9.2,0.0,60450.140625,49.9,65684.84375,0,0.0,144.5625,deepseek-r1:7b,-1
2025-06-08T15:41:51.889604,25.248021,8.8,0.0,60450.140625,49.9,65684.84375,0,0.0,144.5625,deepseek-r1:7b,-1
2025-06-08T15:41:51.991981,25.350398,6.2,0.0,60450.140625,49.9,65684.84375,0,0.0,144.5625,deepseek-r1:7b,-1
2025-06-08T15:41:52.093375,25.451792,10.2,0.0,60450.140625,49.9,65684.84375,0,0.0,144.5625,deepseek-r1:7b,-1
2025-06-08T15:41:52.198142,25.556559,0.0,0.0,60450.140625,49.9,65684.84375,0,0.0,144.5625,deepseek-r1:7b,-1
2025-06-08T15:41:52.299061,25.657478,0.0,0.0,60450.140625,49.9,65684.84375,0,0.0,144.5625,deepseek-r1:7b,-1
2025-06-08T15:41:52.404474,25.762891,0.0,0.0,60450.140625,49.9,65684.84375,0,0.0,144.5625,deepseek-r1:7b,-1
2025-06-08T15:41:52.505695,25.864112,0.0,0.0,60450.140625,49.9,65684.84375,0,0.0,144.5625,deepseek-r1:7b,-1
2025-06-08T15:41:52.611148,25.969565,0.0,0.0,60450.140625,49.9,65684.84375,0,0.0,144.5625,deepseek-r1:7b,-1
2025-06-08T15:41:52.716658,26.075075,7.9,0.0,60450.109375,49.9,65687.328125,0,0.0,144.5625,deepseek-r1:7b,-1
2025-06-08T15:41:52.820475,26.178892,8.9,0.0,60450.109375,49.9,65687.4375,0,0.0,144.5625,deepseek-r1:7b,-1
2025-06-08T15:41:52.922909,26.281326,8.1,0.0,60450.109375,49.9,65687.4375,0,0.0,144.5625,deepseek-r1:7b,-1
2025-06-08T15:41:53.023721,26.382138,6.8,0.0,60450.109375,49.9,65687.4375,0,0.0,144.5625,deepseek-r1:7b,-1
2025-06-08T15:41:53.129139,26.487556,7.1,0.0,60450.109375,49.9,65687.4375,0,0.0,144.5625,deepseek-r1:7b,-1
2025-06-08T15:41:53.231419,26.589836,9.6,0.0,60450.109375,49.9,65687.4375,0,0.0,144.5625,deepseek-r1:7b,-1
2025-06-08T15:41:53.336807,26.695224,7.9,0.0,60450.109375,49.9,65687.4375,0,0.0,144.5625,deepseek-r1:7b,-1
2025-06-08T15:41:53.441455,26.799872,8.2,0.0,60450.109375,49.9,65687.4375,0,0.0,144.5625,deepseek-r1:7b,-1
2025-06-08T15:41:53.546962,26.905379,6.6,0.0,60450.109375,49.9,65687.4375,0,0.0,144.5625,deepseek-r1:7b,-1
2025-06-08T15:41:53.648480,27.006897,0.0,0.0,60450.109375,49.9,65687.4375,0,0.0,144.5625,deepseek-r1:7b,-1
2025-06-08T15:41:53.753914,27.112331,7.6,0.0,60449.65625,49.9,65685.890625,0,0.0,144.5625,deepseek-r1:7b,-1
2025-06-08T15:41:53.854967,27.213384,8.5,0.0,60449.65625,49.9,65686.15625,0,0.0,144.5625,deepseek-r1:7b,-1
2025-06-08T15:41:53.956332,27.314749,8.1,0.0,60449.65625,49.9,65686.234375,0,0.0,144.5625,deepseek-r1:7b,-1
2025-06-08T15:41:54.058680,27.417097,6.6,0.0,60449.65625,49.9,65686.234375,0,0.0,144.5625,deepseek-r1:7b,-1
2025-06-08T15:41:54.164092,27.522509,7.8,0.0,60449.65625,49.9,65686.234375,0,0.0,144.5625,deepseek-r1:7b,-1
2025-06-08T15:41:54.269475,27.627892,8.3,0.0,60449.65625,49.9,65686.234375,0,0.0,144.5625,deepseek-r1:7b,-1
2025-06-08T15:41:54.374871,27.733288,0.0,0.0,60449.65625,49.9,65686.234375,0,0.0,144.5625,deepseek-r1:7b,-1
2025-06-08T15:41:54.479385,27.837802,0.0,0.0,60449.65625,49.9,65686.234375,0,0.0,144.5625,deepseek-r1:7b,-1
2025-06-08T15:41:54.584827,27.943244,0.0,0.0,60449.65625,49.9,65686.234375,0,0.0,144.5625,deepseek-r1:7b,-1
2025-06-08T15:41:54.690293,28.04871,0.0,0.0,60449.65625,49.9,65686.234375,0,0.0,144.5625,deepseek-r1:7b,-1
2025-06-08T15:41:54.791127,28.149544,7.8,0.0,60446.46875,49.9,65690.890625,0,0.0,144.5625,deepseek-r1:7b,-1
2025-06-08T15:41:54.896563,28.25498,7.8,0.0,60446.46875,49.9,65691.140625,0,0.0,144.5625,deepseek-r1:7b,-1
2025-06-08T15:41:54.997657,28.356074,8.0,0.0,60446.46875,49.9,65691.140625,0,0.0,144.5625,deepseek-r1:7b,-1
2025-06-08T15:41:55.103173,28.46159,6.7,0.0,60446.46875,49.9,65691.140625,0,0.0,144.5625,deepseek-r1:7b,-1
2025-06-08T15:41:55.204804,28.563221,7.4,0.0,60446.46875,49.9,65691.140625,0,0.0,144.5625,deepseek-r1:7b,-1
2025-06-08T15:41:55.305394,28.663811,0.0,0.0,60446.46875,49.9,65691.140625,0,0.0,144.5625,deepseek-r1:7b,-1
2025-06-08T15:41:55.410885,28.769302,0.0,0.0,60446.46875,49.9,65691.140625,0,0.0,144.5625,deepseek-r1:7b,-1
2025-06-08T15:41:55.516405,28.874822,0.0,0.0,60446.46875,49.9,65691.140625,0,0.0,144.5625,deepseek-r1:7b,-1
2025-06-08T15:41:55.621856,28.980273,0.0,0.0,60446.46875,49.9,65691.140625,0,0.0,144.5625,deepseek-r1:7b,-1
2025-06-08T15:41:55.727288,29.085705,0.0,0.0,60446.46875,49.9,65691.140625,0,0.0,144.5625,deepseek-r1:7b,-1
2025-06-08T15:41:55.831310,29.189727,7.8,0.0,60440.265625,49.9,65695.046875,0,0.0,144.5625,deepseek-r1:7b,-1
2025-06-08T15:41:55.933047,29.291464,16.0,0.0,60440.203125,49.9,65695.421875,0,0.0,144.5625,deepseek-r1:7b,-1
2025-06-08T15:41:56.033549,29.391966,13.7,0.0,60440.21875,49.9,65695.546875,0,0.0,144.5625,deepseek-r1:7b,-1
2025-06-08T15:41:56.138990,29.497407,7.1,0.0,60440.21875,49.9,65695.546875,0,0.0,144.5625,deepseek-r1:7b,-1
2025-06-08T15:41:56.244050,29.602467,7.9,0.0,60440.21875,49.9,65695.546875,0,0.0,144.5625,deepseek-r1:7b,-1
2025-06-08T15:41:56.345342,29.703759,9.1,0.0,60440.21875,49.9,65695.546875,0,0.0,144.5625,deepseek-r1:7b,-1
2025-06-08T15:41:56.450791,29.809208,6.0,0.0,60440.21875,49.9,65695.546875,0,0.0,144.5625,deepseek-r1:7b,-1
2025-06-08T15:41:56.556242,29.914659,0.0,0.0,60440.21875,49.9,65695.546875,0,0.0,144.5625,deepseek-r1:7b,-1
2025-06-08T15:41:56.661657,30.020074,0.0,0.0,60440.21875,49.9,65695.546875,0,0.0,144.5625,deepseek-r1:7b,-1
2025-06-08T15:41:56.766932,30.125349,0.0,0.0,60440.21875,49.9,65695.546875,0,0.0,144.5625,deepseek-r1:7b,-1
2025-06-08T15:41:56.872343,30.23076,8.0,0.0,60439.984375,49.9,65693.4375,0,0.0,144.5625,deepseek-r1:7b,-1
2025-06-08T15:41:56.972995,30.331412,7.5,0.0,60439.984375,49.9,65693.515625,0,0.0,144.5625,deepseek-r1:7b,-1
2025-06-08T15:41:57.078477,30.436894,6.6,0.0,60440.0,49.9,65693.78125,0,0.0,144.5625,deepseek-r1:7b,-1
2025-06-08T15:41:57.183902,30.542319,7.1,0.0,60440.0,49.9,65693.78125,0,0.0,144.5625,deepseek-r1:7b,-1
2025-06-08T15:41:57.285205,30.643622,9.8,0.0,60440.0,49.9,65693.78125,0,0.0,144.5625,deepseek-r1:7b,-1
2025-06-08T15:41:57.390590,30.749007,7.7,0.0,60440.0,49.9,65693.78125,0,0.0,144.5625,deepseek-r1:7b,-1
2025-06-08T15:41:57.491188,30.849605,8.0,0.0,60440.0,49.9,65693.78125,0,0.0,144.5625,deepseek-r1:7b,-1
2025-06-08T15:41:57.596577,30.954994,7.1,0.0,60440.0,49.9,65693.78125,0,0.0,144.5625,deepseek-r1:7b,-1
2025-06-08T15:41:57.701953,31.06037,0.0,0.0,60440.0,49.9,65693.78125,0,0.0,144.5625,deepseek-r1:7b,-1
2025-06-08T15:41:57.807348,31.165765,0.0,0.0,60440.0,49.9,65693.78125,0,0.0,144.5625,deepseek-r1:7b,-1
2025-06-08T15:41:57.912771,31.271188,9.1,0.0,60440.1875,49.9,65695.875,0,0.0,144.5625,deepseek-r1:7b,-1
2025-06-08T15:41:58.018204,31.376621,7.2,0.0,60440.1875,49.9,65696.015625,0,0.0,144.5625,deepseek-r1:7b,-1
2025-06-08T15:41:58.118940,31.477357,7.4,0.0,60440.1875,49.9,65696.015625,0,0.0,144.5625,deepseek-r1:7b,-1
2025-06-08T15:41:58.224439,31.582856,7.8,0.0,60440.1875,49.9,65696.015625,0,0.0,144.5625,deepseek-r1:7b,-1
2025-06-08T15:41:58.327967,31.686384,7.8,0.0,60440.1875,49.9,65696.015625,0,0.0,144.5625,deepseek-r1:7b,-1
2025-06-08T15:41:58.433375,31.791792,8.3,0.0,60440.1875,49.9,65696.015625,0,0.0,144.5625,deepseek-r1:7b,-1
2025-06-08T15:41:58.538828,31.897245,6.5,0.0,60440.1875,49.9,65696.015625,0,0.0,144.5625,deepseek-r1:7b,-1
2025-06-08T15:41:58.644233,32.00265,7.2,0.0,60440.1875,49.9,65696.015625,0,0.0,144.5625,deepseek-r1:7b,-1
2025-06-08T15:41:58.749624,32.108041,0.0,0.0,60440.1875,49.9,65696.015625,0,0.0,144.5625,deepseek-r1:7b,-1
2025-06-08T15:41:58.855071,32.213488,0.0,0.0,60440.1875,49.9,65696.015625,0,0.0,144.5625,deepseek-r1:7b,-1
2025-06-08T15:41:58.960480,32.318897,8.4,0.0,60440.453125,49.9,65694.0,0,0.0,144.5625,deepseek-r1:7b,-1
2025-06-08T15:41:59.061265,32.419682,8.8,0.0,60440.453125,49.9,65694.265625,0,0.0,144.5625,deepseek-r1:7b,-1
2025-06-08T15:41:59.166737,32.525154,6.0,0.0,60440.453125,49.9,65694.359375,0,0.0,144.5625,deepseek-r1:7b,-1
2025-06-08T15:41:59.272202,32.630619,8.4,0.0,60440.453125,49.9,65694.359375,0,0.0,144.5625,deepseek-r1:7b,-1
2025-06-08T15:41:59.377692,32.736109,11.1,0.0,60440.453125,49.9,65694.359375,0,0.0,144.5625,deepseek-r1:7b,-1
2025-06-08T15:41:59.482187,32.840604,8.5,0.0,60440.453125,49.9,65694.359375,0,0.0,144.5625,deepseek-r1:7b,-1
2025-06-08T15:41:59.582686,32.941103,0.0,0.0,60440.453125,49.9,65694.359375,0,0.0,144.5625,deepseek-r1:7b,-1
2025-06-08T15:41:59.688145,33.046562,0.0,0.0,60440.453125,49.9,65694.359375,0,0.0,144.5625,deepseek-r1:7b,-1
2025-06-08T15:41:59.788948,33.147365,0.0,0.0,60440.453125,49.9,65694.359375,0,0.0,144.5625,deepseek-r1:7b,-1
2025-06-08T15:41:59.890461,33.248878,0.0,0.0,60440.453125,49.9,65694.359375,0,0.0,144.5625,deepseek-r1:7b,-1
2025-06-08T15:41:59.995910,33.354327,7.7,0.0,60440.546875,49.9,65692.703125,0,0.0,144.5625,deepseek-r1:7b,-1
2025-06-08T15:42:00.100701,33.459118,9.5,0.0,60440.546875,49.9,65692.703125,0,0.0,144.5625,deepseek-r1:7b,-1
2025-06-08T15:42:00.205360,33.563777,7.8,0.0,60440.546875,49.9,65692.703125,0,0.0,144.5625,deepseek-r1:7b,-1
2025-06-08T15:42:00.306643,33.66506,10.3,0.0,60440.546875,49.9,65692.703125,0,0.0,144.5625,deepseek-r1:7b,-1
2025-06-08T15:42:00.412081,33.770498,7.2,0.0,60440.546875,49.9,65692.703125,0,0.0,144.5625,deepseek-r1:7b,-1
2025-06-08T15:42:00.517542,33.875959,8.2,0.0,60440.546875,49.9,65692.703125,0,0.0,144.5625,deepseek-r1:7b,-1
2025-06-08T15:42:00.619016,33.977433,7.4,0.0,60440.546875,49.9,65692.703125,0,0.0,144.5625,deepseek-r1:7b,-1
2025-06-08T15:42:00.724395,34.082812,7.8,0.0,60440.546875,49.9,65692.703125,0,0.0,144.5625,deepseek-r1:7b,-1
2025-06-08T15:42:00.825027,34.183444,0.0,0.0,60440.546875,49.9,65692.703125,0,0.0,144.5625,deepseek-r1:7b,-1
2025-06-08T15:42:00.930460,34.288877,0.0,0.0,60440.546875,49.9,65692.703125,0,0.0,144.5625,deepseek-r1:7b,-1
2025-06-08T15:42:01.031882,34.390299,7.9,0.0,60443.59375,49.9,65691.53125,0,0.0,144.5625,deepseek-r1:7b,-1
2025-06-08T15:42:01.137323,34.49574,8.2,0.0,60443.59375,49.9,65691.53125,0,0.0,144.5625,deepseek-r1:7b,-1
2025-06-08T15:42:01.241823,34.60024,0.0,0.0,60443.59375,49.9,65691.53125,0,0.0,144.5625,deepseek-r1:7b,-1
2025-06-08T15:42:01.347201,34.705618,0.0,0.0,60443.59375,49.9,65691.53125,0,0.0,144.5625,deepseek-r1:7b,-1
2025-06-08T15:42:01.452666,34.811083,0.0,0.0,60443.59375,49.9,65691.53125,0,0.0,144.5625,deepseek-r1:7b,-1
2025-06-08T15:42:01.558173,34.91659,0.0,0.0,60443.59375,49.9,65691.53125,0,0.0,144.5625,deepseek-r1:7b,-1
2025-06-08T15:42:01.663635,35.022052,0.0,0.0,60443.59375,49.9,65691.53125,0,0.0,144.5625,deepseek-r1:7b,-1
2025-06-08T15:42:01.769053,35.12747,0.0,0.0,60443.59375,49.9,65691.53125,0,0.0,144.5625,deepseek-r1:7b,-1
2025-06-08T15:42:01.874484,35.232901,0.0,0.0,60443.59375,49.9,65691.53125,0,0.0,144.5625,deepseek-r1:7b,-1
2025-06-08T15:42:01.976811,35.335228,0.0,0.0,60443.59375,49.9,65691.53125,0,0.0,144.5625,deepseek-r1:7b,-1
2025-06-08T15:42:02.081876,35.440293,7.9,0.0,60445.078125,49.9,65688.453125,0,0.0,144.5625,deepseek-r1:7b,-1
2025-06-08T15:42:02.187268,35.545685,6.5,0.0,60445.09375,49.9,65688.515625,0,0.0,144.5625,deepseek-r1:7b,-1
2025-06-08T15:42:02.290476,35.648893,10.2,0.0,60445.09375,49.9,65688.515625,0,0.0,144.5625,deepseek-r1:7b,-1
2025-06-08T15:42:02.395942,35.754359,7.8,0.0,60445.09375,49.9,65688.515625,0,0.0,144.5625,deepseek-r1:7b,-1
2025-06-08T15:42:02.501411,35.859828,7.1,0.0,60445.09375,49.9,65688.515625,0,0.0,144.5625,deepseek-r1:7b,-1
2025-06-08T15:42:02.603256,35.961673,6.2,0.0,60445.09375,49.9,65688.515625,0,0.0,144.5625,deepseek-r1:7b,-1
2025-06-08T15:42:02.704298,36.062715,6.8,0.0,60445.09375,49.9,65688.515625,0,0.0,144.5625,deepseek-r1:7b,-1
2025-06-08T15:42:02.806027,36.164444,10.9,0.0,60445.09375,49.9,65688.515625,0,0.0,144.5625,deepseek-r1:7b,-1
2025-06-08T15:42:02.911408,36.269825,8.3,0.0,60445.09375,49.9,65688.515625,0,0.0,144.5625,deepseek-r1:7b,-1
2025-06-08T15:42:03.016805,36.375222,7.2,0.0,60445.09375,49.9,65688.515625,0,0.0,144.5625,deepseek-r1:7b,-1
2025-06-08T15:42:03.120259,36.478676,10.7,0.0,60444.875,49.9,65690.359375,0,0.0,144.5625,deepseek-r1:7b,-1
2025-06-08T15:42:03.225712,36.584129,7.3,0.0,60444.875,49.9,65690.453125,0,0.0,144.5625,deepseek-r1:7b,-1
2025-06-08T15:42:03.326883,36.6853,10.8,0.0,60444.875,49.9,65690.453125,0,0.0,144.5625,deepseek-r1:7b,-1
2025-06-08T15:42:03.432338,36.790755,7.2,0.0,60444.875,49.9,65690.453125,0,0.0,144.5625,deepseek-r1:7b,-1
2025-06-08T15:42:03.537763,36.89618,6.4,0.0,60444.875,49.9,65690.453125,0,0.0,144.5625,deepseek-r1:7b,-1
2025-06-08T15:42:03.640273,36.99869,6.7,0.0,60444.875,49.9,65690.453125,0,0.0,144.5625,deepseek-r1:7b,-1
2025-06-08T15:42:03.741844,37.100261,8.0,0.0,60444.875,49.9,65690.453125,0,0.0,144.5625,deepseek-r1:7b,-1
2025-06-08T15:42:03.847280,37.205697,8.3,0.0,60444.875,49.9,65690.453125,0,0.0,144.5625,deepseek-r1:7b,-1
2025-06-08T15:42:03.952747,37.311164,9.4,0.0,60444.875,49.9,65690.453125,0,0.0,144.5625,deepseek-r1:7b,-1
2025-06-08T15:42:04.055509,37.413926,0.0,0.0,60444.875,49.9,65690.453125,0,0.0,144.5625,deepseek-r1:7b,-1
2025-06-08T15:42:04.160074,37.518491,8.1,0.0,60445.234375,49.9,65692.96875,0,0.0,144.5625,deepseek-r1:7b,-1
2025-06-08T15:42:04.263366,37.621783,8.0,0.0,60445.234375,49.9,65692.96875,0,0.0,144.5625,deepseek-r1:7b,-1
2025-06-08T15:42:04.368801,37.727218,0.0,0.0,60445.234375,49.9,65692.96875,0,0.0,144.5625,deepseek-r1:7b,-1
2025-06-08T15:42:04.474163,37.83258,0.0,0.0,60445.234375,49.9,65692.96875,0,0.0,144.5625,deepseek-r1:7b,-1
2025-06-08T15:42:04.579326,37.937743,0.0,0.0,60445.234375,49.9,65692.96875,0,0.0,144.5625,deepseek-r1:7b,-1
2025-06-08T15:42:04.681411,38.039828,0.0,0.0,60445.234375,49.9,65692.96875,0,0.0,144.5625,deepseek-r1:7b,-1
2025-06-08T15:42:04.786820,38.145237,0.0,0.0,60445.234375,49.9,65692.96875,0,0.0,144.5625,deepseek-r1:7b,-1
2025-06-08T15:42:04.892310,38.250727,0.0,0.0,60445.234375,49.9,65692.96875,0,0.0,144.5625,deepseek-r1:7b,-1
2025-06-08T15:42:04.993994,38.352411,0.0,0.0,60445.234375,49.9,65692.96875,0,0.0,144.5625,deepseek-r1:7b,-1
2025-06-08T15:42:05.095600,38.454017,0.0,0.0,60445.234375,49.9,65692.96875,0,0.0,144.5625,deepseek-r1:7b,-1
2025-06-08T15:42:05.201035,38.559452,7.6,0.0,60445.171875,49.9,65691.03125,0,0.0,144.5625,deepseek-r1:7b,-1
2025-06-08T15:42:05.306521,38.664938,10.1,0.0,60444.828125,49.9,65691.703125,0,0.0,144.5625,deepseek-r1:7b,-1
2025-06-08T15:42:05.407152,38.765569,6.9,0.0,60444.828125,49.9,65691.828125,0,0.0,144.5625,deepseek-r1:7b,-1
2025-06-08T15:42:05.511131,38.869548,7.2,0.0,60444.859375,49.9,65692.078125,0,0.0,144.5625,deepseek-r1:7b,-1
2025-06-08T15:42:05.616537,38.974954,6.0,0.0,60444.859375,49.9,65692.078125,0,0.0,144.5625,deepseek-r1:7b,-1
2025-06-08T15:42:05.718073,39.07649,9.6,0.0,60444.859375,49.9,65692.078125,0,0.0,144.5625,deepseek-r1:7b,-1
2025-06-08T15:42:05.823458,39.181875,9.5,0.0,60444.859375,49.9,65692.078125,0,0.0,144.5625,deepseek-r1:7b,-1
2025-06-08T15:42:05.927847,39.286264,0.0,0.0,60444.859375,49.9,65692.078125,0,0.0,144.5625,deepseek-r1:7b,-1
2025-06-08T15:42:06.033197,39.391614,0.0,0.0,60444.859375,49.9,65692.078125,0,0.0,144.5625,deepseek-r1:7b,-1
2025-06-08T15:42:06.135275,39.493692,0.0,0.0,60444.859375,49.9,65692.078125,0,0.0,144.5625,deepseek-r1:7b,-1
2025-06-08T15:42:06.237392,39.595809,7.8,0.0,60445.0,49.9,65693.5,0,0.0,144.5625,deepseek-r1:7b,-1
2025-06-08T15:42:06.342829,39.701246,9.0,0.0,60445.0,49.9,65693.5,0,0.0,144.5625,deepseek-r1:7b,-1
2025-06-08T15:42:06.448238,39.806655,6.5,0.0,60445.0,49.9,65693.5,0,0.0,144.5625,deepseek-r1:7b,-1
2025-06-08T15:42:06.553641,39.912058,0.0,0.0,60445.0,49.9,65693.5,0,0.0,144.5625,deepseek-r1:7b,-1
2025-06-08T15:42:06.659038,40.017455,0.0,0.0,60445.0,49.9,65693.5,0,0.0,144.5625,deepseek-r1:7b,-1
2025-06-08T15:42:06.764025,40.122442,0.0,0.0,60445.0,49.9,65693.5,0,0.0,144.5625,deepseek-r1:7b,-1
2025-06-08T15:42:06.868797,40.227214,0.0,0.0,60445.0,49.9,65693.5,0,0.0,144.5625,deepseek-r1:7b,-1
2025-06-08T15:42:06.974177,40.332594,0.0,0.0,60445.0,49.9,65693.5,0,0.0,144.5625,deepseek-r1:7b,-1
2025-06-08T15:42:07.075504,40.433921,0.0,0.0,60445.0,49.9,65693.5,0,0.0,144.5625,deepseek-r1:7b,-1
2025-06-08T15:42:07.180915,40.539332,0.0,0.0,60445.0,49.9,65693.5,0,0.0,144.5625,deepseek-r1:7b,-1
2025-06-08T15:42:07.284790,40.643207,7.9,0.0,60444.96875,49.9,65688.5,0,0.0,144.5625,deepseek-r1:7b,-1
2025-06-08T15:42:07.390239,40.748656,8.7,0.0,60444.890625,49.9,65688.9375,0,0.0,144.5625,deepseek-r1:7b,-1
2025-06-08T15:42:07.495672,40.854089,7.2,0.0,60444.890625,49.9,65689.203125,0,0.0,144.5625,deepseek-r1:7b,-1
2025-06-08T15:42:07.598091,40.956508,6.7,0.0,60444.890625,49.9,65689.296875,0,0.0,144.5625,deepseek-r1:7b,-1
2025-06-08T15:42:07.700858,41.059275,7.3,0.0,60444.890625,49.9,65689.296875,0,0.0,144.5625,deepseek-r1:7b,-1
2025-06-08T15:42:07.805320,41.163737,9.6,0.0,60444.890625,49.9,65689.296875,0,0.0,144.5625,deepseek-r1:7b,-1
2025-06-08T15:42:07.910743,41.26916,0.0,0.0,60444.890625,49.9,65689.296875,0,0.0,144.5625,deepseek-r1:7b,-1
2025-06-08T15:42:08.016167,41.374584,0.0,0.0,60444.890625,49.9,65689.296875,0,0.0,144.5625,deepseek-r1:7b,-1
2025-06-08T15:42:08.120077,41.478494,0.0,0.0,60444.890625,49.9,65689.296875,0,0.0,144.5625,deepseek-r1:7b,-1
2025-06-08T15:42:08.225535,41.583952,0.0,0.0,60444.890625,49.9,65689.296875,0,0.0,144.5625,deepseek-r1:7b,-1
2025-06-08T15:42:08.330884,41.689301,8.0,0.0,60444.78125,49.9,65691.25,0,0.0,144.5625,deepseek-r1:7b,-1
2025-06-08T15:42:08.432350,41.790767,6.9,0.0,60444.796875,49.9,65691.390625,0,0.0,144.5625,deepseek-r1:7b,-1
2025-06-08T15:42:08.537821,41.896238,0.0,0.0,60444.796875,49.9,65691.390625,0,0.0,144.5625,deepseek-r1:7b,-1
2025-06-08T15:42:08.643239,42.001656,0.0,0.0,60444.796875,49.9,65691.390625,0,0.0,144.5625,deepseek-r1:7b,-1
2025-06-08T15:42:08.747565,42.105982,0.0,0.0,60444.796875,49.9,65691.390625,0,0.0,144.5625,deepseek-r1:7b,-1
2025-06-08T15:42:08.853173,42.21159,0.0,0.0,60444.796875,49.9,65691.390625,0,0.0,144.5625,deepseek-r1:7b,-1
2025-06-08T15:42:08.954235,42.312652,0.0,0.0,60444.796875,49.9,65691.390625,0,0.0,144.5625,deepseek-r1:7b,-1
2025-06-08T15:42:09.059664,42.418081,0.0,0.0,60444.796875,49.9,65691.390625,0,0.0,144.5625,deepseek-r1:7b,-1
2025-06-08T15:42:09.164613,42.52303,0.0,0.0,60444.796875,49.9,65691.390625,0,0.0,144.5625,deepseek-r1:7b,-1
2025-06-08T15:42:09.267458,42.625875,0.0,0.0,60444.796875,49.9,65691.390625,0,0.0,144.5625,deepseek-r1:7b,-1
2025-06-08T15:42:09.372879,42.731296,7.7,0.0,60444.953125,49.9,65689.109375,0,0.0,144.5625,deepseek-r1:7b,-1
2025-06-08T15:42:09.478306,42.836723,8.2,0.0,60444.953125,49.9,65689.109375,0,0.0,144.5625,deepseek-r1:7b,-1
2025-06-08T15:42:09.583714,42.942131,7.2,0.0,60444.953125,49.9,65689.109375,0,0.0,144.5625,deepseek-r1:7b,-1
2025-06-08T15:42:09.689148,43.047565,8.0,0.0,60444.953125,49.9,65689.109375,0,0.0,144.5625,deepseek-r1:7b,-1
2025-06-08T15:42:09.794581,43.152998,9.0,0.0,60444.953125,49.9,65689.109375,0,0.0,144.5625,deepseek-r1:7b,-1
2025-06-08T15:42:09.897534,43.255951,0.0,0.0,60444.953125,49.9,65689.109375,0,0.0,144.5625,deepseek-r1:7b,-1
2025-06-08T15:42:10.002698,43.361115,0.0,0.0,60444.953125,49.9,65689.109375,0,0.0,144.5625,deepseek-r1:7b,-1
2025-06-08T15:42:10.108154,43.466571,0.0,0.0,60444.953125,49.9,65689.109375,0,0.0,144.5625,deepseek-r1:7b,-1
2025-06-08T15:42:10.213631,43.572048,0.0,0.0,60444.953125,49.9,65689.109375,0,0.0,144.5625,deepseek-r1:7b,-1
2025-06-08T15:42:10.319038,43.677455,0.0,0.0,60444.953125,49.9,65689.109375,0,0.0,144.5625,deepseek-r1:7b,-1
2025-06-08T15:42:10.420307,43.778724,7.8,0.0,60445.265625,49.9,65686.9375,0,0.0,144.5625,deepseek-r1:7b,-1
2025-06-08T15:42:10.524234,43.882651,7.3,0.0,60445.28125,49.9,65687.1875,0,0.0,144.5625,deepseek-r1:7b,-1
2025-06-08T15:42:10.629644,43.988061,6.5,0.0,60445.28125,49.9,65687.1875,0,0.0,144.5625,deepseek-r1:7b,-1
2025-06-08T15:42:10.735030,44.093447,8.9,0.0,60445.28125,49.9,65687.1875,0,0.0,144.5625,deepseek-r1:7b,-1
2025-06-08T15:42:10.840434,44.198851,7.7,0.0,60445.28125,49.9,65687.1875,0,0.0,144.5625,deepseek-r1:7b,-1
2025-06-08T15:42:10.943397,44.301814,0.0,0.0,60445.28125,49.9,65687.1875,0,0.0,144.5625,deepseek-r1:7b,-1
2025-06-08T15:42:11.048734,44.407151,0.0,0.0,60445.28125,49.9,65687.1875,0,0.0,144.5625,deepseek-r1:7b,-1
2025-06-08T15:42:11.154117,44.512534,0.0,0.0,60445.28125,49.9,65687.1875,0,0.0,144.5625,deepseek-r1:7b,-1
2025-06-08T15:42:11.255666,44.614083,0.0,0.0,60445.28125,49.9,65687.1875,0,0.0,144.5625,deepseek-r1:7b,-1
2025-06-08T15:42:11.359960,44.718377,0.0,0.0,60445.28125,49.9,65687.1875,0,0.0,144.5625,deepseek-r1:7b,-1
2025-06-08T15:42:11.461819,44.820236,7.7,0.0,60445.0,49.9,65689.109375,0,0.0,144.5625,deepseek-r1:7b,-1
2025-06-08T15:42:11.563660,44.922077,6.8,0.0,60445.0,49.9,65689.34375,0,0.0,144.5625,deepseek-r1:7b,-1
2025-06-08T15:42:11.669135,45.027552,8.2,0.0,60445.03125,49.9,65689.4375,0,0.0,144.5625,deepseek-r1:7b,-1
2025-06-08T15:42:11.770120,45.128537,8.1,0.0,60445.03125,49.9,65689.4375,0,0.0,144.5625,deepseek-r1:7b,-1
2025-06-08T15:42:11.871386,45.229803,0.0,0.0,60445.03125,49.9,65689.4375,0,0.0,144.5625,deepseek-r1:7b,-1
2025-06-08T15:42:11.976799,45.335216,0.0,0.0,60445.03125,49.9,65689.4375,0,0.0,144.5625,deepseek-r1:7b,-1
2025-06-08T15:42:12.082228,45.440645,0.0,0.0,60445.03125,49.9,65689.4375,0,0.0,144.5625,deepseek-r1:7b,-1
2025-06-08T15:42:12.184557,45.542974,0.0,0.0,60445.03125,49.9,65689.4375,0,0.0,144.5625,deepseek-r1:7b,-1
2025-06-08T15:42:12.286521,45.644938,0.0,0.0,60445.03125,49.9,65689.4375,0,0.0,144.5625,deepseek-r1:7b,-1
2025-06-08T15:42:12.388635,45.747052,0.0,0.0,60445.03125,49.9,65689.4375,0,0.0,144.5625,deepseek-r1:7b,-1
2025-06-08T15:42:12.489218,45.847635,7.7,0.0,60442.609375,49.9,65693.96875,0,0.0,144.5625,deepseek-r1:7b,-1
2025-06-08T15:42:12.594681,45.953098,8.9,0.0,60442.609375,49.9,65694.203125,0,0.0,144.5625,deepseek-r1:7b,-1
2025-06-08T15:42:12.699144,46.057561,9.5,0.0,60442.703125,49.9,65694.328125,0,0.0,144.5625,deepseek-r1:7b,-1
2025-06-08T15:42:12.800179,46.158596,8.6,0.0,60442.703125,49.9,65694.328125,0,0.0,144.5625,deepseek-r1:7b,-1
2025-06-08T15:42:12.901473,46.25989,0.0,0.0,60442.703125,49.9,65694.328125,0,0.0,144.5625,deepseek-r1:7b,-1
2025-06-08T15:42:13.002884,46.361301,0.0,0.0,60442.703125,49.9,65694.328125,0,0.0,144.5625,deepseek-r1:7b,-1
2025-06-08T15:42:13.108274,46.466691,0.0,0.0,60442.703125,49.9,65694.328125,0,0.0,144.5625,deepseek-r1:7b,-1
2025-06-08T15:42:13.213700,46.572117,0.0,0.0,60442.703125,49.9,65694.328125,0,0.0,144.5625,deepseek-r1:7b,-1
2025-06-08T15:42:13.319107,46.677524,0.0,0.0,60442.703125,49.9,65694.328125,0,0.0,144.5625,deepseek-r1:7b,-1
2025-06-08T15:42:13.424498,46.782915,0.0,0.0,60442.703125,49.9,65694.328125,0,0.0,144.5625,deepseek-r1:7b,-1
2025-06-08T15:42:13.529994,46.888411,7.8,0.0,60442.640625,49.9,65692.4375,0,0.0,144.5625,deepseek-r1:7b,-1
2025-06-08T15:42:13.634398,46.992815,7.3,0.0,60442.640625,49.9,65692.53125,0,0.0,144.5625,deepseek-r1:7b,-1
2025-06-08T15:42:13.736098,47.094515,0.0,0.0,60442.640625,49.9,65692.734375,0,0.0,144.5625,deepseek-r1:7b,-1
2025-06-08T15:42:13.841499,47.199916,0.0,0.0,60442.640625,49.9,65692.734375,0,0.0,144.5625,deepseek-r1:7b,-1
2025-06-08T15:42:13.946870,47.305287,0.0,0.0,60442.640625,49.9,65692.734375,0,0.0,144.5625,deepseek-r1:7b,-1
2025-06-08T15:42:14.049098,47.407515,0.0,0.0,60442.640625,49.9,65692.734375,0,0.0,144.5625,deepseek-r1:7b,-1
2025-06-08T15:42:14.150151,47.508568,0.0,0.0,60442.640625,49.9,65692.734375,0,0.0,144.5625,deepseek-r1:7b,-1
2025-06-08T15:42:14.255519,47.613936,0.0,0.0,60442.640625,49.9,65692.734375,0,0.0,144.5625,deepseek-r1:7b,-1
2025-06-08T15:42:14.360909,47.719326,0.0,0.0,60442.640625,49.9,65692.734375,0,0.0,144.5625,deepseek-r1:7b,-1
2025-06-08T15:42:14.466276,47.824693,0.0,0.0,60442.640625,49.9,65692.734375,0,0.0,144.5625,deepseek-r1:7b,-1
2025-06-08T15:42:14.571635,47.930052,8.0,0.0,60442.546875,49.9,65690.375,0,0.0,144.5625,deepseek-r1:7b,-1
2025-06-08T15:42:14.674667,48.033084,6.8,0.0,60442.5625,49.9,65690.46875,0,0.0,144.5625,deepseek-r1:7b,-1
2025-06-08T15:42:14.780002,48.138419,7.7,0.0,60442.546875,49.9,65686.75,0,0.0,144.5625,deepseek-r1:7b,-1
2025-06-08T15:42:14.882758,48.241175,8.5,0.0,60442.546875,49.9,65686.75,0,0.0,144.5625,deepseek-r1:7b,-1
2025-06-08T15:42:14.988198,48.346615,7.2,0.0,60442.546875,49.9,65686.75,0,0.0,144.5625,deepseek-r1:7b,-1
2025-06-08T15:42:15.093595,48.452012,7.7,0.0,60442.546875,49.9,65686.75,0,0.0,144.5625,deepseek-r1:7b,-1
2025-06-08T15:42:15.198938,48.557355,0.0,0.0,60442.546875,49.9,65686.75,0,0.0,144.5625,deepseek-r1:7b,-1
2025-06-08T15:42:15.304310,48.662727,0.0,0.0,60442.546875,49.9,65686.75,0,0.0,144.5625,deepseek-r1:7b,-1
2025-06-08T15:42:15.409755,48.768172,0.0,0.0,60442.546875,49.9,65686.75,0,0.0,144.5625,deepseek-r1:7b,-1
2025-06-08T15:42:15.515205,48.873622,0.0,0.0,60442.546875,49.9,65686.75,0,0.0,144.5625,deepseek-r1:7b,-1
2025-06-08T15:42:15.619705,48.978122,7.4,0.0,60442.640625,49.9,65688.15625,0,0.0,144.5625,deepseek-r1:7b,-1
2025-06-08T15:42:15.721323,49.07974,8.6,0.0,60442.671875,49.9,65688.375,0,0.0,144.5625,deepseek-r1:7b,-1
2025-06-08T15:42:15.826740,49.185157,9.3,0.0,60442.65625,49.9,65688.375,0,0.0,144.5625,deepseek-r1:7b,-1
2025-06-08T15:42:15.932165,49.290582,0.0,0.0,60442.65625,49.9,65688.375,0,0.0,144.5625,deepseek-r1:7b,-1
2025-06-08T15:42:16.035197,49.393614,0.0,0.0,60442.65625,49.9,65688.375,0,0.0,144.5625,deepseek-r1:7b,-1
2025-06-08T15:42:16.140642,49.499059,0.0,0.0,60442.65625,49.9,65688.375,0,0.0,144.5625,deepseek-r1:7b,-1
2025-06-08T15:42:16.246043,49.60446,0.0,0.0,60442.65625,49.9,65688.375,0,0.0,144.5625,deepseek-r1:7b,-1
2025-06-08T15:42:16.351496,49.709913,0.0,0.0,60442.65625,49.9,65688.375,0,0.0,144.5625,deepseek-r1:7b,-1
2025-06-08T15:42:16.456915,49.815332,0.0,0.0,60442.65625,49.9,65688.375,0,0.0,144.5625,deepseek-r1:7b,-1
2025-06-08T15:42:16.562320,49.920737,0.0,0.0,60442.65625,49.9,65688.375,0,0.0,144.5625,deepseek-r1:7b,-1
2025-06-08T15:42:16.663363,50.02178,7.4,0.0,60442.515625,49.9,65690.078125,0,0.0,144.5625,deepseek-r1:7b,-1
2025-06-08T15:42:16.768831,50.127248,9.8,0.0,60442.515625,49.9,65690.078125,0,0.0,144.5625,deepseek-r1:7b,-1
2025-06-08T15:42:16.872375,50.230792,8.0,0.0,60442.515625,49.9,65690.078125,0,0.0,144.5625,deepseek-r1:7b,-1
2025-06-08T15:42:16.977801,50.336218,7.6,0.0,60442.515625,49.9,65690.078125,0,0.0,144.5625,deepseek-r1:7b,-1
2025-06-08T15:42:17.079284,50.437701,0.0,0.0,60442.515625,49.9,65690.078125,0,0.0,144.5625,deepseek-r1:7b,-1
2025-06-08T15:42:17.183518,50.541935,0.0,0.0,60442.515625,49.9,65690.078125,0,0.0,144.5625,deepseek-r1:7b,-1
2025-06-08T15:42:17.288925,50.647342,0.0,0.0,60442.515625,49.9,65690.078125,0,0.0,144.5625,deepseek-r1:7b,-1
2025-06-08T15:42:17.394337,50.752754,0.0,0.0,60442.515625,49.9,65690.078125,0,0.0,144.5625,deepseek-r1:7b,-1
2025-06-08T15:42:17.499756,50.858173,0.0,0.0,60442.515625,49.9,65690.078125,0,0.0,144.5625,deepseek-r1:7b,-1
2025-06-08T15:42:17.603356,50.961773,0.0,0.0,60442.515625,49.9,65690.078125,0,0.0,144.5625,deepseek-r1:7b,-1
2025-06-08T15:42:17.708798,51.067215,7.6,0.0,60442.4375,49.9,65692.15625,0,0.0,144.5625,deepseek-r1:7b,-1
2025-06-08T15:42:17.814205,51.172622,10.1,0.0,60442.4375,49.9,65692.15625,0,0.0,144.5625,deepseek-r1:7b,-1
2025-06-08T15:42:17.919644,51.278061,8.7,0.0,60442.4375,49.9,65692.15625,0,0.0,144.5625,deepseek-r1:7b,-1
2025-06-08T15:42:18.021418,51.379835,9.3,0.0,60442.4375,49.9,65692.15625,0,0.0,144.5625,deepseek-r1:7b,-1
2025-06-08T15:42:18.126877,51.485294,7.2,0.0,60442.4375,49.9,65692.15625,0,0.0,144.5625,deepseek-r1:7b,-1
2025-06-08T15:42:18.232279,51.590696,8.8,0.0,60442.4375,49.9,65692.15625,0,0.0,144.5625,deepseek-r1:7b,-1
2025-06-08T15:42:18.333877,51.692294,8.6,0.0,60442.4375,49.9,65692.15625,0,0.0,144.5625,deepseek-r1:7b,-1
2025-06-08T15:42:18.435455,51.793872,7.4,0.0,60442.4375,49.9,65692.15625,0,0.0,144.5625,deepseek-r1:7b,-1
2025-06-08T15:42:18.540860,51.899277,8.1,0.0,60442.4375,49.9,65692.15625,0,0.0,144.5625,deepseek-r1:7b,-1
2025-06-08T15:42:18.644495,52.002912,0.0,0.0,60442.4375,49.9,65692.15625,0,0.0,144.5625,deepseek-r1:7b,-1
2025-06-08T15:42:18.749921,52.108338,7.8,0.0,60442.265625,49.9,65691.25,0,0.0,144.5625,deepseek-r1:7b,-1
2025-06-08T15:42:18.855147,52.213564,8.4,0.0,60442.21875,49.9,65691.453125,0,0.0,144.5625,deepseek-r1:7b,-1
2025-06-08T15:42:18.956567,52.314984,8.5,0.0,60442.21875,49.9,65691.453125,0,0.0,144.5625,deepseek-r1:7b,-1
2025-06-08T15:42:19.062058,52.420475,7.2,0.0,60442.21875,49.9,65691.453125,0,0.0,144.5625,deepseek-r1:7b,-1
2025-06-08T15:42:19.167510,52.525927,7.0,0.0,60442.21875,49.9,65691.453125,0,0.0,144.5625,deepseek-r1:7b,-1
2025-06-08T15:42:19.270616,52.629033,9.6,0.0,60442.21875,49.9,65691.453125,0,0.0,144.5625,deepseek-r1:7b,-1
2025-06-08T15:42:19.376046,52.734463,8.4,0.0,60442.21875,49.9,65691.453125,0,0.0,144.5625,deepseek-r1:7b,-1
2025-06-08T15:42:19.479299,52.837716,6.7,0.0,60442.21875,49.9,65691.453125,0,0.0,144.5625,deepseek-r1:7b,-1
2025-06-08T15:42:19.584769,52.943186,6.6,0.0,60442.21875,49.9,65691.453125,0,0.0,144.5625,deepseek-r1:7b,-1
2025-06-08T15:42:19.686265,53.044682,0.0,0.0,60442.21875,49.9,65691.453125,0,0.0,144.5625,deepseek-r1:7b,-1
2025-06-08T15:42:19.788237,53.146654,8.0,0.0,60436.328125,49.9,65695.46875,0,0.0,144.5625,deepseek-r1:7b,-1
2025-06-08T15:42:19.889521,53.247938,8.7,0.0,60436.375,49.9,65695.578125,0,0.0,144.5625,deepseek-r1:7b,-1
2025-06-08T15:42:19.994971,53.353388,8.3,0.0,60436.375,49.9,65695.578125,0,0.0,144.5625,deepseek-r1:7b,-1
2025-06-08T15:42:20.098053,53.45647,6.6,0.0,60436.375,49.9,65695.578125,0,0.0,144.5625,deepseek-r1:7b,-1
2025-06-08T15:42:20.202419,53.560836,7.9,0.0,60436.375,49.9,65695.578125,0,0.0,144.5625,deepseek-r1:7b,-1
2025-06-08T15:42:20.306490,53.664907,8.4,0.0,60436.375,49.9,65695.578125,0,0.0,144.5625,deepseek-r1:7b,-1
2025-06-08T15:42:20.407980,53.766397,0.0,0.0,60436.375,49.9,65695.578125,0,0.0,144.5625,deepseek-r1:7b,-1
2025-06-08T15:42:20.513382,53.871799,0.0,0.0,60436.375,49.9,65695.578125,0,0.0,144.5625,deepseek-r1:7b,-1
2025-06-08T15:42:20.618783,53.9772,0.0,0.0,60436.375,49.9,65695.578125,0,0.0,144.5625,deepseek-r1:7b,-1
2025-06-08T15:42:20.722279,54.080696,0.0,0.0,60436.375,49.9,65695.578125,0,0.0,144.5625,deepseek-r1:7b,-1
2025-06-08T15:42:20.827702,54.186119,7.8,0.0,60436.59375,49.9,65697.765625,0,0.0,144.5625,deepseek-r1:7b,-1
2025-06-08T15:42:20.930608,54.289025,10.7,0.0,60436.59375,49.9,65697.765625,0,0.0,144.5625,deepseek-r1:7b,-1
2025-06-08T15:42:21.031839,54.390256,6.3,0.0,60436.59375,49.9,65697.765625,0,0.0,144.5625,deepseek-r1:7b,-1
2025-06-08T15:42:21.137279,54.495696,6.5,0.0,60436.59375,49.9,65697.765625,0,0.0,144.5625,deepseek-r1:7b,-1
2025-06-08T15:42:21.242691,54.601108,0.0,0.0,60436.59375,49.9,65697.765625,0,0.0,144.5625,deepseek-r1:7b,-1
2025-06-08T15:42:21.348147,54.706564,0.0,0.0,60436.59375,49.9,65697.765625,0,0.0,144.5625,deepseek-r1:7b,-1
2025-06-08T15:42:21.453577,54.811994,0.0,0.0,60436.59375,49.9,65697.765625,0,0.0,144.5625,deepseek-r1:7b,-1
2025-06-08T15:42:21.555948,54.914365,0.0,0.0,60436.59375,49.9,65697.765625,0,0.0,144.5625,deepseek-r1:7b,-1
2025-06-08T15:42:21.656811,55.015228,0.0,0.0,60436.59375,49.9,65697.765625,0,0.0,144.5625,deepseek-r1:7b,-1
2025-06-08T15:42:21.759309,55.117726,0.0,0.0,60436.59375,49.9,65697.765625,0,0.0,144.5625,deepseek-r1:7b,-1
2025-06-08T15:42:21.863913,55.22233,8.7,0.0,60549.65625,50.0,65585.34375,0,0.0,144.5625,deepseek-r1:7b,-1
2025-06-08T15:42:21.969375,55.327792,7.7,0.0,60549.671875,50.0,65581.59375,0,0.0,144.5625,deepseek-r1:7b,-1
2025-06-08T15:42:22.071746,55.430163,0.0,0.0,60549.671875,50.0,65581.59375,0,0.0,144.5625,deepseek-r1:7b,-1
2025-06-08T15:42:22.173058,55.531475,0.0,0.0,60549.671875,50.0,65581.59375,0,0.0,144.5625,deepseek-r1:7b,-1
2025-06-08T15:42:22.278474,55.636891,0.0,0.0,60549.671875,50.0,65581.59375,0,0.0,144.5625,deepseek-r1:7b,-1
2025-06-08T15:42:22.382324,55.740741,0.0,0.0,60549.671875,50.0,65581.59375,0,0.0,144.5625,deepseek-r1:7b,-1
2025-06-08T15:42:22.487715,55.846132,0.0,0.0,60549.671875,50.0,65581.59375,0,0.0,144.5625,deepseek-r1:7b,-1
2025-06-08T15:42:22.593150,55.951567,0.0,0.0,60549.671875,50.0,65581.59375,0,0.0,144.5625,deepseek-r1:7b,-1
2025-06-08T15:42:22.695980,56.054397,0.0,0.0,60549.671875,50.0,65581.59375,0,0.0,144.5625,deepseek-r1:7b,-1
2025-06-08T15:42:22.797366,56.155783,0.0,0.0,60549.671875,50.0,65581.59375,0,0.0,144.5625,deepseek-r1:7b,-1
2025-06-08T15:42:22.902682,56.261099,8.2,0.0,60430.546875,49.9,65703.75,0,0.0,144.5625,deepseek-r1:7b,-1
2025-06-08T15:42:23.006064,56.364481,7.8,0.0,60430.5625,49.9,65704.03125,0,0.0,144.5625,deepseek-r1:7b,-1
2025-06-08T15:42:25.163741,0.043286,9.5,0.0,60473.8125,49.9,65663.25,0,0.0,144.5625,deepseek-r1:7b,-1
2025-06-08T15:42:25.268907,0.148452,13.8,0.0,60440.203125,49.9,65697.375,0,0.0,144.5625,deepseek-r1:7b,-1
2025-06-08T15:42:25.370629,0.250174,14.8,0.0,60444.421875,49.9,65692.21875,0,0.0,144.5625,deepseek-r1:7b,-1
2025-06-08T15:42:25.475960,0.355505,6.6,0.0,60444.421875,49.9,65692.21875,0,0.0,144.5625,deepseek-r1:7b,-1
2025-06-08T15:42:25.581261,0.460806,7.6,0.0,60444.421875,49.9,65692.21875,0,0.0,144.5625,deepseek-r1:7b,-1
2025-06-08T15:42:25.686601,0.566146,8.3,0.0,60444.421875,49.9,65692.21875,0,0.9,144.578125,deepseek-r1:7b,-1
2025-06-08T15:42:25.789019,0.668564,10.9,0.0,60444.421875,49.9,65692.21875,0,0.8,144.578125,deepseek-r1:7b,-1
2025-06-08T15:42:25.894491,0.774036,0.0,0.0,60444.421875,49.9,65692.21875,0,0.7,144.578125,deepseek-r1:7b,-1
2025-06-08T15:42:25.999890,0.879435,0.0,0.0,60444.421875,49.9,65692.21875,0,0.0,144.578125,deepseek-r1:7b,-1
2025-06-08T15:42:26.104698,0.984243,0.0,0.0,60444.421875,49.9,65692.21875,0,0.0,144.578125,deepseek-r1:7b,-1
2025-06-08T15:42:26.205139,1.084684,14.5,0.0,60571.421875,50.0,65558.921875,0,0.1,144.578125,deepseek-r1:7b,-1
2025-06-08T15:42:26.318049,1.197594,73.1,0.0,60684.609375,50.1,65434.328125,0,9.3,144.609375,deepseek-r1:7b,-1
2025-06-08T15:42:26.428848,1.308393,0.0,0.0,61371.5625,50.6,64757.015625,0,2.5,144.8125,deepseek-r1:7b,-1
2025-06-08T15:42:26.534156,1.413701,0.0,0.0,61672.46875,50.8,64450.078125,0,0.2,144.8125,deepseek-r1:7b,-1
2025-06-08T15:42:26.636461,1.516006,0.0,0.0,61672.46875,50.8,64450.078125,0,0.0,144.8125,deepseek-r1:7b,-1
2025-06-08T15:42:26.741861,1.621406,0.0,0.0,61672.46875,50.8,64450.078125,0,0.0,144.8125,deepseek-r1:7b,-1
2025-06-08T15:42:26.847099,1.726644,0.0,0.0,61672.46875,50.8,64450.078125,0,0.0,144.8125,deepseek-r1:7b,-1
2025-06-08T15:42:26.952390,1.831935,0.0,0.0,61672.46875,50.8,64450.078125,0,0.0,144.8125,deepseek-r1:7b,-1
2025-06-08T15:42:27.057632,1.937177,0.0,0.0,61672.46875,50.8,64450.078125,0,0.0,144.8125,deepseek-r1:7b,-1
2025-06-08T15:42:27.162968,2.042513,0.0,0.0,61672.46875,50.8,64450.078125,0,0.0,144.8125,deepseek-r1:7b,-1
2025-06-08T15:42:27.271682,2.151227,33.3,0.0,61759.0,50.9,64378.953125,0,0.7,144.8125,deepseek-r1:7b,-1
2025-06-08T15:42:27.377033,2.256578,57.7,0.0,62409.8125,51.4,63728.53125,0,0.1,144.8125,deepseek-r1:7b,-1
2025-06-08T15:42:27.478023,2.357568,27.8,0.0,62395.4375,51.4,63742.84375,0,0.0,144.8125,deepseek-r1:7b,-1
2025-06-08T15:42:27.583392,2.462937,23.4,0.0,62395.4375,51.4,63742.84375,0,0.0,144.8125,deepseek-r1:7b,-1
2025-06-08T15:42:27.688752,2.568297,21.4,0.0,62395.4375,51.4,63742.84375,0,0.0,144.8125,deepseek-r1:7b,-1
2025-06-08T15:42:27.794153,2.673698,20.6,0.0,62395.4375,51.4,63742.84375,0,0.0,144.8125,deepseek-r1:7b,-1
2025-06-08T15:42:27.899525,2.77907,16.2,0.0,62395.4375,51.4,63742.84375,0,0.0,144.8125,deepseek-r1:7b,-1
2025-06-08T15:42:28.004924,2.884469,0.0,0.0,62395.4375,51.4,63742.84375,0,0.0,144.8125,deepseek-r1:7b,-1
2025-06-08T15:42:28.110238,2.989783,0.0,0.0,62395.4375,51.4,63742.84375,0,0.0,144.8125,deepseek-r1:7b,-1
2025-06-08T15:42:28.215634,3.095179,0.0,0.0,62395.4375,51.4,63742.84375,0,0.0,144.8125,deepseek-r1:7b,-1
2025-06-08T15:42:28.319987,3.199532,11.6,0.0,62325.921875,51.3,63805.984375,0,0.0,144.8125,deepseek-r1:7b,-1
2025-06-08T15:42:28.421650,3.301195,14.4,0.0,62326.671875,51.3,63806.703125,0,0.0,144.8125,deepseek-r1:7b,-1
2025-06-08T15:42:28.526991,3.406536,14.8,0.0,62326.671875,51.3,63806.703125,0,0.0,144.8125,deepseek-r1:7b,-1
2025-06-08T15:42:28.629991,3.509536,11.2,0.0,62326.671875,51.3,63806.703125,0,0.0,144.8125,deepseek-r1:7b,-1
2025-06-08T15:42:28.735203,3.614748,8.0,0.0,62326.671875,51.3,63806.703125,0,0.0,144.8125,deepseek-r1:7b,-1
2025-06-08T15:42:28.838105,3.71765,13.2,0.0,62326.671875,51.3,63806.703125,0,0.0,144.8125,deepseek-r1:7b,-1
2025-06-08T15:42:28.943510,3.823055,8.9,0.0,62326.671875,51.3,63806.703125,0,0.0,144.8125,deepseek-r1:7b,-1
2025-06-08T15:42:29.045574,3.925119,0.0,0.0,62326.671875,51.3,63806.703125,0,0.0,144.8125,deepseek-r1:7b,-1
2025-06-08T15:42:29.150796,4.030341,0.0,0.0,62326.671875,51.3,63806.703125,0,0.0,144.8125,deepseek-r1:7b,-1
2025-06-08T15:42:29.252984,4.132529,0.0,0.0,62326.671875,51.3,63806.703125,0,0.0,144.8125,deepseek-r1:7b,-1
2025-06-08T15:42:29.358162,4.237707,10.4,0.0,61617.25,50.8,64518.953125,0,0.0,144.8125,deepseek-r1:7b,-1
2025-06-08T15:42:29.459015,4.33856,8.7,0.0,61617.25,50.8,64519.203125,0,0.0,144.8125,deepseek-r1:7b,-1
2025-06-08T15:42:29.564461,4.444006,9.4,0.0,61630.390625,50.8,64507.359375,0,0.0,144.8125,deepseek-r1:7b,-1
2025-06-08T15:42:29.668498,4.548043,9.1,0.0,61630.390625,50.8,64507.359375,0,0.0,144.8125,deepseek-r1:7b,-1
2025-06-08T15:42:29.772653,4.652198,9.5,0.0,61630.390625,50.8,64507.359375,0,0.0,144.8125,deepseek-r1:7b,-1
2025-06-08T15:42:29.878047,4.757592,8.0,0.0,61630.390625,50.8,64507.359375,0,0.0,144.8125,deepseek-r1:7b,-1
2025-06-08T15:42:29.981697,4.861242,0.0,0.0,61630.390625,50.8,64507.359375,0,0.0,144.8125,deepseek-r1:7b,-1
2025-06-08T15:42:30.087144,4.966689,0.0,0.0,61630.390625,50.8,64507.359375,0,0.0,144.8125,deepseek-r1:7b,-1
2025-06-08T15:42:30.192468,5.072013,0.0,0.0,61630.390625,50.8,64507.359375,0,0.0,144.8125,deepseek-r1:7b,-1
2025-06-08T15:42:30.297701,5.177246,0.0,0.0,61630.390625,50.8,64507.359375,0,0.0,144.8125,deepseek-r1:7b,-1
2025-06-08T15:42:30.400792,5.280337,8.9,0.0,61674.71875,50.8,64460.9375,0,0.0,144.8125,deepseek-r1:7b,-1
2025-06-08T15:42:30.506255,5.3858,8.2,0.0,61674.71875,50.8,64460.9375,0,0.0,144.8125,deepseek-r1:7b,-1
2025-06-08T15:42:30.610882,5.490427,7.8,0.0,61674.71875,50.8,64460.9375,0,0.0,144.8125,deepseek-r1:7b,-1
2025-06-08T15:42:30.716278,5.595823,8.2,0.0,61674.71875,50.8,64460.9375,0,0.0,144.8125,deepseek-r1:7b,-1
2025-06-08T15:42:30.821710,5.701255,11.0,0.0,61674.71875,50.8,64460.9375,0,0.0,144.8125,deepseek-r1:7b,-1
2025-06-08T15:42:30.922331,5.801876,11.4,0.0,61674.71875,50.8,64460.9375,0,0.0,144.8125,deepseek-r1:7b,-1
2025-06-08T15:42:31.027585,5.90713,9.6,0.0,61674.71875,50.8,64460.9375,0,0.0,144.8125,deepseek-r1:7b,-1
2025-06-08T15:42:31.133089,6.012634,14.7,0.0,61674.71875,50.8,64460.9375,0,0.0,144.8125,deepseek-r1:7b,-1
2025-06-08T15:42:31.238484,6.118029,0.0,0.0,61674.71875,50.8,64460.9375,0,0.1,144.8125,deepseek-r1:7b,-1
2025-06-08T15:42:31.343965,6.22351,0.0,0.0,61674.71875,50.8,64460.9375,0,0.0,144.8125,deepseek-r1:7b,-1
2025-06-08T15:42:31.445232,6.324777,10.7,0.0,61768.1875,50.9,64369.234375,0,0.0,144.8125,deepseek-r1:7b,-1
2025-06-08T15:42:31.549088,6.428633,9.0,0.0,61766.96875,50.9,64370.546875,0,0.0,144.8125,deepseek-r1:7b,-1
2025-06-08T15:42:31.652086,6.531631,9.6,0.0,61766.765625,50.9,64371.109375,0,0.0,144.8125,deepseek-r1:7b,-1
2025-06-08T15:42:31.754263,6.633808,8.6,0.0,61766.765625,50.9,64371.109375,0,0.1,144.796875,deepseek-r1:7b,-1
2025-06-08T15:42:31.859650,6.739195,8.9,0.0,61766.765625,50.9,64371.109375,0,0.0,144.796875,deepseek-r1:7b,-1
2025-06-08T15:42:31.963263,6.842808,9.0,0.0,61766.765625,50.9,64371.109375,0,0.0,144.796875,deepseek-r1:7b,-1
2025-06-08T15:42:32.068466,6.948011,9.6,0.0,61766.765625,50.9,64371.109375,0,0.0,144.796875,deepseek-r1:7b,-1
2025-06-08T15:42:32.173002,7.052547,9.3,0.0,61766.765625,50.9,64371.109375,0,0.0,144.796875,deepseek-r1:7b,-1
2025-06-08T15:42:32.278415,7.15796,0.0,0.0,61766.765625,50.9,64371.109375,0,0.0,144.796875,deepseek-r1:7b,-1
2025-06-08T15:42:32.379740,7.259285,0.0,0.0,61766.765625,50.9,64371.109375,0,0.0,144.796875,deepseek-r1:7b,-1
2025-06-08T15:42:32.485099,7.364644,9.1,0.0,61635.953125,50.8,64500.59375,0,0.0,144.796875,deepseek-r1:7b,-1
2025-06-08T15:42:32.590420,7.469965,7.1,0.0,61635.78125,50.8,64500.90625,0,0.0,144.796875,deepseek-r1:7b,-1
2025-06-08T15:42:32.695886,7.575431,8.3,0.0,61630.015625,50.8,64507.671875,0,0.1,144.75,deepseek-r1:7b,-1
2025-06-08T15:42:32.796907,7.676452,10.0,0.0,61581.40625,50.7,64557.25,0,0.0,144.75,deepseek-r1:7b,-1
2025-06-08T15:42:32.900155,7.7797,10.1,0.0,61581.40625,50.7,64557.25,0,0.0,144.75,deepseek-r1:7b,-1
2025-06-08T15:42:33.001388,7.880933,6.3,0.0,61581.40625,50.7,64557.25,0,0.0,144.75,deepseek-r1:7b,-1
2025-06-08T15:42:33.106771,7.986316,7.8,0.0,61581.40625,50.7,64557.25,0,0.0,144.75,deepseek-r1:7b,-1
2025-06-08T15:42:33.212188,8.091733,7.1,0.0,61581.40625,50.7,64557.25,0,0.0,144.75,deepseek-r1:7b,-1
2025-06-08T15:42:33.313901,8.193446,10.2,0.0,61581.40625,50.7,64557.25,0,0.0,144.75,deepseek-r1:7b,-1
2025-06-08T15:42:33.415386,8.294931,0.0,0.0,61581.40625,50.7,64557.25,0,0.0,144.75,deepseek-r1:7b,-1
2025-06-08T15:42:33.520784,8.400329,7.1,0.0,61581.484375,50.7,64555.375,0,0.0,144.75,deepseek-r1:7b,-1
2025-06-08T15:42:33.626269,8.505814,8.3,0.0,61581.4375,50.7,64555.65625,0,0.0,144.75,deepseek-r1:7b,-1
2025-06-08T15:42:33.731722,8.611267,8.7,0.0,61581.4375,50.7,64555.65625,0,0.0,144.75,deepseek-r1:7b,-1
2025-06-08T15:42:33.837184,8.716729,0.0,0.0,61581.4375,50.7,64555.65625,0,0.0,144.75,deepseek-r1:7b,-1
2025-06-08T15:42:33.939323,8.818868,0.0,0.0,61581.4375,50.7,64555.65625,0,0.0,144.75,deepseek-r1:7b,-1
2025-06-08T15:42:34.041454,8.920999,0.0,0.0,61581.4375,50.7,64555.65625,0,0.0,144.75,deepseek-r1:7b,-1
2025-06-08T15:42:34.146850,9.026395,0.0,0.0,61581.4375,50.7,64555.65625,0,0.0,144.75,deepseek-r1:7b,-1
2025-06-08T15:42:34.252265,9.13181,0.0,0.0,61581.4375,50.7,64555.65625,0,0.0,144.75,deepseek-r1:7b,-1
2025-06-08T15:42:34.354133,9.233678,0.0,0.0,61581.4375,50.7,64555.65625,0,0.0,144.75,deepseek-r1:7b,-1
2025-06-08T15:42:34.459553,9.339098,0.0,0.0,61581.4375,50.7,64555.65625,0,0.0,144.75,deepseek-r1:7b,-1
2025-06-08T15:42:34.564972,9.444517,9.2,0.0,61525.5625,50.7,64603.171875,0,0.0,144.75,deepseek-r1:7b,-1
2025-06-08T15:42:34.668953,9.548498,11.0,0.0,61528.1875,50.7,64605.03125,0,0.0,144.75,deepseek-r1:7b,-1
2025-06-08T15:42:34.774425,9.65397,8.2,0.0,61527.484375,50.7,64605.84375,0,0.0,144.75,deepseek-r1:7b,-1
2025-06-08T15:42:34.879867,9.759412,9.4,0.0,61527.484375,50.7,64605.84375,0,0.0,144.75,deepseek-r1:7b,-1
2025-06-08T15:42:34.985320,9.864865,7.1,0.0,61527.484375,50.7,64605.84375,0,0.0,144.75,deepseek-r1:7b,-1
2025-06-08T15:42:35.089010,9.968555,6.7,0.0,61527.484375,50.7,64605.84375,0,0.0,144.75,deepseek-r1:7b,-1
2025-06-08T15:42:35.194469,10.074014,0.0,0.0,61527.484375,50.7,64605.84375,0,0.0,144.75,deepseek-r1:7b,-1
2025-06-08T15:42:35.299886,10.179431,0.0,0.0,61527.484375,50.7,64605.84375,0,0.0,144.75,deepseek-r1:7b,-1
2025-06-08T15:42:35.405312,10.284857,0.0,0.0,61527.484375,50.7,64605.84375,0,0.0,144.75,deepseek-r1:7b,-1
2025-06-08T15:42:35.510725,10.39027,0.0,0.0,61527.484375,50.7,64605.84375,0,0.0,144.75,deepseek-r1:7b,-1
2025-06-08T15:42:35.612744,10.492289,7.5,0.0,61459.234375,50.7,64675.890625,0,0.0,144.75,deepseek-r1:7b,-1
2025-06-08T15:42:35.713686,10.593231,7.5,0.0,61459.234375,50.7,64675.984375,0,0.0,144.75,deepseek-r1:7b,-1
2025-06-08T15:42:35.819136,10.698681,8.9,0.0,61458.625,50.7,64676.84375,0,0.0,144.75,deepseek-r1:7b,-1
2025-06-08T15:42:35.920523,10.800068,7.4,0.0,61458.625,50.7,64676.84375,0,0.0,144.75,deepseek-r1:7b,-1
2025-06-08T15:42:36.020988,10.900533,0.0,0.0,61458.625,50.7,64676.84375,0,0.0,144.75,deepseek-r1:7b,-1
2025-06-08T15:42:36.126465,11.00601,0.0,0.0,61458.625,50.7,64676.84375,0,0.0,144.75,deepseek-r1:7b,-1
2025-06-08T15:42:36.230833,11.110378,0.0,0.0,61458.625,50.7,64676.84375,0,0.0,144.75,deepseek-r1:7b,-1
2025-06-08T15:42:36.336270,11.215815,0.0,0.0,61458.625,50.7,64676.84375,0,0.0,144.75,deepseek-r1:7b,-1
2025-06-08T15:42:36.441736,11.321281,0.0,0.0,61458.625,50.7,64676.84375,0,0.0,144.75,deepseek-r1:7b,-1
2025-06-08T15:42:36.544524,11.424069,0.0,0.0,61458.625,50.7,64676.84375,0,0.0,144.75,deepseek-r1:7b,-1
2025-06-08T15:42:36.648279,11.527824,7.5,0.0,61458.0,50.7,64679.1875,0,0.0,144.75,deepseek-r1:7b,-1
2025-06-08T15:42:36.753680,11.633225,8.6,0.0,61457.421875,50.7,64680.515625,0,0.0,144.75,deepseek-r1:7b,-1
2025-06-08T15:42:36.854662,11.734207,0.0,0.0,61453.921875,50.6,64684.25,0,0.0,144.75,deepseek-r1:7b,-1
2025-06-08T15:42:36.960086,11.839631,0.0,0.0,61453.875,50.7,64680.421875,0,0.0,144.75,deepseek-r1:7b,-1
2025-06-08T15:42:37.065510,11.945055,0.0,0.0,61453.875,50.7,64680.421875,0,0.0,144.75,deepseek-r1:7b,-1
2025-06-08T15:42:37.170964,12.050509,0.0,0.0,61453.875,50.7,64680.421875,0,0.0,144.75,deepseek-r1:7b,-1
2025-06-08T15:42:37.271606,12.151151,0.0,0.0,61453.875,50.7,64680.421875,0,0.0,144.75,deepseek-r1:7b,-1
2025-06-08T15:42:37.372893,12.252438,0.0,0.0,61453.875,50.7,64680.421875,0,0.0,144.75,deepseek-r1:7b,-1
2025-06-08T15:42:37.478346,12.357891,0.0,0.0,61453.875,50.7,64680.421875,0,0.0,144.75,deepseek-r1:7b,-1
2025-06-08T15:42:37.583802,12.463347,0.0,0.0,61453.875,50.7,64680.421875,0,0.0,144.75,deepseek-r1:7b,-1
2025-06-08T15:42:37.689194,12.568739,7.9,0.0,61453.734375,50.7,64683.234375,0,0.0,144.75,deepseek-r1:7b,-1
2025-06-08T15:42:37.794679,12.674224,10.1,0.0,61453.734375,50.7,64683.234375,0,0.0,144.75,deepseek-r1:7b,-1
2025-06-08T15:42:37.900193,12.779738,7.8,0.0,61453.734375,50.7,64683.234375,0,0.0,144.75,deepseek-r1:7b,-1
2025-06-08T15:42:38.001422,12.880967,6.8,0.0,61453.734375,50.7,64683.234375,0,0.0,144.75,deepseek-r1:7b,-1
2025-06-08T15:42:38.103099,12.982644,8.0,0.0,61453.734375,50.7,64683.234375,0,0.0,144.75,deepseek-r1:7b,-1
2025-06-08T15:42:38.207422,13.086967,0.0,0.0,61453.734375,50.7,64683.234375,0,0.0,144.75,deepseek-r1:7b,-1
2025-06-08T15:42:38.312225,13.19177,0.0,0.0,61453.734375,50.7,64683.234375,0,0.0,144.75,deepseek-r1:7b,-1
2025-06-08T15:42:38.417656,13.297201,0.0,0.0,61453.734375,50.7,64683.234375,0,0.0,144.75,deepseek-r1:7b,-1
2025-06-08T15:42:38.523080,13.402625,0.0,0.0,61453.734375,50.7,64683.234375,0,0.0,144.75,deepseek-r1:7b,-1
2025-06-08T15:42:38.628542,13.508087,0.0,0.0,61453.734375,50.7,64683.234375,0,0.0,144.75,deepseek-r1:7b,-1
2025-06-08T15:42:38.733969,13.613514,7.5,0.0,61421.5,50.6,64712.171875,0,0.0,144.75,deepseek-r1:7b,-1
2025-06-08T15:42:38.839431,13.718976,10.2,0.0,61421.375,50.6,64708.765625,0,0.0,144.75,deepseek-r1:7b,-1
2025-06-08T15:42:38.941631,13.821176,10.3,0.0,61421.375,50.6,64708.765625,0,0.7,144.75,deepseek-r1:7b,-1
2025-06-08T15:42:39.047077,13.926622,22.0,0.0,61421.375,50.6,64708.765625,0,0.6,144.75,deepseek-r1:7b,-1
2025-06-08T15:42:39.152466,14.032011,26.5,0.0,61421.375,50.6,64708.765625,0,0.6,144.78125,deepseek-r1:7b,-1
2025-06-08T15:42:39.256249,14.135794,22.0,0.0,61421.375,50.6,64708.765625,0,0.0,144.78125,deepseek-r1:7b,-1
2025-06-08T15:42:39.359652,14.239197,12.9,0.0,61421.375,50.6,64708.765625,0,0.0,144.78125,deepseek-r1:7b,-1
2025-06-08T15:42:39.464908,14.344453,20.7,0.0,61421.375,50.6,64708.765625,0,0.6,144.78125,deepseek-r1:7b,-1
2025-06-08T15:42:39.570311,14.449856,0.0,0.0,61421.375,50.6,64708.765625,0,0.0,144.78125,deepseek-r1:7b,-1
2025-06-08T15:42:39.675597,14.555142,0.0,0.0,61421.375,50.6,64708.765625,0,0.0,144.78125,deepseek-r1:7b,-1
2025-06-08T15:42:39.778961,14.658506,12.6,0.0,61708.546875,50.8,64429.4375,0,0.0,144.78125,deepseek-r1:7b,-1
2025-06-08T15:42:39.884408,14.763953,10.7,0.0,61702.125,50.8,64436.359375,0,0.0,144.78125,deepseek-r1:7b,-1
2025-06-08T15:42:39.989810,14.869355,0.0,0.0,61702.125,50.8,64432.703125,0,0.0,144.78125,deepseek-r1:7b,-1
2025-06-08T15:42:40.090852,14.970397,0.0,0.0,61702.125,50.8,64432.703125,0,0.0,144.78125,deepseek-r1:7b,-1
2025-06-08T15:42:40.194553,15.074098,0.0,0.0,61702.125,50.8,64432.703125,0,0.0,144.78125,deepseek-r1:7b,-1
2025-06-08T15:42:40.299999,15.179544,0.0,0.0,61702.125,50.8,64432.703125,0,0.0,144.78125,deepseek-r1:7b,-1
2025-06-08T15:42:40.401758,15.281303,0.0,0.0,61702.125,50.8,64432.703125,0,0.0,144.78125,deepseek-r1:7b,-1
2025-06-08T15:42:40.506925,15.38647,0.0,0.0,61702.125,50.8,64432.703125,0,0.0,144.78125,deepseek-r1:7b,-1
2025-06-08T15:42:40.608921,15.488466,0.0,0.0,61702.125,50.8,64432.703125,0,0.0,144.78125,deepseek-r1:7b,-1
2025-06-08T15:42:40.714356,15.593901,0.0,0.0,61702.125,50.8,64432.703125,0,0.0,144.78125,deepseek-r1:7b,-1
2025-06-08T15:42:40.819818,15.699363,11.9,0.0,61555.5625,50.7,64582.0,0,0.0,144.78125,deepseek-r1:7b,-1
2025-06-08T15:42:40.925226,15.804771,10.9,0.0,61555.5625,50.7,64582.46875,0,0.0,144.78125,deepseek-r1:7b,-1
2025-06-08T15:42:41.030602,15.910147,7.3,0.0,61555.515625,50.7,64579.1875,0,0.0,144.78125,deepseek-r1:7b,-1
2025-06-08T15:42:41.131245,16.01079,11.1,0.0,61555.53125,50.7,64579.1875,0,0.0,144.78125,deepseek-r1:7b,-1
2025-06-08T15:42:41.234730,16.114275,10.2,0.0,61555.53125,50.7,64579.1875,0,0.0,144.78125,deepseek-r1:7b,-1
2025-06-08T15:42:41.339514,16.219059,9.6,0.0,61555.53125,50.7,64579.1875,0,0.0,144.78125,deepseek-r1:7b,-1
2025-06-08T15:42:41.442241,16.321786,10.2,0.0,61555.53125,50.7,64579.1875,0,0.0,144.78125,deepseek-r1:7b,-1
2025-06-08T15:42:41.547666,16.427211,8.5,0.0,61555.53125,50.7,64579.1875,0,0.0,144.78125,deepseek-r1:7b,-1
2025-06-08T15:42:41.653088,16.532633,0.0,0.0,61555.53125,50.7,64579.1875,0,0.0,144.78125,deepseek-r1:7b,-1
2025-06-08T15:42:41.755223,16.634768,0.0,0.0,61555.53125,50.7,64579.1875,0,0.0,144.78125,deepseek-r1:7b,-1
2025-06-08T15:42:41.860656,16.740201,9.7,0.0,61491.765625,50.7,64641.34375,0,0.0,144.78125,deepseek-r1:7b,-1
2025-06-08T15:42:41.961237,16.840782,10.6,0.0,61491.765625,50.7,64641.34375,0,0.0,144.78125,deepseek-r1:7b,-1
2025-06-08T15:42:42.062511,16.942056,12.0,0.0,61491.765625,50.7,64641.34375,0,0.0,144.78125,deepseek-r1:7b,-1
2025-06-08T15:42:42.167198,17.046743,10.8,0.0,61491.765625,50.7,64641.34375,0,0.0,144.78125,deepseek-r1:7b,-1
2025-06-08T15:42:42.272423,17.151968,12.5,0.0,61491.765625,50.7,64641.34375,0,0.0,144.78125,deepseek-r1:7b,-1
2025-06-08T15:42:42.375213,17.254758,27.1,0.0,61491.765625,50.7,64641.34375,0,0.0,144.78125,deepseek-r1:7b,-1
2025-06-08T15:42:42.478174,17.357719,18.6,0.0,61491.765625,50.7,64641.34375,0,0.0,144.78125,deepseek-r1:7b,-1
2025-06-08T15:42:42.579332,17.458877,16.1,0.0,61491.765625,50.7,64641.34375,0,0.0,144.78125,deepseek-r1:7b,-1
2025-06-08T15:42:42.684685,17.56423,13.3,0.0,61491.765625,50.7,64641.34375,0,0.0,144.78125,deepseek-r1:7b,-1
2025-06-08T15:42:42.790113,17.669658,0.0,0.0,61491.765625,50.7,64641.34375,0,0.0,144.78125,deepseek-r1:7b,-1
2025-06-08T15:42:42.895293,17.774838,23.6,0.0,61871.765625,51.0,64255.890625,0,0.0,144.78125,deepseek-r1:7b,-1
2025-06-08T15:42:42.998690,17.878235,10.2,0.0,61870.484375,51.0,64255.09375,0,0.0,144.78125,deepseek-r1:7b,-1
2025-06-08T15:42:43.103923,17.983468,8.9,0.0,61877.953125,51.0,64249.640625,0,0.0,144.78125,deepseek-r1:7b,-1
2025-06-08T15:42:43.209359,18.088904,9.4,0.0,61877.90625,51.0,64249.828125,0,0.0,144.78125,deepseek-r1:7b,-1
2025-06-08T15:42:43.311107,18.190652,7.5,0.0,61877.90625,51.0,64249.828125,0,0.0,144.78125,deepseek-r1:7b,-1
2025-06-08T15:42:43.414026,18.293571,9.1,0.0,61877.90625,51.0,64249.828125,0,0.0,144.78125,deepseek-r1:7b,-1
2025-06-08T15:42:43.519478,18.399023,7.7,0.0,61877.90625,51.0,64249.828125,0,0.0,144.78125,deepseek-r1:7b,-1
2025-06-08T15:42:43.624944,18.504489,6.6,0.0,61877.90625,51.0,64249.828125,0,0.0,144.78125,deepseek-r1:7b,-1
2025-06-08T15:42:43.726586,18.606131,8.0,0.0,61877.90625,51.0,64249.828125,0,0.0,144.78125,deepseek-r1:7b,-1
2025-06-08T15:42:43.829435,18.70898,0.0,0.0,61877.90625,51.0,64249.828125,0,0.0,144.78125,deepseek-r1:7b,-1
2025-06-08T15:42:43.934860,18.814405,9.3,0.0,61762.9375,50.9,64368.390625,0,0.0,144.78125,deepseek-r1:7b,-1
2025-06-08T15:42:44.040279,18.919824,9.3,0.0,61762.9375,50.9,64370.453125,0,0.0,144.78125,deepseek-r1:7b,-1
2025-06-08T15:42:44.145720,19.025265,7.8,0.0,61762.9375,50.9,64370.6875,0,0.0,144.78125,deepseek-r1:7b,-1
2025-06-08T15:42:44.251024,19.130569,8.1,0.0,61762.9375,50.9,64370.6875,0,0.0,144.78125,deepseek-r1:7b,-1
2025-06-08T15:42:44.356443,19.235988,9.6,0.0,61762.9375,50.9,64370.6875,0,0.1,144.734375,deepseek-r1:7b,-1
2025-06-08T15:42:44.461859,19.341404,0.0,0.0,61762.9375,50.9,64370.6875,0,0.0,144.734375,deepseek-r1:7b,-1
2025-06-08T15:42:44.565637,19.445182,0.0,0.0,61762.9375,50.9,64370.6875,0,0.0,144.734375,deepseek-r1:7b,-1
2025-06-08T15:42:44.671082,19.550627,0.0,0.0,61762.9375,50.9,64370.6875,0,0.0,144.734375,deepseek-r1:7b,-1
2025-06-08T15:42:44.773060,19.652605,0.0,0.0,61762.9375,50.9,64370.6875,0,0.0,144.734375,deepseek-r1:7b,-1
2025-06-08T15:42:44.878367,19.757912,0.0,0.0,61762.9375,50.9,64370.6875,0,0.0,144.734375,deepseek-r1:7b,-1
2025-06-08T15:42:44.983792,19.863337,8.1,0.0,61632.265625,50.8,64499.90625,0,0.0,144.734375,deepseek-r1:7b,-1
2025-06-08T15:42:45.089254,19.968799,9.6,0.0,61632.25,50.8,64499.90625,0,0.0,144.734375,deepseek-r1:7b,-1
2025-06-08T15:42:45.194708,20.074253,7.1,0.0,61632.25,50.8,64499.90625,0,0.0,144.734375,deepseek-r1:7b,-1
2025-06-08T15:42:45.296887,20.176432,7.5,0.0,61632.25,50.8,64499.90625,0,0.0,144.734375,deepseek-r1:7b,-1
2025-06-08T15:42:45.401530,20.281075,8.3,0.0,61632.25,50.8,64499.90625,0,0.0,144.734375,deepseek-r1:7b,-1
2025-06-08T15:42:45.507006,20.386551,9.5,0.0,61632.25,50.8,64499.90625,0,0.0,144.734375,deepseek-r1:7b,-1
2025-06-08T15:42:45.609545,20.48909,24.6,0.0,61632.25,50.8,64499.90625,0,0.0,144.734375,deepseek-r1:7b,-1
2025-06-08T15:42:47.759918,0.045225,11.6,0.0,61668.734375,50.8,64469.78125,0,0.0,144.734375,deepseek-r1:7b,-1
2025-06-08T15:42:47.865060,0.150367,15.4,0.0,61290.890625,50.5,64842.625,0,0.0,144.734375,deepseek-r1:7b,-1
2025-06-08T15:42:47.970378,0.255685,14.9,0.0,61290.890625,50.5,64842.625,0,0.0,144.734375,deepseek-r1:7b,-1
2025-06-08T15:42:48.072642,0.357949,7.2,0.0,61290.890625,50.5,64842.625,0,0.0,144.734375,deepseek-r1:7b,-1
2025-06-08T15:42:48.178032,0.463339,7.8,0.0,61290.890625,50.5,64842.625,0,0.0,144.734375,deepseek-r1:7b,-1
2025-06-08T15:42:48.278793,0.5641,11.7,0.0,61290.890625,50.5,64842.625,0,0.0,144.734375,deepseek-r1:7b,-1
2025-06-08T15:42:48.383782,0.669089,7.6,0.0,61290.890625,50.5,64842.625,0,0.0,144.734375,deepseek-r1:7b,-1
2025-06-08T15:42:48.489245,0.774552,6.7,0.0,61290.890625,50.5,64842.625,0,0.0,144.734375,deepseek-r1:7b,-1
2025-06-08T15:42:48.594639,0.879946,7.0,0.0,61290.890625,50.5,64842.625,0,0.0,144.734375,deepseek-r1:7b,-1
2025-06-08T15:42:48.696147,0.981454,0.0,0.0,61290.890625,50.5,64842.625,0,0.0,144.734375,deepseek-r1:7b,-1
2025-06-08T15:42:48.800900,1.086207,8.5,0.0,61741.09375,50.9,64390.296875,0,0.0,144.734375,deepseek-r1:7b,-1
2025-06-08T15:42:48.902661,1.187968,10.3,0.0,61620.59375,50.8,64511.125,0,0.0,144.734375,deepseek-r1:7b,-1
2025-06-08T15:42:49.004302,1.289609,6.3,0.0,61620.125,50.8,64511.734375,0,0.0,144.734375,deepseek-r1:7b,-1
2025-06-08T15:42:49.105627,1.390934,8.0,0.0,61620.125,50.8,64511.734375,0,0.0,144.734375,deepseek-r1:7b,-1
2025-06-08T15:42:49.207368,1.492675,8.1,0.0,61620.125,50.8,64511.734375,0,0.0,144.734375,deepseek-r1:7b,-1
2025-06-08T15:42:49.312826,1.598133,7.5,0.0,61620.125,50.8,64511.734375,0,0.0,144.734375,deepseek-r1:7b,-1
2025-06-08T15:42:49.413986,1.699293,9.3,0.0,61620.125,50.8,64511.734375,0,0.0,144.734375,deepseek-r1:7b,-1
2025-06-08T15:42:49.519340,1.804647,7.2,0.0,61620.125,50.8,64511.734375,0,0.0,144.734375,deepseek-r1:7b,-1
2025-06-08T15:42:49.621166,1.906473,6.7,0.0,61620.125,50.8,64511.734375,0,0.0,144.734375,deepseek-r1:7b,-1
2025-06-08T15:42:49.726573,2.01188,0.0,0.0,61620.125,50.8,64511.734375,0,0.0,144.734375,deepseek-r1:7b,-1
2025-06-08T15:42:49.832065,2.117372,7.7,0.0,61579.0,50.8,64551.140625,0,0.0,144.734375,deepseek-r1:7b,-1
2025-06-08T15:42:49.934232,2.219539,8.2,0.0,61522.890625,50.7,64607.671875,0,0.0,144.734375,deepseek-r1:7b,-1
2025-06-08T15:42:50.039145,2.324452,8.7,0.0,61522.890625,50.7,64607.671875,0,0.0,144.734375,deepseek-r1:7b,-1
2025-06-08T15:42:50.144579,2.429886,7.8,0.0,61522.890625,50.7,64607.671875,0,0.0,144.734375,deepseek-r1:7b,-1
2025-06-08T15:42:50.250101,2.535408,7.1,0.0,61522.890625,50.7,64607.671875,0,0.0,144.734375,deepseek-r1:7b,-1
2025-06-08T15:42:50.355559,2.640866,9.9,0.0,61522.890625,50.7,64607.671875,0,0.0,144.734375,deepseek-r1:7b,-1
2025-06-08T15:42:50.456696,2.742003,6.9,0.0,61522.890625,50.7,64607.671875,0,0.0,144.734375,deepseek-r1:7b,-1
2025-06-08T15:42:50.562151,2.847458,6.4,0.0,61522.890625,50.7,64607.671875,0,0.0,144.734375,deepseek-r1:7b,-1
2025-06-08T15:42:50.664261,2.949568,6.7,0.0,61522.890625,50.7,64607.671875,0,0.0,144.734375,deepseek-r1:7b,-1
2025-06-08T15:42:50.768741,3.054048,8.0,0.0,61522.890625,50.7,64607.671875,0,0.0,144.734375,deepseek-r1:7b,-1
2025-06-08T15:42:50.874228,3.159535,7.7,0.0,61514.234375,50.7,64619.1875,0,0.0,144.734375,deepseek-r1:7b,-1
2025-06-08T15:42:50.979606,3.264913,7.6,0.0,61514.796875,50.7,64619.28125,0,0.0,144.734375,deepseek-r1:7b,-1
2025-06-08T15:42:51.085031,3.370338,10.7,0.0,61514.796875,50.7,64619.28125,0,0.0,144.734375,deepseek-r1:7b,-1
2025-06-08T15:42:51.190468,3.475775,6.5,0.0,61514.796875,50.7,64619.28125,0,0.0,144.734375,deepseek-r1:7b,-1
2025-06-08T15:42:51.292536,3.577843,8.4,0.0,61514.796875,50.7,64619.28125,0,0.0,144.734375,deepseek-r1:7b,-1
2025-06-08T15:42:51.397994,3.683301,7.4,0.0,61514.796875,50.7,64619.28125,0,0.0,144.734375,deepseek-r1:7b,-1
2025-06-08T15:42:51.503417,3.788724,7.0,0.0,61514.796875,50.7,64619.28125,0,0.0,144.734375,deepseek-r1:7b,-1
2025-06-08T15:42:51.605732,3.891039,7.4,0.0,61514.796875,50.7,64619.28125,0,0.0,144.734375,deepseek-r1:7b,-1
2025-06-08T15:42:51.709184,3.994491,7.8,0.0,61514.796875,50.7,64619.28125,0,0.0,144.734375,deepseek-r1:7b,-1
2025-06-08T15:42:51.814572,4.099879,0.0,0.0,61514.796875,50.7,64619.28125,0,0.0,144.734375,deepseek-r1:7b,-1
2025-06-08T15:42:51.919756,4.205063,9.7,0.0,61509.171875,50.7,64625.0,0,0.0,144.734375,deepseek-r1:7b,-1
2025-06-08T15:42:52.020670,4.305977,6.9,0.0,61509.375,50.7,64625.109375,0,0.0,144.734375,deepseek-r1:7b,-1
2025-06-08T15:42:52.121852,4.407159,6.3,0.0,61509.046875,50.7,64625.703125,0,0.0,144.734375,deepseek-r1:7b,-1
2025-06-08T15:42:52.225837,4.511144,8.4,0.0,61509.046875,50.7,64625.703125,0,0.0,144.734375,deepseek-r1:7b,-1
2025-06-08T15:42:52.331241,4.616548,8.8,0.0,61509.046875,50.7,64625.703125,0,0.0,144.734375,deepseek-r1:7b,-1
2025-06-08T15:42:52.432594,4.717901,6.2,0.0,61509.046875,50.7,64625.703125,0,0.0,144.734375,deepseek-r1:7b,-1
2025-06-08T15:42:52.536451,4.821758,8.0,0.0,61509.046875,50.7,64625.703125,0,0.0,144.734375,deepseek-r1:7b,-1
2025-06-08T15:42:52.641925,4.927232,8.6,0.0,61509.046875,50.7,64625.703125,0,0.0,144.734375,deepseek-r1:7b,-1
2025-06-08T15:42:52.747383,5.03269,0.0,0.0,61509.046875,50.7,64625.703125,0,0.0,144.734375,deepseek-r1:7b,-1
2025-06-08T15:42:52.851064,5.136371,0.0,0.0,61509.046875,50.7,64625.703125,0,0.0,144.734375,deepseek-r1:7b,-1
2025-06-08T15:42:52.956534,5.241841,8.6,0.0,61509.015625,50.7,64629.046875,0,0.0,144.734375,deepseek-r1:7b,-1
2025-06-08T15:42:53.061938,5.347245,8.1,0.0,61509.015625,50.7,64629.25,0,0.0,144.734375,deepseek-r1:7b,-1
2025-06-08T15:42:53.167331,5.452638,6.7,0.0,61509.015625,50.7,64629.25,0,0.0,144.734375,deepseek-r1:7b,-1
2025-06-08T15:42:53.272756,5.558063,7.0,0.0,61509.015625,50.7,64629.25,0,0.0,144.734375,deepseek-r1:7b,-1
2025-06-08T15:42:53.373187,5.658494,9.2,0.0,61509.015625,50.7,64629.25,0,0.0,144.734375,deepseek-r1:7b,-1
2025-06-08T15:42:53.476631,5.761938,7.4,0.0,61509.015625,50.7,64629.25,0,0.0,144.734375,deepseek-r1:7b,-1
2025-06-08T15:42:53.582049,5.867356,7.0,0.0,61509.015625,50.7,64629.25,0,0.0,144.734375,deepseek-r1:7b,-1
2025-06-08T15:42:53.687450,5.972757,8.4,0.0,61509.015625,50.7,64629.25,0,0.0,144.734375,deepseek-r1:7b,-1
2025-06-08T15:42:53.788926,6.074233,7.4,0.0,61509.015625,50.7,64629.25,0,0.0,144.734375,deepseek-r1:7b,-1
2025-06-08T15:42:53.890125,6.175432,0.0,0.0,61509.015625,50.7,64629.25,0,0.0,144.734375,deepseek-r1:7b,-1
2025-06-08T15:42:53.995537,6.280844,7.6,0.0,61508.703125,50.7,64627.4375,0,0.0,144.734375,deepseek-r1:7b,-1
2025-06-08T15:42:54.099040,6.384347,7.3,0.0,61508.703125,50.7,64627.4375,0,0.0,144.734375,deepseek-r1:7b,-1
2025-06-08T15:42:54.200804,6.486111,8.8,0.0,61508.703125,50.7,64627.4375,0,0.0,144.734375,deepseek-r1:7b,-1
2025-06-08T15:42:54.304821,6.590128,7.9,0.0,61508.703125,50.7,64627.4375,0,0.0,144.734375,deepseek-r1:7b,-1
2025-06-08T15:42:54.405637,6.690944,6.9,0.0,61508.703125,50.7,64627.4375,0,0.0,144.734375,deepseek-r1:7b,-1
2025-06-08T15:42:54.511074,6.796381,6.0,0.0,61508.703125,50.7,64627.4375,0,0.0,144.734375,deepseek-r1:7b,-1
2025-06-08T15:42:54.616508,6.901815,8.2,0.0,61508.703125,50.7,64627.4375,0,0.0,144.734375,deepseek-r1:7b,-1
2025-06-08T15:42:54.721054,7.006361,0.0,0.0,61508.703125,50.7,64627.4375,0,0.0,144.734375,deepseek-r1:7b,-1
2025-06-08T15:42:54.824205,7.109512,0.0,0.0,61508.703125,50.7,64627.4375,0,0.0,144.734375,deepseek-r1:7b,-1
2025-06-08T15:42:54.925579,7.210886,0.0,0.0,61508.703125,50.7,64627.4375,0,0.0,144.734375,deepseek-r1:7b,-1
2025-06-08T15:42:55.030988,7.316295,7.7,0.0,61508.234375,50.7,64621.859375,0,0.0,144.734375,deepseek-r1:7b,-1
2025-06-08T15:42:55.131899,7.417206,7.4,0.0,61508.1875,50.7,64622.109375,0,0.0,144.734375,deepseek-r1:7b,-1
2025-06-08T15:42:55.234127,7.519434,6.8,0.0,61508.1875,50.7,64622.109375,0,0.0,144.734375,deepseek-r1:7b,-1
2025-06-08T15:42:55.337414,7.622721,9.3,0.0,61508.1875,50.7,64622.109375,0,0.0,144.734375,deepseek-r1:7b,-1
2025-06-08T15:42:55.442854,7.728161,7.5,0.0,61508.1875,50.7,64622.109375,0,0.0,144.734375,deepseek-r1:7b,-1
2025-06-08T15:42:55.548297,7.833604,7.4,0.0,61508.1875,50.7,64622.109375,0,0.0,144.734375,deepseek-r1:7b,-1
2025-06-08T15:42:55.650361,7.935668,6.1,0.0,61508.1875,50.7,64622.109375,0,0.0,144.734375,deepseek-r1:7b,-1
2025-06-08T15:42:55.755817,8.041124,7.1,0.0,61508.1875,50.7,64622.109375,0,0.0,144.734375,deepseek-r1:7b,-1
2025-06-08T15:42:55.860742,8.146049,12.4,0.0,61508.1875,50.7,64622.109375,0,0.0,144.734375,deepseek-r1:7b,-1
2025-06-08T15:42:55.966131,8.251438,13.9,0.0,61508.1875,50.7,64622.109375,0,0.0,144.734375,deepseek-r1:7b,-1
2025-06-08T15:42:56.071577,8.356884,11.6,0.0,61502.359375,50.7,64630.375,0,0.0,144.734375,deepseek-r1:7b,-1
2025-06-08T15:42:56.177070,8.462377,6.7,0.0,61502.15625,50.7,64626.9375,0,0.0,144.734375,deepseek-r1:7b,-1
2025-06-08T15:42:56.282530,8.567837,8.1,0.0,61502.109375,50.7,64626.9375,0,0.0,144.734375,deepseek-r1:7b,-1
2025-06-08T15:42:56.387958,8.673265,7.9,0.0,61502.109375,50.7,64626.9375,0,0.0,144.734375,deepseek-r1:7b,-1
2025-06-08T15:42:56.493285,8.778592,7.0,0.0,61502.109375,50.7,64626.9375,0,0.0,144.734375,deepseek-r1:7b,-1
2025-06-08T15:42:56.597112,8.882419,8.6,0.0,61502.109375,50.7,64626.9375,0,0.0,144.734375,deepseek-r1:7b,-1
2025-06-08T15:42:56.702555,8.987862,8.7,0.0,61502.109375,50.7,64626.9375,0,0.0,144.734375,deepseek-r1:7b,-1
2025-06-08T15:42:56.807805,9.093112,9.7,0.0,61502.109375,50.7,64626.9375,0,0.0,144.734375,deepseek-r1:7b,-1
2025-06-08T15:42:56.913255,9.198562,0.0,0.0,61502.109375,50.7,64626.9375,0,0.0,144.734375,deepseek-r1:7b,-1
2025-06-08T15:42:57.018645,9.303952,0.0,0.0,61502.109375,50.7,64626.9375,0,0.0,144.734375,deepseek-r1:7b,-1
2025-06-08T15:42:57.119284,9.404591,8.3,0.0,61502.40625,50.7,64629.40625,0,0.0,144.734375,deepseek-r1:7b,-1
2025-06-08T15:42:57.224737,9.510044,10.0,0.0,61502.40625,50.7,64629.6875,0,0.0,144.734375,deepseek-r1:7b,-1
2025-06-08T15:42:57.330126,9.615433,10.1,0.0,61502.40625,50.7,64629.6875,0,0.0,144.734375,deepseek-r1:7b,-1
2025-06-08T15:42:57.435516,9.720823,10.2,0.0,61502.40625,50.7,64629.6875,0,0.0,144.734375,deepseek-r1:7b,-1
2025-06-08T15:42:57.540959,9.826266,8.8,0.0,61502.40625,50.7,64629.6875,0,0.0,144.734375,deepseek-r1:7b,-1
2025-06-08T15:42:57.643315,9.928622,9.8,0.0,61502.40625,50.7,64629.6875,0,0.0,144.734375,deepseek-r1:7b,-1
2025-06-08T15:42:57.748762,10.034069,10.8,0.0,61502.40625,50.7,64629.6875,0,0.0,144.734375,deepseek-r1:7b,-1
2025-06-08T15:42:57.854195,10.139502,9.8,0.0,61502.40625,50.7,64629.6875,0,0.0,144.734375,deepseek-r1:7b,-1
2025-06-08T15:42:57.959615,10.244922,10.2,0.0,61502.40625,50.7,64629.6875,0,0.0,144.734375,deepseek-r1:7b,-1
2025-06-08T15:42:58.065039,10.350346,9.4,0.0,61502.40625,50.7,64629.6875,0,0.0,144.734375,deepseek-r1:7b,-1
2025-06-08T15:42:58.169670,10.454977,9.6,0.0,61492.953125,50.7,64639.15625,0,0.0,144.734375,deepseek-r1:7b,-1
2025-06-08T15:42:58.275123,10.56043,9.0,0.0,61492.96875,50.7,64639.4375,0,0.0,144.734375,deepseek-r1:7b,-1
2025-06-08T15:42:58.379384,10.664691,10.1,0.0,61492.96875,50.7,64639.890625,0,0.0,144.734375,deepseek-r1:7b,-1
2025-06-08T15:42:58.484815,10.770122,0.0,0.0,61492.96875,50.7,64639.890625,0,0.0,144.734375,deepseek-r1:7b,-1
2025-06-08T15:42:58.590504,10.875811,0.0,0.0,61492.96875,50.7,64639.890625,0,0.0,144.734375,deepseek-r1:7b,-1
2025-06-08T15:42:58.695870,10.981177,0.0,0.0,61492.96875,50.7,64639.890625,0,0.0,144.734375,deepseek-r1:7b,-1
2025-06-08T15:42:58.801224,11.086531,0.0,0.0,61492.96875,50.7,64639.890625,0,0.0,144.734375,deepseek-r1:7b,-1
2025-06-08T15:42:58.906805,11.192112,0.0,0.0,61492.96875,50.7,64639.890625,0,0.0,144.734375,deepseek-r1:7b,-1
2025-06-08T15:42:59.009037,11.294344,0.0,0.0,61492.96875,50.7,64639.890625,0,0.0,144.734375,deepseek-r1:7b,-1
2025-06-08T15:42:59.114438,11.399745,0.0,0.0,61492.96875,50.7,64639.890625,0,0.0,144.734375,deepseek-r1:7b,-1
2025-06-08T15:42:59.218667,11.503974,9.6,0.0,61486.859375,50.7,64645.140625,0,0.0,144.734375,deepseek-r1:7b,-1
2025-06-08T15:42:59.321035,11.606342,9.5,0.0,61486.859375,50.7,64645.5625,0,0.0,144.734375,deepseek-r1:7b,-1
2025-06-08T15:42:59.426489,11.711796,0.0,0.0,61486.875,50.7,64645.84375,0,0.0,144.734375,deepseek-r1:7b,-1
2025-06-08T15:42:59.530389,11.815696,0.0,0.0,61486.875,50.7,64645.84375,0,0.0,144.734375,deepseek-r1:7b,-1
2025-06-08T15:42:59.631220,11.916527,0.0,0.0,61486.875,50.7,64645.84375,0,0.0,144.734375,deepseek-r1:7b,-1
2025-06-08T15:42:59.734036,12.019343,0.0,0.0,61486.875,50.7,64645.84375,0,0.0,144.734375,deepseek-r1:7b,-1
2025-06-08T15:42:59.838925,12.124232,0.0,0.0,61486.875,50.7,64645.84375,0,0.0,144.734375,deepseek-r1:7b,-1
2025-06-08T15:42:59.941327,12.226634,0.0,0.0,61486.875,50.7,64645.84375,0,0.0,144.734375,deepseek-r1:7b,-1
2025-06-08T15:43:00.046757,12.332064,0.0,0.0,61486.875,50.7,64645.84375,0,0.0,144.734375,deepseek-r1:7b,-1
2025-06-08T15:43:00.149404,12.434711,0.0,0.0,61486.875,50.7,64645.84375,0,0.1,144.734375,deepseek-r1:7b,-1
2025-06-08T15:43:00.254839,12.540146,9.6,0.0,61548.0625,50.7,64586.703125,0,0.0,144.734375,deepseek-r1:7b,-1
2025-06-08T15:43:00.360177,12.645484,9.5,0.0,61548.0625,50.7,64586.9375,0,0.0,144.734375,deepseek-r1:7b,-1
2025-06-08T15:43:02.519874,0.046974,10.3,0.0,60975.15625,50.3,65158.140625,0,0.0,144.734375,deepseek-r1:7b,-1
2025-06-08T15:43:02.625029,0.152129,18.0,0.0,60975.15625,50.3,65158.140625,0,0.0,144.734375,deepseek-r1:7b,-1
2025-06-08T15:43:02.729795,0.256895,15.9,0.0,60975.15625,50.3,65158.140625,0,0.0,144.734375,deepseek-r1:7b,-1
2025-06-08T15:43:02.835127,0.362227,0.0,0.0,60975.15625,50.3,65158.140625,0,0.0,144.734375,deepseek-r1:7b,-1
2025-06-08T15:43:02.940435,0.467535,0.0,0.0,60975.15625,50.3,65158.140625,0,0.0,144.734375,deepseek-r1:7b,-1
2025-06-08T15:43:03.042824,0.569924,0.0,0.0,60975.15625,50.3,65158.140625,0,0.0,144.734375,deepseek-r1:7b,-1
2025-06-08T15:43:03.148202,0.675302,0.0,0.0,60975.15625,50.3,65158.140625,0,0.0,144.734375,deepseek-r1:7b,-1
2025-06-08T15:43:03.253631,0.780731,0.0,0.0,60975.15625,50.3,65158.140625,0,0.0,144.734375,deepseek-r1:7b,-1
2025-06-08T15:43:03.358455,0.885555,0.0,0.0,60975.15625,50.3,65158.140625,0,0.0,144.734375,deepseek-r1:7b,-1
2025-06-08T15:43:03.463911,0.991011,0.0,0.0,60975.15625,50.3,65158.140625,0,0.0,144.734375,deepseek-r1:7b,-1
2025-06-08T15:43:03.566951,1.094051,9.0,0.0,61664.59375,50.8,64468.859375,0,0.0,144.734375,deepseek-r1:7b,-1
2025-06-08T15:43:03.672388,1.199488,8.7,0.0,61664.609375,50.8,64468.984375,0,0.0,144.734375,deepseek-r1:7b,-1
2025-06-08T15:43:03.772953,1.300053,9.5,0.0,61664.609375,50.8,64468.984375,0,0.0,144.734375,deepseek-r1:7b,-1
2025-06-08T15:43:03.878380,1.40548,9.6,0.0,61664.609375,50.8,64468.984375,0,0.0,144.734375,deepseek-r1:7b,-1
2025-06-08T15:43:03.983829,1.510929,0.0,0.0,61664.609375,50.8,64468.984375,0,0.0,144.734375,deepseek-r1:7b,-1
2025-06-08T15:43:04.086171,1.613271,0.0,0.0,61664.609375,50.8,64468.984375,0,0.0,144.734375,deepseek-r1:7b,-1
2025-06-08T15:43:04.188116,1.715216,0.0,0.0,61664.609375,50.8,64468.984375,0,0.0,144.734375,deepseek-r1:7b,-1
2025-06-08T15:43:04.293506,1.820606,0.0,0.0,61664.609375,50.8,64468.984375,0,0.0,144.734375,deepseek-r1:7b,-1
2025-06-08T15:43:04.397917,1.925017,0.0,0.0,61664.609375,50.8,64468.984375,0,0.0,144.734375,deepseek-r1:7b,-1
2025-06-08T15:43:04.503339,2.030439,0.0,0.0,61664.609375,50.8,64468.984375,0,0.0,144.734375,deepseek-r1:7b,-1
2025-06-08T15:43:04.608755,2.135855,7.5,0.0,61544.65625,50.7,64583.09375,0,0.0,144.734375,deepseek-r1:7b,-1
2025-06-08T15:43:04.710868,2.237968,7.7,0.0,61544.703125,50.7,64579.296875,0,0.0,144.734375,deepseek-r1:7b,-1
2025-06-08T15:43:04.816237,2.343337,9.1,0.0,61544.6875,50.7,64579.5625,0,0.0,144.734375,deepseek-r1:7b,-1
2025-06-08T15:43:04.921414,2.448514,10.3,0.0,61544.6875,50.7,64579.5625,0,0.0,144.734375,deepseek-r1:7b,-1
2025-06-08T15:43:05.026804,2.553904,7.8,0.0,61544.6875,50.7,64579.5625,0,0.0,144.734375,deepseek-r1:7b,-1
2025-06-08T15:43:05.127400,2.6545,0.0,0.0,61544.6875,50.7,64579.5625,0,0.0,144.734375,deepseek-r1:7b,-1
2025-06-08T15:43:05.231701,2.758801,0.0,0.0,61544.6875,50.7,64579.5625,0,0.0,144.734375,deepseek-r1:7b,-1
2025-06-08T15:43:05.337139,2.864239,0.0,0.0,61544.6875,50.7,64579.5625,0,0.0,144.734375,deepseek-r1:7b,-1
2025-06-08T15:43:05.442615,2.969715,0.0,0.0,61544.6875,50.7,64579.5625,0,0.0,144.734375,deepseek-r1:7b,-1
2025-06-08T15:43:05.548017,3.075117,0.0,0.0,61544.6875,50.7,64579.5625,0,0.0,144.734375,deepseek-r1:7b,-1
2025-06-08T15:43:05.652196,3.179296,8.0,0.0,61480.5,50.7,64641.671875,0,0.0,144.734375,deepseek-r1:7b,-1
2025-06-08T15:43:05.753289,3.280389,7.5,0.0,61480.5,50.7,64641.90625,0,0.0,144.734375,deepseek-r1:7b,-1
2025-06-08T15:43:05.854766,3.381866,7.5,0.0,61480.453125,50.7,64642.078125,0,0.0,144.734375,deepseek-r1:7b,-1
2025-06-08T15:43:05.956471,3.483571,8.6,0.0,61480.453125,50.7,64642.3125,0,0.0,144.734375,deepseek-r1:7b,-1
2025-06-08T15:43:06.060951,3.588051,7.0,0.0,61480.453125,50.7,64642.3125,0,0.0,144.734375,deepseek-r1:7b,-1
2025-06-08T15:43:06.166368,3.693468,7.4,0.0,61480.453125,50.7,64642.3125,0,0.0,144.734375,deepseek-r1:7b,-1
2025-06-08T15:43:06.271765,3.798865,7.5,0.0,61480.453125,50.7,64642.3125,0,0.0,144.734375,deepseek-r1:7b,-1
2025-06-08T15:43:06.372687,3.899787,7.5,0.0,61480.453125,50.7,64642.3125,0,0.0,144.734375,deepseek-r1:7b,-1
2025-06-08T15:43:06.476312,4.003412,0.0,0.0,61480.453125,50.7,64642.3125,0,0.0,144.734375,deepseek-r1:7b,-1
2025-06-08T15:43:06.581627,4.108727,0.0,0.0,61480.453125,50.7,64642.3125,0,0.0,144.734375,deepseek-r1:7b,-1
2025-06-08T15:43:06.686824,4.213924,8.6,0.0,61480.46875,50.7,64649.40625,0,0.0,144.734375,deepseek-r1:7b,-1
2025-06-08T15:43:06.788062,4.315162,8.0,0.0,61480.46875,50.7,64649.40625,0,0.0,144.734375,deepseek-r1:7b,-1
2025-06-08T15:43:06.893469,4.420569,7.1,0.0,61480.46875,50.7,64649.40625,0,0.0,144.734375,deepseek-r1:7b,-1
2025-06-08T15:43:06.994755,4.521855,8.6,0.0,61480.46875,50.7,64649.40625,0,0.0,144.734375,deepseek-r1:7b,-1
2025-06-08T15:43:07.097178,4.624278,6.2,0.0,61480.46875,50.7,64649.40625,0,0.0,144.734375,deepseek-r1:7b,-1
2025-06-08T15:43:07.202563,4.729663,6.9,0.0,61480.46875,50.7,64649.40625,0,0.0,144.734375,deepseek-r1:7b,-1
2025-06-08T15:43:07.303563,4.830663,8.6,0.0,61480.46875,50.7,64649.40625,0,0.0,144.734375,deepseek-r1:7b,-1
2025-06-08T15:43:07.406976,4.934076,6.2,0.0,61480.46875,50.7,64649.40625,0,0.0,144.734375,deepseek-r1:7b,-1
2025-06-08T15:43:07.507669,5.034769,7.5,0.0,61480.46875,50.7,64649.40625,0,0.0,144.734375,deepseek-r1:7b,-1
2025-06-08T15:43:07.611536,5.138636,8.8,0.0,61480.46875,50.7,64649.40625,0,0.0,144.734375,deepseek-r1:7b,-1
2025-06-08T15:43:07.716965,5.244065,7.9,0.0,61480.140625,50.7,64651.734375,0,0.0,144.734375,deepseek-r1:7b,-1
2025-06-08T15:43:07.822403,5.349503,8.0,0.0,61480.0625,50.7,64652.09375,0,0.0,144.734375,deepseek-r1:7b,-1
2025-06-08T15:43:07.924112,5.451212,7.6,0.0,61479.890625,50.7,64652.390625,0,0.0,144.734375,deepseek-r1:7b,-1
2025-06-08T15:43:08.025593,5.552693,6.8,0.0,61479.890625,50.7,64652.640625,0,0.0,144.734375,deepseek-r1:7b,-1
2025-06-08T15:43:08.131048,5.658148,7.6,0.0,61479.890625,50.7,64652.640625,0,0.0,144.734375,deepseek-r1:7b,-1
2025-06-08T15:43:08.235332,5.762432,8.9,0.0,61479.890625,50.7,64652.640625,0,0.0,144.734375,deepseek-r1:7b,-1
2025-06-08T15:43:08.338020,5.86512,7.5,0.0,61479.890625,50.7,64652.640625,0,0.0,144.734375,deepseek-r1:7b,-1
2025-06-08T15:43:08.443426,5.970526,6.5,0.0,61479.890625,50.7,64652.640625,0,0.0,144.734375,deepseek-r1:7b,-1
2025-06-08T15:43:08.548764,6.075864,8.9,0.0,61479.890625,50.7,64652.640625,0,0.0,144.734375,deepseek-r1:7b,-1
2025-06-08T15:43:08.651519,6.178619,6.5,0.0,61479.890625,50.7,64652.640625,0,0.0,144.734375,deepseek-r1:7b,-1
2025-06-08T15:43:08.752039,6.279139,7.4,0.0,61479.796875,50.7,64654.296875,0,0.0,144.734375,deepseek-r1:7b,-1
2025-06-08T15:43:08.857463,6.384563,8.0,0.0,61479.796875,50.7,64654.390625,0,0.0,144.734375,deepseek-r1:7b,-1
2025-06-08T15:43:08.962926,6.490026,7.5,0.0,61479.703125,50.7,64654.71875,0,0.0,144.734375,deepseek-r1:7b,-1
2025-06-08T15:43:09.068342,6.595442,7.9,0.0,61479.703125,50.7,64654.71875,0,0.0,144.734375,deepseek-r1:7b,-1
2025-06-08T15:43:09.171864,6.698964,7.6,0.0,61479.703125,50.7,64654.71875,0,0.0,144.734375,deepseek-r1:7b,-1
2025-06-08T15:43:09.273717,6.800817,8.0,0.0,61479.703125,50.7,64654.71875,0,0.0,144.734375,deepseek-r1:7b,-1
2025-06-08T15:43:09.379133,6.906233,6.7,0.0,61479.703125,50.7,64654.71875,0,0.0,144.734375,deepseek-r1:7b,-1
2025-06-08T15:43:09.484518,7.011618,7.1,0.0,61479.703125,50.7,64654.71875,0,0.0,144.734375,deepseek-r1:7b,-1
2025-06-08T15:43:09.589953,7.117053,7.1,0.0,61479.703125,50.7,64654.71875,0,0.0,144.734375,deepseek-r1:7b,-1
2025-06-08T15:43:09.693523,7.220623,8.4,0.0,61479.703125,50.7,64654.71875,0,0.0,144.734375,deepseek-r1:7b,-1
2025-06-08T15:43:09.798666,7.325766,8.5,0.0,61479.921875,50.7,64656.234375,0,0.0,144.734375,deepseek-r1:7b,-1
2025-06-08T15:43:09.903498,7.430598,7.0,0.0,61479.921875,50.7,64656.328125,0,0.0,144.734375,deepseek-r1:7b,-1
2025-06-08T15:43:10.005017,7.532117,9.7,0.0,61479.921875,50.7,64656.328125,0,0.0,144.734375,deepseek-r1:7b,-1
2025-06-08T15:43:10.110405,7.637505,0.0,0.0,61479.921875,50.7,64656.328125,0,0.0,144.734375,deepseek-r1:7b,-1
2025-06-08T15:43:10.215857,7.742957,0.0,0.0,61479.921875,50.7,64656.328125,0,0.0,144.734375,deepseek-r1:7b,-1
2025-06-08T15:43:10.316969,7.844069,0.0,0.0,61479.921875,50.7,64656.328125,0,0.0,144.734375,deepseek-r1:7b,-1
2025-06-08T15:43:10.422419,7.949519,0.0,0.0,61479.921875,50.7,64656.328125,0,0.0,144.734375,deepseek-r1:7b,-1
2025-06-08T15:43:10.527867,8.054967,0.0,0.0,61479.921875,50.7,64656.328125,0,0.0,144.734375,deepseek-r1:7b,-1
2025-06-08T15:43:10.629216,8.156316,0.0,0.0,61479.921875,50.7,64656.328125,0,0.0,144.734375,deepseek-r1:7b,-1
2025-06-08T15:43:10.734609,8.261709,0.0,0.0,61479.921875,50.7,64656.328125,0,0.0,144.734375,deepseek-r1:7b,-1
2025-06-08T15:43:10.837963,8.365063,7.3,0.0,61479.65625,50.7,64658.390625,0,0.0,144.734375,deepseek-r1:7b,-1
2025-06-08T15:43:10.943466,8.470566,8.2,0.0,61479.65625,50.7,64658.8125,0,0.0,144.734375,deepseek-r1:7b,-1
2025-06-08T15:43:11.044806,8.571906,8.5,0.0,61479.65625,50.7,64658.8125,0,0.0,144.734375,deepseek-r1:7b,-1
2025-06-08T15:43:11.150244,8.677344,6.6,0.0,61479.65625,50.7,64658.8125,0,0.0,144.734375,deepseek-r1:7b,-1
2025-06-08T15:43:11.254157,8.781257,7.8,0.0,61479.65625,50.7,64658.8125,0,0.0,144.734375,deepseek-r1:7b,-1
2025-06-08T15:43:11.359549,8.886649,8.3,0.0,61479.65625,50.7,64658.8125,0,0.0,144.734375,deepseek-r1:7b,-1
2025-06-08T15:43:11.464951,8.992051,7.8,0.0,61479.65625,50.7,64658.8125,0,0.0,144.734375,deepseek-r1:7b,-1
2025-06-08T15:43:11.567394,9.094494,0.0,0.0,61479.65625,50.7,64658.8125,0,0.0,144.734375,deepseek-r1:7b,-1
2025-06-08T15:43:11.672803,9.199903,0.0,0.0,61479.65625,50.7,64658.8125,0,0.0,144.734375,deepseek-r1:7b,-1
2025-06-08T15:43:11.778195,9.305295,0.0,0.0,61479.65625,50.7,64658.8125,0,0.0,144.734375,deepseek-r1:7b,-1
2025-06-08T15:43:11.879876,9.406976,8.3,0.0,61479.59375,50.7,64660.828125,0,0.0,144.734375,deepseek-r1:7b,-1
2025-06-08T15:43:11.985311,9.512411,10.0,0.0,61479.234375,50.7,64661.421875,0,0.0,144.734375,deepseek-r1:7b,-1
2025-06-08T15:43:12.088819,9.615919,8.0,0.0,61479.234375,50.7,64661.515625,0,0.0,144.734375,deepseek-r1:7b,-1
2025-06-08T15:43:12.191610,9.71871,7.7,0.0,61479.234375,50.7,64661.515625,0,0.0,144.734375,deepseek-r1:7b,-1
2025-06-08T15:43:12.294095,9.821195,0.0,0.0,61479.234375,50.7,64661.515625,0,0.0,144.734375,deepseek-r1:7b,-1
2025-06-08T15:43:12.397894,9.924994,0.0,0.0,61479.234375,50.7,64661.515625,0,0.0,144.734375,deepseek-r1:7b,-1
2025-06-08T15:43:12.500976,10.028076,0.0,0.0,61479.234375,50.7,64661.515625,0,0.0,144.734375,deepseek-r1:7b,-1
2025-06-08T15:43:12.602422,10.129522,0.0,0.0,61479.234375,50.7,64661.515625,0,0.0,144.734375,deepseek-r1:7b,-1
2025-06-08T15:43:12.707848,10.234948,0.0,0.0,61479.234375,50.7,64661.515625,0,0.0,144.734375,deepseek-r1:7b,-1
2025-06-08T15:43:12.812936,10.340036,0.0,0.0,61479.234375,50.7,64661.515625,0,0.0,144.734375,deepseek-r1:7b,-1
2025-06-08T15:43:12.914324,10.441424,8.8,0.0,61479.53125,50.7,64655.28125,0,0.0,144.734375,deepseek-r1:7b,-1
2025-06-08T15:43:13.019756,10.546856,8.3,0.0,61473.6875,50.7,64661.421875,0,0.0,144.734375,deepseek-r1:7b,-1
2025-06-08T15:43:13.124929,10.652029,8.4,0.0,61473.6875,50.7,64661.515625,0,0.0,144.734375,deepseek-r1:7b,-1
2025-06-08T15:43:13.226518,10.753618,8.1,0.0,61473.6875,50.7,64661.515625,0,0.0,144.734375,deepseek-r1:7b,-1
2025-06-08T15:43:13.329583,10.856683,8.9,0.0,61473.6875,50.7,64661.515625,0,0.0,144.734375,deepseek-r1:7b,-1
2025-06-08T15:43:13.430133,10.957233,9.9,0.0,61473.6875,50.7,64661.515625,0,0.0,144.734375,deepseek-r1:7b,-1
2025-06-08T15:43:13.533986,11.061086,0.0,0.0,61473.6875,50.7,64661.515625,0,0.0,144.734375,deepseek-r1:7b,-1
2025-06-08T15:43:13.638447,11.165547,0.0,0.0,61473.6875,50.7,64661.515625,0,0.0,144.734375,deepseek-r1:7b,-1
2025-06-08T15:43:13.740193,11.267293,0.0,0.0,61473.6875,50.7,64661.515625,0,0.0,144.734375,deepseek-r1:7b,-1
2025-06-08T15:43:13.845629,11.372729,0.0,0.0,61473.6875,50.7,64661.515625,0,0.0,144.734375,deepseek-r1:7b,-1
2025-06-08T15:43:13.950932,11.478032,8.3,0.0,61473.890625,50.7,64658.96875,0,0.0,144.734375,deepseek-r1:7b,-1
2025-06-08T15:43:14.054964,11.582064,10.3,0.0,61467.90625,50.7,64665.203125,0,0.0,144.734375,deepseek-r1:7b,-1
2025-06-08T15:43:14.159324,11.686424,8.3,0.0,61467.921875,50.7,64665.328125,0,0.0,144.734375,deepseek-r1:7b,-1
2025-06-08T15:43:14.264685,11.791785,0.0,0.0,61467.921875,50.7,64665.328125,0,0.0,144.734375,deepseek-r1:7b,-1
2025-06-08T15:43:14.367590,11.89469,0.0,0.0,61467.921875,50.7,64665.328125,0,0.0,144.734375,deepseek-r1:7b,-1
2025-06-08T15:43:14.473007,12.000107,0.0,0.0,61467.921875,50.7,64665.328125,0,0.0,144.734375,deepseek-r1:7b,-1
2025-06-08T15:43:14.578467,12.105567,0.0,0.0,61467.921875,50.7,64665.328125,0,0.0,144.734375,deepseek-r1:7b,-1
2025-06-08T15:43:14.683225,12.210325,0.0,0.0,61467.921875,50.7,64665.328125,0,0.0,144.734375,deepseek-r1:7b,-1
2025-06-08T15:43:14.788608,12.315708,0.0,0.0,61467.921875,50.7,64665.328125,0,0.0,144.734375,deepseek-r1:7b,-1
2025-06-08T15:43:14.894190,12.42129,0.0,0.0,61467.921875,50.7,64665.328125,0,0.0,144.734375,deepseek-r1:7b,-1
2025-06-08T15:43:14.997897,12.524997,8.8,0.0,61467.390625,50.7,64668.1875,0,0.0,144.734375,deepseek-r1:7b,-1
2025-06-08T15:43:17.152513,0.041797,10.9,0.0,61046.609375,50.3,65092.171875,0,0.0,144.75,deepseek-r1:7b,-1
2025-06-08T15:43:17.254939,0.144223,16.8,0.0,60331.75,49.8,65808.71875,0,0.0,144.75,deepseek-r1:7b,-1
2025-06-08T15:43:17.360272,0.249556,15.7,0.0,61218.828125,50.5,64921.328125,0,0.0,144.75,deepseek-r1:7b,-1
2025-06-08T15:43:17.465569,0.354853,9.0,0.0,61218.828125,50.5,64921.328125,0,0.0,144.75,deepseek-r1:7b,-1
2025-06-08T15:43:17.566824,0.456108,8.6,0.0,61218.828125,50.5,64921.328125,0,0.0,144.75,deepseek-r1:7b,-1
2025-06-08T15:43:17.668930,0.558214,10.5,0.0,61218.828125,50.5,64921.328125,0,0.0,144.75,deepseek-r1:7b,-1
2025-06-08T15:43:17.770655,0.659939,9.2,0.0,61218.828125,50.5,64921.328125,0,0.0,144.75,deepseek-r1:7b,-1
2025-06-08T15:43:17.876037,0.765321,9.5,0.0,61218.828125,50.5,64921.328125,0,0.0,144.75,deepseek-r1:7b,-1
2025-06-08T15:43:17.977359,0.866643,9.9,0.0,61218.828125,50.5,64921.328125,0,0.0,144.75,deepseek-r1:7b,-1
2025-06-08T15:43:18.082799,0.972083,0.0,0.0,61218.828125,50.5,64921.328125,0,0.0,144.75,deepseek-r1:7b,-1
2025-06-08T15:43:18.183312,1.072596,9.6,0.0,61654.78125,50.8,64479.515625,0,0.0,144.75,deepseek-r1:7b,-1
2025-06-08T15:43:18.288660,1.177944,9.2,0.0,61654.78125,50.8,64479.8125,0,0.0,144.75,deepseek-r1:7b,-1
2025-06-08T15:43:18.391984,1.281268,9.9,0.0,61654.78125,50.8,64479.8125,0,0.0,144.75,deepseek-r1:7b,-1
2025-06-08T15:43:18.497400,1.386684,11.5,0.0,61654.78125,50.8,64479.8125,0,0.0,144.75,deepseek-r1:7b,-1
2025-06-08T15:43:18.602813,1.492097,9.4,0.0,61654.78125,50.8,64479.8125,0,0.0,144.75,deepseek-r1:7b,-1
2025-06-08T15:43:18.708237,1.597521,9.6,0.0,61654.78125,50.8,64479.8125,0,0.0,144.75,deepseek-r1:7b,-1
2025-06-08T15:43:18.812306,1.70159,0.0,0.0,61654.78125,50.8,64479.8125,0,0.0,144.75,deepseek-r1:7b,-1
2025-06-08T15:43:18.917729,1.807013,0.0,0.0,61654.78125,50.8,64479.8125,0,0.0,144.75,deepseek-r1:7b,-1
2025-06-08T15:43:19.022067,1.911351,0.0,0.0,61654.78125,50.8,64479.8125,0,0.0,144.75,deepseek-r1:7b,-1
2025-06-08T15:43:19.127481,2.016765,0.0,0.0,61654.78125,50.8,64479.8125,0,0.0,144.75,deepseek-r1:7b,-1
2025-06-08T15:43:19.232906,2.12219,9.6,0.0,61534.5625,50.7,64599.78125,0,0.0,144.75,deepseek-r1:7b,-1
2025-06-08T15:43:19.337295,2.226579,9.9,0.0,61534.5625,50.7,64600.078125,0,0.0,144.75,deepseek-r1:7b,-1
2025-06-08T15:43:19.442719,2.332003,9.4,0.0,61534.5625,50.7,64600.078125,0,0.0,144.75,deepseek-r1:7b,-1
2025-06-08T15:43:19.545419,2.434703,9.9,0.0,61534.5625,50.7,64600.078125,0,0.0,144.75,deepseek-r1:7b,-1
2025-06-08T15:43:19.650840,2.540124,10.0,0.0,61534.5625,50.7,64600.078125,0,0.0,144.75,deepseek-r1:7b,-1
2025-06-08T15:43:19.756383,2.645667,9.6,0.0,61534.5625,50.7,64600.078125,0,0.0,144.75,deepseek-r1:7b,-1
2025-06-08T15:43:19.860526,2.74981,10.0,0.0,61534.5625,50.7,64600.078125,0,0.0,144.75,deepseek-r1:7b,-1
2025-06-08T15:43:19.965993,2.855277,9.6,0.0,61534.5625,50.7,64600.078125,0,0.0,144.75,deepseek-r1:7b,-1
2025-06-08T15:43:20.070610,2.959894,0.0,0.0,61534.5625,50.7,64600.078125,0,0.0,144.75,deepseek-r1:7b,-1
2025-06-08T15:43:20.175513,3.064797,0.0,0.0,61534.5625,50.7,64600.078125,0,0.0,144.75,deepseek-r1:7b,-1
2025-06-08T15:43:20.280923,3.170207,8.7,0.0,61470.53125,50.7,64664.140625,0,0.0,144.75,deepseek-r1:7b,-1
2025-06-08T15:43:20.386320,3.275604,9.1,0.0,61470.546875,50.7,64664.4375,0,0.0,144.75,deepseek-r1:7b,-1
2025-06-08T15:43:20.491434,3.380718,8.0,0.0,61470.59375,50.7,64664.875,0,0.0,144.75,deepseek-r1:7b,-1
2025-06-08T15:43:20.593760,3.483044,10.0,0.0,61470.59375,50.7,64664.875,0,0.0,144.75,deepseek-r1:7b,-1
2025-06-08T15:43:20.698818,3.588102,9.1,0.0,61470.59375,50.7,64664.875,0,0.0,144.75,deepseek-r1:7b,-1
2025-06-08T15:43:20.799902,3.689186,8.0,0.0,61470.59375,50.7,64664.875,0,0.0,144.75,deepseek-r1:7b,-1
2025-06-08T15:43:20.902527,3.791811,8.9,0.0,61470.59375,50.7,64664.875,0,0.0,144.75,deepseek-r1:7b,-1
2025-06-08T15:43:21.003927,3.893211,9.4,0.0,61470.59375,50.7,64664.875,0,0.0,144.75,deepseek-r1:7b,-1
2025-06-08T15:43:21.104495,3.993779,7.5,0.0,61470.59375,50.7,64664.875,0,0.0,144.75,deepseek-r1:7b,-1
2025-06-08T15:43:21.209904,4.099188,0.0,0.0,61470.59375,50.7,64664.875,0,0.0,144.75,deepseek-r1:7b,-1
2025-06-08T15:43:21.315114,4.204398,10.7,0.0,61464.171875,50.7,64673.109375,0,0.0,144.75,deepseek-r1:7b,-1
2025-06-08T15:43:21.418912,4.308196,8.8,0.0,61464.171875,50.7,64673.109375,0,0.0,144.75,deepseek-r1:7b,-1
2025-06-08T15:43:21.523683,4.412967,8.8,0.0,61464.171875,50.7,64673.109375,0,0.0,144.75,deepseek-r1:7b,-1
2025-06-08T15:43:21.629119,4.518403,9.5,0.0,61464.171875,50.7,64673.109375,0,0.0,144.75,deepseek-r1:7b,-1
2025-06-08T15:43:21.733874,4.623158,9.9,0.0,61464.171875,50.7,64673.109375,0,0.0,144.75,deepseek-r1:7b,-1
2025-06-08T15:43:21.839306,4.72859,8.4,0.0,61464.171875,50.7,64673.109375,0,0.0,144.75,deepseek-r1:7b,-1
2025-06-08T15:43:21.944750,4.834034,8.2,0.0,61464.171875,50.7,64673.109375,0,0.0,144.75,deepseek-r1:7b,-1
2025-06-08T15:43:22.049258,4.938542,0.0,0.0,61464.171875,50.7,64673.109375,0,0.0,144.75,deepseek-r1:7b,-1
2025-06-08T15:43:22.154623,5.043907,0.0,0.0,61464.171875,50.7,64673.109375,0,0.0,144.75,deepseek-r1:7b,-1
2025-06-08T15:43:22.259990,5.149274,0.0,0.0,61464.171875,50.7,64673.109375,0,0.0,144.75,deepseek-r1:7b,-1
2025-06-08T15:43:22.365377,5.254661,7.3,0.0,61464.28125,50.7,64672.5625,0,0.0,144.75,deepseek-r1:7b,-1
2025-06-08T15:43:22.470804,5.360088,7.2,0.0,61464.28125,50.7,64668.8125,0,0.0,144.75,deepseek-r1:7b,-1
2025-06-08T15:43:22.576195,5.465479,7.7,0.0,61464.28125,50.7,64668.953125,0,0.0,144.75,deepseek-r1:7b,-1
2025-06-08T15:43:22.680988,5.570272,0.0,0.0,61464.28125,50.7,64668.953125,0,0.0,144.75,deepseek-r1:7b,-1
2025-06-08T15:43:22.782647,5.671931,0.0,0.0,61464.28125,50.7,64668.953125,0,0.0,144.75,deepseek-r1:7b,-1
2025-06-08T15:43:22.884090,5.773374,0.0,0.0,61464.28125,50.7,64668.953125,0,0.0,144.75,deepseek-r1:7b,-1
2025-06-08T15:43:22.989536,5.87882,0.0,0.0,61464.28125,50.7,64668.953125,0,0.0,144.75,deepseek-r1:7b,-1
2025-06-08T15:43:23.090137,5.979421,0.0,0.0,61464.28125,50.7,64668.953125,0,0.0,144.75,deepseek-r1:7b,-1
2025-06-08T15:43:23.195514,6.084798,0.0,0.0,61464.28125,50.7,64668.953125,0,0.0,144.75,deepseek-r1:7b,-1
2025-06-08T15:43:23.299464,6.188748,0.0,0.0,61464.28125,50.7,64668.953125,0,0.0,144.75,deepseek-r1:7b,-1
2025-06-08T15:43:23.404876,6.29416,7.8,0.0,61464.28125,50.7,64670.796875,0,0.0,144.75,deepseek-r1:7b,-1
2025-06-08T15:43:23.508577,6.397861,6.2,0.0,61464.28125,50.7,64670.90625,0,0.0,144.75,deepseek-r1:7b,-1
2025-06-08T15:43:23.612410,6.501694,8.1,0.0,61464.28125,50.7,64670.90625,0,0.0,144.75,deepseek-r1:7b,-1
2025-06-08T15:43:23.717862,6.607146,7.9,0.0,61464.28125,50.7,64670.90625,0,0.0,144.75,deepseek-r1:7b,-1
2025-06-08T15:43:23.823102,6.712386,0.0,0.0,61464.28125,50.7,64670.90625,0,0.0,144.75,deepseek-r1:7b,-1
2025-06-08T15:43:23.926386,6.81567,0.0,0.0,61464.28125,50.7,64670.90625,0,0.0,144.75,deepseek-r1:7b,-1
2025-06-08T15:43:24.031742,6.921026,0.0,0.0,61464.28125,50.7,64670.90625,0,0.0,144.75,deepseek-r1:7b,-1
2025-06-08T15:43:24.137160,7.026444,0.0,0.0,61464.28125,50.7,64670.90625,0,0.0,144.75,deepseek-r1:7b,-1
2025-06-08T15:43:24.242592,7.131876,0.0,0.0,61464.28125,50.7,64670.90625,0,0.0,144.75,deepseek-r1:7b,-1
2025-06-08T15:43:24.344961,7.234245,0.0,0.0,61464.28125,50.7,64670.90625,0,0.0,144.75,deepseek-r1:7b,-1
2025-06-08T15:43:24.446855,7.336139,7.4,0.0,61464.15625,50.7,64673.53125,0,0.0,144.75,deepseek-r1:7b,-1
2025-06-08T15:43:24.552295,7.441579,7.5,0.0,61464.15625,50.7,64673.671875,0,0.0,144.75,deepseek-r1:7b,-1
2025-06-08T15:43:24.654951,7.544235,8.0,0.0,61464.15625,50.7,64673.671875,0,0.0,144.75,deepseek-r1:7b,-1
2025-06-08T15:43:24.755702,7.644986,6.9,0.0,61464.15625,50.7,64673.671875,0,0.0,144.75,deepseek-r1:7b,-1
2025-06-08T15:43:24.861162,7.750446,7.6,0.0,61464.15625,50.7,64673.671875,0,0.0,144.75,deepseek-r1:7b,-1
2025-06-08T15:43:24.962095,7.851379,0.0,0.0,61464.15625,50.7,64673.671875,0,0.0,144.75,deepseek-r1:7b,-1
2025-06-08T15:43:25.067506,7.95679,0.0,0.0,61464.15625,50.7,64673.671875,0,0.0,144.75,deepseek-r1:7b,-1
2025-06-08T15:43:25.172914,8.062198,0.0,0.0,61464.15625,50.7,64673.671875,0,0.0,144.75,deepseek-r1:7b,-1
2025-06-08T15:43:25.274184,8.163468,0.0,0.0,61464.15625,50.7,64673.671875,0,0.0,144.75,deepseek-r1:7b,-1
2025-06-08T15:43:25.379602,8.268886,0.0,0.0,61464.15625,50.7,64673.671875,0,0.0,144.75,deepseek-r1:7b,-1
2025-06-08T15:43:25.481919,8.371203,7.5,0.0,61463.96875,50.7,64667.65625,0,0.0,144.75,deepseek-r1:7b,-1
2025-06-08T15:43:25.587377,8.476661,7.8,0.0,61463.671875,50.7,64668.1875,0,0.0,144.75,deepseek-r1:7b,-1
2025-06-08T15:43:25.692845,8.582129,6.9,0.0,61463.671875,50.7,64668.453125,0,0.0,144.75,deepseek-r1:7b,-1
2025-06-08T15:43:25.798241,8.687525,7.5,0.0,61463.671875,50.7,64668.546875,0,0.0,144.75,deepseek-r1:7b,-1
2025-06-08T15:43:25.903689,8.792973,13.1,0.0,61463.671875,50.7,64668.546875,0,0.0,144.75,deepseek-r1:7b,-1
2025-06-08T15:43:26.009055,8.898339,0.0,0.0,61463.671875,50.7,64668.546875,0,0.0,144.75,deepseek-r1:7b,-1
2025-06-08T15:43:26.114542,9.003826,0.0,0.0,61463.671875,50.7,64668.546875,0,0.0,144.75,deepseek-r1:7b,-1
2025-06-08T15:43:26.219969,9.109253,0.0,0.0,61463.671875,50.7,64668.546875,0,0.0,144.75,deepseek-r1:7b,-1
2025-06-08T15:43:26.325161,9.214445,0.0,0.0,61463.671875,50.7,64668.546875,0,0.5,144.765625,deepseek-r1:7b,-1
2025-06-08T15:43:26.430114,9.319398,0.0,0.0,61463.671875,50.7,64668.546875,0,0.0,144.765625,deepseek-r1:7b,-1
2025-06-08T15:43:26.531120,9.420404,11.1,0.0,61522.0,50.7,64619.9375,0,0.0,144.765625,deepseek-r1:7b,-1
2025-06-08T15:43:26.636404,9.525688,12.7,0.0,61522.015625,50.7,64621.796875,0,0.0,144.765625,deepseek-r1:7b,-1
2025-06-08T15:43:26.741290,9.630574,8.9,0.0,61522.015625,50.7,64621.796875,0,0.0,144.765625,deepseek-r1:7b,-1
2025-06-08T15:43:26.845455,9.734739,12.9,0.0,61522.015625,50.7,64621.796875,0,0.0,144.765625,deepseek-r1:7b,-1
2025-06-08T15:43:26.950874,9.840158,9.4,0.0,61522.015625,50.7,64621.796875,0,0.0,144.765625,deepseek-r1:7b,-1
2025-06-08T15:43:27.055730,9.945014,8.5,0.0,61522.015625,50.7,64621.796875,0,0.0,144.765625,deepseek-r1:7b,-1
2025-06-08T15:43:27.157349,10.046633,7.4,0.0,61522.015625,50.7,64621.796875,0,0.0,144.765625,deepseek-r1:7b,-1
2025-06-08T15:43:27.262778,10.152062,8.2,0.0,61522.015625,50.7,64621.796875,0,0.0,144.765625,deepseek-r1:7b,-1
2025-06-08T15:43:27.368195,10.257479,8.3,0.0,61522.015625,50.7,64621.796875,0,0.0,144.765625,deepseek-r1:7b,-1
2025-06-08T15:43:27.473629,10.362913,7.1,0.0,61522.015625,50.7,64621.796875,0,0.0,144.765625,deepseek-r1:7b,-1
2025-06-08T15:43:27.574732,10.464016,6.3,0.0,61521.40625,50.7,64615.96875,0,0.0,144.765625,deepseek-r1:7b,-1
2025-06-08T15:43:27.680129,10.569413,8.7,0.0,61521.65625,50.7,64616.359375,0,0.0,144.765625,deepseek-r1:7b,-1
2025-06-08T15:43:27.781278,10.670562,9.0,0.0,61521.65625,50.7,64612.515625,0,0.0,144.765625,deepseek-r1:7b,-1
2025-06-08T15:43:27.882870,10.772154,7.5,0.0,61521.65625,50.7,64612.515625,0,0.0,144.765625,deepseek-r1:7b,-1
2025-06-08T15:43:27.984025,10.873309,6.8,0.0,61521.65625,50.7,64612.515625,0,0.0,144.765625,deepseek-r1:7b,-1
2025-06-08T15:43:28.089446,10.97873,8.9,0.0,61521.65625,50.7,64612.515625,0,0.0,144.765625,deepseek-r1:7b,-1
2025-06-08T15:43:28.194830,11.084114,7.1,0.0,61521.65625,50.7,64612.515625,0,0.0,144.765625,deepseek-r1:7b,-1
2025-06-08T15:43:28.295654,11.184938,7.5,0.0,61521.65625,50.7,64612.515625,0,0.0,144.765625,deepseek-r1:7b,-1
2025-06-08T15:43:28.401072,11.290356,8.1,0.0,61521.65625,50.7,64612.515625,0,0.0,144.765625,deepseek-r1:7b,-1
2025-06-08T15:43:28.503751,11.393035,7.4,0.0,61521.65625,50.7,64612.515625,0,0.0,144.765625,deepseek-r1:7b,-1
2025-06-08T15:43:28.605207,11.494491,11.8,0.0,61552.21875,50.7,64585.28125,0,0.0,144.765625,deepseek-r1:7b,-1
2025-06-08T15:43:28.706340,11.595624,8.8,0.0,61610.375,50.8,64528.25,0,0.0,144.765625,deepseek-r1:7b,-1
2025-06-08T15:43:28.811817,11.701101,8.6,0.0,61610.4375,50.8,64528.734375,0,0.0,144.765625,deepseek-r1:7b,-1
2025-06-08T15:43:28.917260,11.806544,7.4,0.0,61610.4375,50.8,64528.734375,0,0.0,144.765625,deepseek-r1:7b,-1
2025-06-08T15:43:29.022606,11.91189,8.7,0.0,61610.4375,50.8,64528.734375,0,0.0,144.765625,deepseek-r1:7b,-1
2025-06-08T15:43:29.125544,12.014828,8.5,0.0,61610.4375,50.8,64528.734375,0,0.0,144.765625,deepseek-r1:7b,-1
2025-06-08T15:43:29.230929,12.120213,7.0,0.0,61610.4375,50.8,64528.734375,0,0.0,144.765625,deepseek-r1:7b,-1
2025-06-08T15:43:29.334051,12.223335,8.7,0.0,61610.4375,50.8,64528.734375,0,0.0,144.765625,deepseek-r1:7b,-1
2025-06-08T15:43:31.469839,0.024564,9.6,0.0,59684.578125,49.3,66447.640625,0,0.1,144.765625,deepseek-r1:7b,-1
2025-06-08T15:43:31.574504,0.129229,18.7,0.0,59684.578125,49.3,66447.640625,0,0.0,144.734375,deepseek-r1:7b,-1
2025-06-08T15:43:31.679717,0.234442,12.4,0.0,59684.578125,49.3,66447.640625,0,0.0,144.734375,deepseek-r1:7b,-1
2025-06-08T15:43:31.783411,0.338136,7.2,0.0,59684.578125,49.3,66447.640625,0,0.0,144.734375,deepseek-r1:7b,-1
2025-06-08T15:43:31.886635,0.44136,9.2,0.0,59684.578125,49.3,66447.640625,0,0.0,144.734375,deepseek-r1:7b,-1
2025-06-08T15:43:31.989761,0.544486,0.0,0.0,59684.578125,49.3,66447.640625,0,0.0,144.734375,deepseek-r1:7b,-1
2025-06-08T15:43:32.095183,0.649908,0.0,0.0,59684.578125,49.3,66447.640625,0,0.0,144.734375,deepseek-r1:7b,-1
2025-06-08T15:43:32.197342,0.752067,0.0,0.0,59684.578125,49.3,66447.640625,0,0.0,144.734375,deepseek-r1:7b,-1
2025-06-08T15:43:32.302760,0.857485,0.0,0.0,59684.578125,49.3,66447.640625,0,0.0,144.734375,deepseek-r1:7b,-1
2025-06-08T15:43:32.407085,0.96181,0.0,0.0,59684.578125,49.3,66447.640625,0,0.0,144.734375,deepseek-r1:7b,-1
2025-06-08T15:43:32.509442,1.064167,7.7,0.0,61591.140625,50.8,64545.203125,0,0.0,144.734375,deepseek-r1:7b,-1
2025-06-08T15:43:32.612626,1.167351,8.9,0.0,61590.921875,50.8,64545.578125,0,0.0,144.734375,deepseek-r1:7b,-1
2025-06-08T15:43:32.716695,1.27142,8.6,0.0,61591.015625,50.8,64545.921875,0,0.0,144.734375,deepseek-r1:7b,-1
2025-06-08T15:43:32.822110,1.376835,8.7,0.0,61591.015625,50.8,64545.921875,0,0.0,144.734375,deepseek-r1:7b,-1
2025-06-08T15:43:32.926367,1.481092,8.0,0.0,61591.015625,50.8,64545.921875,0,0.0,144.734375,deepseek-r1:7b,-1
2025-06-08T15:43:33.031757,1.586482,6.4,0.0,61591.015625,50.8,64545.921875,0,0.0,144.734375,deepseek-r1:7b,-1
2025-06-08T15:43:33.137083,1.691808,9.2,0.0,61591.015625,50.8,64545.921875,0,0.0,144.734375,deepseek-r1:7b,-1
2025-06-08T15:43:33.242450,1.797175,6.5,0.0,61591.015625,50.8,64545.921875,0,0.0,144.734375,deepseek-r1:7b,-1
2025-06-08T15:43:33.347930,1.902655,0.0,0.0,61591.015625,50.8,64545.921875,0,0.0,144.734375,deepseek-r1:7b,-1
2025-06-08T15:43:33.453373,2.008098,0.0,0.0,61591.015625,50.8,64545.921875,0,0.0,144.734375,deepseek-r1:7b,-1
2025-06-08T15:43:33.558730,2.113455,8.3,0.0,61470.765625,50.7,64664.09375,0,0.0,144.734375,deepseek-r1:7b,-1
2025-06-08T15:43:33.661833,2.216558,8.3,0.0,61470.796875,50.7,64664.328125,0,0.0,144.734375,deepseek-r1:7b,-1
2025-06-08T15:43:33.767876,2.322601,7.9,0.0,61470.796875,50.7,64664.328125,0,0.0,144.734375,deepseek-r1:7b,-1
2025-06-08T15:43:33.873346,2.428071,8.2,0.0,61470.796875,50.7,64664.328125,0,0.0,144.734375,deepseek-r1:7b,-1
2025-06-08T15:43:33.976494,2.531219,26.1,0.0,61470.796875,50.7,64664.328125,0,0.0,144.734375,deepseek-r1:7b,-1
2025-06-08T15:43:34.081639,2.636364,25.9,0.0,61470.796875,50.7,64664.328125,0,0.0,144.734375,deepseek-r1:7b,-1
2025-06-08T15:43:34.186757,2.741482,19.2,0.0,61470.796875,50.7,64664.328125,0,0.0,144.734375,deepseek-r1:7b,-1
2025-06-08T15:43:34.291899,2.846624,0.0,0.0,61470.796875,50.7,64664.328125,0,0.0,144.734375,deepseek-r1:7b,-1
2025-06-08T15:43:34.397027,2.951752,0.0,0.0,61470.796875,50.7,64664.328125,0,0.0,144.734375,deepseek-r1:7b,-1
2025-06-08T15:43:34.502087,3.056812,0.0,0.0,61470.796875,50.7,64664.328125,0,0.0,144.734375,deepseek-r1:7b,-1
2025-06-08T15:43:34.607181,3.161906,9.7,0.0,61406.765625,50.6,64729.4375,0,0.0,144.734375,deepseek-r1:7b,-1
2025-06-08T15:43:34.712258,3.266983,9.8,0.0,61406.765625,50.6,64729.4375,0,0.0,144.734375,deepseek-r1:7b,-1
2025-06-08T15:43:34.817353,3.372078,13.4,0.0,61406.765625,50.6,64729.4375,0,0.0,144.734375,deepseek-r1:7b,-1
2025-06-08T15:43:34.922461,3.477186,7.1,0.0,61406.765625,50.6,64729.4375,0,0.0,144.734375,deepseek-r1:7b,-1
2025-06-08T15:43:35.023741,3.578466,10.5,0.0,61406.765625,50.6,64729.4375,0,0.0,144.734375,deepseek-r1:7b,-1
2025-06-08T15:43:35.129219,3.683944,7.3,0.0,61406.765625,50.6,64729.4375,0,0.0,144.734375,deepseek-r1:7b,-1
2025-06-08T15:43:35.234659,3.789384,8.7,0.0,61406.765625,50.6,64729.4375,0,0.0,144.734375,deepseek-r1:7b,-1
2025-06-08T15:43:35.340090,3.894815,0.0,0.0,61406.765625,50.6,64729.4375,0,0.0,144.734375,deepseek-r1:7b,-1
2025-06-08T15:43:35.445514,4.000239,0.0,0.0,61406.765625,50.6,64729.4375,0,0.0,144.734375,deepseek-r1:7b,-1
2025-06-08T15:43:35.550946,4.105671,0.0,0.0,61406.765625,50.6,64729.4375,0,0.0,144.734375,deepseek-r1:7b,-1
2025-06-08T15:43:35.656155,4.21088,8.5,0.0,61406.140625,50.6,64718.421875,0,0.0,144.734375,deepseek-r1:7b,-1
2025-06-08T15:43:35.758278,4.313003,8.0,0.0,61406.140625,50.6,64718.421875,0,0.0,144.734375,deepseek-r1:7b,-1
2025-06-08T15:43:35.863656,4.418381,8.6,0.0,61406.140625,50.6,64718.421875,0,0.0,144.734375,deepseek-r1:7b,-1
2025-06-08T15:43:35.969176,4.523901,7.9,0.0,61406.140625,50.6,64718.421875,0,0.0,144.734375,deepseek-r1:7b,-1
2025-06-08T15:43:36.070106,4.624831,9.2,0.0,61406.140625,50.6,64718.421875,0,0.0,144.734375,deepseek-r1:7b,-1
2025-06-08T15:43:36.175482,4.730207,6.5,0.0,61406.140625,50.6,64718.421875,0,0.0,144.734375,deepseek-r1:7b,-1
2025-06-08T15:43:36.280882,4.835607,7.7,0.0,61406.140625,50.6,64718.421875,0,0.0,144.734375,deepseek-r1:7b,-1
2025-06-08T15:43:36.386281,4.941006,7.7,0.0,61406.140625,50.6,64718.421875,0,0.0,144.734375,deepseek-r1:7b,-1
2025-06-08T15:43:36.491605,5.04633,7.2,0.0,61406.140625,50.6,64718.421875,0,0.0,144.734375,deepseek-r1:7b,-1
2025-06-08T15:43:36.597045,5.15177,0.0,0.0,61406.140625,50.6,64718.421875,0,0.0,144.734375,deepseek-r1:7b,-1
2025-06-08T15:43:36.702457,5.257182,7.4,0.0,61406.015625,50.6,64720.609375,0,0.0,144.734375,deepseek-r1:7b,-1
2025-06-08T15:43:36.806276,5.361001,9.1,0.0,61406.03125,50.6,64720.890625,0,0.0,144.734375,deepseek-r1:7b,-1
2025-06-08T15:43:36.911596,5.466321,0.0,0.0,61405.984375,50.6,64721.171875,0,0.0,144.734375,deepseek-r1:7b,-1
2025-06-08T15:43:37.017045,5.57177,0.0,0.0,61405.984375,50.6,64721.3125,0,0.0,144.734375,deepseek-r1:7b,-1
2025-06-08T15:43:37.121425,5.67615,0.0,0.0,61405.984375,50.6,64721.3125,0,0.0,144.734375,deepseek-r1:7b,-1
2025-06-08T15:43:37.226888,5.781613,0.0,0.0,61405.984375,50.6,64721.3125,0,0.0,144.734375,deepseek-r1:7b,-1
2025-06-08T15:43:37.328895,5.88362,0.0,0.0,61405.984375,50.6,64721.3125,0,0.0,144.734375,deepseek-r1:7b,-1
2025-06-08T15:43:37.434327,5.989052,0.0,0.0,61405.984375,50.6,64721.3125,0,0.0,144.734375,deepseek-r1:7b,-1
2025-06-08T15:43:37.539727,6.094452,0.0,0.0,61405.984375,50.6,64721.3125,0,0.0,144.734375,deepseek-r1:7b,-1
2025-06-08T15:43:37.645120,6.199845,0.0,0.0,61405.984375,50.6,64721.3125,0,0.0,144.734375,deepseek-r1:7b,-1
2025-06-08T15:43:37.749925,6.30465,7.8,0.0,61405.71875,50.6,64723.109375,0,0.0,144.734375,deepseek-r1:7b,-1
2025-06-08T15:43:37.855343,6.410068,7.6,0.0,61405.71875,50.6,64723.203125,0,0.0,144.734375,deepseek-r1:7b,-1
2025-06-08T15:43:37.960754,6.515479,7.3,0.0,61405.71875,50.6,64723.46875,0,0.0,144.734375,deepseek-r1:7b,-1
2025-06-08T15:43:38.066107,6.620832,8.1,0.0,61405.71875,50.6,64723.46875,0,0.0,144.734375,deepseek-r1:7b,-1
2025-06-08T15:43:38.171453,6.726178,6.1,0.0,61405.71875,50.6,64723.46875,0,0.0,144.734375,deepseek-r1:7b,-1
2025-06-08T15:43:38.276778,6.831503,8.9,0.0,61405.71875,50.6,64723.46875,0,0.0,144.734375,deepseek-r1:7b,-1
2025-06-08T15:43:38.382157,6.936882,7.1,0.0,61405.71875,50.6,64723.46875,0,0.0,144.734375,deepseek-r1:7b,-1
2025-06-08T15:43:38.487508,7.042233,8.3,0.0,61405.71875,50.6,64723.46875,0,0.0,144.734375,deepseek-r1:7b,-1
2025-06-08T15:43:38.592909,7.147634,6.9,0.0,61405.71875,50.6,64723.46875,0,0.0,144.734375,deepseek-r1:7b,-1
2025-06-08T15:43:38.697826,7.252551,7.9,0.0,61405.71875,50.6,64723.46875,0,0.0,144.734375,deepseek-r1:7b,-1
2025-06-08T15:43:38.799953,7.354678,8.0,0.0,61405.5625,50.6,64725.296875,0,0.0,144.734375,deepseek-r1:7b,-1
2025-06-08T15:43:38.902489,7.457214,7.2,0.0,61405.5625,50.6,64725.5625,0,0.0,144.734375,deepseek-r1:7b,-1
2025-06-08T15:43:39.003893,7.558618,7.4,0.0,61405.5625,50.6,64725.671875,0,0.0,144.734375,deepseek-r1:7b,-1
2025-06-08T15:43:39.109256,7.663981,10.4,0.0,61405.5625,50.6,64725.671875,0,0.8,144.734375,deepseek-r1:7b,-1
2025-06-08T15:43:39.214572,7.769297,7.5,0.0,61405.5625,50.6,64725.671875,0,0.0,144.734375,deepseek-r1:7b,-1
2025-06-08T15:43:39.320056,7.874781,8.4,0.0,61405.5625,50.6,64725.671875,0,0.0,144.734375,deepseek-r1:7b,-1
2025-06-08T15:43:39.420714,7.975439,0.0,0.0,61405.5625,50.6,64725.671875,0,0.0,144.734375,deepseek-r1:7b,-1
2025-06-08T15:43:39.527403,8.082128,0.0,0.0,61405.5625,50.6,64725.671875,0,0.0,144.734375,deepseek-r1:7b,-1
2025-06-08T15:43:39.632828,8.187553,0.0,0.0,61405.5625,50.6,64725.671875,0,0.0,144.734375,deepseek-r1:7b,-1
2025-06-08T15:43:39.733218,8.287943,0.0,0.0,61405.5625,50.6,64725.671875,0,0.0,144.734375,deepseek-r1:7b,-1
2025-06-08T15:43:39.838638,8.393363,7.7,0.0,61405.546875,50.6,64728.265625,0,0.0,144.734375,deepseek-r1:7b,-1
2025-06-08T15:43:39.943753,8.498478,7.5,0.0,61405.546875,50.6,64728.265625,0,0.0,144.734375,deepseek-r1:7b,-1
2025-06-08T15:43:40.049211,8.603936,8.5,0.0,61405.546875,50.6,64728.265625,0,0.0,144.734375,deepseek-r1:7b,-1
2025-06-08T15:43:40.154678,8.709403,7.6,0.0,61405.546875,50.6,64728.265625,0,0.0,144.734375,deepseek-r1:7b,-1
2025-06-08T15:43:40.258197,8.812922,7.9,0.0,61405.546875,50.6,64728.265625,0,0.0,144.734375,deepseek-r1:7b,-1
2025-06-08T15:43:40.358797,8.913522,8.1,0.0,61405.546875,50.6,64728.265625,0,0.0,144.734375,deepseek-r1:7b,-1
2025-06-08T15:43:40.464281,9.019006,7.6,0.0,61405.546875,50.6,64728.265625,0,0.0,144.734375,deepseek-r1:7b,-1
2025-06-08T15:43:40.569714,9.124439,9.5,0.0,61405.546875,50.6,64728.265625,0,0.0,144.734375,deepseek-r1:7b,-1
2025-06-08T15:43:40.675175,9.2299,6.0,0.0,61405.546875,50.6,64728.265625,0,0.0,144.734375,deepseek-r1:7b,-1
2025-06-08T15:43:40.777351,9.332076,0.0,0.0,61405.546875,50.6,64728.265625,0,0.0,144.734375,deepseek-r1:7b,-1
2025-06-08T15:43:40.882765,9.43749,8.4,0.0,61406.625,50.6,64727.875,0,0.0,144.734375,deepseek-r1:7b,-1
2025-06-08T15:43:40.988044,9.542769,7.9,0.0,61406.578125,50.6,64728.171875,0,0.0,144.734375,deepseek-r1:7b,-1
2025-06-08T15:43:41.093452,9.648177,6.5,0.0,61406.578125,50.6,64728.171875,0,0.0,144.734375,deepseek-r1:7b,-1
2025-06-08T15:43:41.198831,9.753556,7.9,0.0,61406.578125,50.6,64728.171875,0,0.0,144.734375,deepseek-r1:7b,-1
2025-06-08T15:43:41.304265,9.85899,9.2,0.0,61406.578125,50.6,64728.171875,0,0.0,144.734375,deepseek-r1:7b,-1
2025-06-08T15:43:41.409697,9.964422,7.8,0.0,61406.578125,50.6,64728.171875,0,0.0,144.734375,deepseek-r1:7b,-1
2025-06-08T15:43:41.513344,10.068069,7.6,0.0,61406.578125,50.6,64728.171875,0,0.0,144.734375,deepseek-r1:7b,-1
2025-06-08T15:43:41.616266,10.170991,7.4,0.0,61406.578125,50.6,64728.171875,0,0.0,144.734375,deepseek-r1:7b,-1
2025-06-08T15:43:41.716812,10.271537,7.5,0.0,61406.578125,50.6,64728.171875,0,0.0,144.734375,deepseek-r1:7b,-1
2025-06-08T15:43:41.822275,10.377,6.5,0.0,61406.578125,50.6,64728.171875,0,0.0,144.734375,deepseek-r1:7b,-1
2025-06-08T15:43:41.923612,10.478337,9.1,0.0,61403.328125,50.6,64733.28125,0,0.0,144.734375,deepseek-r1:7b,-1
2025-06-08T15:43:42.029022,10.583747,8.1,0.0,61403.359375,50.6,64733.453125,0,0.1,144.734375,deepseek-r1:7b,-1
2025-06-08T15:43:42.134382,10.689107,15.6,0.0,61403.359375,50.6,64733.453125,0,0.0,144.734375,deepseek-r1:7b,-1
2025-06-08T15:43:42.239363,10.794088,11.5,0.0,61403.359375,50.6,64733.453125,0,0.0,144.734375,deepseek-r1:7b,-1
2025-06-08T15:43:42.344840,10.899565,6.5,0.0,61403.359375,50.6,64733.453125,0,0.0,144.734375,deepseek-r1:7b,-1
2025-06-08T15:43:42.450304,11.005029,9.3,0.0,61403.359375,50.6,64733.453125,0,0.0,144.734375,deepseek-r1:7b,-1
2025-06-08T15:43:42.555077,11.109802,6.6,0.0,61403.359375,50.6,64733.453125,0,0.0,144.734375,deepseek-r1:7b,-1
2025-06-08T15:43:42.655913,11.210638,8.1,0.0,61403.359375,50.6,64733.453125,0,0.0,144.734375,deepseek-r1:7b,-1
2025-06-08T15:43:42.758483,11.313208,9.3,0.0,61403.359375,50.6,64733.453125,0,0.0,144.734375,deepseek-r1:7b,-1
2025-06-08T15:43:42.863928,11.418653,0.0,0.0,61403.359375,50.6,64733.453125,0,0.0,144.734375,deepseek-r1:7b,-1
2025-06-08T15:43:42.969329,11.524054,8.0,0.0,61411.0,50.6,64724.640625,0,0.0,144.734375,deepseek-r1:7b,-1
2025-06-08T15:43:43.072516,11.627241,6.0,0.0,61411.0,50.6,64724.640625,0,0.0,144.734375,deepseek-r1:7b,-1
2025-06-08T15:43:43.173031,11.727756,8.0,0.0,61411.0,50.6,64724.640625,0,0.0,144.734375,deepseek-r1:7b,-1
2025-06-08T15:43:43.276477,11.831202,8.0,0.0,61411.0,50.6,64724.640625,0,0.0,144.734375,deepseek-r1:7b,-1
2025-06-08T15:43:43.381898,11.936623,8.7,0.0,61411.0,50.6,64724.640625,0,0.0,144.734375,deepseek-r1:7b,-1
2025-06-08T15:43:43.487335,12.04206,0.0,0.0,61411.0,50.6,64724.640625,0,0.0,144.734375,deepseek-r1:7b,-1
2025-06-08T15:43:43.592237,12.146962,0.0,0.0,61411.0,50.6,64724.640625,0,0.0,144.734375,deepseek-r1:7b,-1
2025-06-08T15:43:43.697643,12.252368,0.0,0.0,61411.0,50.6,64724.640625,0,0.0,144.734375,deepseek-r1:7b,-1
2025-06-08T15:43:43.798600,12.353325,0.0,0.0,61411.0,50.6,64724.640625,0,0.0,144.734375,deepseek-r1:7b,-1
2025-06-08T15:43:43.899766,12.454491,0.0,0.0,61411.0,50.6,64724.640625,0,0.0,144.734375,deepseek-r1:7b,-1
2025-06-08T15:43:44.004577,12.559302,7.3,0.0,61405.03125,50.6,64724.71875,0,0.0,144.734375,deepseek-r1:7b,-1
2025-06-08T15:43:44.110049,12.664774,7.8,0.0,61405.03125,50.6,64725.109375,0,0.0,144.734375,deepseek-r1:7b,-1
2025-06-08T15:43:44.215475,12.7702,0.0,0.0,61405.046875,50.6,64725.234375,0,0.0,144.734375,deepseek-r1:7b,-1
2025-06-08T15:43:44.316839,12.871564,0.0,0.0,61404.953125,50.6,64725.640625,0,0.0,144.734375,deepseek-r1:7b,-1
2025-06-08T15:43:44.422262,12.976987,0.0,0.0,61404.953125,50.6,64725.640625,0,0.0,144.734375,deepseek-r1:7b,-1
2025-06-08T15:43:44.527651,13.082376,0.0,0.0,61404.953125,50.6,64725.640625,0,0.0,144.734375,deepseek-r1:7b,-1
2025-06-08T15:43:44.633044,13.187769,0.0,0.0,61404.953125,50.6,64725.640625,0,0.0,144.734375,deepseek-r1:7b,-1
2025-06-08T15:43:44.738388,13.293113,0.0,0.0,61404.953125,50.6,64725.640625,0,0.0,144.734375,deepseek-r1:7b,-1
2025-06-08T15:43:44.841432,13.396157,0.0,0.0,61404.953125,50.6,64725.640625,0,0.0,144.734375,deepseek-r1:7b,-1
2025-06-08T15:43:44.943285,13.49801,0.0,0.0,61404.953125,50.6,64725.640625,0,0.0,144.734375,deepseek-r1:7b,-1
2025-06-08T15:43:45.048724,13.603449,7.7,0.0,61404.890625,50.6,64726.96875,0,0.0,144.734375,deepseek-r1:7b,-1
2025-06-08T15:43:45.152451,13.707176,7.2,0.0,61404.9375,50.6,64727.203125,0,0.0,144.734375,deepseek-r1:7b,-1
2025-06-08T15:43:45.255539,13.810264,0.0,0.0,61404.9375,50.6,64727.203125,0,0.0,144.734375,deepseek-r1:7b,-1
2025-06-08T15:43:45.360990,13.915715,0.0,0.0,61404.9375,50.6,64727.203125,0,0.0,144.734375,deepseek-r1:7b,-1
2025-06-08T15:43:45.466387,14.021112,0.0,0.0,61404.9375,50.6,64727.203125,0,0.0,144.734375,deepseek-r1:7b,-1
2025-06-08T15:43:45.571748,14.126473,0.0,0.0,61404.9375,50.6,64727.203125,0,0.0,144.734375,deepseek-r1:7b,-1
2025-06-08T15:43:45.677307,14.232032,0.0,0.0,61404.9375,50.6,64727.203125,0,0.0,144.734375,deepseek-r1:7b,-1
2025-06-08T15:43:45.779050,14.333775,0.0,0.0,61404.9375,50.6,64727.203125,0,0.0,144.734375,deepseek-r1:7b,-1
2025-06-08T15:43:45.883076,14.437801,0.0,0.0,61404.9375,50.6,64727.203125,0,0.0,144.734375,deepseek-r1:7b,-1
2025-06-08T15:43:45.988497,14.543222,0.0,0.0,61404.9375,50.6,64727.203125,0,0.0,144.734375,deepseek-r1:7b,-1
2025-06-08T15:43:46.093851,14.648576,9.0,0.0,61458.25,50.7,64677.96875,0,0.0,144.734375,deepseek-r1:7b,-1
2025-06-08T15:43:46.199296,14.754021,11.3,0.0,61458.25,50.7,64678.234375,0,0.0,144.734375,deepseek-r1:7b,-1
2025-06-08T15:43:46.300311,14.855036,6.8,0.0,61458.25,50.7,64678.421875,0,0.0,144.734375,deepseek-r1:7b,-1
2025-06-08T15:43:46.403790,14.958515,8.3,0.0,61458.25,50.7,64678.421875,0,0.0,144.734375,deepseek-r1:7b,-1
2025-06-08T15:43:46.508148,15.062873,9.3,0.0,61458.25,50.7,64678.421875,0,0.0,144.734375,deepseek-r1:7b,-1
2025-06-08T15:43:46.613522,15.168247,6.5,0.0,61458.25,50.7,64678.421875,0,0.0,144.734375,deepseek-r1:7b,-1
2025-06-08T15:43:46.718939,15.273664,0.0,0.0,61458.25,50.7,64678.421875,0,0.0,144.734375,deepseek-r1:7b,-1
2025-06-08T15:43:46.820436,15.375161,0.0,0.0,61458.25,50.7,64678.421875,0,0.0,144.734375,deepseek-r1:7b,-1
2025-06-08T15:43:46.924716,15.479441,0.0,0.0,61458.25,50.7,64678.421875,0,0.0,144.734375,deepseek-r1:7b,-1
2025-06-08T15:43:47.030184,15.584909,0.0,0.0,61458.25,50.7,64678.421875,0,0.0,144.734375,deepseek-r1:7b,-1
2025-06-08T15:43:47.135575,15.6903,7.9,0.0,61392.703125,50.6,64746.515625,0,0.0,144.734375,deepseek-r1:7b,-1
2025-06-08T15:43:47.240982,15.795707,6.6,0.0,61392.703125,50.6,64746.609375,0,0.0,144.734375,deepseek-r1:7b,-1
2025-06-08T15:43:47.346378,15.901103,8.3,0.0,61392.140625,50.6,64743.515625,0,0.0,144.734375,deepseek-r1:7b,-1
2025-06-08T15:43:47.451790,16.006515,7.5,0.0,61392.140625,50.6,64743.515625,0,0.0,144.734375,deepseek-r1:7b,-1
2025-06-08T15:43:47.557236,16.111961,6.7,0.0,61392.140625,50.6,64743.515625,0,0.0,144.734375,deepseek-r1:7b,-1
2025-06-08T15:43:47.662692,16.217417,9.1,0.0,61392.140625,50.6,64743.515625,0,0.0,144.734375,deepseek-r1:7b,-1
2025-06-08T15:43:47.766355,16.32108,7.9,0.0,61392.140625,50.6,64743.515625,0,0.0,144.734375,deepseek-r1:7b,-1
2025-06-08T15:43:47.869972,16.424697,9.2,0.0,61392.140625,50.6,64743.515625,0,0.0,144.734375,deepseek-r1:7b,-1
2025-06-08T15:43:47.975410,16.530135,0.0,0.0,61392.140625,50.6,64743.515625,0,0.0,144.734375,deepseek-r1:7b,-1
2025-06-08T15:43:48.079047,16.633772,0.0,0.0,61392.140625,50.6,64743.515625,0,0.0,144.734375,deepseek-r1:7b,-1
2025-06-08T15:43:48.181141,16.735866,21.4,0.0,61456.34375,50.7,64670.578125,0,0.0,144.734375,deepseek-r1:7b,-1
2025-06-08T15:43:48.286586,16.841311,7.9,0.0,61456.34375,50.7,64670.6875,0,0.0,144.734375,deepseek-r1:7b,-1
2025-06-08T15:43:48.392102,16.946827,0.0,0.0,61456.34375,50.7,64670.6875,0,0.0,144.734375,deepseek-r1:7b,-1
2025-06-08T15:43:48.495960,17.050685,0.0,0.0,61456.34375,50.7,64670.6875,0,0.0,144.734375,deepseek-r1:7b,-1
2025-06-08T15:43:48.601405,17.15613,0.0,0.0,61456.34375,50.7,64670.6875,0,0.0,144.734375,deepseek-r1:7b,-1
2025-06-08T15:43:48.703617,17.258342,0.0,0.0,61456.34375,50.7,64670.6875,0,0.0,144.734375,deepseek-r1:7b,-1
2025-06-08T15:43:48.804615,17.35934,0.0,0.0,61456.34375,50.7,64670.6875,0,0.0,144.734375,deepseek-r1:7b,-1
2025-06-08T15:43:48.909989,17.464714,0.0,0.0,61456.34375,50.7,64670.6875,0,0.0,144.734375,deepseek-r1:7b,-1
2025-06-08T15:43:49.015377,17.570102,0.0,0.0,61456.34375,50.7,64670.6875,0,0.0,144.734375,deepseek-r1:7b,-1
2025-06-08T15:43:49.120796,17.675521,0.0,0.0,61456.34375,50.7,64670.6875,0,0.0,144.734375,deepseek-r1:7b,-1
2025-06-08T15:43:49.221494,17.776219,7.5,0.0,61456.375,50.7,64672.859375,0,0.0,144.734375,deepseek-r1:7b,-1
2025-06-08T15:43:49.323783,17.878508,7.9,0.0,61456.375,50.7,64672.859375,0,0.0,144.734375,deepseek-r1:7b,-1
2025-06-08T15:43:49.428270,17.982995,6.7,0.0,61456.375,50.7,64672.859375,0,0.0,144.734375,deepseek-r1:7b,-1
2025-06-08T15:43:49.530405,18.08513,12.7,0.0,61456.375,50.7,64672.859375,0,0.0,144.734375,deepseek-r1:7b,-1
2025-06-08T15:43:49.635882,18.190607,7.7,0.0,61456.375,50.7,64672.859375,0,0.0,144.734375,deepseek-r1:7b,-1
2025-06-08T15:43:49.736447,18.291172,8.1,0.0,61456.375,50.7,64672.859375,0,0.0,144.734375,deepseek-r1:7b,-1
2025-06-08T15:43:49.841321,18.396046,7.1,0.0,61456.375,50.7,64672.859375,0,0.0,144.734375,deepseek-r1:7b,-1
2025-06-08T15:43:49.946781,18.501506,8.9,0.0,61456.375,50.7,64672.859375,0,0.0,144.734375,deepseek-r1:7b,-1
2025-06-08T15:43:50.052200,18.606925,0.0,0.0,61456.375,50.7,64672.859375,0,0.0,144.734375,deepseek-r1:7b,-1
2025-06-08T15:43:52.215864,0.050685,9.3,0.0,60336.5625,49.8,65798.984375,0,0.1,144.765625,deepseek-r1:7b,-1
2025-06-08T15:43:52.321005,0.155826,13.2,0.0,60300.359375,49.8,65833.46875,0,0.0,144.765625,deepseek-r1:7b,-1
2025-06-08T15:43:52.426462,0.261283,14.2,0.0,60300.359375,49.8,65833.46875,0,0.0,144.765625,deepseek-r1:7b,-1
2025-06-08T15:43:52.528231,0.363052,8.0,0.0,60300.359375,49.8,65833.46875,0,0.0,144.765625,deepseek-r1:7b,-1
2025-06-08T15:43:52.633589,0.46841,11.4,0.0,60300.359375,49.8,65833.46875,0,0.0,144.765625,deepseek-r1:7b,-1
2025-06-08T15:43:52.734847,0.569668,9.4,0.0,60300.359375,49.8,65833.46875,0,0.0,144.765625,deepseek-r1:7b,-1
2025-06-08T15:43:52.840226,0.675047,9.0,0.0,60300.359375,49.8,65833.46875,0,0.0,144.765625,deepseek-r1:7b,-1
2025-06-08T15:43:52.945692,0.780513,8.2,0.0,60300.359375,49.8,65833.46875,0,0.0,144.765625,deepseek-r1:7b,-1
2025-06-08T15:43:53.051138,0.885959,6.5,0.0,60300.359375,49.8,65833.46875,0,0.0,144.765625,deepseek-r1:7b,-1
2025-06-08T15:43:53.156522,0.991343,0.0,0.0,60300.359375,49.8,65833.46875,0,0.0,144.765625,deepseek-r1:7b,-1
2025-06-08T15:43:53.261914,1.096735,8.6,0.0,61709.5625,50.8,64424.09375,0,0.0,144.765625,deepseek-r1:7b,-1
2025-06-08T15:43:53.363626,1.198447,8.0,0.0,61709.5625,50.8,64424.359375,0,0.0,144.765625,deepseek-r1:7b,-1
2025-06-08T15:43:53.469031,1.303852,6.7,0.0,61709.5625,50.8,64424.359375,0,0.0,144.765625,deepseek-r1:7b,-1
2025-06-08T15:43:53.574404,1.409225,8.6,0.0,61709.5625,50.8,64424.359375,0,0.0,144.765625,deepseek-r1:7b,-1
2025-06-08T15:43:53.675122,1.509943,7.5,0.0,61709.5625,50.8,64424.359375,0,0.0,144.765625,deepseek-r1:7b,-1
2025-06-08T15:43:53.779038,1.613859,8.6,0.0,61709.5625,50.8,64424.359375,0,0.0,144.765625,deepseek-r1:7b,-1
2025-06-08T15:43:53.882947,1.717768,8.2,0.0,61709.5625,50.8,64424.359375,0,0.0,144.765625,deepseek-r1:7b,-1
2025-06-08T15:43:53.988429,1.82325,7.9,0.0,61709.5625,50.8,64424.359375,0,0.0,144.765625,deepseek-r1:7b,-1
2025-06-08T15:43:54.093813,1.928634,8.1,0.0,61709.5625,50.8,64424.359375,0,0.0,144.765625,deepseek-r1:7b,-1
2025-06-08T15:43:54.198114,2.032935,6.9,0.0,61709.5625,50.8,64424.359375,0,0.0,144.765625,deepseek-r1:7b,-1
2025-06-08T15:43:54.303576,2.138397,9.0,0.0,61589.265625,50.8,64547.953125,0,0.0,144.765625,deepseek-r1:7b,-1
2025-06-08T15:43:54.408371,2.243192,7.5,0.0,61589.265625,50.8,64548.234375,0,0.0,144.765625,deepseek-r1:7b,-1
2025-06-08T15:43:54.513827,2.348648,7.5,0.0,61589.28125,50.8,64548.375,0,0.0,144.765625,deepseek-r1:7b,-1
2025-06-08T15:43:54.619185,2.454006,6.2,0.0,61589.28125,50.8,64548.609375,0,0.0,144.765625,deepseek-r1:7b,-1
2025-06-08T15:43:54.724593,2.559414,7.6,0.0,61589.28125,50.8,64548.609375,0,0.0,144.765625,deepseek-r1:7b,-1
2025-06-08T15:43:54.830039,2.66486,0.0,0.0,61589.28125,50.8,64548.609375,0,0.0,144.765625,deepseek-r1:7b,-1
2025-06-08T15:43:54.935502,2.770323,0.0,0.0,61589.28125,50.8,64548.609375,0,0.0,144.765625,deepseek-r1:7b,-1
2025-06-08T15:43:55.037570,2.872391,0.0,0.0,61589.28125,50.8,64548.609375,0,0.0,144.765625,deepseek-r1:7b,-1
2025-06-08T15:43:55.140339,2.97516,0.0,0.0,61589.28125,50.8,64548.609375,0,0.0,144.765625,deepseek-r1:7b,-1
2025-06-08T15:43:55.245717,3.080538,0.0,0.0,61589.28125,50.8,64548.609375,0,0.0,144.765625,deepseek-r1:7b,-1
2025-06-08T15:43:55.351166,3.185987,8.1,0.0,61525.265625,50.7,64614.171875,0,0.0,144.765625,deepseek-r1:7b,-1
2025-06-08T15:43:55.456598,3.291419,8.8,0.0,61525.3125,50.7,64614.390625,0,0.0,144.765625,deepseek-r1:7b,-1
2025-06-08T15:43:55.562058,3.396879,6.5,0.0,61525.3125,50.7,64614.390625,0,0.0,144.765625,deepseek-r1:7b,-1
2025-06-08T15:43:55.667491,3.502312,7.3,0.0,61525.3125,50.7,64614.390625,0,0.0,144.765625,deepseek-r1:7b,-1
2025-06-08T15:43:55.772215,3.607036,7.6,0.0,61525.3125,50.7,64614.390625,0,0.0,144.765625,deepseek-r1:7b,-1
2025-06-08T15:43:55.877629,3.71245,0.0,0.0,61525.3125,50.7,64614.390625,0,0.0,144.765625,deepseek-r1:7b,-1
2025-06-08T15:43:55.979032,3.813853,0.0,0.0,61525.3125,50.7,64614.390625,0,0.0,144.765625,deepseek-r1:7b,-1
2025-06-08T15:43:56.084438,3.919259,0.0,0.0,61525.3125,50.7,64614.390625,0,0.0,144.765625,deepseek-r1:7b,-1
2025-06-08T15:43:56.189802,4.024623,0.0,0.0,61525.3125,50.7,64614.390625,0,0.0,144.765625,deepseek-r1:7b,-1
2025-06-08T15:43:56.294951,4.129772,0.0,0.0,61525.3125,50.7,64614.390625,0,0.0,144.765625,deepseek-r1:7b,-1
2025-06-08T15:43:56.400162,4.234983,10.3,0.0,61525.5625,50.7,64614.40625,0,0.0,144.765625,deepseek-r1:7b,-1
2025-06-08T15:43:56.502640,4.337461,7.1,0.0,61525.5625,50.7,64614.40625,0,0.0,144.765625,deepseek-r1:7b,-1
2025-06-08T15:43:56.603627,4.438448,6.8,0.0,61525.5625,50.7,64614.40625,0,0.0,144.765625,deepseek-r1:7b,-1
2025-06-08T15:43:56.708977,4.543798,8.6,0.0,61525.5625,50.7,64614.40625,0,0.0,144.765625,deepseek-r1:7b,-1
2025-06-08T15:43:56.814354,4.649175,6.4,0.0,61525.5625,50.7,64614.40625,0,0.0,144.765625,deepseek-r1:7b,-1
2025-06-08T15:43:56.915768,4.750589,9.3,0.0,61525.5625,50.7,64614.40625,0,0.1,144.75,deepseek-r1:7b,-1
2025-06-08T15:43:57.016440,4.851261,7.4,0.0,61525.5625,50.7,64614.40625,0,0.0,144.75,deepseek-r1:7b,-1
2025-06-08T15:43:57.121900,4.956721,6.7,0.0,61525.5625,50.7,64614.40625,0,0.0,144.75,deepseek-r1:7b,-1
2025-06-08T15:43:57.224308,5.059129,8.4,0.0,61525.5625,50.7,64614.40625,0,0.0,144.75,deepseek-r1:7b,-1
2025-06-08T15:43:57.329751,5.164572,0.0,0.0,61525.5625,50.7,64614.40625,0,0.2,144.765625,deepseek-r1:7b,-1
2025-06-08T15:43:57.431213,5.266034,7.6,0.0,61524.59375,50.7,64614.609375,0,0.0,144.765625,deepseek-r1:7b,-1
2025-06-08T15:43:57.536549,5.37137,7.1,0.0,61524.609375,50.7,64614.703125,0,0.0,144.765625,deepseek-r1:7b,-1
2025-06-08T15:43:57.641934,5.476755,8.2,0.0,61524.640625,50.7,64615.0,0,0.0,144.765625,deepseek-r1:7b,-1
2025-06-08T15:43:57.747311,5.582132,7.2,0.0,61524.640625,50.7,64615.0,0,0.0,144.765625,deepseek-r1:7b,-1
2025-06-08T15:43:57.851186,5.686007,9.1,0.0,61524.640625,50.7,64615.0,0,0.0,144.765625,deepseek-r1:7b,-1
2025-06-08T15:43:57.956573,5.791394,7.6,0.0,61524.640625,50.7,64615.0,0,0.0,144.765625,deepseek-r1:7b,-1
2025-06-08T15:43:58.058621,5.893442,6.8,0.0,61524.640625,50.7,64615.0,0,0.0,144.765625,deepseek-r1:7b,-1
2025-06-08T15:43:58.159100,5.993921,8.7,0.0,61524.640625,50.7,64615.0,0,0.0,144.765625,deepseek-r1:7b,-1
2025-06-08T15:43:58.264538,6.099359,8.8,0.0,61524.640625,50.7,64615.0,0,0.0,144.765625,deepseek-r1:7b,-1
2025-06-08T15:43:58.367276,6.202097,8.0,0.0,61524.640625,50.7,64615.0,0,0.0,144.765625,deepseek-r1:7b,-1
2025-06-08T15:43:58.472743,6.307564,7.1,0.0,61524.140625,50.7,64609.625,0,0.0,144.765625,deepseek-r1:7b,-1
2025-06-08T15:43:58.578187,6.413008,7.2,0.0,61524.234375,50.7,64609.859375,0,0.0,144.765625,deepseek-r1:7b,-1
2025-06-08T15:43:58.682838,6.517659,7.1,0.0,61524.265625,50.7,64610.078125,0,0.0,144.765625,deepseek-r1:7b,-1
2025-06-08T15:43:58.788233,6.623054,0.0,0.0,61524.265625,50.7,64610.078125,0,0.0,144.765625,deepseek-r1:7b,-1
2025-06-08T15:43:58.888788,6.723609,0.0,0.0,61524.265625,50.7,64610.078125,0,0.0,144.765625,deepseek-r1:7b,-1
2025-06-08T15:43:58.994256,6.829077,0.0,0.0,61524.265625,50.7,64610.078125,0,0.0,144.765625,deepseek-r1:7b,-1
2025-06-08T15:43:59.097784,6.932605,0.0,0.0,61524.265625,50.7,64610.078125,0,0.0,144.765625,deepseek-r1:7b,-1
2025-06-08T15:43:59.199504,7.034325,0.0,0.0,61524.265625,50.7,64610.078125,0,0.0,144.765625,deepseek-r1:7b,-1
2025-06-08T15:43:59.301094,7.135915,0.0,0.0,61524.265625,50.7,64610.078125,0,0.0,144.765625,deepseek-r1:7b,-1
2025-06-08T15:43:59.406468,7.241289,0.0,0.0,61524.265625,50.7,64610.078125,0,0.0,144.765625,deepseek-r1:7b,-1
2025-06-08T15:43:59.511828,7.346649,8.1,0.0,61524.234375,50.7,64608.0,0,0.0,144.765625,deepseek-r1:7b,-1
2025-06-08T15:43:59.617215,7.452036,7.2,0.0,61524.171875,50.7,64608.390625,0,0.0,144.765625,deepseek-r1:7b,-1
2025-06-08T15:43:59.722552,7.557373,9.4,0.0,61540.5,50.7,64592.796875,0,0.0,144.765625,deepseek-r1:7b,-1
2025-06-08T15:43:59.827195,7.662016,12.9,0.0,61540.5,50.7,64592.796875,0,0.0,144.765625,deepseek-r1:7b,-1
2025-06-08T15:43:59.932614,7.767435,7.6,0.0,61540.5,50.7,64592.796875,0,0.0,144.765625,deepseek-r1:7b,-1
2025-06-08T15:44:00.037993,7.872814,8.4,0.0,61540.5,50.7,64592.796875,0,0.0,144.765625,deepseek-r1:7b,-1
2025-06-08T15:44:00.143343,7.978164,9.9,0.0,61540.5,50.7,64592.796875,0,0.0,144.765625,deepseek-r1:7b,-1
2025-06-08T15:44:00.246702,8.081523,0.0,0.0,61540.5,50.7,64592.796875,0,0.0,144.765625,deepseek-r1:7b,-1
2025-06-08T15:44:00.349182,8.184003,0.0,0.0,61540.5,50.7,64592.796875,0,0.2,144.765625,deepseek-r1:7b,-1
2025-06-08T15:44:00.454588,8.289409,0.0,0.0,61540.5,50.7,64592.796875,0,0.0,144.765625,deepseek-r1:7b,-1
2025-06-08T15:44:00.558662,8.393483,9.0,0.0,61695.203125,50.8,64438.28125,0,0.0,144.765625,deepseek-r1:7b,-1
2025-06-08T15:44:00.664149,8.49897,13.3,0.0,61695.296875,50.8,64440.140625,0,0.1,144.765625,deepseek-r1:7b,-1
2025-06-08T15:44:00.769423,8.604244,10.2,0.0,61695.296875,50.8,64440.140625,0,0.0,144.765625,deepseek-r1:7b,-1
2025-06-08T15:44:00.874453,8.709274,8.8,0.0,61695.296875,50.8,64440.140625,0,0.0,144.765625,deepseek-r1:7b,-1
2025-06-08T15:44:00.979810,8.814631,7.8,0.0,61695.296875,50.8,64440.140625,0,0.0,144.765625,deepseek-r1:7b,-1
2025-06-08T15:44:01.083522,8.918343,7.7,0.0,61695.296875,50.8,64440.140625,0,0.0,144.765625,deepseek-r1:7b,-1
2025-06-08T15:44:01.187794,9.022615,0.0,0.0,61695.296875,50.8,64440.140625,0,0.0,144.765625,deepseek-r1:7b,-1
2025-06-08T15:44:01.293277,9.128098,0.0,0.0,61695.296875,50.8,64440.140625,0,0.0,144.765625,deepseek-r1:7b,-1
2025-06-08T15:44:01.398750,9.233571,0.0,0.0,61695.296875,50.8,64440.140625,0,0.0,144.765625,deepseek-r1:7b,-1
2025-06-08T15:44:01.504230,9.339051,0.0,0.0,61695.296875,50.8,64440.140625,0,0.0,144.765625,deepseek-r1:7b,-1
2025-06-08T15:44:01.609713,9.444534,8.1,0.0,61615.71875,50.8,64521.96875,0,0.0,144.765625,deepseek-r1:7b,-1
2025-06-08T15:44:01.711987,9.546808,7.2,0.0,61615.71875,50.8,64522.09375,0,0.0,144.765625,deepseek-r1:7b,-1
2025-06-08T15:44:01.812980,9.647801,9.8,0.0,61615.71875,50.8,64522.09375,0,0.0,144.765625,deepseek-r1:7b,-1
2025-06-08T15:44:01.918424,9.753245,6.8,0.0,61615.71875,50.8,64522.09375,0,0.0,144.765625,deepseek-r1:7b,-1
2025-06-08T15:44:02.023874,9.858695,7.6,0.0,61615.71875,50.8,64522.09375,0,0.0,144.765625,deepseek-r1:7b,-1
2025-06-08T15:44:02.129116,9.963937,0.0,0.0,61615.71875,50.8,64522.09375,0,0.0,144.765625,deepseek-r1:7b,-1
2025-06-08T15:44:02.234556,10.069377,0.0,0.0,61615.71875,50.8,64522.09375,0,0.0,144.765625,deepseek-r1:7b,-1
2025-06-08T15:44:02.337779,10.1726,0.0,0.0,61615.71875,50.8,64522.09375,0,0.0,144.765625,deepseek-r1:7b,-1
2025-06-08T15:44:02.443172,10.277993,0.0,0.0,61615.71875,50.8,64522.09375,0,0.0,144.765625,deepseek-r1:7b,-1
2025-06-08T15:44:02.544022,10.378843,0.0,0.0,61615.71875,50.8,64522.09375,0,0.0,144.765625,deepseek-r1:7b,-1
2025-06-08T15:44:02.645364,10.480185,8.2,0.0,61615.9375,50.8,64520.765625,0,0.0,144.765625,deepseek-r1:7b,-1
2025-06-08T15:44:02.750774,10.585595,7.9,0.0,61615.9375,50.8,64520.875,0,0.0,144.765625,deepseek-r1:7b,-1
2025-06-08T15:44:02.856243,10.691064,7.6,0.0,61615.9375,50.8,64520.875,0,0.0,144.765625,deepseek-r1:7b,-1
2025-06-08T15:44:02.957390,10.792211,8.6,0.0,61615.9375,50.8,64520.875,0,0.0,144.765625,deepseek-r1:7b,-1
2025-06-08T15:44:03.062325,10.897146,7.7,0.0,61615.9375,50.8,64520.875,0,0.0,144.765625,deepseek-r1:7b,-1
2025-06-08T15:44:03.167780,11.002601,6.6,0.0,61615.9375,50.8,64520.875,0,0.0,144.765625,deepseek-r1:7b,-1
2025-06-08T15:44:03.273153,11.107974,7.1,0.0,61615.9375,50.8,64520.875,0,0.0,144.765625,deepseek-r1:7b,-1
2025-06-08T15:44:03.375453,11.210274,7.4,0.0,61615.9375,50.8,64520.875,0,0.0,144.765625,deepseek-r1:7b,-1
2025-06-08T15:44:03.480810,11.315631,8.9,0.0,61615.9375,50.8,64520.875,0,0.0,144.765625,deepseek-r1:7b,-1
2025-06-08T15:44:03.585515,11.420336,8.2,0.0,61615.9375,50.8,64520.875,0,0.0,144.765625,deepseek-r1:7b,-1
2025-06-08T15:44:03.690948,11.525769,6.7,0.0,61546.203125,50.7,64589.1875,0,0.0,144.765625,deepseek-r1:7b,-1
2025-06-08T15:44:03.792657,11.627478,9.8,0.0,61556.765625,50.7,64577.4375,0,0.0,144.765625,deepseek-r1:7b,-1
2025-06-08T15:44:03.898015,11.732836,11.2,0.0,61688.609375,50.8,64446.5,0,0.5,144.765625,deepseek-r1:7b,-1
2025-06-08T15:44:03.999033,11.833854,0.0,0.0,61688.609375,50.8,64446.5,0,0.0,144.765625,deepseek-r1:7b,-1
2025-06-08T15:44:04.104529,11.93935,0.0,0.0,61688.609375,50.8,64446.5,0,0.0,144.765625,deepseek-r1:7b,-1
2025-06-08T15:44:04.206500,12.041321,0.0,0.0,61688.609375,50.8,64446.5,0,0.0,144.765625,deepseek-r1:7b,-1
2025-06-08T15:44:04.309944,12.144765,0.0,0.0,61688.609375,50.8,64446.5,0,0.0,144.765625,deepseek-r1:7b,-1
2025-06-08T15:44:04.415352,12.250173,0.0,0.0,61688.609375,50.8,64446.5,0,0.0,144.765625,deepseek-r1:7b,-1
2025-06-08T15:44:04.520727,12.355548,0.0,0.0,61688.609375,50.8,64446.5,0,0.0,144.765625,deepseek-r1:7b,-1
2025-06-08T15:44:06.674317,0.041095,8.6,0.0,59666.4375,49.3,66471.625,0,0.0,144.765625,deepseek-r1:7b,-1
2025-06-08T15:44:06.774797,0.141575,15.5,0.0,60296.875,49.8,65836.890625,0,0.0,144.765625,deepseek-r1:7b,-1
2025-06-08T15:44:06.875570,0.242348,15.6,0.0,60296.875,49.8,65836.890625,0,0.0,144.765625,deepseek-r1:7b,-1
2025-06-08T15:44:06.977996,0.344774,10.4,0.0,60296.875,49.8,65836.890625,0,0.0,144.765625,deepseek-r1:7b,-1
2025-06-08T15:44:07.083354,0.450132,7.7,0.0,60296.875,49.8,65836.890625,0,0.0,144.765625,deepseek-r1:7b,-1
2025-06-08T15:44:07.188703,0.555481,0.0,0.0,60296.875,49.8,65836.890625,0,0.0,144.765625,deepseek-r1:7b,-1
2025-06-08T15:44:07.294069,0.660847,0.0,0.0,60296.875,49.8,65836.890625,0,0.0,144.765625,deepseek-r1:7b,-1
2025-06-08T15:44:07.397754,0.764532,0.0,0.0,60296.875,49.8,65836.890625,0,0.0,144.765625,deepseek-r1:7b,-1
2025-06-08T15:44:07.498657,0.865435,0.0,0.0,60296.875,49.8,65836.890625,0,0.0,144.765625,deepseek-r1:7b,-1
2025-06-08T15:44:07.603109,0.969887,0.0,0.0,60296.875,49.8,65836.890625,0,0.0,144.765625,deepseek-r1:7b,-1
2025-06-08T15:44:07.705270,1.072048,7.6,0.0,61813.984375,50.9,64322.40625,0,0.0,144.765625,deepseek-r1:7b,-1
2025-06-08T15:44:07.810655,1.177433,10.8,0.0,61813.25,50.9,64323.59375,0,0.0,144.765625,deepseek-r1:7b,-1
2025-06-08T15:44:07.916003,1.282781,0.0,0.0,61813.296875,50.9,64323.828125,0,0.0,144.765625,deepseek-r1:7b,-1
2025-06-08T15:44:08.021375,1.388153,0.0,0.0,61756.90625,50.9,64380.203125,0,0.0,144.765625,deepseek-r1:7b,-1
2025-06-08T15:44:08.122853,1.489631,0.0,0.0,61756.90625,50.9,64380.203125,0,0.0,144.765625,deepseek-r1:7b,-1
2025-06-08T15:44:08.228239,1.595017,0.0,0.0,61756.90625,50.9,64380.203125,0,0.0,144.765625,deepseek-r1:7b,-1
2025-06-08T15:44:08.328824,1.695602,0.0,0.0,61756.90625,50.9,64380.203125,0,0.0,144.765625,deepseek-r1:7b,-1
2025-06-08T15:44:08.434271,1.801049,0.0,0.0,61756.90625,50.9,64380.203125,0,0.0,144.765625,deepseek-r1:7b,-1
2025-06-08T15:44:08.539612,1.90639,0.0,0.0,61756.90625,50.9,64380.203125,0,0.0,144.765625,deepseek-r1:7b,-1
2025-06-08T15:44:08.642483,2.009261,0.0,0.0,61756.90625,50.9,64380.203125,0,0.0,144.765625,deepseek-r1:7b,-1
2025-06-08T15:44:08.747889,2.114667,7.8,0.0,61693.046875,50.8,64445.71875,0,0.0,144.765625,deepseek-r1:7b,-1
2025-06-08T15:44:08.853388,2.220166,8.3,0.0,61693.046875,50.8,64445.71875,0,0.0,144.765625,deepseek-r1:7b,-1
2025-06-08T15:44:08.955311,2.322089,6.9,0.0,61693.046875,50.8,64445.71875,0,0.0,144.765625,deepseek-r1:7b,-1
2025-06-08T15:44:09.060811,2.427589,8.7,0.0,61693.046875,50.8,64445.71875,0,0.0,144.765625,deepseek-r1:7b,-1
2025-06-08T15:44:09.164143,2.530921,7.2,0.0,61693.046875,50.8,64445.71875,0,0.0,144.765625,deepseek-r1:7b,-1
2025-06-08T15:44:09.269562,2.63634,7.9,0.0,61693.046875,50.8,64445.71875,0,0.0,144.765625,deepseek-r1:7b,-1
2025-06-08T15:44:09.375018,2.741796,7.0,0.0,61693.046875,50.8,64445.71875,0,0.0,144.765625,deepseek-r1:7b,-1
2025-06-08T15:44:09.480422,2.8472,7.3,0.0,61693.046875,50.8,64445.71875,0,0.0,144.765625,deepseek-r1:7b,-1
2025-06-08T15:44:09.582907,2.949685,0.0,0.0,61693.046875,50.8,64445.71875,0,0.0,144.765625,deepseek-r1:7b,-1
2025-06-08T15:44:09.686216,3.052994,0.0,0.0,61693.046875,50.8,64445.71875,0,0.0,144.765625,deepseek-r1:7b,-1
2025-06-08T15:44:09.790939,3.157717,8.8,0.0,61688.046875,50.8,64446.4375,0,0.0,144.765625,deepseek-r1:7b,-1
2025-06-08T15:44:09.896222,3.263,9.5,0.0,61688.046875,50.8,64446.8125,0,0.0,144.765625,deepseek-r1:7b,-1
2025-06-08T15:44:10.001511,3.368289,7.1,0.0,61688.046875,50.8,64446.8125,0,0.0,144.765625,deepseek-r1:7b,-1
2025-06-08T15:44:10.106935,3.473713,7.1,0.0,61688.046875,50.8,64446.8125,0,0.0,144.765625,deepseek-r1:7b,-1
2025-06-08T15:44:10.212428,3.579206,7.7,0.0,61688.046875,50.8,64446.8125,0,0.0,144.765625,deepseek-r1:7b,-1
2025-06-08T15:44:10.315947,3.682725,10.2,0.0,61688.046875,50.8,64446.8125,0,0.0,144.765625,deepseek-r1:7b,-1
2025-06-08T15:44:10.421342,3.78812,7.7,0.0,61688.046875,50.8,64446.8125,0,0.0,144.765625,deepseek-r1:7b,-1
2025-06-08T15:44:10.525408,3.892186,0.0,0.0,61688.046875,50.8,64446.8125,0,0.0,144.765625,deepseek-r1:7b,-1
2025-06-08T15:44:10.628465,3.995243,0.0,0.0,61688.046875,50.8,64446.8125,0,0.0,144.765625,deepseek-r1:7b,-1
2025-06-08T15:44:10.730174,4.096952,0.0,0.0,61688.046875,50.8,64446.8125,0,0.0,144.765625,deepseek-r1:7b,-1
2025-06-08T15:44:10.835372,4.20215,7.7,0.0,61685.25,50.8,64450.828125,0,0.0,144.765625,deepseek-r1:7b,-1
2025-06-08T15:44:10.936845,4.303623,8.6,0.0,61684.59375,50.8,64451.640625,0,0.0,144.765625,deepseek-r1:7b,-1
2025-06-08T15:44:11.042273,4.409051,8.2,0.0,61684.59375,50.8,64451.640625,0,0.0,144.765625,deepseek-r1:7b,-1
2025-06-08T15:44:11.145124,4.511902,6.7,0.0,61684.59375,50.8,64451.640625,0,0.0,144.765625,deepseek-r1:7b,-1
2025-06-08T15:44:11.250604,4.617382,6.7,0.0,61684.59375,50.8,64451.640625,0,0.0,144.765625,deepseek-r1:7b,-1
2025-06-08T15:44:11.356082,4.72286,10.0,0.0,61684.59375,50.8,64451.640625,0,0.0,144.765625,deepseek-r1:7b,-1
2025-06-08T15:44:11.461558,4.828336,7.1,0.0,61684.59375,50.8,64451.640625,0,0.1,144.75,deepseek-r1:7b,-1
2025-06-08T15:44:11.566997,4.933775,0.0,0.0,61684.59375,50.8,64451.640625,0,0.0,144.75,deepseek-r1:7b,-1
2025-06-08T15:44:11.672408,5.039186,0.0,0.0,61684.59375,50.8,64451.640625,0,0.0,144.75,deepseek-r1:7b,-1
2025-06-08T15:44:11.777832,5.14461,0.0,0.0,61684.59375,50.8,64451.640625,0,0.0,144.75,deepseek-r1:7b,-1
2025-06-08T15:44:11.881010,5.247788,7.6,0.0,61684.171875,50.8,64450.265625,0,0.0,144.75,deepseek-r1:7b,-1
2025-06-08T15:44:11.982711,5.349489,8.4,0.0,61684.171875,50.8,64450.359375,0,0.0,144.75,deepseek-r1:7b,-1
2025-06-08T15:44:12.088116,5.454894,7.3,0.0,61612.109375,50.8,64522.859375,0,0.0,144.75,deepseek-r1:7b,-1
2025-06-08T15:44:12.193565,5.560343,7.1,0.0,61612.140625,50.8,64522.984375,0,0.0,144.75,deepseek-r1:7b,-1
2025-06-08T15:44:12.295889,5.662667,9.3,0.0,61612.140625,50.8,64522.984375,0,0.0,144.75,deepseek-r1:7b,-1
2025-06-08T15:44:12.401292,5.76807,0.0,0.0,61612.140625,50.8,64522.984375,0,0.0,144.75,deepseek-r1:7b,-1
2025-06-08T15:44:12.506698,5.873476,0.0,0.0,61612.140625,50.8,64522.984375,0,0.0,144.75,deepseek-r1:7b,-1
2025-06-08T15:44:12.612119,5.978897,0.0,0.0,61612.140625,50.8,64522.984375,0,0.0,144.75,deepseek-r1:7b,-1
2025-06-08T15:44:12.714070,6.080848,0.0,0.0,61612.140625,50.8,64522.984375,0,0.0,144.75,deepseek-r1:7b,-1
2025-06-08T15:44:12.817430,6.184208,0.0,0.0,61612.140625,50.8,64522.984375,0,0.0,144.75,deepseek-r1:7b,-1
2025-06-08T15:44:12.920728,6.287506,7.7,0.0,61612.109375,50.8,64524.515625,0,0.0,144.75,deepseek-r1:7b,-1
2025-06-08T15:44:13.021812,6.38859,6.2,0.0,61612.109375,50.8,64524.515625,0,0.0,144.75,deepseek-r1:7b,-1
2025-06-08T15:44:13.127245,6.494023,10.1,0.0,61612.109375,50.8,64524.515625,0,0.0,144.75,deepseek-r1:7b,-1
2025-06-08T15:44:13.232672,6.59945,7.0,0.0,61612.109375,50.8,64524.515625,0,0.0,144.75,deepseek-r1:7b,-1
2025-06-08T15:44:13.338136,6.704914,9.1,0.0,61612.109375,50.8,64524.515625,0,0.0,144.75,deepseek-r1:7b,-1
2025-06-08T15:44:13.443550,6.810328,0.0,0.0,61612.109375,50.8,64524.515625,0,0.0,144.75,deepseek-r1:7b,-1
2025-06-08T15:44:13.545611,6.912389,0.0,0.0,61612.109375,50.8,64524.515625,0,0.0,144.75,deepseek-r1:7b,-1
2025-06-08T15:44:13.651059,7.017837,0.0,0.0,61612.109375,50.8,64524.515625,0,0.0,144.75,deepseek-r1:7b,-1
2025-06-08T15:44:13.756458,7.123236,0.0,0.0,61612.109375,50.8,64524.515625,0,0.0,144.75,deepseek-r1:7b,-1
2025-06-08T15:44:13.861801,7.228579,0.0,0.0,61612.109375,50.8,64524.515625,0,0.0,144.75,deepseek-r1:7b,-1
2025-06-08T15:44:13.967238,7.334016,7.7,0.0,61548.265625,50.7,64587.453125,0,0.0,144.75,deepseek-r1:7b,-1
2025-06-08T15:44:14.072752,7.43953,7.6,0.0,61548.28125,50.7,64587.703125,0,0.0,144.75,deepseek-r1:7b,-1
2025-06-08T15:44:14.178215,7.544993,6.6,0.0,61548.28125,50.7,64587.828125,0,0.0,144.75,deepseek-r1:7b,-1
2025-06-08T15:44:14.283612,7.65039,8.2,0.0,61548.28125,50.7,64587.828125,0,0.0,144.75,deepseek-r1:7b,-1
2025-06-08T15:44:14.389061,7.755839,7.9,0.0,61548.28125,50.7,64587.828125,0,0.0,144.75,deepseek-r1:7b,-1
2025-06-08T15:44:14.494460,7.861238,6.4,0.0,61548.28125,50.7,64587.828125,0,0.0,144.75,deepseek-r1:7b,-1
2025-06-08T15:44:14.595523,7.962301,6.8,0.0,61548.28125,50.7,64587.828125,0,0.0,144.75,deepseek-r1:7b,-1
2025-06-08T15:44:14.699174,8.065952,8.4,0.0,61548.28125,50.7,64587.828125,0,0.0,144.75,deepseek-r1:7b,-1
2025-06-08T15:44:14.804533,8.171311,7.7,0.0,61548.28125,50.7,64587.828125,0,0.0,144.75,deepseek-r1:7b,-1
2025-06-08T15:44:14.909937,8.276715,0.0,0.0,61548.28125,50.7,64587.828125,0,0.0,144.75,deepseek-r1:7b,-1
2025-06-08T15:44:15.011357,8.378135,7.9,0.0,61547.5625,50.7,64590.40625,0,0.0,144.75,deepseek-r1:7b,-1
2025-06-08T15:44:15.116763,8.483541,7.6,0.0,61547.59375,50.7,64590.671875,0,0.0,144.75,deepseek-r1:7b,-1
2025-06-08T15:44:15.221403,8.588181,0.0,0.0,61547.65625,50.7,64590.765625,0,0.0,144.75,deepseek-r1:7b,-1
2025-06-08T15:44:15.326805,8.693583,0.0,0.0,61547.65625,50.7,64590.765625,0,0.0,144.75,deepseek-r1:7b,-1
2025-06-08T15:44:15.432205,8.798983,0.0,0.0,61547.65625,50.7,64590.765625,0,0.0,144.75,deepseek-r1:7b,-1
2025-06-08T15:44:15.537570,8.904348,0.0,0.0,61547.65625,50.7,64590.765625,0,0.0,144.75,deepseek-r1:7b,-1
2025-06-08T15:44:15.639833,9.006611,0.0,0.0,61547.65625,50.7,64590.765625,0,0.0,144.75,deepseek-r1:7b,-1
2025-06-08T15:44:15.742038,9.108816,0.0,0.0,61547.65625,50.7,64590.765625,0,0.0,144.75,deepseek-r1:7b,-1
2025-06-08T15:44:15.843457,9.210235,0.0,0.0,61547.65625,50.7,64590.765625,0,0.0,144.75,deepseek-r1:7b,-1
2025-06-08T15:44:15.948881,9.315659,0.0,0.0,61547.65625,50.7,64590.765625,0,0.0,144.75,deepseek-r1:7b,-1
2025-06-08T15:44:16.054265,9.421043,7.6,0.0,61547.1875,50.7,64589.0,0,0.0,144.75,deepseek-r1:7b,-1
2025-06-08T15:44:16.155379,9.522157,7.4,0.0,61547.1875,50.7,64589.0,0,0.0,144.75,deepseek-r1:7b,-1
2025-06-08T15:44:16.260814,9.627592,7.2,0.0,61547.1875,50.7,64589.0,0,0.0,144.75,deepseek-r1:7b,-1
2025-06-08T15:44:16.366229,9.733007,7.7,0.0,61547.1875,50.7,64589.0,0,0.0,144.75,deepseek-r1:7b,-1
2025-06-08T15:44:16.471595,9.838373,7.6,0.0,61547.1875,50.7,64589.0,0,0.0,144.75,deepseek-r1:7b,-1
2025-06-08T15:44:16.577066,9.943844,7.1,0.0,61547.1875,50.7,64589.0,0,0.0,144.75,deepseek-r1:7b,-1
2025-06-08T15:44:16.682477,10.049255,7.6,0.0,61547.1875,50.7,64589.0,0,0.0,144.75,deepseek-r1:7b,-1
2025-06-08T15:44:16.787889,10.154667,7.2,0.0,61547.1875,50.7,64589.0,0,0.0,144.75,deepseek-r1:7b,-1
2025-06-08T15:44:16.893291,10.260069,8.8,0.0,61547.1875,50.7,64589.0,0,0.0,144.75,deepseek-r1:7b,-1
2025-06-08T15:44:16.998626,10.365404,0.0,0.0,61547.1875,50.7,64589.0,0,0.0,144.75,deepseek-r1:7b,-1
2025-06-08T15:44:17.104013,10.470791,7.2,0.0,61546.8125,50.7,64587.3125,0,0.0,144.75,deepseek-r1:7b,-1
2025-06-08T15:44:17.209459,10.576237,6.5,0.0,61546.8125,50.7,64587.3125,0,0.0,144.75,deepseek-r1:7b,-1
2025-06-08T15:44:17.314873,10.681651,18.2,0.0,61546.8125,50.7,64587.3125,0,0.0,144.75,deepseek-r1:7b,-1
2025-06-08T15:44:17.415555,10.782333,45.4,0.0,61546.8125,50.7,64587.3125,0,0.0,144.75,deepseek-r1:7b,-1
2025-06-08T15:44:17.520901,10.887679,10.7,0.0,61546.8125,50.7,64587.3125,0,0.0,144.75,deepseek-r1:7b,-1
2025-06-08T15:44:17.626359,10.993137,8.2,0.0,61546.8125,50.7,64587.3125,0,0.0,144.75,deepseek-r1:7b,-1
2025-06-08T15:44:17.731718,11.098496,6.7,0.0,61546.8125,50.7,64587.3125,0,0.0,144.75,deepseek-r1:7b,-1
2025-06-08T15:44:17.837101,11.203879,8.2,0.0,61546.8125,50.7,64587.3125,0,0.0,144.75,deepseek-r1:7b,-1
2025-06-08T15:44:17.942469,11.309247,7.3,0.0,61546.8125,50.7,64587.3125,0,0.0,144.75,deepseek-r1:7b,-1
2025-06-08T15:44:18.044506,11.411284,8.0,0.0,61546.8125,50.7,64587.3125,0,0.0,144.75,deepseek-r1:7b,-1
2025-06-08T15:44:18.147050,11.513828,7.2,0.0,61540.953125,50.7,64595.796875,0,0.0,144.75,deepseek-r1:7b,-1
2025-06-08T15:44:18.249095,11.615873,7.4,0.0,61540.96875,50.7,64596.03125,0,0.0,144.75,deepseek-r1:7b,-1
2025-06-08T15:44:18.349851,11.716629,8.6,0.0,61540.890625,50.7,64596.390625,0,0.0,144.75,deepseek-r1:7b,-1
2025-06-08T15:44:18.455269,11.822047,6.6,0.0,61540.890625,50.7,64596.390625,0,0.0,144.75,deepseek-r1:7b,-1
2025-06-08T15:44:18.560709,11.927487,7.6,0.0,61540.890625,50.7,64596.390625,0,0.0,144.75,deepseek-r1:7b,-1
2025-06-08T15:44:18.664558,12.031336,7.3,0.0,61540.890625,50.7,64596.390625,0,0.0,144.75,deepseek-r1:7b,-1
2025-06-08T15:44:18.768151,12.134929,7.8,0.0,61540.890625,50.7,64596.390625,0,0.0,144.75,deepseek-r1:7b,-1
2025-06-08T15:44:18.873558,12.240336,8.4,0.0,61540.890625,50.7,64596.390625,0,0.0,144.75,deepseek-r1:7b,-1
2025-06-08T15:44:18.978972,12.34575,0.0,0.0,61540.890625,50.7,64596.390625,0,0.0,144.75,deepseek-r1:7b,-1
2025-06-08T15:44:19.084423,12.451201,0.0,0.0,61540.890625,50.7,64596.390625,0,0.0,144.75,deepseek-r1:7b,-1
2025-06-08T15:44:19.189853,12.556631,7.1,0.0,61540.59375,50.7,64598.375,0,0.0,144.75,deepseek-r1:7b,-1
2025-06-08T15:44:19.291935,12.658713,7.4,0.0,61540.484375,50.7,64598.734375,0,0.0,144.75,deepseek-r1:7b,-1
2025-06-08T15:44:19.397408,12.764186,7.7,0.0,61540.453125,50.7,64598.9375,0,0.0,144.75,deepseek-r1:7b,-1
2025-06-08T15:44:19.502833,12.869611,7.2,0.0,61540.453125,50.7,64599.171875,0,0.0,144.75,deepseek-r1:7b,-1
2025-06-08T15:44:19.608248,12.975026,7.5,0.0,61540.453125,50.7,64599.171875,0,0.0,144.75,deepseek-r1:7b,-1
2025-06-08T15:44:19.713634,13.080412,6.1,0.0,61540.453125,50.7,64599.171875,0,0.0,144.75,deepseek-r1:7b,-1
2025-06-08T15:44:19.816709,13.183487,9.1,0.0,61540.453125,50.7,64599.171875,0,0.0,144.75,deepseek-r1:7b,-1
2025-06-08T15:44:19.922120,13.288898,7.6,0.0,61540.453125,50.7,64599.171875,0,0.0,144.75,deepseek-r1:7b,-1
2025-06-08T15:44:20.027498,13.394276,7.2,0.0,61540.453125,50.7,64599.171875,0,0.0,144.75,deepseek-r1:7b,-1
2025-06-08T15:44:20.132972,13.49975,7.1,0.0,61540.453125,50.7,64599.171875,0,0.0,144.75,deepseek-r1:7b,-1
2025-06-08T15:44:20.235338,13.602116,7.8,0.0,61540.578125,50.7,64596.390625,0,0.0,144.75,deepseek-r1:7b,-1
2025-06-08T15:44:20.340755,13.707533,8.3,0.0,61537.609375,50.7,64599.625,0,0.0,144.75,deepseek-r1:7b,-1
2025-06-08T15:44:20.446176,13.812954,7.1,0.0,61537.296875,50.7,64600.125,0,0.0,144.75,deepseek-r1:7b,-1
2025-06-08T15:44:20.551692,13.91847,7.1,0.0,61537.296875,50.7,64600.125,0,0.0,144.75,deepseek-r1:7b,-1
2025-06-08T15:44:20.657081,14.023859,6.6,0.0,61537.296875,50.7,64600.125,0,0.0,144.75,deepseek-r1:7b,-1
2025-06-08T15:44:20.762415,14.129193,8.8,0.0,61537.296875,50.7,64600.125,0,0.0,144.75,deepseek-r1:7b,-1
2025-06-08T15:44:20.867803,14.234581,7.2,0.0,61537.296875,50.7,64600.125,0,0.0,144.75,deepseek-r1:7b,-1
2025-06-08T15:44:20.972030,14.338808,7.2,0.0,61537.296875,50.7,64600.125,0,0.0,144.75,deepseek-r1:7b,-1
2025-06-08T15:44:21.073979,14.440757,7.4,0.0,61537.296875,50.7,64600.125,0,0.0,144.75,deepseek-r1:7b,-1
2025-06-08T15:44:21.179337,14.546115,8.2,0.0,61537.296875,50.7,64600.125,0,0.0,144.75,deepseek-r1:7b,-1
2025-06-08T15:44:21.284702,14.65148,7.7,0.0,61531.265625,50.7,64603.828125,0,0.0,144.75,deepseek-r1:7b,-1
2025-06-08T15:44:21.385945,14.752723,7.4,0.0,61531.265625,50.7,64603.96875,0,0.0,144.75,deepseek-r1:7b,-1
2025-06-08T15:44:21.488509,14.855287,6.8,0.0,61531.234375,50.7,64604.359375,0,0.0,144.75,deepseek-r1:7b,-1
2025-06-08T15:44:21.593933,14.960711,6.5,0.0,61531.234375,50.7,64604.359375,0,0.0,144.75,deepseek-r1:7b,-1
2025-06-08T15:44:21.699304,15.066082,8.2,0.0,61531.234375,50.7,64604.359375,0,0.0,144.75,deepseek-r1:7b,-1
2025-06-08T15:44:21.800096,15.166874,8.5,0.0,61531.234375,50.7,64604.359375,0,0.0,144.75,deepseek-r1:7b,-1
2025-06-08T15:44:21.901381,15.268159,6.8,0.0,61531.234375,50.7,64604.359375,0,0.0,144.75,deepseek-r1:7b,-1
2025-06-08T15:44:22.002882,15.36966,8.1,0.0,61531.234375,50.7,64604.359375,0,0.0,144.75,deepseek-r1:7b,-1
2025-06-08T15:44:22.108292,15.47507,8.9,0.0,61531.234375,50.7,64604.359375,0,0.0,144.75,deepseek-r1:7b,-1
2025-06-08T15:44:22.213682,15.58046,0.0,0.0,61531.234375,50.7,64604.359375,0,0.0,144.75,deepseek-r1:7b,-1
2025-06-08T15:44:22.319086,15.685864,7.7,0.0,61532.234375,50.7,64605.875,0,0.0,144.75,deepseek-r1:7b,-1
2025-06-08T15:44:22.421092,15.78787,7.2,0.0,61532.234375,50.7,64605.984375,0,0.0,144.75,deepseek-r1:7b,-1
2025-06-08T15:44:22.526534,15.893312,7.7,0.0,61532.234375,50.7,64606.234375,0,0.0,144.75,deepseek-r1:7b,-1
2025-06-08T15:44:24.676926,0.039865,9.8,0.0,61691.0,50.8,64437.921875,0,0.0,144.75,deepseek-r1:7b,-1
2025-06-08T15:44:24.782082,0.145021,15.6,0.0,61651.234375,50.8,64479.265625,0,0.0,144.75,deepseek-r1:7b,-1
2025-06-08T15:44:24.887494,0.250433,12.8,0.0,61666.25,50.8,64464.3125,0,0.0,144.75,deepseek-r1:7b,-1
2025-06-08T15:44:24.992801,0.35574,9.3,0.0,61669.25,50.8,64464.3125,0,0.0,144.75,deepseek-r1:7b,-1
2025-06-08T15:44:25.095362,0.458301,9.3,0.0,61669.25,50.8,64464.3125,0,0.0,144.75,deepseek-r1:7b,-1
2025-06-08T15:44:25.198285,0.561224,14.6,0.0,61669.25,50.8,64464.3125,0,0.0,144.75,deepseek-r1:7b,-1
2025-06-08T15:44:25.303128,0.666067,0.0,0.0,61669.25,50.8,64464.3125,0,0.0,144.75,deepseek-r1:7b,-1
2025-06-08T15:44:25.408175,0.771114,0.0,0.0,61669.25,50.8,64464.3125,0,0.0,144.75,deepseek-r1:7b,-1
2025-06-08T15:44:25.513723,0.876662,0.0,0.0,61669.25,50.8,64464.3125,0,0.0,144.75,deepseek-r1:7b,-1
2025-06-08T15:44:25.615116,0.978055,0.0,0.0,61669.25,50.8,64464.3125,0,0.0,144.75,deepseek-r1:7b,-1
2025-06-08T15:44:25.720499,1.083438,9.7,0.0,61884.359375,51.0,64243.875,0,0.0,144.75,deepseek-r1:7b,-1
2025-06-08T15:44:25.822772,1.185711,10.8,0.0,61884.359375,51.0,64244.46875,0,0.0,144.75,deepseek-r1:7b,-1
2025-06-08T15:44:25.928132,1.291071,15.3,0.0,61884.359375,51.0,64244.46875,0,0.0,144.75,deepseek-r1:7b,-1
2025-06-08T15:44:26.029242,1.392181,13.6,0.0,61884.359375,51.0,64244.46875,0,0.0,144.75,deepseek-r1:7b,-1
2025-06-08T15:44:26.130224,1.493163,9.3,0.0,61884.359375,51.0,64244.46875,0,0.0,144.75,deepseek-r1:7b,-1
2025-06-08T15:44:26.232263,1.595202,7.5,0.0,61884.359375,51.0,64244.46875,0,0.0,144.75,deepseek-r1:7b,-1
2025-06-08T15:44:26.336986,1.699925,12.5,0.0,61884.359375,51.0,64244.46875,0,0.0,144.75,deepseek-r1:7b,-1
2025-06-08T15:44:26.442379,1.805318,8.8,0.0,61884.359375,51.0,64244.46875,0,0.0,144.75,deepseek-r1:7b,-1
2025-06-08T15:44:26.543661,1.9066,0.0,0.0,61884.359375,51.0,64244.46875,0,0.0,144.75,deepseek-r1:7b,-1
2025-06-08T15:44:26.649110,2.012049,0.0,0.0,61884.359375,51.0,64244.46875,0,0.0,144.75,deepseek-r1:7b,-1
2025-06-08T15:44:26.753647,2.116586,9.5,0.0,61710.484375,50.9,64421.609375,0,0.0,144.75,deepseek-r1:7b,-1
2025-06-08T15:44:26.855905,2.218844,9.3,0.0,61710.484375,50.9,64421.609375,0,0.0,144.75,deepseek-r1:7b,-1
2025-06-08T15:44:26.956980,2.319919,9.7,0.0,61710.484375,50.9,64421.609375,0,0.0,144.75,deepseek-r1:7b,-1
2025-06-08T15:44:27.062379,2.425318,0.0,0.0,61710.484375,50.9,64421.609375,0,0.0,144.75,deepseek-r1:7b,-1
2025-06-08T15:44:27.163429,2.526368,0.0,0.0,61710.484375,50.9,64421.609375,0,0.0,144.75,deepseek-r1:7b,-1
2025-06-08T15:44:27.268877,2.631816,0.0,0.0,61710.484375,50.9,64421.609375,0,0.0,144.75,deepseek-r1:7b,-1
2025-06-08T15:44:27.373458,2.736397,0.0,0.0,61710.484375,50.9,64421.609375,0,0.0,144.75,deepseek-r1:7b,-1
2025-06-08T15:44:27.478889,2.841828,0.0,0.0,61710.484375,50.9,64421.609375,0,0.0,144.75,deepseek-r1:7b,-1
2025-06-08T15:44:27.584275,2.947214,0.0,0.0,61710.484375,50.9,64421.609375,0,0.0,144.75,deepseek-r1:7b,-1
2025-06-08T15:44:27.689648,3.052587,0.0,0.0,61710.484375,50.9,64421.609375,0,0.0,144.75,deepseek-r1:7b,-1
2025-06-08T15:44:27.794746,3.157685,9.1,0.0,61706.25,50.8,64422.640625,0,0.0,144.75,deepseek-r1:7b,-1
2025-06-08T15:44:27.896265,3.259204,10.6,0.0,61706.25,50.8,64422.640625,0,0.0,144.75,deepseek-r1:7b,-1
2025-06-08T15:44:27.997737,3.360676,11.6,0.0,61706.25,50.8,64422.640625,0,0.0,144.75,deepseek-r1:7b,-1
2025-06-08T15:44:28.103165,3.466104,7.1,0.0,61706.25,50.8,64422.640625,0,0.0,144.75,deepseek-r1:7b,-1
2025-06-08T15:44:28.208580,3.571519,0.0,0.0,61706.25,50.8,64422.640625,0,0.0,144.75,deepseek-r1:7b,-1
2025-06-08T15:44:28.313989,3.676928,0.0,0.0,61706.25,50.8,64422.640625,0,0.0,144.75,deepseek-r1:7b,-1
2025-06-08T15:44:28.415781,3.77872,0.0,0.0,61706.25,50.8,64422.640625,0,0.0,144.75,deepseek-r1:7b,-1
2025-06-08T15:44:28.517772,3.880711,0.0,0.0,61706.25,50.8,64422.640625,0,0.0,144.75,deepseek-r1:7b,-1
2025-06-08T15:44:28.623200,3.986139,0.0,0.0,61706.25,50.8,64422.640625,0,0.0,144.75,deepseek-r1:7b,-1
2025-06-08T15:44:28.728038,4.090977,0.0,0.0,61706.25,50.8,64422.640625,0,0.0,144.75,deepseek-r1:7b,-1
2025-06-08T15:44:28.832882,4.195821,8.0,0.0,61631.15625,50.8,64494.90625,0,0.0,144.75,deepseek-r1:7b,-1
2025-06-08T15:44:28.938147,4.301086,7.8,0.0,61631.15625,50.8,64495.140625,0,0.0,144.75,deepseek-r1:7b,-1
2025-06-08T15:44:29.042947,4.405886,10.0,0.0,61631.1875,50.8,64495.359375,0,0.0,144.75,deepseek-r1:7b,-1
2025-06-08T15:44:29.145221,4.50816,0.0,0.0,61631.1875,50.8,64495.359375,0,0.0,144.75,deepseek-r1:7b,-1
2025-06-08T15:44:29.250552,4.613491,0.0,0.0,61631.1875,50.8,64495.359375,0,0.0,144.75,deepseek-r1:7b,-1
2025-06-08T15:44:29.352526,4.715465,0.0,0.0,61631.1875,50.8,64495.359375,0,0.0,144.75,deepseek-r1:7b,-1
2025-06-08T15:44:29.457903,4.820842,0.0,0.0,61631.1875,50.8,64495.359375,0,0.0,144.75,deepseek-r1:7b,-1
2025-06-08T15:44:29.562767,4.925706,0.0,0.0,61631.1875,50.8,64495.359375,0,0.0,144.75,deepseek-r1:7b,-1
2025-06-08T15:44:29.664697,5.027636,0.0,0.0,61631.1875,50.8,64495.359375,0,0.0,144.75,deepseek-r1:7b,-1
2025-06-08T15:44:29.769696,5.132635,0.0,0.0,61631.1875,50.8,64495.359375,0,0.0,144.75,deepseek-r1:7b,-1
2025-06-08T15:44:29.872572,5.235511,7.8,0.0,61607.6875,50.8,64520.578125,0,0.0,144.75,deepseek-r1:7b,-1
2025-06-08T15:44:29.978030,5.340969,7.8,0.0,61607.6875,50.8,64520.578125,0,0.0,144.75,deepseek-r1:7b,-1
2025-06-08T15:44:30.080652,5.443591,8.4,0.0,61607.6875,50.8,64520.578125,0,0.0,144.75,deepseek-r1:7b,-1
2025-06-08T15:44:30.186082,5.549021,8.3,0.0,61607.6875,50.8,64520.578125,0,0.0,144.75,deepseek-r1:7b,-1
2025-06-08T15:44:30.291471,5.65441,9.0,0.0,61607.6875,50.8,64520.578125,0,0.0,144.75,deepseek-r1:7b,-1
2025-06-08T15:44:30.396951,5.75989,9.3,0.0,61607.6875,50.8,64520.578125,0,0.0,144.75,deepseek-r1:7b,-1
2025-06-08T15:44:30.502382,5.865321,6.6,0.0,61607.6875,50.8,64520.578125,0,0.0,144.75,deepseek-r1:7b,-1
2025-06-08T15:44:30.607748,5.970687,6.5,0.0,61607.6875,50.8,64520.578125,0,0.0,144.75,deepseek-r1:7b,-1
2025-06-08T15:44:30.709774,6.072713,0.0,0.0,61607.6875,50.8,64520.578125,0,0.0,144.75,deepseek-r1:7b,-1
2025-06-08T15:44:30.810940,6.173879,0.0,0.0,61607.6875,50.8,64520.578125,0,0.0,144.75,deepseek-r1:7b,-1
2025-06-08T15:44:30.911357,6.274296,8.0,0.0,61518.8125,50.7,64612.046875,0,0.0,144.75,deepseek-r1:7b,-1
2025-06-08T15:44:31.016786,6.379725,7.1,0.0,61518.828125,50.7,64612.1875,0,0.0,144.75,deepseek-r1:7b,-1
2025-06-08T15:44:31.122156,6.485095,0.0,0.0,61518.828125,50.7,64612.421875,0,0.0,144.75,deepseek-r1:7b,-1
2025-06-08T15:44:31.227550,6.590489,0.0,0.0,61518.828125,50.7,64612.421875,0,0.0,144.75,deepseek-r1:7b,-1
2025-06-08T15:44:31.332935,6.695874,0.0,0.0,61518.828125,50.7,64612.421875,0,0.0,144.75,deepseek-r1:7b,-1
2025-06-08T15:44:31.438315,6.801254,0.0,0.0,61518.828125,50.7,64612.421875,0,0.0,144.75,deepseek-r1:7b,-1
2025-06-08T15:44:31.543739,6.906678,0.0,0.0,61518.828125,50.7,64612.421875,0,0.0,144.75,deepseek-r1:7b,-1
2025-06-08T15:44:31.647639,7.010578,0.0,0.0,61518.828125,50.7,64612.421875,0,0.0,144.75,deepseek-r1:7b,-1
2025-06-08T15:44:31.753030,7.115969,0.0,0.0,61518.828125,50.7,64612.421875,0,0.0,144.75,deepseek-r1:7b,-1
2025-06-08T15:44:31.858399,7.221338,0.0,0.0,61518.828125,50.7,64612.421875,0,0.0,144.75,deepseek-r1:7b,-1
2025-06-08T15:44:31.963837,7.326776,7.5,0.0,61518.3125,50.7,64614.578125,0,0.0,144.75,deepseek-r1:7b,-1
2025-06-08T15:44:32.068859,7.431798,7.1,0.0,61518.3125,50.7,64610.6875,0,0.0,144.75,deepseek-r1:7b,-1
2025-06-08T15:44:32.169530,7.532469,6.8,0.0,61518.359375,50.7,64611.0625,0,0.0,144.75,deepseek-r1:7b,-1
2025-06-08T15:44:32.272694,7.635633,8.4,0.0,61518.359375,50.7,64611.0625,0,0.0,144.75,deepseek-r1:7b,-1
2025-06-08T15:44:32.374049,7.736988,8.6,0.0,61518.359375,50.7,64611.0625,0,0.0,144.75,deepseek-r1:7b,-1
2025-06-08T15:44:32.478124,7.841063,7.2,0.0,61518.359375,50.7,64611.0625,0,0.0,144.75,deepseek-r1:7b,-1
2025-06-08T15:44:32.583268,7.946207,7.1,0.0,61518.359375,50.7,64611.0625,0,0.0,144.75,deepseek-r1:7b,-1
2025-06-08T15:44:32.686252,8.049191,7.4,0.0,61518.359375,50.7,64611.0625,0,0.0,144.75,deepseek-r1:7b,-1
2025-06-08T15:44:32.789226,8.152165,0.0,0.0,61518.359375,50.7,64611.0625,0,0.0,144.75,deepseek-r1:7b,-1
2025-06-08T15:44:32.892290,8.255229,0.0,0.0,61518.359375,50.7,64611.0625,0,0.0,144.75,deepseek-r1:7b,-1
2025-06-08T15:44:32.995237,8.358176,11.5,0.0,61657.546875,50.8,64480.84375,0,0.0,144.75,deepseek-r1:7b,-1
2025-06-08T15:44:33.096255,8.459194,13.1,0.0,61657.609375,50.8,64473.59375,0,0.0,144.75,deepseek-r1:7b,-1
2025-06-08T15:44:33.201623,8.564562,0.0,0.0,61657.625,50.8,64470.171875,0,0.0,144.75,deepseek-r1:7b,-1
2025-06-08T15:44:33.304368,8.667307,0.0,0.0,61654.625,50.8,64473.5,0,0.0,144.75,deepseek-r1:7b,-1
2025-06-08T15:44:33.409766,8.772705,0.0,0.0,61654.625,50.8,64473.5,0,0.0,144.75,deepseek-r1:7b,-1
2025-06-08T15:44:33.515169,8.878108,0.0,0.0,61654.625,50.8,64473.5,0,0.0,144.75,deepseek-r1:7b,-1
2025-06-08T15:44:33.620553,8.983492,0.0,0.0,61654.625,50.8,64473.5,0,0.0,144.75,deepseek-r1:7b,-1
2025-06-08T15:44:33.721219,9.084158,0.0,0.0,61654.625,50.8,64473.5,0,0.0,144.75,deepseek-r1:7b,-1
2025-06-08T15:44:33.826591,9.18953,0.0,0.0,61654.625,50.8,64473.5,0,0.0,144.75,deepseek-r1:7b,-1
2025-06-08T15:44:33.931625,9.294564,0.0,0.0,61654.625,50.8,64473.5,0,0.0,144.75,deepseek-r1:7b,-1
2025-06-08T15:44:34.037023,9.399962,9.7,0.0,61657.453125,50.8,64472.921875,0,0.0,144.75,deepseek-r1:7b,-1
2025-06-08T15:44:34.142475,9.505414,11.4,0.0,61657.453125,50.8,64473.640625,0,0.0,144.75,deepseek-r1:7b,-1
2025-06-08T15:44:34.245163,9.608102,10.8,0.0,61657.453125,50.8,64473.640625,0,0.0,144.75,deepseek-r1:7b,-1
2025-06-08T15:44:34.349339,9.712278,10.3,0.0,61657.453125,50.8,64473.640625,0,0.0,144.75,deepseek-r1:7b,-1
2025-06-08T15:44:34.454776,9.817715,8.8,0.0,61657.453125,50.8,64473.640625,0,0.0,144.75,deepseek-r1:7b,-1
2025-06-08T15:44:34.560256,9.923195,7.7,0.0,61657.453125,50.8,64473.640625,0,0.0,144.75,deepseek-r1:7b,-1
2025-06-08T15:44:34.665696,10.028635,10.7,0.0,61657.453125,50.8,64473.640625,0,0.0,144.75,deepseek-r1:7b,-1
2025-06-08T15:44:34.771016,10.133955,11.0,0.0,61657.453125,50.8,64473.640625,0,0.0,144.75,deepseek-r1:7b,-1
2025-06-08T15:44:34.876376,10.239315,0.0,0.0,61657.453125,50.8,64473.640625,0,0.0,144.75,deepseek-r1:7b,-1
2025-06-08T15:44:34.980779,10.343718,0.0,0.0,61657.453125,50.8,64473.640625,0,0.0,144.75,deepseek-r1:7b,-1
2025-06-08T15:44:35.086242,10.449181,7.6,0.0,61657.65625,50.8,64472.296875,0,0.0,144.75,deepseek-r1:7b,-1
2025-06-08T15:44:35.190429,10.553368,7.8,0.0,61657.71875,50.8,64472.578125,0,0.0,144.75,deepseek-r1:7b,-1
2025-06-08T15:44:35.291980,10.654919,8.7,0.0,61658.21875,50.8,64470.875,0,0.0,144.75,deepseek-r1:7b,-1
2025-06-08T15:44:35.394096,10.757035,12.7,0.0,61658.21875,50.8,64470.875,0,0.0,144.75,deepseek-r1:7b,-1
2025-06-08T15:44:35.496422,10.859361,12.9,0.0,61658.21875,50.8,64470.875,0,0.0,144.75,deepseek-r1:7b,-1
2025-06-08T15:44:35.597551,10.96049,9.8,0.0,61658.21875,50.8,64470.875,0,0.0,144.75,deepseek-r1:7b,-1
2025-06-08T15:44:35.700247,11.063186,0.0,0.0,61658.21875,50.8,64470.875,0,0.0,144.75,deepseek-r1:7b,-1
2025-06-08T15:44:35.805667,11.168606,0.0,0.0,61658.21875,50.8,64470.875,0,0.0,144.75,deepseek-r1:7b,-1
2025-06-08T15:44:35.906942,11.269881,0.0,0.0,61658.21875,50.8,64470.875,0,0.0,144.75,deepseek-r1:7b,-1
2025-06-08T15:44:36.009599,11.372538,0.0,0.0,61658.21875,50.8,64470.875,0,0.0,144.75,deepseek-r1:7b,-1
2025-06-08T15:44:36.115027,11.477966,8.1,0.0,61578.359375,50.8,64548.84375,0,0.0,144.75,deepseek-r1:7b,-1
2025-06-08T15:44:36.220386,11.583325,6.6,0.0,61578.40625,50.8,64548.96875,0,0.0,144.75,deepseek-r1:7b,-1
2025-06-08T15:44:36.323742,11.686681,7.9,0.0,61578.40625,50.8,64548.96875,0,0.0,144.75,deepseek-r1:7b,-1
2025-06-08T15:44:36.425690,11.788629,8.0,0.0,61578.40625,50.8,64548.96875,0,0.0,144.75,deepseek-r1:7b,-1
2025-06-08T15:44:36.531117,11.894056,6.5,0.0,61578.40625,50.8,64548.96875,0,0.0,144.75,deepseek-r1:7b,-1
2025-06-08T15:44:36.636538,11.999477,7.7,0.0,61578.40625,50.8,64548.96875,0,0.0,144.75,deepseek-r1:7b,-1
2025-06-08T15:44:38.789498,0.041545,9.1,0.0,59644.75,49.3,66489.078125,0,0.0,144.765625,deepseek-r1:7b,-1
2025-06-08T15:44:38.890781,0.142828,16.1,0.0,60298.625,49.8,65835.046875,0,0.0,144.765625,deepseek-r1:7b,-1
2025-06-08T15:44:38.996058,0.248105,13.5,0.0,60298.625,49.8,65835.046875,0,0.0,144.765625,deepseek-r1:7b,-1
2025-06-08T15:44:39.097668,0.349715,11.2,0.0,60298.625,49.8,65835.046875,0,0.7,144.78125,deepseek-r1:7b,-1
2025-06-08T15:44:39.202854,0.454901,13.8,0.0,60298.625,49.8,65835.046875,0,0.0,144.78125,deepseek-r1:7b,-1
2025-06-08T15:44:39.305870,0.557917,7.8,0.0,60298.625,49.8,65835.046875,0,0.0,144.78125,deepseek-r1:7b,-1
2025-06-08T15:44:39.406927,0.658974,9.3,0.0,60298.625,49.8,65835.046875,0,0.0,144.78125,deepseek-r1:7b,-1
2025-06-08T15:44:39.512578,0.764625,6.5,0.0,60298.625,49.8,65835.046875,0,0.0,144.78125,deepseek-r1:7b,-1
2025-06-08T15:44:39.617990,0.870037,0.0,0.0,60298.625,49.8,65835.046875,0,0.0,144.78125,deepseek-r1:7b,-1
2025-06-08T15:44:39.723165,0.975212,0.0,0.0,60298.625,49.8,65835.046875,0,0.0,144.78125,deepseek-r1:7b,-1
2025-06-08T15:44:39.828595,1.080642,10.7,0.0,61777.9375,50.9,64356.734375,0,0.0,144.78125,deepseek-r1:7b,-1
2025-06-08T15:44:39.929934,1.181981,9.8,0.0,61777.9375,50.9,64353.3125,0,0.0,144.78125,deepseek-r1:7b,-1
2025-06-08T15:44:40.035380,1.287427,7.7,0.0,61777.9375,50.9,64353.3125,0,0.0,144.78125,deepseek-r1:7b,-1
2025-06-08T15:44:40.139760,1.391807,0.0,0.0,61777.9375,50.9,64353.3125,0,0.0,144.78125,deepseek-r1:7b,-1
2025-06-08T15:44:40.241026,1.493073,0.0,0.0,61777.9375,50.9,64353.3125,0,0.0,144.78125,deepseek-r1:7b,-1
2025-06-08T15:44:40.346076,1.598123,0.0,0.0,61777.9375,50.9,64353.3125,0,0.0,144.78125,deepseek-r1:7b,-1
2025-06-08T15:44:40.451527,1.703574,0.0,0.0,61777.9375,50.9,64353.3125,0,0.0,144.78125,deepseek-r1:7b,-1
2025-06-08T15:44:40.556965,1.809012,0.0,0.0,61777.9375,50.9,64353.3125,0,0.0,144.78125,deepseek-r1:7b,-1
2025-06-08T15:44:40.658059,1.910106,0.0,0.0,61777.9375,50.9,64353.3125,0,0.0,144.78125,deepseek-r1:7b,-1
2025-06-08T15:44:40.762759,2.014806,0.0,0.0,61777.9375,50.9,64353.3125,0,0.0,144.78125,deepseek-r1:7b,-1
2025-06-08T15:44:40.868210,2.120257,9.1,0.0,61656.140625,50.8,64473.53125,0,0.0,144.78125,deepseek-r1:7b,-1
2025-06-08T15:44:40.971627,2.223674,7.4,0.0,61656.140625,50.8,64473.8125,0,0.0,144.78125,deepseek-r1:7b,-1
2025-06-08T15:44:41.076971,2.329018,11.8,0.0,61656.140625,50.8,64473.8125,0,0.0,144.78125,deepseek-r1:7b,-1
2025-06-08T15:44:41.179934,2.431981,10.8,0.0,61656.140625,50.8,64473.8125,0,0.0,144.78125,deepseek-r1:7b,-1
2025-06-08T15:44:41.285381,2.537428,10.1,0.0,61656.140625,50.8,64473.8125,0,0.0,144.78125,deepseek-r1:7b,-1
2025-06-08T15:44:41.390823,2.64287,0.0,0.0,61656.140625,50.8,64473.8125,0,0.0,144.78125,deepseek-r1:7b,-1
2025-06-08T15:44:41.496252,2.748299,0.0,0.0,61656.140625,50.8,64473.8125,0,0.0,144.78125,deepseek-r1:7b,-1
2025-06-08T15:44:41.601643,2.85369,0.0,0.0,61656.140625,50.8,64473.8125,0,0.0,144.78125,deepseek-r1:7b,-1
2025-06-08T15:44:41.703359,2.955406,0.0,0.0,61656.140625,50.8,64473.8125,0,0.0,144.78125,deepseek-r1:7b,-1
2025-06-08T15:44:41.804921,3.056968,0.0,0.0,61656.140625,50.8,64473.8125,0,0.0,144.78125,deepseek-r1:7b,-1
2025-06-08T15:44:41.910354,3.162401,9.2,0.0,61653.171875,50.8,64483.9375,0,0.0,144.78125,deepseek-r1:7b,-1
2025-06-08T15:44:42.015745,3.267792,10.0,0.0,61653.171875,50.8,64483.9375,0,0.0,144.78125,deepseek-r1:7b,-1
2025-06-08T15:44:42.120008,3.372055,7.3,0.0,61653.171875,50.8,64483.9375,0,0.0,144.78125,deepseek-r1:7b,-1
2025-06-08T15:44:42.225454,3.477501,9.5,0.0,61653.171875,50.8,64483.9375,0,0.0,144.78125,deepseek-r1:7b,-1
2025-06-08T15:44:42.330900,3.582947,10.7,0.0,61653.171875,50.8,64483.9375,0,0.0,144.78125,deepseek-r1:7b,-1
2025-06-08T15:44:42.436325,3.688372,0.0,0.0,61653.171875,50.8,64483.9375,0,0.0,144.78125,deepseek-r1:7b,-1
2025-06-08T15:44:42.539792,3.791839,0.0,0.0,61653.171875,50.8,64483.9375,0,0.0,144.78125,deepseek-r1:7b,-1
2025-06-08T15:44:42.641490,3.893537,0.0,0.0,61653.171875,50.8,64483.9375,0,0.0,144.78125,deepseek-r1:7b,-1
2025-06-08T15:44:42.746897,3.998944,0.0,0.0,61653.171875,50.8,64483.9375,0,0.0,144.78125,deepseek-r1:7b,-1
2025-06-08T15:44:42.852265,4.104312,0.0,0.0,61653.171875,50.8,64483.9375,0,0.0,144.78125,deepseek-r1:7b,-1
2025-06-08T15:44:42.957459,4.209506,12.4,0.0,61621.703125,50.8,64511.40625,0,0.0,144.78125,deepseek-r1:7b,-1
2025-06-08T15:44:43.060614,4.312661,10.8,0.0,61621.703125,50.8,64513.234375,0,0.0,144.78125,deepseek-r1:7b,-1
2025-06-08T15:44:43.165993,4.41804,10.8,0.0,61549.65625,50.7,64587.1875,0,0.0,144.78125,deepseek-r1:7b,-1
2025-06-08T15:44:43.271437,4.523484,12.4,0.0,61549.65625,50.7,64587.1875,0,0.0,144.78125,deepseek-r1:7b,-1
2025-06-08T15:44:43.373135,4.625182,13.0,0.0,61549.65625,50.7,64587.1875,0,0.0,144.78125,deepseek-r1:7b,-1
2025-06-08T15:44:43.478811,4.730858,7.6,0.0,61549.65625,50.7,64587.1875,0,0.0,144.78125,deepseek-r1:7b,-1
2025-06-08T15:44:43.582468,4.834515,9.8,0.0,61549.65625,50.7,64587.1875,0,0.0,144.78125,deepseek-r1:7b,-1
2025-06-08T15:44:43.686101,4.938148,7.2,0.0,61549.65625,50.7,64587.1875,0,0.0,144.78125,deepseek-r1:7b,-1
2025-06-08T15:44:43.791491,5.043538,8.3,0.0,61549.65625,50.7,64587.1875,0,0.0,144.78125,deepseek-r1:7b,-1
2025-06-08T15:44:43.896931,5.148978,8.8,0.0,61549.65625,50.7,64587.1875,0,0.0,144.78125,deepseek-r1:7b,-1
2025-06-08T15:44:43.998173,5.25022,6.3,0.0,61543.765625,50.7,64595.65625,0,0.0,144.78125,deepseek-r1:7b,-1
2025-06-08T15:44:44.103537,5.355584,7.7,0.0,61543.765625,50.7,64595.75,0,0.0,144.78125,deepseek-r1:7b,-1
2025-06-08T15:44:44.208928,5.460975,8.1,0.0,61543.765625,50.7,64595.75,0,0.0,144.78125,deepseek-r1:7b,-1
2025-06-08T15:44:44.312700,5.564747,8.0,0.0,61543.765625,50.7,64595.75,0,0.0,144.78125,deepseek-r1:7b,-1
2025-06-08T15:44:44.418111,5.670158,10.6,0.0,61543.765625,50.7,64595.75,0,0.0,144.78125,deepseek-r1:7b,-1
2025-06-08T15:44:44.523571,5.775618,7.6,0.0,61543.765625,50.7,64595.75,0,0.0,144.78125,deepseek-r1:7b,-1
2025-06-08T15:44:44.628999,5.881046,6.5,0.0,61543.765625,50.7,64595.75,0,0.0,144.78125,deepseek-r1:7b,-1
2025-06-08T15:44:44.734380,5.986427,7.8,0.0,61543.765625,50.7,64595.75,0,0.0,144.78125,deepseek-r1:7b,-1
2025-06-08T15:44:44.839856,6.091903,7.1,0.0,61543.765625,50.7,64595.75,0,0.0,144.78125,deepseek-r1:7b,-1
2025-06-08T15:44:44.943477,6.195524,0.0,0.0,61543.765625,50.7,64595.75,0,0.0,144.78125,deepseek-r1:7b,-1
2025-06-08T15:44:45.048883,6.30093,8.3,0.0,61615.4375,50.8,64526.515625,0,0.0,144.78125,deepseek-r1:7b,-1
2025-06-08T15:44:45.154320,6.406367,6.7,0.0,61615.4375,50.8,64522.78125,0,0.0,144.78125,deepseek-r1:7b,-1
2025-06-08T15:44:45.259734,6.511781,8.3,0.0,61615.546875,50.8,64519.203125,0,0.0,144.78125,deepseek-r1:7b,-1
2025-06-08T15:44:45.363285,6.615332,6.8,0.0,61615.453125,50.8,64519.546875,0,0.0,144.78125,deepseek-r1:7b,-1
2025-06-08T15:44:45.466309,6.718356,10.8,0.0,61615.453125,50.8,64519.546875,0,0.0,144.78125,deepseek-r1:7b,-1
2025-06-08T15:44:45.571737,6.823784,9.4,0.0,61615.453125,50.8,64519.546875,0,0.4,144.78125,deepseek-r1:7b,-1
2025-06-08T15:44:45.674663,6.92671,7.4,0.0,61615.453125,50.8,64519.546875,0,0.0,144.78125,deepseek-r1:7b,-1
2025-06-08T15:44:45.780041,7.032088,8.8,0.0,61615.453125,50.8,64519.546875,0,0.0,144.78125,deepseek-r1:7b,-1
2025-06-08T15:44:45.885483,7.13753,7.2,0.0,61615.453125,50.8,64519.546875,0,0.0,144.78125,deepseek-r1:7b,-1
2025-06-08T15:44:45.987514,7.239561,0.0,0.0,61615.453125,50.8,64519.546875,0,0.0,144.78125,deepseek-r1:7b,-1
2025-06-08T15:44:46.088667,7.340714,7.1,0.0,61624.546875,50.8,64511.890625,0,0.0,144.78125,deepseek-r1:7b,-1
2025-06-08T15:44:46.194066,7.446113,7.1,0.0,61624.546875,50.8,64511.890625,0,0.0,144.78125,deepseek-r1:7b,-1
2025-06-08T15:44:46.299097,7.551144,6.6,0.0,61624.546875,50.8,64511.890625,0,0.0,144.78125,deepseek-r1:7b,-1
2025-06-08T15:44:46.404546,7.656593,9.5,0.0,61624.546875,50.8,64511.890625,0,0.0,144.78125,deepseek-r1:7b,-1
2025-06-08T15:44:46.505875,7.757922,6.7,0.0,61624.546875,50.8,64511.890625,0,0.0,144.78125,deepseek-r1:7b,-1
2025-06-08T15:44:46.611351,7.863398,7.2,0.0,61624.546875,50.8,64511.890625,0,0.0,144.78125,deepseek-r1:7b,-1
2025-06-08T15:44:46.716698,7.968745,9.9,0.0,61624.546875,50.8,64511.890625,0,0.0,144.78125,deepseek-r1:7b,-1
2025-06-08T15:44:46.817441,8.069488,6.9,0.0,61624.546875,50.8,64511.890625,0,0.0,144.78125,deepseek-r1:7b,-1
2025-06-08T15:44:46.922493,8.17454,7.9,0.0,61624.546875,50.8,64511.890625,0,0.0,144.78125,deepseek-r1:7b,-1
2025-06-08T15:44:47.023945,8.275992,0.0,0.0,61624.546875,50.8,64511.890625,0,0.0,144.78125,deepseek-r1:7b,-1
2025-06-08T15:44:47.129387,8.381434,7.1,0.0,61552.5,50.7,64586.234375,0,0.0,144.78125,deepseek-r1:7b,-1
2025-06-08T15:44:47.234791,8.486838,9.0,0.0,61552.515625,50.7,64586.609375,0,0.0,144.78125,deepseek-r1:7b,-1
2025-06-08T15:44:47.340187,8.592234,7.2,0.0,61552.515625,50.7,64586.734375,0,0.0,144.78125,deepseek-r1:7b,-1
2025-06-08T15:44:47.445570,8.697617,8.8,0.0,61552.296875,50.7,64587.234375,0,0.0,144.78125,deepseek-r1:7b,-1
2025-06-08T15:44:47.551020,8.803067,7.2,0.0,61552.296875,50.7,64587.234375,0,0.0,144.78125,deepseek-r1:7b,-1
2025-06-08T15:44:47.656424,8.908471,8.8,0.0,61552.296875,50.7,64587.234375,0,0.0,144.78125,deepseek-r1:7b,-1
2025-06-08T15:44:47.761822,9.013869,7.8,0.0,61552.296875,50.7,64587.234375,0,0.0,144.78125,deepseek-r1:7b,-1
2025-06-08T15:44:47.867147,9.119194,7.7,0.0,61552.296875,50.7,64587.234375,0,0.0,144.78125,deepseek-r1:7b,-1
2025-06-08T15:44:47.972556,9.224603,7.8,0.0,61552.296875,50.7,64587.234375,0,0.0,144.78125,deepseek-r1:7b,-1
2025-06-08T15:44:48.077994,9.330041,7.1,0.0,61552.296875,50.7,64587.234375,0,0.0,144.78125,deepseek-r1:7b,-1
2025-06-08T15:44:48.183449,9.435496,8.3,0.0,61488.4375,50.7,64641.078125,0,0.0,144.78125,deepseek-r1:7b,-1
2025-06-08T15:44:48.284728,9.536775,6.8,0.0,61488.453125,50.7,64641.203125,0,0.0,144.78125,deepseek-r1:7b,-1
2025-06-08T15:44:48.390129,9.642176,8.8,0.0,61488.453125,50.7,64641.203125,0,0.0,144.78125,deepseek-r1:7b,-1
2025-06-08T15:44:48.495566,9.747613,6.6,0.0,61488.453125,50.7,64641.203125,0,0.0,144.78125,deepseek-r1:7b,-1
2025-06-08T15:44:48.596071,9.848118,7.5,0.0,61488.453125,50.7,64641.203125,0,0.0,144.78125,deepseek-r1:7b,-1
2025-06-08T15:44:48.697666,9.949713,7.9,0.0,61488.453125,50.7,64641.203125,0,0.0,144.78125,deepseek-r1:7b,-1
2025-06-08T15:44:48.802645,10.054692,7.3,0.0,61488.453125,50.7,64641.203125,0,0.0,144.78125,deepseek-r1:7b,-1
2025-06-08T15:44:48.907944,10.159991,7.7,0.0,61488.453125,50.7,64641.203125,0,0.0,144.78125,deepseek-r1:7b,-1
2025-06-08T15:44:49.013299,10.265346,0.0,0.0,61488.453125,50.7,64641.203125,0,0.0,144.78125,deepseek-r1:7b,-1
2025-06-08T15:44:49.118674,10.370721,0.0,0.0,61488.453125,50.7,64641.203125,0,0.0,144.78125,deepseek-r1:7b,-1
2025-06-08T15:44:49.219308,10.471355,7.8,0.0,61488.28125,50.7,64643.578125,0,0.0,144.78125,deepseek-r1:7b,-1
2025-06-08T15:44:49.324653,10.5767,8.4,0.0,61488.3125,50.7,64643.671875,0,0.0,144.78125,deepseek-r1:7b,-1
2025-06-08T15:44:49.425080,10.677127,6.8,0.0,61488.3125,50.7,64643.671875,0,0.0,144.78125,deepseek-r1:7b,-1
2025-06-08T15:44:49.530458,10.782505,7.1,0.0,61488.3125,50.7,64643.671875,0,0.0,144.78125,deepseek-r1:7b,-1
2025-06-08T15:44:49.635811,10.887858,0.0,0.0,61488.3125,50.7,64643.671875,0,0.0,144.78125,deepseek-r1:7b,-1
2025-06-08T15:44:49.741154,10.993201,0.0,0.0,61488.3125,50.7,64643.671875,0,0.0,144.78125,deepseek-r1:7b,-1
2025-06-08T15:44:49.845390,11.097437,0.0,0.0,61488.3125,50.7,64643.671875,0,0.0,144.78125,deepseek-r1:7b,-1
2025-06-08T15:44:49.950846,11.202893,0.0,0.0,61488.3125,50.7,64643.671875,0,0.0,144.78125,deepseek-r1:7b,-1
2025-06-08T15:44:50.056268,11.308315,0.0,0.0,61488.3125,50.7,64643.671875,0,0.0,144.78125,deepseek-r1:7b,-1
2025-06-08T15:44:50.157916,11.409963,0.0,0.0,61488.3125,50.7,64643.671875,0,0.0,144.78125,deepseek-r1:7b,-1
2025-06-08T15:44:50.260965,11.513012,7.7,0.0,61485.53125,50.7,64648.90625,0,0.0,144.78125,deepseek-r1:7b,-1
2025-06-08T15:44:50.366243,11.61829,7.7,0.0,61485.546875,50.7,64649.0,0,0.0,144.78125,deepseek-r1:7b,-1
2025-06-08T15:44:50.471697,11.723744,6.6,0.0,61485.546875,50.7,64649.0,0,0.0,144.78125,deepseek-r1:7b,-1
2025-06-08T15:44:50.577128,11.829175,7.1,0.0,61485.546875,50.7,64649.0,0,0.0,144.78125,deepseek-r1:7b,-1
2025-06-08T15:44:50.682536,11.934583,8.2,0.0,61485.546875,50.7,64649.0,0,0.0,144.78125,deepseek-r1:7b,-1
2025-06-08T15:44:50.785946,12.037993,7.9,0.0,61485.546875,50.7,64649.0,0,0.0,144.78125,deepseek-r1:7b,-1
2025-06-08T15:44:50.890484,12.142531,0.0,0.0,61485.546875,50.7,64649.0,0,0.0,144.78125,deepseek-r1:7b,-1
2025-06-08T15:44:50.995910,12.247957,0.0,0.0,61485.546875,50.7,64649.0,0,0.0,144.78125,deepseek-r1:7b,-1
2025-06-08T15:44:51.101277,12.353324,0.0,0.0,61485.546875,50.7,64649.0,0,0.0,144.78125,deepseek-r1:7b,-1
2025-06-08T15:44:51.206635,12.458682,0.0,0.0,61485.546875,50.7,64649.0,0,0.0,144.78125,deepseek-r1:7b,-1
2025-06-08T15:44:51.308033,12.56008,7.3,0.0,61485.296875,50.7,64651.21875,0,0.0,144.78125,deepseek-r1:7b,-1
2025-06-08T15:44:51.413404,12.665451,8.2,0.0,61485.296875,50.7,64651.46875,0,0.0,144.78125,deepseek-r1:7b,-1
2025-06-08T15:44:51.517516,12.769563,6.1,0.0,61485.296875,50.7,64651.46875,0,0.0,144.78125,deepseek-r1:7b,-1
2025-06-08T15:44:51.622956,12.875003,7.1,0.0,61485.296875,50.7,64651.46875,0,0.0,144.78125,deepseek-r1:7b,-1
2025-06-08T15:44:51.728388,12.980435,8.3,0.0,61485.296875,50.7,64651.46875,0,0.0,144.78125,deepseek-r1:7b,-1
2025-06-08T15:44:51.831840,13.083887,7.3,0.0,61485.296875,50.7,64651.46875,0,0.0,144.78125,deepseek-r1:7b,-1
2025-06-08T15:44:53.988000,0.043636,9.0,0.0,60125.515625,49.6,66018.78125,0,0.1,145.0625,deepseek-r1:7b,-1
2025-06-08T15:44:54.093145,0.148781,15.9,0.0,60226.703125,49.7,65919.609375,0,0.0,145.0625,deepseek-r1:7b,-1
2025-06-08T15:44:54.194429,0.250065,13.0,0.0,61211.5,50.5,64933.875,0,0.0,145.0625,deepseek-r1:7b,-1
2025-06-08T15:44:54.298409,0.354045,10.9,0.0,61211.5,50.5,64933.875,0,0.0,145.0625,deepseek-r1:7b,-1
2025-06-08T15:44:54.403704,0.45934,7.1,0.0,61211.5,50.5,64933.875,0,0.0,145.0625,deepseek-r1:7b,-1
2025-06-08T15:44:54.507395,0.563031,0.0,0.0,61211.5,50.5,64933.875,0,0.0,145.0625,deepseek-r1:7b,-1
2025-06-08T15:44:54.612825,0.668461,0.0,0.0,61211.5,50.5,64933.875,0,0.0,145.0625,deepseek-r1:7b,-1
2025-06-08T15:44:54.718254,0.77389,0.0,0.0,61211.5,50.5,64933.875,0,0.0,145.0625,deepseek-r1:7b,-1
2025-06-08T15:44:54.819564,0.8752,0.0,0.0,61211.5,50.5,64933.875,0,0.0,145.0625,deepseek-r1:7b,-1
2025-06-08T15:44:54.923376,0.979012,0.0,0.0,61211.5,50.5,64933.875,0,0.0,145.0625,deepseek-r1:7b,-1
2025-06-08T15:44:55.028791,1.084427,7.3,0.0,61648.484375,50.8,64499.375,0,0.0,145.0625,deepseek-r1:7b,-1
2025-06-08T15:44:55.134197,1.189833,9.4,0.0,61638.5,50.8,64509.609375,0,0.0,145.0625,deepseek-r1:7b,-1
2025-06-08T15:44:55.239533,1.295169,8.9,0.0,61528.4375,50.7,64616.046875,0,0.0,145.0625,deepseek-r1:7b,-1
2025-06-08T15:44:55.344917,1.400553,8.2,0.0,61528.4375,50.7,64616.046875,0,0.0,145.0625,deepseek-r1:7b,-1
2025-06-08T15:44:55.445645,1.501281,8.1,0.0,61528.4375,50.7,64616.046875,0,0.0,145.0625,deepseek-r1:7b,-1
2025-06-08T15:44:55.547100,1.602736,6.2,0.0,61528.4375,50.7,64616.046875,0,0.0,145.0625,deepseek-r1:7b,-1
2025-06-08T15:44:55.652503,1.708139,6.7,0.0,61528.4375,50.7,64616.046875,0,0.0,145.0625,deepseek-r1:7b,-1
2025-06-08T15:44:55.757850,1.813486,8.2,0.0,61528.4375,50.7,64616.046875,0,0.0,145.0625,deepseek-r1:7b,-1
2025-06-08T15:44:55.860107,1.915743,9.8,0.0,61528.4375,50.7,64616.046875,0,0.0,145.0625,deepseek-r1:7b,-1
2025-06-08T15:44:55.965528,2.021164,15.2,0.0,61528.4375,50.7,64616.046875,0,0.0,145.0625,deepseek-r1:7b,-1
2025-06-08T15:44:56.070899,2.126535,10.2,0.0,61528.296875,50.7,64607.421875,0,0.0,145.0625,deepseek-r1:7b,-1
2025-06-08T15:44:56.176313,2.231949,8.2,0.0,61472.21875,50.7,64663.734375,0,0.0,145.0625,deepseek-r1:7b,-1
2025-06-08T15:44:56.281708,2.337344,8.3,0.0,61472.21875,50.7,64663.734375,0,0.0,145.0625,deepseek-r1:7b,-1
2025-06-08T15:44:56.382230,2.437866,8.7,0.0,61472.21875,50.7,64663.734375,0,0.0,145.0625,deepseek-r1:7b,-1
2025-06-08T15:44:56.484012,2.539648,6.2,0.0,61472.21875,50.7,64663.734375,0,0.0,145.0625,deepseek-r1:7b,-1
2025-06-08T15:44:56.589486,2.645122,8.2,0.0,61472.21875,50.7,64663.734375,0,0.0,145.0625,deepseek-r1:7b,-1
2025-06-08T15:44:56.690017,2.745653,7.5,0.0,61472.21875,50.7,64663.734375,0,0.0,145.0625,deepseek-r1:7b,-1
2025-06-08T15:44:56.795451,2.851087,7.6,0.0,61472.21875,50.7,64663.734375,0,0.0,145.0625,deepseek-r1:7b,-1
2025-06-08T15:44:56.900851,2.956487,9.1,0.0,61472.21875,50.7,64663.734375,0,0.0,145.0625,deepseek-r1:7b,-1
2025-06-08T15:44:57.006239,3.061875,0.0,0.0,61472.21875,50.7,64663.734375,0,0.0,145.0625,deepseek-r1:7b,-1
2025-06-08T15:44:57.111608,3.167244,6.8,0.0,61461.484375,50.7,64676.640625,0,0.0,145.0625,deepseek-r1:7b,-1
2025-06-08T15:44:57.216939,3.272575,7.1,0.0,61461.5,50.7,64676.90625,0,0.0,145.0625,deepseek-r1:7b,-1
2025-06-08T15:44:57.322276,3.377912,0.0,0.0,61461.5,50.7,64677.0,0,0.0,145.0625,deepseek-r1:7b,-1
2025-06-08T15:44:57.427654,3.48329,0.0,0.0,61461.5,50.7,64677.0,0,0.0,145.0625,deepseek-r1:7b,-1
2025-06-08T15:44:57.532982,3.588618,0.0,0.0,61461.5,50.7,64677.0,0,0.0,145.0625,deepseek-r1:7b,-1
2025-06-08T15:44:57.634838,3.690474,0.0,0.0,61461.5,50.7,64677.0,0,0.0,145.0625,deepseek-r1:7b,-1
2025-06-08T15:44:57.735599,3.791235,0.0,0.0,61461.5,50.7,64677.0,0,0.0,145.0625,deepseek-r1:7b,-1
2025-06-08T15:44:57.840892,3.896528,0.0,0.0,61461.5,50.7,64677.0,0,0.0,145.0625,deepseek-r1:7b,-1
2025-06-08T15:44:57.946224,4.00186,0.0,0.0,61461.5,50.7,64677.0,0,0.0,145.0625,deepseek-r1:7b,-1
2025-06-08T15:44:58.049559,4.105195,0.0,0.0,61461.5,50.7,64677.0,0,0.0,145.0625,deepseek-r1:7b,-1
2025-06-08T15:44:58.149951,4.205587,8.0,0.0,61461.390625,50.7,64676.515625,0,0.0,145.0625,deepseek-r1:7b,-1
2025-06-08T15:44:58.251051,4.306687,7.5,0.0,61461.390625,50.7,64676.75,0,0.0,145.0625,deepseek-r1:7b,-1
2025-06-08T15:44:58.352467,4.408103,6.9,0.0,61461.390625,50.7,64676.75,0,0.0,145.0625,deepseek-r1:7b,-1
2025-06-08T15:44:58.457832,4.513468,0.0,0.0,61461.390625,50.7,64676.75,0,0.0,145.0625,deepseek-r1:7b,-1
2025-06-08T15:44:58.562153,4.617789,0.0,0.0,61461.390625,50.7,64676.75,0,0.0,145.0625,deepseek-r1:7b,-1
2025-06-08T15:44:58.662936,4.718572,0.0,0.0,61461.390625,50.7,64676.75,0,0.0,145.0625,deepseek-r1:7b,-1
2025-06-08T15:44:58.768319,4.823955,0.0,0.0,61461.390625,50.7,64676.75,0,0.0,145.0625,deepseek-r1:7b,-1
2025-06-08T15:44:58.872567,4.928203,0.0,0.0,61461.390625,50.7,64676.75,0,0.0,145.0625,deepseek-r1:7b,-1
2025-06-08T15:44:58.973275,5.028911,0.0,0.0,61461.390625,50.7,64676.75,0,0.0,145.0625,deepseek-r1:7b,-1
2025-06-08T15:44:59.073698,5.129334,0.0,0.0,61461.390625,50.7,64676.75,0,0.0,145.0625,deepseek-r1:7b,-1
2025-06-08T15:44:59.179147,5.234783,7.8,0.0,61461.75,50.7,64678.53125,0,0.0,145.0625,deepseek-r1:7b,-1
2025-06-08T15:44:59.284567,5.340203,8.2,0.0,61461.75,50.7,64678.765625,0,0.0,145.0625,deepseek-r1:7b,-1
2025-06-08T15:44:59.389446,5.445082,7.2,0.0,61461.765625,50.7,64678.90625,0,0.0,145.0625,deepseek-r1:7b,-1
2025-06-08T15:44:59.494831,5.550467,6.6,0.0,61461.765625,50.7,64679.171875,0,0.0,145.0625,deepseek-r1:7b,-1
2025-06-08T15:44:59.599409,5.655045,7.2,0.0,61461.765625,50.7,64679.171875,0,0.0,145.0625,deepseek-r1:7b,-1
2025-06-08T15:44:59.704807,5.760443,7.7,0.0,61461.765625,50.7,64679.171875,0,0.0,145.0625,deepseek-r1:7b,-1
2025-06-08T15:44:59.807448,5.863084,7.4,0.0,61461.765625,50.7,64679.171875,0,0.0,145.0625,deepseek-r1:7b,-1
2025-06-08T15:44:59.908695,5.964331,8.0,0.0,61461.765625,50.7,64679.171875,0,0.0,145.0625,deepseek-r1:7b,-1
2025-06-08T15:45:00.014068,6.069704,0.0,0.0,61461.765625,50.7,64679.171875,0,0.0,145.0625,deepseek-r1:7b,-1
2025-06-08T15:45:00.115258,6.170894,0.0,0.0,61461.765625,50.7,64679.171875,0,0.0,145.0625,deepseek-r1:7b,-1
2025-06-08T15:45:00.215875,6.271511,8.0,0.0,61522.09375,50.7,64618.984375,0,0.0,145.0625,deepseek-r1:7b,-1
2025-06-08T15:45:00.321236,6.376872,8.8,0.0,61521.8125,50.7,64619.546875,0,0.0,145.0625,deepseek-r1:7b,-1
2025-06-08T15:45:00.426275,6.481911,7.2,0.0,61521.8125,50.7,64619.796875,0,0.0,145.0625,deepseek-r1:7b,-1
2025-06-08T15:45:00.531675,6.587311,10.7,0.0,61521.8125,50.7,64619.796875,0,0.0,145.0625,deepseek-r1:7b,-1
2025-06-08T15:45:00.637111,6.692747,7.6,0.0,61521.8125,50.7,64619.796875,0,0.0,145.0625,deepseek-r1:7b,-1
2025-06-08T15:45:00.741012,6.796648,0.0,0.0,61521.8125,50.7,64619.796875,0,0.0,145.0625,deepseek-r1:7b,-1
2025-06-08T15:45:00.842473,6.898109,0.0,0.0,61521.8125,50.7,64619.796875,0,0.0,145.0625,deepseek-r1:7b,-1
2025-06-08T15:45:00.946256,7.001892,0.0,0.0,61521.8125,50.7,64619.796875,0,0.0,145.0625,deepseek-r1:7b,-1
2025-06-08T15:45:03.083072,0.024712,8.6,0.0,59557.421875,49.2,66582.140625,0,0.0,145.078125,deepseek-r1:7b,-1
2025-06-08T15:45:03.186126,0.127766,14.4,0.0,60226.09375,49.7,65915.265625,0,0.0,145.078125,deepseek-r1:7b,-1
2025-06-08T15:45:03.291322,0.232962,13.6,0.0,61643.96875,50.8,64497.609375,0,0.0,145.078125,deepseek-r1:7b,-1
2025-06-08T15:45:03.393075,0.334715,8.0,0.0,61643.96875,50.8,64497.609375,0,0.0,145.078125,deepseek-r1:7b,-1
2025-06-08T15:45:03.497611,0.439251,7.2,0.0,61643.96875,50.8,64497.609375,0,0.0,145.078125,deepseek-r1:7b,-1
2025-06-08T15:45:03.602967,0.544607,7.8,0.0,61643.96875,50.8,64497.609375,0,0.0,145.078125,deepseek-r1:7b,-1
2025-06-08T15:45:03.708351,0.649991,7.0,0.0,61643.96875,50.8,64497.609375,0,0.0,145.078125,deepseek-r1:7b,-1
2025-06-08T15:45:03.809572,0.751212,7.4,0.0,61643.96875,50.8,64497.609375,0,0.0,145.078125,deepseek-r1:7b,-1
2025-06-08T15:45:03.914878,0.856518,0.0,0.0,61643.96875,50.8,64497.609375,0,0.0,145.078125,deepseek-r1:7b,-1
2025-06-08T15:45:04.016411,0.958051,0.0,0.0,61643.96875,50.8,64497.609375,0,0.0,145.078125,deepseek-r1:7b,-1
2025-06-08T15:45:04.121751,1.063391,7.6,0.0,61643.765625,50.8,64495.578125,0,0.0,145.078125,deepseek-r1:7b,-1
2025-06-08T15:45:04.224462,1.166102,9.8,0.0,61643.59375,50.8,64495.9375,0,0.0,145.078125,deepseek-r1:7b,-1
2025-06-08T15:45:04.329891,1.271531,9.9,0.0,61643.59375,50.8,64495.9375,0,0.0,145.078125,deepseek-r1:7b,-1
2025-06-08T15:45:04.435343,1.376983,6.6,0.0,61643.59375,50.8,64495.9375,0,0.0,145.078125,deepseek-r1:7b,-1
2025-06-08T15:45:04.538564,1.480204,0.0,0.0,61643.59375,50.8,64495.9375,0,0.0,145.078125,deepseek-r1:7b,-1
2025-06-08T15:45:04.643436,1.585076,0.0,0.0,61643.59375,50.8,64495.9375,0,0.0,145.078125,deepseek-r1:7b,-1
2025-06-08T15:45:04.748893,1.690533,0.0,0.0,61643.59375,50.8,64495.9375,0,0.0,145.078125,deepseek-r1:7b,-1
2025-06-08T15:45:04.849276,1.790916,0.0,0.0,61643.59375,50.8,64495.9375,0,0.0,145.078125,deepseek-r1:7b,-1
2025-06-08T15:45:04.954706,1.896346,0.0,0.0,61643.59375,50.8,64495.9375,0,0.0,145.078125,deepseek-r1:7b,-1
2025-06-08T15:45:05.060120,2.00176,0.0,0.0,61643.59375,50.8,64495.9375,0,0.0,145.078125,deepseek-r1:7b,-1
2025-06-08T15:45:05.165520,2.10716,7.9,0.0,61523.21875,50.7,64618.40625,0,0.0,145.078125,deepseek-r1:7b,-1
2025-06-08T15:45:05.270968,2.212608,7.7,0.0,61459.25,50.7,64682.765625,0,0.0,145.078125,deepseek-r1:7b,-1
2025-06-08T15:45:05.373750,2.31539,8.1,0.0,61459.546875,50.7,64683.203125,0,0.0,145.078125,deepseek-r1:7b,-1
2025-06-08T15:45:05.474559,2.416199,7.4,0.0,61459.546875,50.7,64683.203125,0,0.0,145.078125,deepseek-r1:7b,-1
2025-06-08T15:45:05.578768,2.520408,7.1,0.0,61459.546875,50.7,64683.203125,0,0.0,145.078125,deepseek-r1:7b,-1
2025-06-08T15:45:05.680946,2.622586,8.6,0.0,61459.546875,50.7,64683.203125,0,0.0,145.078125,deepseek-r1:7b,-1
2025-06-08T15:45:05.782806,2.724446,7.5,0.0,61459.546875,50.7,64683.203125,0,0.0,145.078125,deepseek-r1:7b,-1
2025-06-08T15:45:05.888227,2.829867,8.1,0.0,61459.546875,50.7,64683.203125,0,0.0,145.078125,deepseek-r1:7b,-1
2025-06-08T15:45:05.989261,2.930901,0.0,0.0,61459.546875,50.7,64683.203125,0,0.0,145.078125,deepseek-r1:7b,-1
2025-06-08T15:45:06.091602,3.033242,0.0,0.0,61459.546875,50.7,64683.203125,0,0.0,145.078125,deepseek-r1:7b,-1
2025-06-08T15:45:06.197073,3.138713,8.5,0.0,61460.3125,50.6,64685.0,0,0.0,145.078125,deepseek-r1:7b,-1
2025-06-08T15:45:06.298118,3.239758,9.2,0.0,61460.3125,50.6,64685.265625,0,0.0,145.078125,deepseek-r1:7b,-1
2025-06-08T15:45:06.403503,3.345143,7.8,0.0,61460.3125,50.6,64685.265625,0,0.0,145.078125,deepseek-r1:7b,-1
2025-06-08T15:45:06.506124,3.447764,7.8,0.0,61460.3125,50.6,64685.265625,0,0.0,145.078125,deepseek-r1:7b,-1
2025-06-08T15:45:06.611564,3.553204,8.3,0.0,61460.3125,50.6,64685.265625,0,0.0,145.078125,deepseek-r1:7b,-1
2025-06-08T15:45:06.716976,3.658616,6.6,0.0,61460.3125,50.6,64685.265625,0,0.0,145.078125,deepseek-r1:7b,-1
2025-06-08T15:45:06.822427,3.764067,8.2,0.0,61460.3125,50.6,64685.265625,0,0.0,145.078125,deepseek-r1:7b,-1
2025-06-08T15:45:06.926144,3.867784,8.5,0.0,61460.3125,50.6,64685.265625,0,0.0,145.078125,deepseek-r1:7b,-1
2025-06-08T15:45:07.031564,3.973204,0.0,0.0,61460.3125,50.6,64685.265625,0,0.0,145.078125,deepseek-r1:7b,-1
2025-06-08T15:45:07.132634,4.074274,0.0,0.0,61460.3125,50.6,64685.265625,0,0.0,145.078125,deepseek-r1:7b,-1
2025-06-08T15:45:07.237911,4.179551,13.0,0.0,61479.96875,50.7,64665.34375,0,0.0,145.078125,deepseek-r1:7b,-1
2025-06-08T15:45:07.341681,4.283321,7.3,0.0,61479.984375,50.7,64661.578125,0,0.0,145.078125,deepseek-r1:7b,-1
2025-06-08T15:45:07.443583,4.385223,6.8,0.0,61479.984375,50.7,64661.578125,0,0.0,145.078125,deepseek-r1:7b,-1
2025-06-08T15:45:07.545385,4.487025,6.7,0.0,61479.984375,50.7,64661.578125,0,0.0,145.078125,deepseek-r1:7b,-1
2025-06-08T15:45:07.647286,4.588926,7.5,0.0,61479.984375,50.7,64661.578125,0,0.0,145.078125,deepseek-r1:7b,-1
2025-06-08T15:45:07.751174,4.692814,8.8,0.0,61479.984375,50.7,64661.578125,0,0.0,145.078125,deepseek-r1:7b,-1
2025-06-08T15:45:07.856513,4.798153,7.8,0.0,61479.984375,50.7,64661.578125,0,0.0,145.078125,deepseek-r1:7b,-1
2025-06-08T15:45:07.957739,4.899379,8.1,0.0,61479.984375,50.7,64661.578125,0,0.0,145.078125,deepseek-r1:7b,-1
2025-06-08T15:45:08.060828,5.002468,14.5,0.0,61479.984375,50.7,64661.578125,0,0.0,145.078125,deepseek-r1:7b,-1
2025-06-08T15:45:08.166024,5.107664,9.0,0.0,61479.984375,50.7,64661.578125,0,0.0,145.078125,deepseek-r1:7b,-1
2025-06-08T15:45:08.268474,5.210114,15.3,0.0,61653.703125,50.8,64491.015625,0,0.0,145.078125,deepseek-r1:7b,-1
2025-06-08T15:45:08.373620,5.31526,14.4,0.0,61761.1875,50.9,64382.453125,0,0.0,145.078125,deepseek-r1:7b,-1
2025-06-08T15:45:08.478861,5.420501,11.6,0.0,61760.84375,50.9,64382.125,0,0.0,145.078125,deepseek-r1:7b,-1
2025-06-08T15:45:08.584284,5.525924,12.8,0.0,61760.84375,50.9,64382.125,0,0.0,145.078125,deepseek-r1:7b,-1
2025-06-08T15:45:08.685899,5.627539,11.4,0.0,61760.84375,50.9,64382.125,0,0.0,145.078125,deepseek-r1:7b,-1
2025-06-08T15:45:08.791232,5.732872,8.4,0.0,61760.84375,50.9,64382.125,0,0.0,145.078125,deepseek-r1:7b,-1
2025-06-08T15:45:08.896524,5.838164,7.2,0.0,61760.84375,50.9,64382.125,0,0.0,145.078125,deepseek-r1:7b,-1
2025-06-08T15:45:08.997738,5.939378,0.0,0.0,61760.84375,50.9,64382.125,0,0.0,145.078125,deepseek-r1:7b,-1
2025-06-08T15:45:09.103168,6.044808,0.0,0.0,61760.84375,50.9,64382.125,0,0.0,145.078125,deepseek-r1:7b,-1
2025-06-08T15:45:09.206270,6.14791,0.0,0.0,61760.84375,50.9,64382.125,0,0.0,145.078125,deepseek-r1:7b,-1
2025-06-08T15:45:09.310079,6.251719,11.3,0.0,61713.265625,50.8,64422.9375,0,0.0,145.078125,deepseek-r1:7b,-1
2025-06-08T15:45:09.413390,6.35503,12.2,0.0,61713.265625,50.8,64424.84375,0,0.0,145.078125,deepseek-r1:7b,-1
2025-06-08T15:45:09.518382,6.460022,10.6,0.0,61713.265625,50.8,64425.984375,0,0.0,145.078125,deepseek-r1:7b,-1
2025-06-08T15:45:09.623811,6.565451,8.3,0.0,61713.265625,50.8,64425.984375,0,0.0,145.078125,deepseek-r1:7b,-1
2025-06-08T15:45:09.726712,6.668352,7.3,0.0,61713.265625,50.8,64425.984375,0,0.0,145.078125,deepseek-r1:7b,-1
2025-06-08T15:45:09.831258,6.772898,7.9,0.0,61713.265625,50.8,64425.984375,0,0.0,145.078125,deepseek-r1:7b,-1
2025-06-08T15:45:09.935036,6.876676,7.2,0.0,61713.265625,50.8,64425.984375,0,0.0,145.078125,deepseek-r1:7b,-1
2025-06-08T15:45:10.040382,6.982022,7.7,0.0,61713.265625,50.8,64425.984375,0,0.0,145.078125,deepseek-r1:7b,-1
2025-06-08T15:45:10.145772,7.087412,6.5,0.0,61713.265625,50.8,64425.984375,0,0.0,145.078125,deepseek-r1:7b,-1
2025-06-08T15:45:10.247594,7.189234,0.0,0.0,61713.265625,50.8,64425.984375,0,0.0,145.078125,deepseek-r1:7b,-1
2025-06-08T15:45:10.348977,7.290617,9.2,0.0,61592.96875,50.8,64548.421875,0,0.0,145.078125,deepseek-r1:7b,-1
2025-06-08T15:45:10.454418,7.396058,7.9,0.0,61592.96875,50.8,64548.546875,0,0.0,145.078125,deepseek-r1:7b,-1
2025-06-08T15:45:10.559830,7.50147,7.6,0.0,61592.96875,50.8,64548.546875,0,0.0,145.078125,deepseek-r1:7b,-1
2025-06-08T15:45:10.665228,7.606868,0.0,0.0,61592.96875,50.8,64548.546875,0,0.0,145.078125,deepseek-r1:7b,-1
2025-06-08T15:45:10.770648,7.712288,0.0,0.0,61592.96875,50.8,64548.546875,0,0.0,145.078125,deepseek-r1:7b,-1
2025-06-08T15:45:10.872572,7.814212,0.0,0.0,61592.96875,50.8,64548.546875,0,0.0,145.078125,deepseek-r1:7b,-1
2025-06-08T15:45:10.978013,7.919653,0.0,0.0,61592.96875,50.8,64548.546875,0,0.0,145.078125,deepseek-r1:7b,-1
2025-06-08T15:45:11.078838,8.020478,0.0,0.0,61592.96875,50.8,64548.546875,0,0.0,145.078125,deepseek-r1:7b,-1
2025-06-08T15:45:11.184280,8.12592,0.0,0.0,61592.96875,50.8,64548.546875,0,0.0,145.078125,deepseek-r1:7b,-1
2025-06-08T15:45:11.285389,8.227029,0.0,0.0,61592.96875,50.8,64548.546875,0,0.0,145.078125,deepseek-r1:7b,-1
2025-06-08T15:45:11.386861,8.328501,7.6,0.0,61523.609375,50.7,64619.828125,0,0.0,145.078125,deepseek-r1:7b,-1
2025-06-08T15:45:11.492305,8.433945,8.3,0.0,61523.640625,50.7,64620.109375,0,0.0,145.078125,deepseek-r1:7b,-1
2025-06-08T15:45:11.596508,8.538148,6.5,0.0,61523.640625,50.7,64620.203125,0,0.0,145.078125,deepseek-r1:7b,-1
2025-06-08T15:45:11.697723,8.639363,7.5,0.0,61523.640625,50.7,64620.46875,0,0.0,145.078125,deepseek-r1:7b,-1
2025-06-08T15:45:11.803114,8.744754,0.0,0.0,61523.640625,50.7,64620.46875,0,0.0,145.078125,deepseek-r1:7b,-1
2025-06-08T15:45:11.908552,8.850192,0.0,0.0,61523.640625,50.7,64620.46875,0,0.0,145.078125,deepseek-r1:7b,-1
2025-06-08T15:45:12.010670,8.95231,0.0,0.0,61523.640625,50.7,64620.46875,0,0.0,145.078125,deepseek-r1:7b,-1
2025-06-08T15:45:12.116046,9.057686,0.0,0.0,61523.640625,50.7,64620.46875,0,0.0,145.078125,deepseek-r1:7b,-1
2025-06-08T15:45:12.221413,9.163053,0.0,0.0,61523.640625,50.7,64620.46875,0,0.0,145.078125,deepseek-r1:7b,-1
2025-06-08T15:45:12.323650,9.26529,0.0,0.0,61523.640625,50.7,64620.46875,0,0.0,145.078125,deepseek-r1:7b,-1
2025-06-08T15:45:12.429061,9.370701,7.8,0.0,61523.453125,50.7,64618.515625,0,0.0,145.078125,deepseek-r1:7b,-1
2025-06-08T15:45:12.534428,9.476068,9.0,0.0,61522.15625,50.7,64620.203125,0,0.0,145.078125,deepseek-r1:7b,-1
2025-06-08T15:45:12.639699,9.581339,8.0,0.0,61522.15625,50.7,64620.203125,0,0.0,145.078125,deepseek-r1:7b,-1
2025-06-08T15:45:12.745041,9.686681,6.7,0.0,61522.15625,50.7,64620.203125,0,0.0,145.078125,deepseek-r1:7b,-1
2025-06-08T15:45:12.850373,9.792013,7.6,0.0,61522.15625,50.7,64620.203125,0,0.0,145.078125,deepseek-r1:7b,-1
2025-06-08T15:45:12.955824,9.897464,9.0,0.0,61522.15625,50.7,64620.203125,0,0.0,145.078125,deepseek-r1:7b,-1
2025-06-08T15:45:13.061274,10.002914,7.2,0.0,61522.15625,50.7,64620.203125,0,0.0,145.078125,deepseek-r1:7b,-1
2025-06-08T15:45:13.166679,10.108319,0.0,0.0,61522.15625,50.7,64620.203125,0,0.0,145.078125,deepseek-r1:7b,-1
2025-06-08T15:45:13.272158,10.213798,0.0,0.0,61522.15625,50.7,64620.203125,0,0.0,145.078125,deepseek-r1:7b,-1
2025-06-08T15:45:13.377563,10.319203,0.0,0.0,61522.15625,50.7,64620.203125,0,0.0,145.078125,deepseek-r1:7b,-1
2025-06-08T15:45:13.482930,10.42457,7.6,0.0,61481.53125,50.7,64658.984375,0,0.0,145.078125,deepseek-r1:7b,-1
2025-06-08T15:45:13.588376,10.530016,8.2,0.0,61481.515625,50.7,64659.171875,0,0.0,145.078125,deepseek-r1:7b,-1
2025-06-08T15:45:13.693871,10.635511,6.6,0.0,61481.515625,50.7,64659.171875,0,0.0,145.078125,deepseek-r1:7b,-1
2025-06-08T15:45:13.799272,10.740912,6.6,0.0,61481.515625,50.7,64659.171875,0,0.0,145.078125,deepseek-r1:7b,-1
2025-06-08T15:45:13.900333,10.841973,9.3,0.0,61481.515625,50.7,64659.171875,0,0.0,145.078125,deepseek-r1:7b,-1
2025-06-08T15:45:14.005732,10.947372,0.0,0.0,61481.515625,50.7,64659.171875,0,0.0,145.078125,deepseek-r1:7b,-1
2025-06-08T15:45:14.106688,11.048328,0.0,0.0,61481.515625,50.7,64659.171875,0,0.0,145.078125,deepseek-r1:7b,-1
2025-06-08T15:45:14.212123,11.153763,0.0,0.0,61481.515625,50.7,64659.171875,0,0.0,145.078125,deepseek-r1:7b,-1
2025-06-08T15:45:14.317522,11.259162,0.0,0.0,61481.515625,50.7,64659.171875,0,0.0,145.078125,deepseek-r1:7b,-1
2025-06-08T15:45:14.422909,11.364549,0.0,0.0,61481.515625,50.7,64659.171875,0,0.0,145.078125,deepseek-r1:7b,-1
2025-06-08T15:45:14.528278,11.469918,7.5,0.0,61481.734375,50.7,64660.984375,0,0.0,145.078125,deepseek-r1:7b,-1
2025-06-08T15:45:14.633761,11.575401,6.6,0.0,61481.734375,50.7,64661.078125,0,0.0,145.078125,deepseek-r1:7b,-1
2025-06-08T15:45:14.739051,11.680691,7.6,0.0,61481.6875,50.7,64661.390625,0,0.0,145.078125,deepseek-r1:7b,-1
2025-06-08T15:45:14.841941,11.783581,7.5,0.0,61481.703125,50.7,64661.515625,0,0.0,145.078125,deepseek-r1:7b,-1
2025-06-08T15:45:14.945080,11.88672,7.3,0.0,61481.703125,50.7,64661.515625,0,0.0,145.078125,deepseek-r1:7b,-1
2025-06-08T15:45:15.050483,11.992123,8.2,0.0,61481.703125,50.7,64661.515625,0,0.0,145.078125,deepseek-r1:7b,-1
2025-06-08T15:45:15.155801,12.097441,0.0,0.0,61481.703125,50.7,64661.515625,0,0.0,145.078125,deepseek-r1:7b,-1
2025-06-08T15:45:15.261174,12.202814,0.0,0.0,61481.703125,50.7,64661.515625,0,0.0,145.078125,deepseek-r1:7b,-1
2025-06-08T15:45:15.362223,12.303863,0.0,0.0,61481.703125,50.7,64661.515625,0,0.0,145.078125,deepseek-r1:7b,-1
2025-06-08T15:45:15.467637,12.409277,0.0,0.0,61481.703125,50.7,64661.515625,0,0.0,145.078125,deepseek-r1:7b,-1
2025-06-08T15:45:15.573042,12.514682,7.3,0.0,61481.546875,50.7,64663.21875,0,0.0,145.078125,deepseek-r1:7b,-1
2025-06-08T15:45:15.678070,12.61971,8.7,0.0,61481.640625,50.7,64663.34375,0,0.0,145.078125,deepseek-r1:7b,-1
2025-06-08T15:45:15.783461,12.725101,7.9,0.0,61481.640625,50.7,64663.34375,0,0.0,145.078125,deepseek-r1:7b,-1
2025-06-08T15:45:15.888883,12.830523,7.6,0.0,61481.640625,50.7,64663.34375,0,0.0,145.078125,deepseek-r1:7b,-1
2025-06-08T15:45:15.994263,12.935903,6.6,0.0,61481.640625,50.7,64663.34375,0,0.0,145.078125,deepseek-r1:7b,-1
2025-06-08T15:45:16.096000,13.03764,7.9,0.0,61481.640625,50.7,64663.34375,0,0.0,145.078125,deepseek-r1:7b,-1
2025-06-08T15:45:16.201413,13.143053,7.7,0.0,61481.640625,50.7,64663.34375,0,0.0,145.078125,deepseek-r1:7b,-1
2025-06-08T15:45:16.306739,13.248379,7.7,0.0,61481.640625,50.7,64663.34375,0,0.0,145.078125,deepseek-r1:7b,-1
2025-06-08T15:45:16.407589,13.349229,7.5,0.0,61481.640625,50.7,64663.34375,0,0.0,145.078125,deepseek-r1:7b,-1
2025-06-08T15:45:16.512980,13.45462,0.0,0.0,61481.640625,50.7,64663.34375,0,0.0,145.078125,deepseek-r1:7b,-1
2025-06-08T15:45:16.618367,13.560007,7.9,0.0,61481.65625,50.7,64665.8125,0,0.0,145.078125,deepseek-r1:7b,-1
2025-06-08T15:45:16.723804,13.665444,7.3,0.0,61481.65625,50.7,64662.078125,0,0.0,145.078125,deepseek-r1:7b,-1
2025-06-08T15:45:16.829246,13.770886,7.0,0.0,61481.65625,50.7,64662.203125,0,0.0,145.078125,deepseek-r1:7b,-1
2025-06-08T15:45:16.930461,13.872101,10.4,0.0,61481.65625,50.7,64662.203125,0,0.0,145.078125,deepseek-r1:7b,-1
2025-06-08T15:45:17.032319,13.973959,0.0,0.0,61481.65625,50.7,64662.203125,0,0.0,145.078125,deepseek-r1:7b,-1
2025-06-08T15:45:17.137735,14.079375,0.0,0.0,61481.65625,50.7,64662.203125,0,0.0,145.078125,deepseek-r1:7b,-1
2025-06-08T15:45:17.243159,14.184799,0.0,0.0,61481.65625,50.7,64662.203125,0,0.0,145.078125,deepseek-r1:7b,-1
2025-06-08T15:45:17.348528,14.290168,0.0,0.0,61481.65625,50.7,64662.203125,0,0.0,145.078125,deepseek-r1:7b,-1
2025-06-08T15:45:17.451272,14.392912,0.0,0.0,61481.65625,50.7,64662.203125,0,0.0,145.078125,deepseek-r1:7b,-1
2025-06-08T15:45:17.555775,14.497415,0.0,0.0,61481.65625,50.7,64662.203125,0,0.0,145.078125,deepseek-r1:7b,-1
2025-06-08T15:45:17.656733,14.598373,7.3,0.0,61481.609375,50.7,64663.890625,0,0.0,145.078125,deepseek-r1:7b,-1
2025-06-08T15:45:17.757644,14.699284,8.1,0.0,61481.609375,50.7,64664.3125,0,0.0,145.078125,deepseek-r1:7b,-1
2025-06-08T15:45:17.863067,14.804707,7.8,0.0,61481.609375,50.7,64664.3125,0,0.0,145.078125,deepseek-r1:7b,-1
2025-06-08T15:45:17.964435,14.906075,0.0,0.0,61481.609375,50.7,64664.3125,0,0.0,145.078125,deepseek-r1:7b,-1
2025-06-08T15:45:18.069374,15.011014,0.0,0.0,61481.609375,50.7,64664.3125,0,0.0,145.078125,deepseek-r1:7b,-1
2025-06-08T15:45:18.174823,15.116463,0.0,0.0,61481.609375,50.7,64664.3125,0,0.0,145.078125,deepseek-r1:7b,-1
2025-06-08T15:45:20.330049,0.044066,8.7,0.0,60105.953125,49.6,66030.109375,0,0.0,145.078125,deepseek-r1:7b,-1
2025-06-08T15:45:20.435231,0.149248,13.9,0.0,60266.546875,49.7,65872.4375,0,0.0,145.078125,deepseek-r1:7b,-1
2025-06-08T15:45:20.538659,0.252676,13.9,0.0,61226.453125,50.5,64911.609375,0,0.0,145.078125,deepseek-r1:7b,-1
2025-06-08T15:45:20.640309,0.354326,9.7,0.0,61226.453125,50.5,64911.609375,0,0.0,145.078125,deepseek-r1:7b,-1
2025-06-08T15:45:20.745328,0.459345,7.1,0.0,61226.453125,50.5,64911.609375,0,0.0,145.078125,deepseek-r1:7b,-1
2025-06-08T15:45:20.850710,0.564727,0.0,0.0,61226.453125,50.5,64911.609375,0,0.0,145.078125,deepseek-r1:7b,-1
2025-06-08T15:45:20.951722,0.665739,0.0,0.0,61226.453125,50.5,64911.609375,0,0.0,145.078125,deepseek-r1:7b,-1
2025-06-08T15:45:21.057155,0.771172,0.0,0.0,61226.453125,50.5,64911.609375,0,0.0,145.078125,deepseek-r1:7b,-1
2025-06-08T15:45:21.162563,0.87658,0.0,0.0,61226.453125,50.5,64911.609375,0,0.0,145.078125,deepseek-r1:7b,-1
2025-06-08T15:45:21.264969,0.978986,0.0,0.0,61226.453125,50.5,64911.609375,0,0.0,145.078125,deepseek-r1:7b,-1
2025-06-08T15:45:21.365557,1.079574,7.7,0.0,61663.5625,50.8,64476.890625,0,0.0,145.078125,deepseek-r1:7b,-1
2025-06-08T15:45:21.470934,1.184951,9.6,0.0,61663.578125,50.8,64476.890625,0,0.0,145.078125,deepseek-r1:7b,-1
2025-06-08T15:45:21.576292,1.290309,8.3,0.0,61663.578125,50.8,64476.890625,0,0.0,145.078125,deepseek-r1:7b,-1
2025-06-08T15:45:21.680908,1.394925,6.6,0.0,61663.578125,50.8,64476.890625,0,0.0,145.078125,deepseek-r1:7b,-1
2025-06-08T15:45:21.786348,1.500365,7.6,0.0,61663.578125,50.8,64476.890625,0,0.0,145.078125,deepseek-r1:7b,-1
2025-06-08T15:45:21.891436,1.605453,0.0,0.0,61663.578125,50.8,64476.890625,0,0.0,145.078125,deepseek-r1:7b,-1
2025-06-08T15:45:21.994881,1.708898,0.0,0.0,61663.578125,50.8,64476.890625,0,0.0,145.078125,deepseek-r1:7b,-1
2025-06-08T15:45:22.100290,1.814307,0.0,0.0,61663.578125,50.8,64476.890625,0,0.0,145.078125,deepseek-r1:7b,-1
2025-06-08T15:45:22.205675,1.919692,0.0,0.0,61663.578125,50.8,64476.890625,0,0.0,145.078125,deepseek-r1:7b,-1
2025-06-08T15:45:22.310318,2.024335,0.0,0.0,61663.578125,50.8,64476.890625,0,0.0,145.078125,deepseek-r1:7b,-1
2025-06-08T15:45:22.415644,2.129661,7.8,0.0,61543.40625,50.7,64595.5625,0,0.0,145.078125,deepseek-r1:7b,-1
2025-06-08T15:45:22.521087,2.235104,7.2,0.0,61543.40625,50.7,64595.84375,0,0.0,145.078125,deepseek-r1:7b,-1
2025-06-08T15:45:22.621975,2.335992,0.0,0.0,61543.359375,50.7,64596.0,0,0.0,145.078125,deepseek-r1:7b,-1
2025-06-08T15:45:22.727402,2.441419,0.0,0.0,61543.421875,50.7,64596.0,0,0.0,145.078125,deepseek-r1:7b,-1
2025-06-08T15:45:22.832887,2.546904,0.0,0.0,61543.421875,50.7,64596.0,0,0.0,145.078125,deepseek-r1:7b,-1
2025-06-08T15:45:22.938312,2.652329,0.0,0.0,61543.421875,50.7,64596.0,0,0.0,145.078125,deepseek-r1:7b,-1
2025-06-08T15:45:23.040573,2.75459,0.0,0.0,61543.421875,50.7,64596.0,0,0.0,145.078125,deepseek-r1:7b,-1
2025-06-08T15:45:23.144298,2.858315,0.0,0.0,61543.421875,50.7,64596.0,0,0.0,145.078125,deepseek-r1:7b,-1
2025-06-08T15:45:23.246172,2.960189,0.0,0.0,61543.421875,50.7,64596.0,0,0.0,145.078125,deepseek-r1:7b,-1
2025-06-08T15:45:23.351637,3.065654,0.0,0.0,61543.421875,50.7,64596.0,0,0.0,145.078125,deepseek-r1:7b,-1
2025-06-08T15:45:23.456979,3.170996,8.7,0.0,61479.359375,50.7,64653.484375,0,0.0,145.078125,deepseek-r1:7b,-1
2025-06-08T15:45:23.558626,3.272643,10.6,0.0,61479.359375,50.7,64651.40625,0,0.0,145.078125,deepseek-r1:7b,-1
2025-06-08T15:45:23.664018,3.378035,10.2,0.0,61479.359375,50.7,64651.40625,0,0.0,145.078125,deepseek-r1:7b,-1
2025-06-08T15:45:23.769386,3.483403,11.1,0.0,61479.359375,50.7,64651.40625,0,0.0,145.078125,deepseek-r1:7b,-1
2025-06-08T15:45:23.872285,3.586302,9.4,0.0,61479.359375,50.7,64651.40625,0,0.0,145.078125,deepseek-r1:7b,-1
2025-06-08T15:45:23.977600,3.691617,9.3,0.0,61479.359375,50.7,64651.40625,0,0.0,145.078125,deepseek-r1:7b,-1
2025-06-08T15:45:24.079631,3.793648,0.0,0.0,61479.359375,50.7,64651.40625,0,0.0,145.078125,deepseek-r1:7b,-1
2025-06-08T15:45:24.185065,3.899082,0.0,0.0,61479.359375,50.7,64651.40625,0,0.0,145.078125,deepseek-r1:7b,-1
2025-06-08T15:45:24.290397,4.004414,0.0,0.0,61479.359375,50.7,64651.40625,0,0.0,145.078125,deepseek-r1:7b,-1
2025-06-08T15:45:24.395706,4.109723,0.0,0.0,61479.359375,50.7,64651.40625,0,0.0,145.078125,deepseek-r1:7b,-1
2025-06-08T15:45:24.499388,4.213405,7.9,0.0,61479.3125,50.7,64657.234375,0,0.0,145.078125,deepseek-r1:7b,-1
2025-06-08T15:45:24.604953,4.31897,8.3,0.0,61479.171875,50.7,64657.65625,0,0.0,145.078125,deepseek-r1:7b,-1
2025-06-08T15:45:24.710391,4.424408,6.0,0.0,61479.171875,50.7,64657.78125,0,0.0,145.078125,deepseek-r1:7b,-1
2025-06-08T15:45:24.815747,4.529764,9.5,0.0,61479.171875,50.7,64657.78125,0,0.0,145.078125,deepseek-r1:7b,-1
2025-06-08T15:45:24.921079,4.635096,11.2,0.0,61479.171875,50.7,64657.78125,0,0.0,145.078125,deepseek-r1:7b,-1
2025-06-08T15:45:25.026362,4.740379,11.5,0.0,61479.171875,50.7,64657.78125,0,0.0,145.078125,deepseek-r1:7b,-1
2025-06-08T15:45:25.129488,4.843505,8.9,0.0,61479.171875,50.7,64657.78125,0,0.0,145.078125,deepseek-r1:7b,-1
2025-06-08T15:45:25.234768,4.948785,0.0,0.0,61479.171875,50.7,64657.78125,0,0.0,145.078125,deepseek-r1:7b,-1
2025-06-08T15:45:25.340157,5.054174,0.0,0.0,61479.171875,50.7,64657.78125,0,0.0,145.078125,deepseek-r1:7b,-1
2025-06-08T15:45:25.445605,5.159622,0.0,0.0,61479.171875,50.7,64657.78125,0,0.0,145.078125,deepseek-r1:7b,-1
2025-06-08T15:45:25.549186,5.263203,9.8,0.0,61479.28125,50.7,64653.84375,0,0.0,145.078125,deepseek-r1:7b,-1
2025-06-08T15:45:25.654620,5.368637,7.9,0.0,61479.28125,50.7,64653.96875,0,0.0,145.078125,deepseek-r1:7b,-1
2025-06-08T15:45:25.759975,5.473992,6.4,0.0,61479.28125,50.7,64654.203125,0,0.0,145.078125,deepseek-r1:7b,-1
2025-06-08T15:45:25.861159,5.575176,10.5,0.0,61479.28125,50.7,64654.203125,0,0.0,145.078125,deepseek-r1:7b,-1
2025-06-08T15:45:25.966605,5.680622,15.5,0.0,61479.28125,50.7,64654.203125,0,0.0,145.078125,deepseek-r1:7b,-1
2025-06-08T15:45:26.072077,5.786094,8.9,0.0,61479.28125,50.7,64654.203125,0,0.0,145.078125,deepseek-r1:7b,-1
2025-06-08T15:45:26.177509,5.891526,7.3,0.0,61479.28125,50.7,64654.203125,0,0.0,145.078125,deepseek-r1:7b,-1
2025-06-08T15:45:26.279669,5.993686,7.7,0.0,61479.28125,50.7,64654.203125,0,0.0,145.078125,deepseek-r1:7b,-1
2025-06-08T15:45:26.384719,6.098736,7.3,0.0,61479.28125,50.7,64654.203125,0,0.0,145.078125,deepseek-r1:7b,-1
2025-06-08T15:45:26.489167,6.203184,7.6,0.0,61479.28125,50.7,64654.203125,0,0.0,145.078125,deepseek-r1:7b,-1
2025-06-08T15:45:26.594613,6.30863,8.3,0.0,61479.40625,50.7,64651.8125,0,0.0,145.078125,deepseek-r1:7b,-1
2025-06-08T15:45:26.695939,6.409956,6.2,0.0,61479.40625,50.7,64651.9375,0,0.0,145.078125,deepseek-r1:7b,-1
2025-06-08T15:45:26.797552,6.511569,7.5,0.0,61479.40625,50.7,64651.9375,0,0.0,145.078125,deepseek-r1:7b,-1
2025-06-08T15:45:26.902969,6.616986,9.3,0.0,61479.40625,50.7,64651.9375,0,0.0,145.078125,deepseek-r1:7b,-1
2025-06-08T15:45:29.057521,0.042984,8.6,0.0,61573.125,50.7,64564.796875,0,0.0,145.078125,deepseek-r1:7b,-1
2025-06-08T15:45:29.162669,0.148132,13.9,0.0,61573.125,50.7,64564.796875,0,0.0,145.078125,deepseek-r1:7b,-1
2025-06-08T15:45:29.267933,0.253396,0.0,0.0,61573.125,50.7,64564.796875,0,0.0,145.078125,deepseek-r1:7b,-1
2025-06-08T15:45:29.372901,0.358364,0.0,0.0,61573.125,50.7,64564.796875,0,0.0,145.078125,deepseek-r1:7b,-1
2025-06-08T15:45:29.478085,0.463548,0.0,0.0,61573.125,50.7,64564.796875,0,0.0,145.078125,deepseek-r1:7b,-1
2025-06-08T15:45:29.578808,0.564271,0.0,0.0,61573.125,50.7,64564.796875,0,0.0,145.078125,deepseek-r1:7b,-1
2025-06-08T15:45:29.684259,0.669722,0.0,0.0,61573.125,50.7,64564.796875,0,0.0,145.078125,deepseek-r1:7b,-1
2025-06-08T15:45:29.785171,0.770634,0.0,0.0,61573.125,50.7,64564.796875,0,0.0,145.078125,deepseek-r1:7b,-1
2025-06-08T15:45:29.890580,0.876043,0.0,0.0,61573.125,50.7,64564.796875,0,0.0,145.078125,deepseek-r1:7b,-1
2025-06-08T15:45:29.995955,0.981418,0.0,0.0,61573.125,50.7,64564.796875,0,0.0,145.078125,deepseek-r1:7b,-1
2025-06-08T15:45:30.101341,1.086804,8.3,0.0,61667.28125,50.8,64464.9375,0,0.0,145.078125,deepseek-r1:7b,-1
2025-06-08T15:45:30.206662,1.192125,8.8,0.0,61667.5,50.8,64465.28125,0,0.0,145.078125,deepseek-r1:7b,-1
2025-06-08T15:45:30.310150,1.295613,10.1,0.0,61667.46875,50.8,64465.46875,0,0.0,145.078125,deepseek-r1:7b,-1
2025-06-08T15:45:30.411533,1.396996,6.9,0.0,61667.46875,50.8,64465.46875,0,0.0,145.078125,deepseek-r1:7b,-1
2025-06-08T15:45:30.517044,1.502507,7.2,0.0,61667.46875,50.8,64465.46875,0,0.0,145.078125,deepseek-r1:7b,-1
2025-06-08T15:45:30.622496,1.607959,7.6,0.0,61667.46875,50.8,64465.46875,0,0.0,145.078125,deepseek-r1:7b,-1
2025-06-08T15:45:30.723706,1.709169,0.0,0.0,61667.46875,50.8,64465.46875,0,0.0,145.078125,deepseek-r1:7b,-1
2025-06-08T15:45:30.829099,1.814562,0.0,0.0,61667.46875,50.8,64465.46875,0,0.0,145.078125,deepseek-r1:7b,-1
2025-06-08T15:45:30.932354,1.917817,0.0,0.0,61667.46875,50.8,64465.46875,0,0.0,145.078125,deepseek-r1:7b,-1
2025-06-08T15:45:31.037769,2.023232,0.0,0.0,61667.46875,50.8,64465.46875,0,0.0,145.078125,deepseek-r1:7b,-1
2025-06-08T15:45:31.141010,2.126473,7.6,0.0,61547.359375,50.7,64587.265625,0,0.0,145.078125,deepseek-r1:7b,-1
2025-06-08T15:45:31.245811,2.231274,7.2,0.0,61547.359375,50.7,64587.53125,0,0.0,145.078125,deepseek-r1:7b,-1
2025-06-08T15:45:31.351220,2.336683,8.9,0.0,61547.359375,50.7,64587.53125,0,0.0,145.078125,deepseek-r1:7b,-1
2025-06-08T15:45:31.456548,2.442011,8.2,0.0,61547.359375,50.7,64587.53125,0,0.0,145.078125,deepseek-r1:7b,-1
2025-06-08T15:45:31.557799,2.543262,6.9,0.0,61547.359375,50.7,64587.53125,0,0.0,145.078125,deepseek-r1:7b,-1
2025-06-08T15:45:31.663210,2.648673,6.5,0.0,61547.359375,50.7,64587.53125,0,0.0,145.078125,deepseek-r1:7b,-1
2025-06-08T15:45:31.768441,2.753904,8.8,0.0,61547.359375,50.7,64587.53125,0,0.0,145.078125,deepseek-r1:7b,-1
2025-06-08T15:45:31.869125,2.854588,8.1,0.0,61547.359375,50.7,64587.53125,0,0.0,145.078125,deepseek-r1:7b,-1
2025-06-08T15:45:31.974502,2.959965,7.1,0.0,61547.359375,50.7,64587.53125,0,0.0,145.078125,deepseek-r1:7b,-1
2025-06-08T15:45:32.079891,3.065354,7.7,0.0,61547.359375,50.7,64587.53125,0,0.0,145.078125,deepseek-r1:7b,-1
2025-06-08T15:45:32.185264,3.170727,6.5,0.0,61483.171875,50.7,64653.640625,0,0.0,145.078125,deepseek-r1:7b,-1
2025-06-08T15:45:32.286483,3.271946,8.6,0.0,61483.1875,50.7,64653.765625,0,0.0,145.078125,deepseek-r1:7b,-1
2025-06-08T15:45:32.391840,3.377303,6.6,0.0,61483.1875,50.7,64653.765625,0,0.0,145.078125,deepseek-r1:7b,-1
2025-06-08T15:45:32.497260,3.482723,7.1,0.0,61483.1875,50.7,64653.765625,0,0.0,145.078125,deepseek-r1:7b,-1
2025-06-08T15:45:32.600114,3.585577,7.2,0.0,61483.1875,50.7,64653.765625,0,0.0,145.078125,deepseek-r1:7b,-1
2025-06-08T15:45:32.701746,3.687209,7.0,0.0,61483.1875,50.7,64653.765625,0,0.0,145.078125,deepseek-r1:7b,-1
2025-06-08T15:45:32.804603,3.790066,10.6,0.0,61483.1875,50.7,64653.765625,0,0.0,145.078125,deepseek-r1:7b,-1
2025-06-08T15:45:32.909972,3.895435,7.7,0.0,61483.1875,50.7,64653.765625,0,0.0,145.078125,deepseek-r1:7b,-1
2025-06-08T15:45:33.011428,3.996891,6.2,0.0,61483.1875,50.7,64653.765625,0,0.0,145.078125,deepseek-r1:7b,-1
2025-06-08T15:45:33.116779,4.102242,8.3,0.0,61483.1875,50.7,64653.765625,0,0.0,145.078125,deepseek-r1:7b,-1
2025-06-08T15:45:33.221220,4.206683,6.6,0.0,61482.671875,50.7,64657.03125,0,0.0,145.078125,deepseek-r1:7b,-1
2025-06-08T15:45:33.326635,4.312098,8.2,0.0,61482.671875,50.7,64657.15625,0,0.0,145.078125,deepseek-r1:7b,-1
2025-06-08T15:45:33.432028,4.417491,7.9,0.0,61482.671875,50.7,64657.421875,0,0.0,145.078125,deepseek-r1:7b,-1
2025-06-08T15:45:33.534736,4.520199,6.1,0.0,61482.671875,50.7,64657.421875,0,0.0,145.078125,deepseek-r1:7b,-1
2025-06-08T15:45:33.640104,4.625567,7.6,0.0,61482.671875,50.7,64657.421875,0,0.0,145.078125,deepseek-r1:7b,-1
2025-06-08T15:45:33.741559,4.727022,8.7,0.0,61482.671875,50.7,64657.421875,0,0.0,145.078125,deepseek-r1:7b,-1
2025-06-08T15:45:33.843401,4.828864,0.0,0.0,61482.671875,50.7,64657.421875,0,0.0,145.078125,deepseek-r1:7b,-1
2025-06-08T15:45:33.948769,4.934232,0.0,0.0,61482.671875,50.7,64657.421875,0,0.0,145.078125,deepseek-r1:7b,-1
2025-06-08T15:45:34.054225,5.039688,0.0,0.0,61482.671875,50.7,64657.421875,0,0.0,145.078125,deepseek-r1:7b,-1
2025-06-08T15:45:34.159654,5.145117,0.0,0.0,61482.671875,50.7,64657.421875,0,0.0,145.078125,deepseek-r1:7b,-1
2025-06-08T15:45:34.264992,5.250455,7.2,0.0,61482.4375,50.7,64651.578125,0,0.0,145.078125,deepseek-r1:7b,-1
2025-06-08T15:45:34.370364,5.355827,12.5,0.0,61482.40625,50.7,64649.609375,0,0.0,145.078125,deepseek-r1:7b,-1
2025-06-08T15:45:34.475556,5.461019,7.6,0.0,61482.40625,50.7,64649.71875,0,0.0,145.078125,deepseek-r1:7b,-1
2025-06-08T15:45:34.580914,5.566377,6.7,0.0,61482.40625,50.7,64649.71875,0,0.0,145.078125,deepseek-r1:7b,-1
2025-06-08T15:45:34.686352,5.671815,7.6,0.0,61482.40625,50.7,64649.71875,0,0.0,145.078125,deepseek-r1:7b,-1
2025-06-08T15:45:34.791730,5.777193,7.7,0.0,61482.40625,50.7,64649.71875,0,0.0,145.078125,deepseek-r1:7b,-1
2025-06-08T15:45:34.897080,5.882543,8.8,0.0,61482.40625,50.7,64649.71875,0,0.0,145.078125,deepseek-r1:7b,-1
2025-06-08T15:45:35.001296,5.986759,0.0,0.0,61482.40625,50.7,64649.71875,0,0.0,145.078125,deepseek-r1:7b,-1
2025-06-08T15:45:35.106667,6.09213,0.0,0.0,61482.40625,50.7,64649.71875,0,0.0,145.078125,deepseek-r1:7b,-1
2025-06-08T15:45:35.212072,6.197535,0.0,0.0,61482.40625,50.7,64649.71875,0,0.0,145.078125,deepseek-r1:7b,-1
2025-06-08T15:45:35.317475,6.302938,7.6,0.0,61482.796875,50.7,64652.0,0,0.0,145.078125,deepseek-r1:7b,-1
2025-06-08T15:45:35.422894,6.408357,7.2,0.0,61482.796875,50.7,64652.265625,0,0.0,145.078125,deepseek-r1:7b,-1
2025-06-08T15:45:35.524037,6.5095,6.8,0.0,61482.8125,50.7,64652.40625,0,0.0,145.078125,deepseek-r1:7b,-1
2025-06-08T15:45:35.625830,6.611293,6.8,0.0,61482.8125,50.7,64652.40625,0,0.0,145.078125,deepseek-r1:7b,-1
2025-06-08T15:45:35.731271,6.716734,0.0,0.0,61482.8125,50.7,64652.40625,0,0.0,145.078125,deepseek-r1:7b,-1
2025-06-08T15:45:35.835025,6.820488,0.0,0.0,61482.8125,50.7,64652.40625,0,0.0,145.078125,deepseek-r1:7b,-1
2025-06-08T15:45:35.936158,6.921621,0.0,0.0,61482.8125,50.7,64652.40625,0,0.0,145.078125,deepseek-r1:7b,-1
2025-06-08T15:45:36.041530,7.026993,0.0,0.0,61482.8125,50.7,64652.40625,0,0.0,145.078125,deepseek-r1:7b,-1
2025-06-08T15:45:36.143811,7.129274,0.0,0.0,61482.8125,50.7,64652.40625,0,0.0,145.078125,deepseek-r1:7b,-1
2025-06-08T15:45:36.249149,7.234612,0.0,0.0,61482.8125,50.7,64652.40625,0,0.0,145.078125,deepseek-r1:7b,-1
2025-06-08T15:45:36.354585,7.340048,7.7,0.0,61482.796875,50.7,64653.9375,0,0.0,145.078125,deepseek-r1:7b,-1
2025-06-08T15:45:36.460042,7.445505,7.8,0.0,61482.8125,50.7,64654.234375,0,0.0,145.078125,deepseek-r1:7b,-1
2025-06-08T15:45:36.565422,7.550885,6.0,0.0,61482.6875,50.7,64654.484375,0,0.0,145.078125,deepseek-r1:7b,-1
2025-06-08T15:45:36.668195,7.653658,8.4,0.0,61482.6875,50.7,64654.484375,0,0.0,145.078125,deepseek-r1:7b,-1
2025-06-08T15:45:36.773570,7.759033,8.3,0.0,61482.6875,50.7,64654.484375,0,0.0,145.078125,deepseek-r1:7b,-1
2025-06-08T15:45:36.879000,7.864463,6.5,0.0,61482.6875,50.7,64654.484375,0,0.0,145.078125,deepseek-r1:7b,-1
2025-06-08T15:45:36.979944,7.965407,7.5,0.0,61482.6875,50.7,64654.484375,0,0.0,145.078125,deepseek-r1:7b,-1
2025-06-08T15:45:37.085340,8.070803,0.0,0.0,61482.6875,50.7,64654.484375,0,0.0,145.078125,deepseek-r1:7b,-1
2025-06-08T15:45:37.190741,8.176204,0.0,0.0,61482.6875,50.7,64654.484375,0,0.0,145.078125,deepseek-r1:7b,-1
2025-06-08T15:45:37.296089,8.281552,0.0,0.0,61482.6875,50.7,64654.484375,0,0.0,145.078125,deepseek-r1:7b,-1
2025-06-08T15:45:37.397970,8.383433,7.7,0.0,61483.03125,50.7,64656.546875,0,0.0,145.078125,deepseek-r1:7b,-1
2025-06-08T15:45:37.503358,8.488821,7.1,0.0,61482.984375,50.7,64656.765625,0,0.0,145.078125,deepseek-r1:7b,-1
2025-06-08T15:45:37.608788,8.594251,8.4,0.0,61482.875,50.7,64657.1875,0,0.0,145.078125,deepseek-r1:7b,-1
2025-06-08T15:45:37.712412,8.697875,7.2,0.0,61482.875,50.7,64657.1875,0,0.0,145.078125,deepseek-r1:7b,-1
2025-06-08T15:45:37.817833,8.803296,0.0,0.0,61482.875,50.7,64657.1875,0,0.0,145.078125,deepseek-r1:7b,-1
2025-06-08T15:45:37.920515,8.905978,0.0,0.0,61482.875,50.7,64657.1875,0,0.0,145.078125,deepseek-r1:7b,-1
2025-06-08T15:45:38.025908,9.011371,0.0,0.0,61482.875,50.7,64657.1875,0,0.0,145.078125,deepseek-r1:7b,-1
2025-06-08T15:45:38.131284,9.116747,0.0,0.0,61482.875,50.7,64657.1875,0,0.0,145.078125,deepseek-r1:7b,-1
2025-06-08T15:45:38.236705,9.222168,0.0,0.0,61482.875,50.7,64657.1875,0,0.0,145.078125,deepseek-r1:7b,-1
2025-06-08T15:45:38.338448,9.323911,0.0,0.0,61482.875,50.7,64657.1875,0,0.0,145.078125,deepseek-r1:7b,-1
2025-06-08T15:45:38.443883,9.429346,7.6,0.0,61482.90625,50.7,64650.953125,0,0.0,145.078125,deepseek-r1:7b,-1
2025-06-08T15:45:38.549224,9.534687,6.6,0.0,61482.90625,50.7,64651.078125,0,0.0,145.078125,deepseek-r1:7b,-1
2025-06-08T15:45:38.654599,9.640062,0.0,0.0,61482.8125,50.7,64647.5625,0,0.0,145.078125,deepseek-r1:7b,-1
2025-06-08T15:45:38.756738,9.742201,0.0,0.0,61482.8125,50.7,64647.6875,0,0.0,145.078125,deepseek-r1:7b,-1
2025-06-08T15:45:38.859961,9.845424,0.0,0.0,61482.8125,50.7,64647.6875,0,0.0,145.078125,deepseek-r1:7b,-1
2025-06-08T15:45:38.965344,9.950807,0.0,0.0,61482.8125,50.7,64647.6875,0,0.0,145.078125,deepseek-r1:7b,-1
2025-06-08T15:45:39.070765,10.056228,0.0,0.0,61482.8125,50.7,64647.6875,0,0.8,145.078125,deepseek-r1:7b,-1
2025-06-08T15:45:39.173575,10.159038,0.0,0.0,61482.8125,50.7,64647.6875,0,0.0,145.078125,deepseek-r1:7b,-1
2025-06-08T15:45:39.278960,10.264423,0.0,0.0,61482.8125,50.7,64647.6875,0,0.0,145.078125,deepseek-r1:7b,-1
2025-06-08T15:45:39.384341,10.369804,0.0,0.0,61482.8125,50.7,64647.6875,0,0.0,145.078125,deepseek-r1:7b,-1
2025-06-08T15:45:39.489696,10.475159,9.1,0.0,61483.265625,50.7,64649.75,0,0.0,145.078125,deepseek-r1:7b,-1
2025-06-08T15:45:39.595115,10.580578,10.6,0.0,61477.421875,50.7,64656.0,0,0.0,145.078125,deepseek-r1:7b,-1
2025-06-08T15:45:39.700565,10.686028,6.7,0.0,61477.4375,50.7,64656.09375,0,0.0,145.078125,deepseek-r1:7b,-1
2025-06-08T15:45:39.806044,10.791507,7.7,0.0,61477.46875,50.7,64656.359375,0,0.0,145.078125,deepseek-r1:7b,-1
2025-06-08T15:45:39.911469,10.896932,9.4,0.0,61477.46875,50.7,64656.359375,0,0.0,145.078125,deepseek-r1:7b,-1
2025-06-08T15:45:40.011976,10.997439,6.9,0.0,61477.46875,50.7,64656.359375,0,0.0,145.078125,deepseek-r1:7b,-1
2025-06-08T15:45:42.167079,0.042679,8.7,0.0,59608.71875,49.2,66528.0625,0,0.0,145.078125,deepseek-r1:7b,-1
2025-06-08T15:45:42.272311,0.147911,21.6,0.0,60236.421875,49.7,65900.234375,0,0.0,145.078125,deepseek-r1:7b,-1
2025-06-08T15:45:42.373945,0.249545,17.2,0.0,60236.421875,49.7,65900.234375,0,0.0,145.078125,deepseek-r1:7b,-1
2025-06-08T15:45:42.479287,0.354887,12.4,0.0,60236.421875,49.7,65900.234375,0,0.0,145.078125,deepseek-r1:7b,-1
2025-06-08T15:45:42.584676,0.460276,0.0,0.0,60236.421875,49.7,65900.234375,0,0.0,145.078125,deepseek-r1:7b,-1
2025-06-08T15:45:42.689703,0.565303,0.0,0.0,60236.421875,49.7,65900.234375,0,0.0,145.078125,deepseek-r1:7b,-1
2025-06-08T15:45:42.795068,0.670668,0.0,0.0,60236.421875,49.7,65900.234375,0,0.0,145.078125,deepseek-r1:7b,-1
2025-06-08T15:45:42.900512,0.776112,0.0,0.0,60236.421875,49.7,65900.234375,0,0.0,145.078125,deepseek-r1:7b,-1
2025-06-08T15:45:43.001331,0.876931,0.0,0.0,60236.421875,49.7,65900.234375,0,0.0,145.078125,deepseek-r1:7b,-1
2025-06-08T15:45:43.106773,0.982373,0.0,0.0,60236.421875,49.7,65900.234375,0,0.0,145.078125,deepseek-r1:7b,-1
2025-06-08T15:45:43.209841,1.085441,8.9,0.0,61659.9375,50.8,64478.40625,0,0.0,145.078125,deepseek-r1:7b,-1
2025-06-08T15:45:43.315255,1.190855,10.1,0.0,61659.9375,50.8,64478.53125,0,0.0,145.078125,deepseek-r1:7b,-1
2025-06-08T15:45:43.420644,1.296244,6.5,0.0,61659.9375,50.8,64478.53125,0,0.0,145.078125,deepseek-r1:7b,-1
2025-06-08T15:45:43.526055,1.401655,8.5,0.0,61659.9375,50.8,64478.53125,0,0.0,145.078125,deepseek-r1:7b,-1
2025-06-08T15:45:43.626813,1.502413,7.5,0.0,61659.9375,50.8,64478.53125,0,0.0,145.078125,deepseek-r1:7b,-1
2025-06-08T15:45:43.732138,1.607738,7.6,0.0,61659.9375,50.8,64478.53125,0,0.0,145.078125,deepseek-r1:7b,-1
2025-06-08T15:45:43.837519,1.713119,7.2,0.0,61659.9375,50.8,64478.53125,0,0.0,145.078125,deepseek-r1:7b,-1
2025-06-08T15:45:43.942920,1.81852,0.0,0.0,61659.9375,50.8,64478.53125,0,0.0,145.078125,deepseek-r1:7b,-1
2025-06-08T15:45:44.047664,1.923264,0.0,0.0,61659.9375,50.8,64478.53125,0,0.0,145.078125,deepseek-r1:7b,-1
2025-06-08T15:45:44.153029,2.028629,0.0,0.0,61659.9375,50.8,64478.53125,0,0.0,145.078125,deepseek-r1:7b,-1
2025-06-08T15:45:44.258353,2.133953,7.6,0.0,61538.765625,50.7,64601.6875,0,0.0,145.078125,deepseek-r1:7b,-1
2025-06-08T15:45:44.360294,2.235894,7.4,0.0,61538.46875,50.7,64602.203125,0,0.0,145.078125,deepseek-r1:7b,-1
2025-06-08T15:45:44.465748,2.341348,9.4,0.0,61538.46875,50.7,64602.203125,0,0.0,145.078125,deepseek-r1:7b,-1
2025-06-08T15:45:44.571150,2.44675,6.6,0.0,61538.46875,50.7,64602.203125,0,0.0,145.078125,deepseek-r1:7b,-1
2025-06-08T15:45:44.676539,2.552139,0.0,0.0,61538.46875,50.7,64602.203125,0,0.0,145.078125,deepseek-r1:7b,-1
2025-06-08T15:45:44.778742,2.654342,0.0,0.0,61538.46875,50.7,64602.203125,0,0.0,145.078125,deepseek-r1:7b,-1
2025-06-08T15:45:44.879519,2.755119,0.0,0.0,61538.46875,50.7,64602.203125,0,0.0,145.078125,deepseek-r1:7b,-1
2025-06-08T15:45:44.984216,2.859816,0.0,0.0,61538.46875,50.7,64602.203125,0,0.0,145.078125,deepseek-r1:7b,-1
2025-06-08T15:45:45.089619,2.965219,0.0,0.0,61538.46875,50.7,64602.203125,0,0.0,145.078125,deepseek-r1:7b,-1
2025-06-08T15:45:45.195036,3.070636,0.0,0.0,61538.46875,50.7,64602.203125,0,0.0,145.078125,deepseek-r1:7b,-1
2025-06-08T15:45:45.295464,3.171064,7.7,0.0,61474.1875,50.7,64668.875,0,0.0,145.078125,deepseek-r1:7b,-1
2025-06-08T15:45:45.400923,3.276523,7.6,0.0,61474.1875,50.7,64669.015625,0,0.0,145.078125,deepseek-r1:7b,-1
2025-06-08T15:45:45.504787,3.380387,8.4,0.0,61474.203125,50.7,64669.28125,0,0.0,145.078125,deepseek-r1:7b,-1
2025-06-08T15:45:45.605552,3.481152,7.4,0.0,61474.203125,50.7,64669.28125,0,0.0,145.078125,deepseek-r1:7b,-1
2025-06-08T15:45:45.710964,3.586564,7.2,0.0,61474.203125,50.7,64669.28125,0,0.0,145.078125,deepseek-r1:7b,-1
2025-06-08T15:45:45.816372,3.691972,0.0,0.0,61474.203125,50.7,64669.28125,0,0.0,145.078125,deepseek-r1:7b,-1
2025-06-08T15:45:45.920498,3.796098,0.0,0.0,61474.203125,50.7,64669.28125,0,0.0,145.078125,deepseek-r1:7b,-1
2025-06-08T15:45:46.025870,3.90147,0.0,0.0,61474.203125,50.7,64669.28125,0,0.0,145.078125,deepseek-r1:7b,-1
2025-06-08T15:45:46.131234,4.006834,0.0,0.0,61474.203125,50.7,64669.28125,0,0.0,145.078125,deepseek-r1:7b,-1
2025-06-08T15:45:46.232308,4.107908,0.0,0.0,61474.203125,50.7,64669.28125,0,0.0,145.078125,deepseek-r1:7b,-1
2025-06-08T15:45:46.337522,4.213122,8.3,0.0,61474.59375,50.7,64662.59375,0,0.0,145.078125,deepseek-r1:7b,-1
2025-06-08T15:45:46.440908,4.316508,7.8,0.0,61474.59375,50.7,64662.890625,0,0.0,145.078125,deepseek-r1:7b,-1
2025-06-08T15:45:46.546303,4.421903,7.6,0.0,61474.59375,50.7,64663.015625,0,0.0,145.078125,deepseek-r1:7b,-1
2025-06-08T15:45:46.651744,4.527344,7.8,0.0,61474.59375,50.7,64663.015625,0,0.0,145.078125,deepseek-r1:7b,-1
2025-06-08T15:45:46.757143,4.632743,6.5,0.0,61474.59375,50.7,64663.015625,0,0.0,145.078125,deepseek-r1:7b,-1
2025-06-08T15:45:46.862430,4.73803,8.8,0.0,61474.59375,50.7,64663.015625,0,0.0,145.078125,deepseek-r1:7b,-1
2025-06-08T15:45:46.967770,4.84337,0.0,0.0,61474.59375,50.7,64663.015625,0,0.0,145.078125,deepseek-r1:7b,-1
2025-06-08T15:45:47.069032,4.944632,0.0,0.0,61474.59375,50.7,64663.015625,0,0.0,145.078125,deepseek-r1:7b,-1
2025-06-08T15:45:47.170379,5.045979,0.0,0.0,61474.59375,50.7,64663.015625,0,0.0,145.078125,deepseek-r1:7b,-1
2025-06-08T15:45:47.272714,5.148314,0.0,0.0,61474.59375,50.7,64663.015625,0,0.0,145.078125,deepseek-r1:7b,-1
2025-06-08T15:45:47.378159,5.253759,7.3,0.0,61474.0625,50.7,64665.203125,0,0.0,145.078125,deepseek-r1:7b,-1
2025-06-08T15:45:47.483538,5.359138,7.8,0.0,61474.1875,50.7,64665.640625,0,0.0,145.078125,deepseek-r1:7b,-1
2025-06-08T15:45:47.588282,5.463882,7.2,0.0,61474.1875,50.7,64665.640625,0,0.0,145.078125,deepseek-r1:7b,-1
2025-06-08T15:45:47.692843,5.568443,8.8,0.0,61474.1875,50.7,64665.640625,0,0.0,145.078125,deepseek-r1:7b,-1
2025-06-08T15:45:47.796524,5.672124,8.4,0.0,61474.1875,50.7,64665.640625,0,0.0,145.078125,deepseek-r1:7b,-1
2025-06-08T15:45:47.901949,5.777549,8.9,0.0,61474.1875,50.7,64665.640625,0,0.0,145.078125,deepseek-r1:7b,-1
2025-06-08T15:45:48.007295,5.882895,7.1,0.0,61474.1875,50.7,64665.640625,0,0.0,145.078125,deepseek-r1:7b,-1
2025-06-08T15:45:48.108945,5.984545,8.0,0.0,61474.1875,50.7,64665.640625,0,0.0,145.078125,deepseek-r1:7b,-1
2025-06-08T15:45:48.214379,6.089979,8.4,0.0,61474.1875,50.7,64665.640625,0,0.0,145.078125,deepseek-r1:7b,-1
2025-06-08T15:45:48.319827,6.195427,8.3,0.0,61474.1875,50.7,64665.640625,0,0.0,145.078125,deepseek-r1:7b,-1
2025-06-08T15:45:48.422573,6.298173,7.8,0.0,61474.53125,50.7,64668.296875,0,0.0,145.078125,deepseek-r1:7b,-1
2025-06-08T15:45:48.527693,6.403293,12.0,0.0,61474.609375,50.7,64664.578125,0,0.0,145.078125,deepseek-r1:7b,-1
2025-06-08T15:45:48.632980,6.50858,8.3,0.0,61474.609375,50.7,64664.578125,0,0.0,145.078125,deepseek-r1:7b,-1
2025-06-08T15:45:48.738423,6.614023,6.5,0.0,61474.609375,50.7,64664.578125,0,0.0,145.078125,deepseek-r1:7b,-1
2025-06-08T15:45:48.843643,6.719243,9.5,0.0,61474.609375,50.7,64664.578125,0,0.0,145.078125,deepseek-r1:7b,-1
2025-06-08T15:45:48.949057,6.824657,16.5,0.0,61474.609375,50.7,64664.578125,0,0.0,145.078125,deepseek-r1:7b,-1
2025-06-08T15:45:49.054402,6.930002,14.0,0.0,61474.609375,50.7,64664.578125,0,0.0,145.078125,deepseek-r1:7b,-1
2025-06-08T15:45:49.157350,7.03295,11.9,0.0,61474.609375,50.7,64664.578125,0,0.0,145.078125,deepseek-r1:7b,-1
2025-06-08T15:45:49.258505,7.134105,10.5,0.0,61474.609375,50.7,64664.578125,0,0.0,145.078125,deepseek-r1:7b,-1
2025-06-08T15:45:49.363789,7.239389,7.6,0.0,61474.609375,50.7,64664.578125,0,0.0,145.078125,deepseek-r1:7b,-1
2025-06-08T15:45:49.468495,7.344095,7.2,0.0,61482.859375,50.7,64653.828125,0,0.0,145.078125,deepseek-r1:7b,-1
2025-06-08T15:45:49.573887,7.449487,7.6,0.0,61482.859375,50.7,64653.953125,0,0.0,145.078125,deepseek-r1:7b,-1
2025-06-08T15:45:49.678157,7.553757,7.8,0.0,61482.859375,50.7,64653.953125,0,0.0,145.078125,deepseek-r1:7b,-1
2025-06-08T15:45:49.783549,7.659149,7.2,0.0,61482.859375,50.7,64653.953125,0,0.0,145.078125,deepseek-r1:7b,-1
2025-06-08T15:45:51.939081,0.043283,9.6,0.0,60787.53125,50.1,65349.28125,0,0.0,145.09375,deepseek-r1:7b,-1
2025-06-08T15:45:52.044247,0.148449,16.0,0.0,60191.484375,49.7,65943.375,0,0.0,145.09375,deepseek-r1:7b,-1
2025-06-08T15:45:52.147922,0.252124,13.3,0.0,61234.375,50.5,64900.21875,0,0.0,145.09375,deepseek-r1:7b,-1
2025-06-08T15:45:52.253227,0.357429,10.1,0.0,61234.375,50.5,64900.21875,0,0.0,145.09375,deepseek-r1:7b,-1
2025-06-08T15:45:52.358551,0.462753,7.1,0.0,61234.375,50.5,64900.21875,0,0.0,145.09375,deepseek-r1:7b,-1
2025-06-08T15:45:52.463892,0.568094,7.6,0.0,61234.375,50.5,64900.21875,0,0.0,145.09375,deepseek-r1:7b,-1
2025-06-08T15:45:52.569231,0.673433,6.1,0.0,61234.375,50.5,64900.21875,0,0.0,145.09375,deepseek-r1:7b,-1
2025-06-08T15:45:52.673270,0.777472,9.0,0.0,61234.375,50.5,64900.21875,0,0.0,145.09375,deepseek-r1:7b,-1
2025-06-08T15:45:52.773890,0.878092,8.5,0.0,61234.375,50.5,64900.21875,0,0.0,145.09375,deepseek-r1:7b,-1
2025-06-08T15:45:52.878733,0.982935,0.0,0.0,61234.375,50.5,64900.21875,0,0.0,145.09375,deepseek-r1:7b,-1
2025-06-08T15:45:52.984141,1.088343,8.3,0.0,61671.53125,50.8,64461.765625,0,0.0,145.09375,deepseek-r1:7b,-1
2025-06-08T15:45:53.089583,1.193785,8.5,0.0,61671.53125,50.8,64462.140625,0,0.0,145.09375,deepseek-r1:7b,-1
2025-06-08T15:45:53.194956,1.299158,8.3,0.0,61671.53125,50.8,64462.140625,0,0.0,145.09375,deepseek-r1:7b,-1
2025-06-08T15:45:53.297198,1.4014,7.3,0.0,61671.53125,50.8,64462.140625,0,0.0,145.09375,deepseek-r1:7b,-1
2025-06-08T15:45:53.398172,1.502374,8.2,0.0,61671.53125,50.8,64462.140625,0,0.0,145.09375,deepseek-r1:7b,-1
2025-06-08T15:45:53.503570,1.607772,8.1,0.0,61671.53125,50.8,64462.140625,0,0.0,145.09375,deepseek-r1:7b,-1
2025-06-08T15:45:53.609011,1.713213,0.0,0.0,61671.53125,50.8,64462.140625,0,0.0,145.09375,deepseek-r1:7b,-1
2025-06-08T15:45:53.710340,1.814542,0.0,0.0,61671.53125,50.8,64462.140625,0,0.0,145.09375,deepseek-r1:7b,-1
2025-06-08T15:45:53.815712,1.919914,0.0,0.0,61671.53125,50.8,64462.140625,0,0.0,145.09375,deepseek-r1:7b,-1
2025-06-08T15:45:53.920475,2.024677,0.0,0.0,61671.53125,50.8,64462.140625,0,0.0,145.09375,deepseek-r1:7b,-1
2025-06-08T15:45:54.022656,2.126858,9.5,0.0,61551.5625,50.7,64585.25,0,0.0,145.09375,deepseek-r1:7b,-1
2025-06-08T15:45:54.127298,2.2315,10.4,0.0,61551.578125,50.7,64585.734375,0,0.0,145.09375,deepseek-r1:7b,-1
2025-06-08T15:45:54.230388,2.33459,9.0,0.0,61551.625,50.7,64586.046875,0,0.0,145.09375,deepseek-r1:7b,-1
2025-06-08T15:45:54.330972,2.435174,0.0,0.0,61551.625,50.7,64586.046875,0,0.0,145.09375,deepseek-r1:7b,-1
2025-06-08T15:45:54.436304,2.540506,0.0,0.0,61551.625,50.7,64586.046875,0,0.0,145.09375,deepseek-r1:7b,-1
2025-06-08T15:45:54.538469,2.642671,0.0,0.0,61551.625,50.7,64586.046875,0,0.0,145.09375,deepseek-r1:7b,-1
2025-06-08T15:45:54.643874,2.748076,0.0,0.0,61551.625,50.7,64586.046875,0,0.0,145.09375,deepseek-r1:7b,-1
2025-06-08T15:45:54.749344,2.853546,0.0,0.0,61551.625,50.7,64586.046875,0,0.0,145.09375,deepseek-r1:7b,-1
2025-06-08T15:45:54.854771,2.958973,0.0,0.0,61551.625,50.7,64586.046875,0,0.0,145.09375,deepseek-r1:7b,-1
2025-06-08T15:45:54.959642,3.063844,0.0,0.0,61551.625,50.7,64586.046875,0,0.0,145.09375,deepseek-r1:7b,-1
2025-06-08T15:45:55.064986,3.169188,9.7,0.0,61487.46875,50.7,64646.9375,0,0.0,145.09375,deepseek-r1:7b,-1
2025-06-08T15:45:55.170363,3.274565,9.5,0.0,61487.546875,50.7,64647.234375,0,0.0,145.09375,deepseek-r1:7b,-1
2025-06-08T15:45:55.271651,3.375853,9.2,0.0,61487.546875,50.7,64647.234375,0,0.0,145.09375,deepseek-r1:7b,-1
2025-06-08T15:45:55.377079,3.481281,9.6,0.0,61487.546875,50.7,64647.234375,0,0.0,145.09375,deepseek-r1:7b,-1
2025-06-08T15:45:55.478795,3.582997,9.3,0.0,61487.546875,50.7,64647.234375,0,0.0,145.09375,deepseek-r1:7b,-1
2025-06-08T15:45:55.584238,3.68844,0.0,0.0,61487.546875,50.7,64647.234375,0,0.0,145.09375,deepseek-r1:7b,-1
2025-06-08T15:45:55.688301,3.792503,0.0,0.0,61487.546875,50.7,64647.234375,0,0.0,145.09375,deepseek-r1:7b,-1
2025-06-08T15:45:55.793846,3.898048,0.0,0.0,61487.546875,50.7,64647.234375,0,0.0,145.09375,deepseek-r1:7b,-1
2025-06-08T15:45:55.897958,4.00216,0.0,0.0,61487.546875,50.7,64647.234375,0,0.0,145.09375,deepseek-r1:7b,-1
2025-06-08T15:45:56.001803,4.106005,0.0,0.0,61487.546875,50.7,64647.234375,0,0.0,145.09375,deepseek-r1:7b,-1
2025-06-08T15:45:56.104202,4.208404,11.3,0.0,61487.515625,50.7,64647.171875,0,0.0,145.09375,deepseek-r1:7b,-1
2025-06-08T15:45:56.209633,4.313835,14.1,0.0,61487.5625,50.7,64645.125,0,0.0,145.09375,deepseek-r1:7b,-1
2025-06-08T15:45:56.313813,4.418015,9.4,0.0,61487.578125,50.7,64645.5625,0,0.0,145.09375,deepseek-r1:7b,-1
2025-06-08T15:45:56.419125,4.523327,9.1,0.0,61487.578125,50.7,64645.5625,0,0.0,145.09375,deepseek-r1:7b,-1
2025-06-08T15:45:56.521616,4.625818,8.7,0.0,61487.578125,50.7,64645.5625,0,0.0,145.09375,deepseek-r1:7b,-1
2025-06-08T15:45:56.627042,4.731244,0.0,0.0,61487.578125,50.7,64645.5625,0,0.0,145.09375,deepseek-r1:7b,-1
2025-06-08T15:45:56.729104,4.833306,0.0,0.0,61487.578125,50.7,64645.5625,0,0.0,145.09375,deepseek-r1:7b,-1
2025-06-08T15:45:56.834438,4.93864,0.0,0.0,61487.578125,50.7,64645.5625,0,0.0,145.09375,deepseek-r1:7b,-1
2025-06-08T15:45:56.939824,5.044026,0.0,0.0,61487.578125,50.7,64645.5625,0,0.0,145.09375,deepseek-r1:7b,-1
2025-06-08T15:45:57.043662,5.147864,0.0,0.0,61487.578125,50.7,64645.5625,0,0.0,145.09375,deepseek-r1:7b,-1
2025-06-08T15:45:57.144514,5.248716,9.6,0.0,61486.875,50.7,64649.53125,0,0.0,145.09375,deepseek-r1:7b,-1
2025-06-08T15:45:57.246607,5.350809,9.2,0.0,61486.875,50.7,64649.53125,0,0.0,145.09375,deepseek-r1:7b,-1
2025-06-08T15:45:57.348091,5.452293,9.4,0.0,61486.875,50.7,64649.53125,0,0.0,145.09375,deepseek-r1:7b,-1
2025-06-08T15:45:57.449491,5.553693,10.4,0.0,61486.875,50.7,64649.53125,0,0.0,145.09375,deepseek-r1:7b,-1
2025-06-08T15:45:57.554732,5.658934,7.9,0.0,61486.875,50.7,64649.53125,0,0.0,145.09375,deepseek-r1:7b,-1
2025-06-08T15:45:57.659591,5.763793,9.5,0.0,61486.875,50.7,64649.53125,0,0.0,145.09375,deepseek-r1:7b,-1
2025-06-08T15:45:57.762757,5.866959,0.0,0.0,61486.875,50.7,64649.53125,0,0.0,145.09375,deepseek-r1:7b,-1
2025-06-08T15:45:57.864458,5.96866,0.0,0.0,61486.875,50.7,64649.53125,0,0.0,145.09375,deepseek-r1:7b,-1
2025-06-08T15:45:57.969870,6.074072,0.0,0.0,61486.875,50.7,64649.53125,0,0.0,145.09375,deepseek-r1:7b,-1
2025-06-08T15:45:58.071580,6.175782,0.0,0.0,61486.875,50.7,64649.53125,0,0.0,145.09375,deepseek-r1:7b,-1
2025-06-08T15:45:58.176582,6.280784,9.4,0.0,61486.828125,50.7,64650.265625,0,0.0,145.09375,deepseek-r1:7b,-1
2025-06-08T15:45:58.278256,6.382458,11.5,0.0,61486.828125,50.7,64650.890625,0,0.0,145.09375,deepseek-r1:7b,-1
2025-06-08T15:45:58.383656,6.487858,8.4,0.0,61486.84375,50.7,64651.203125,0,0.0,145.09375,deepseek-r1:7b,-1
2025-06-08T15:45:58.485774,6.589976,10.9,0.0,61486.78125,50.7,64652.03125,0,0.0,145.09375,deepseek-r1:7b,-1
2025-06-08T15:45:58.586536,6.690738,8.1,0.0,61486.78125,50.7,64652.03125,0,0.0,145.09375,deepseek-r1:7b,-1
2025-06-08T15:45:58.687552,6.791754,10.1,0.0,61486.78125,50.7,64652.03125,0,0.0,145.09375,deepseek-r1:7b,-1
2025-06-08T15:45:58.792901,6.897103,0.0,0.0,61486.78125,50.7,64652.03125,0,0.0,145.09375,deepseek-r1:7b,-1
2025-06-08T15:45:58.897903,7.002105,0.0,0.0,61486.78125,50.7,64652.03125,0,0.0,145.09375,deepseek-r1:7b,-1
2025-06-08T15:45:59.003340,7.107542,0.0,0.0,61486.78125,50.7,64652.03125,0,0.0,145.09375,deepseek-r1:7b,-1
2025-06-08T15:45:59.108755,7.212957,0.0,0.0,61486.78125,50.7,64652.03125,0,0.0,145.09375,deepseek-r1:7b,-1
2025-06-08T15:45:59.213229,7.317431,9.4,0.0,61486.328125,50.7,64655.890625,0,0.0,145.09375,deepseek-r1:7b,-1
2025-06-08T15:45:59.318703,7.422905,9.0,0.0,61486.328125,50.7,64656.484375,0,0.0,145.09375,deepseek-r1:7b,-1
2025-06-08T15:45:59.419412,7.523614,8.7,0.0,61486.34375,50.7,64656.90625,0,0.0,145.09375,deepseek-r1:7b,-1
2025-06-08T15:45:59.524735,7.628937,10.7,0.0,61486.34375,50.7,64656.90625,0,0.0,145.09375,deepseek-r1:7b,-1
2025-06-08T15:45:59.626759,7.730961,8.1,0.0,61486.34375,50.7,64656.90625,0,0.0,145.09375,deepseek-r1:7b,-1
2025-06-08T15:45:59.732107,7.836309,0.0,0.0,61486.34375,50.7,64656.90625,0,0.0,145.09375,deepseek-r1:7b,-1
2025-06-08T15:45:59.835078,7.93928,0.0,0.0,61486.34375,50.7,64656.90625,0,0.0,145.09375,deepseek-r1:7b,-1
2025-06-08T15:45:59.940570,8.044772,0.0,0.0,61486.34375,50.7,64656.90625,0,0.0,145.09375,deepseek-r1:7b,-1
2025-06-08T15:46:00.042754,8.146956,0.0,0.0,61486.34375,50.7,64656.90625,0,0.0,145.09375,deepseek-r1:7b,-1
2025-06-08T15:46:00.148017,8.252219,0.0,0.0,61486.34375,50.7,64656.90625,0,0.0,145.09375,deepseek-r1:7b,-1
2025-06-08T15:46:00.251735,8.355937,9.8,0.0,61551.234375,50.7,64593.25,0,0.0,145.09375,deepseek-r1:7b,-1
2025-06-08T15:46:00.357218,8.46142,10.1,0.0,61551.234375,50.7,64593.765625,0,0.0,145.09375,deepseek-r1:7b,-1
2025-06-08T15:46:00.462543,8.566745,8.3,0.0,61551.234375,50.7,64593.765625,0,0.0,145.09375,deepseek-r1:7b,-1
2025-06-08T15:46:00.567944,8.672146,9.6,0.0,61551.234375,50.7,64593.765625,0,0.0,145.09375,deepseek-r1:7b,-1
2025-06-08T15:46:02.722051,0.043618,10.5,0.0,59587.140625,49.2,66543.09375,0,0.0,145.09375,deepseek-r1:7b,-1
2025-06-08T15:46:02.827217,0.148784,16.6,0.0,60173.4375,49.7,65954.65625,0,0.0,145.09375,deepseek-r1:7b,-1
2025-06-08T15:46:02.930431,0.251998,15.9,0.0,61227.640625,50.5,64903.8125,0,0.0,145.09375,deepseek-r1:7b,-1
2025-06-08T15:46:03.035764,0.357331,9.5,0.0,61227.640625,50.5,64903.8125,0,0.0,145.09375,deepseek-r1:7b,-1
2025-06-08T15:46:03.141106,0.462673,9.0,0.0,61227.640625,50.5,64903.8125,0,0.0,145.09375,deepseek-r1:7b,-1
2025-06-08T15:46:03.244039,0.565606,11.4,0.0,61227.640625,50.5,64903.8125,0,0.0,145.09375,deepseek-r1:7b,-1
2025-06-08T15:46:03.349484,0.671051,9.5,0.0,61227.640625,50.5,64903.8125,0,0.0,145.09375,deepseek-r1:7b,-1
2025-06-08T15:46:03.450410,0.771977,8.7,0.0,61227.640625,50.5,64903.8125,0,0.0,145.09375,deepseek-r1:7b,-1
2025-06-08T15:46:03.555879,0.877446,10.7,0.0,61227.640625,50.5,64903.8125,0,0.0,145.09375,deepseek-r1:7b,-1
2025-06-08T15:46:03.661357,0.982924,10.0,0.0,61227.640625,50.5,64903.8125,0,0.0,145.09375,deepseek-r1:7b,-1
2025-06-08T15:46:03.766792,1.088359,10.6,0.0,61664.609375,50.8,64467.96875,0,0.0,145.09375,deepseek-r1:7b,-1
2025-06-08T15:46:03.871458,1.193025,9.1,0.0,61664.609375,50.8,64468.390625,0,0.0,145.09375,deepseek-r1:7b,-1
2025-06-08T15:46:03.976889,1.298456,11.2,0.0,61664.609375,50.8,64468.390625,0,0.0,145.09375,deepseek-r1:7b,-1
2025-06-08T15:46:04.082202,1.403769,0.0,0.0,61664.609375,50.8,64468.390625,0,0.0,145.09375,deepseek-r1:7b,-1
2025-06-08T15:46:04.184022,1.505589,0.0,0.0,61664.609375,50.8,64468.390625,0,0.0,145.09375,deepseek-r1:7b,-1
2025-06-08T15:46:04.289450,1.611017,0.0,0.0,61664.609375,50.8,64468.390625,0,0.0,145.09375,deepseek-r1:7b,-1
2025-06-08T15:46:04.389970,1.711537,0.0,0.0,61664.609375,50.8,64468.390625,0,0.0,145.09375,deepseek-r1:7b,-1
2025-06-08T15:46:04.490680,1.812247,0.0,0.0,61664.609375,50.8,64468.390625,0,0.0,145.09375,deepseek-r1:7b,-1
2025-06-08T15:46:04.593644,1.915211,0.0,0.0,61664.609375,50.8,64468.390625,0,0.0,145.09375,deepseek-r1:7b,-1
2025-06-08T15:46:04.694066,2.015633,0.0,0.0,61664.609375,50.8,64468.390625,0,0.0,145.09375,deepseek-r1:7b,-1
2025-06-08T15:46:04.797124,2.118691,9.6,0.0,61544.5625,50.7,64592.6875,0,0.0,145.09375,deepseek-r1:7b,-1
2025-06-08T15:46:04.902559,2.224126,9.0,0.0,61544.5625,50.7,64592.6875,0,0.0,145.09375,deepseek-r1:7b,-1
2025-06-08T15:46:05.007978,2.329545,10.6,0.0,61544.5625,50.7,64592.6875,0,0.0,145.09375,deepseek-r1:7b,-1
2025-06-08T15:46:05.113386,2.434953,9.5,0.0,61544.5625,50.7,64592.6875,0,0.0,145.09375,deepseek-r1:7b,-1
2025-06-08T15:46:05.218770,2.540337,9.9,0.0,61544.5625,50.7,64592.6875,0,0.0,145.09375,deepseek-r1:7b,-1
2025-06-08T15:46:05.324203,2.64577,8.5,0.0,61544.5625,50.7,64592.6875,0,0.0,145.09375,deepseek-r1:7b,-1
2025-06-08T15:46:05.429610,2.751177,9.4,0.0,61544.5625,50.7,64592.6875,0,0.0,145.09375,deepseek-r1:7b,-1
2025-06-08T15:46:05.533153,2.85472,9.3,0.0,61544.5625,50.7,64592.6875,0,0.0,145.09375,deepseek-r1:7b,-1
2025-06-08T15:46:05.634155,2.955722,9.9,0.0,61544.5625,50.7,64592.6875,0,0.0,145.09375,deepseek-r1:7b,-1
2025-06-08T15:46:05.735360,3.056927,0.0,0.0,61544.5625,50.7,64592.6875,0,0.0,145.09375,deepseek-r1:7b,-1
2025-06-08T15:46:05.840891,3.162458,9.6,0.0,61480.46875,50.7,64653.1875,0,0.0,145.09375,deepseek-r1:7b,-1
2025-06-08T15:46:05.945975,3.267542,9.6,0.0,61480.46875,50.7,64653.1875,0,0.0,145.09375,deepseek-r1:7b,-1
2025-06-08T15:46:06.051387,3.372954,9.1,0.0,61480.46875,50.7,64653.1875,0,0.0,145.09375,deepseek-r1:7b,-1
2025-06-08T15:46:06.152639,3.474206,8.7,0.0,61480.46875,50.7,64653.1875,0,0.0,145.09375,deepseek-r1:7b,-1
2025-06-08T15:46:06.254251,3.575818,9.8,0.0,61480.46875,50.7,64653.1875,0,0.0,145.09375,deepseek-r1:7b,-1
2025-06-08T15:46:06.359700,3.681267,9.3,0.0,61480.46875,50.7,64653.1875,0,0.0,145.09375,deepseek-r1:7b,-1
2025-06-08T15:46:06.461439,3.783006,8.2,0.0,61480.46875,50.7,64653.1875,0,0.0,145.09375,deepseek-r1:7b,-1
2025-06-08T15:46:06.566832,3.888399,9.5,0.0,61480.46875,50.7,64653.1875,0,0.0,145.09375,deepseek-r1:7b,-1
2025-06-08T15:46:06.672214,3.993781,8.9,0.0,61480.46875,50.7,64653.1875,0,0.0,145.09375,deepseek-r1:7b,-1
2025-06-08T15:46:06.773567,4.095134,0.0,0.0,61480.46875,50.7,64653.1875,0,0.0,145.09375,deepseek-r1:7b,-1
2025-06-08T15:46:06.878741,4.200308,11.2,0.0,61480.53125,50.7,64655.09375,0,0.0,145.09375,deepseek-r1:7b,-1
2025-06-08T15:46:06.984198,4.305765,10.1,0.0,61480.53125,50.7,64655.09375,0,0.0,145.09375,deepseek-r1:7b,-1
2025-06-08T15:46:07.088057,4.409624,10.8,0.0,61480.53125,50.7,64655.09375,0,0.0,145.09375,deepseek-r1:7b,-1
2025-06-08T15:46:07.193561,4.515128,8.4,0.0,61480.53125,50.7,64655.09375,0,0.0,145.09375,deepseek-r1:7b,-1
2025-06-08T15:46:07.297467,4.619034,9.6,0.0,61480.53125,50.7,64655.09375,0,0.0,145.09375,deepseek-r1:7b,-1
2025-06-08T15:46:07.400695,4.722262,9.6,0.0,61480.53125,50.7,64655.09375,0,0.0,145.09375,deepseek-r1:7b,-1
2025-06-08T15:46:07.506057,4.827624,7.3,0.0,61480.53125,50.7,64655.09375,0,0.0,145.09375,deepseek-r1:7b,-1
2025-06-08T15:46:07.611544,4.933111,10.1,0.0,61480.53125,50.7,64655.09375,0,0.0,145.09375,deepseek-r1:7b,-1
2025-06-08T15:46:07.713574,5.035141,12.0,0.0,61480.53125,50.7,64655.09375,0,0.0,145.09375,deepseek-r1:7b,-1
2025-06-08T15:46:07.819260,5.140827,0.0,0.0,61480.53125,50.7,64655.09375,0,0.0,145.09375,deepseek-r1:7b,-1
2025-06-08T15:46:07.924646,5.246213,14.7,0.0,61480.84375,50.7,64655.59375,0,0.0,145.09375,deepseek-r1:7b,-1
2025-06-08T15:46:08.025767,5.347334,34.2,0.0,61705.9375,50.8,64431.046875,0,0.0,145.09375,deepseek-r1:7b,-1
2025-06-08T15:46:08.130917,5.452484,0.0,0.0,61711.375,50.9,64419.703125,0,0.0,145.09375,deepseek-r1:7b,-1
2025-06-08T15:46:08.236130,5.557697,0.0,0.0,61711.375,50.9,64419.703125,0,0.0,145.09375,deepseek-r1:7b,-1
2025-06-08T15:46:08.338022,5.659589,0.0,0.0,61711.375,50.9,64419.703125,0,0.0,145.09375,deepseek-r1:7b,-1
2025-06-08T15:46:08.442700,5.764267,0.0,0.0,61711.375,50.9,64419.703125,0,0.0,145.09375,deepseek-r1:7b,-1
2025-06-08T15:46:08.547688,5.869255,0.0,0.0,61711.375,50.9,64419.703125,0,0.0,145.09375,deepseek-r1:7b,-1
2025-06-08T15:46:08.651694,5.973261,0.0,0.0,61711.375,50.9,64419.703125,0,0.0,145.09375,deepseek-r1:7b,-1
2025-06-08T15:46:08.754629,6.076196,0.0,0.0,61711.375,50.9,64419.703125,0,0.0,145.09375,deepseek-r1:7b,-1
2025-06-08T15:46:08.859869,6.181436,0.0,0.0,61711.375,50.9,64419.703125,0,0.0,145.09375,deepseek-r1:7b,-1
2025-06-08T15:46:08.963025,6.284592,12.0,0.0,61727.6875,50.9,64404.609375,0,0.0,145.09375,deepseek-r1:7b,-1
2025-06-08T15:46:09.069048,6.390615,14.2,0.0,61727.671875,50.9,64402.875,0,0.0,145.09375,deepseek-r1:7b,-1
2025-06-08T15:46:09.172814,6.494381,15.0,0.0,61727.671875,50.9,64402.875,0,0.0,145.09375,deepseek-r1:7b,-1
2025-06-08T15:46:09.277464,6.599031,9.2,0.0,61727.671875,50.9,64402.875,0,0.0,145.09375,deepseek-r1:7b,-1
2025-06-08T15:46:09.380729,6.702296,10.7,0.0,61727.671875,50.9,64402.875,0,0.0,145.09375,deepseek-r1:7b,-1
2025-06-08T15:46:09.486150,6.807717,9.0,0.0,61727.671875,50.9,64402.875,0,0.0,145.09375,deepseek-r1:7b,-1
2025-06-08T15:46:09.587998,6.909565,9.3,0.0,61727.671875,50.9,64402.875,0,0.0,145.09375,deepseek-r1:7b,-1
2025-06-08T15:46:09.693437,7.015004,10.0,0.0,61727.671875,50.9,64402.875,0,0.0,145.09375,deepseek-r1:7b,-1
2025-06-08T15:46:09.795545,7.117112,0.0,0.0,61727.671875,50.9,64402.875,0,0.0,145.09375,deepseek-r1:7b,-1
2025-06-08T15:46:09.900949,7.222516,0.0,0.0,61727.671875,50.9,64402.875,0,0.0,145.09375,deepseek-r1:7b,-1
2025-06-08T15:46:10.004647,7.326214,9.5,0.0,61679.578125,50.8,64459.828125,0,0.0,145.09375,deepseek-r1:7b,-1
2025-06-08T15:46:10.109335,7.430902,10.3,0.0,61679.609375,50.8,64460.171875,0,0.0,145.09375,deepseek-r1:7b,-1
2025-06-08T15:46:10.211602,7.533169,10.8,0.0,61761.4375,50.9,64373.703125,0,0.0,145.09375,deepseek-r1:7b,-1
2025-06-08T15:46:10.316978,7.638545,9.8,0.0,61761.4375,50.9,64373.703125,0,0.0,145.09375,deepseek-r1:7b,-1
2025-06-08T15:46:10.420999,7.742566,10.0,0.0,61761.4375,50.9,64373.703125,0,0.0,145.09375,deepseek-r1:7b,-1
2025-06-08T15:46:12.574067,0.040488,10.8,0.0,59761.1875,49.4,66367.265625,0,0.1,145.109375,deepseek-r1:7b,-1
2025-06-08T15:46:12.679244,0.145665,16.0,0.0,60270.0625,49.8,65861.09375,0,0.0,145.109375,deepseek-r1:7b,-1
2025-06-08T15:46:12.784289,0.25071,18.5,0.0,61301.25,50.5,64829.203125,0,0.0,145.109375,deepseek-r1:7b,-1
2025-06-08T15:46:12.887936,0.354357,9.7,0.0,61301.25,50.5,64829.203125,0,0.0,145.109375,deepseek-r1:7b,-1
2025-06-08T15:46:12.992605,0.459026,8.9,0.0,61301.25,50.5,64829.203125,0,0.0,145.109375,deepseek-r1:7b,-1
2025-06-08T15:46:13.097432,0.563853,11.0,0.0,61301.25,50.5,64829.203125,0,0.0,145.109375,deepseek-r1:7b,-1
2025-06-08T15:46:13.201549,0.66797,10.0,0.0,61301.25,50.5,64829.203125,0,0.0,145.109375,deepseek-r1:7b,-1
2025-06-08T15:46:13.304685,0.771106,0.0,0.0,61301.25,50.5,64829.203125,0,0.0,145.109375,deepseek-r1:7b,-1
2025-06-08T15:46:13.408328,0.874749,0.0,0.0,61301.25,50.5,64829.203125,0,0.0,145.109375,deepseek-r1:7b,-1
2025-06-08T15:46:13.513031,0.979452,0.0,0.0,61301.25,50.5,64829.203125,0,0.0,145.109375,deepseek-r1:7b,-1
2025-06-08T15:46:13.618433,1.084854,9.2,0.0,61738.1875,50.9,64395.96875,0,0.0,145.109375,deepseek-r1:7b,-1
2025-06-08T15:46:13.722194,1.188615,9.5,0.0,61617.984375,50.8,64516.328125,0,0.0,145.109375,deepseek-r1:7b,-1
2025-06-08T15:46:13.827565,1.293986,8.5,0.0,61617.984375,50.8,64516.328125,0,0.0,145.109375,deepseek-r1:7b,-1
2025-06-08T15:46:13.929505,1.395926,9.2,0.0,61617.984375,50.8,64516.328125,0,0.0,145.109375,deepseek-r1:7b,-1
2025-06-08T15:46:14.034942,1.501363,7.7,0.0,61617.984375,50.8,64516.328125,0,0.0,145.109375,deepseek-r1:7b,-1
2025-06-08T15:46:14.140369,1.60679,9.5,0.0,61617.984375,50.8,64516.328125,0,0.0,145.109375,deepseek-r1:7b,-1
2025-06-08T15:46:14.243206,1.709627,0.0,0.0,61617.984375,50.8,64516.328125,0,0.0,145.109375,deepseek-r1:7b,-1
2025-06-08T15:46:14.348547,1.814968,0.0,0.0,61617.984375,50.8,64516.328125,0,0.0,145.109375,deepseek-r1:7b,-1
2025-06-08T15:46:14.454014,1.920435,0.0,0.0,61617.984375,50.8,64516.328125,0,0.0,145.109375,deepseek-r1:7b,-1
2025-06-08T15:46:14.559403,2.025824,0.0,0.0,61617.984375,50.8,64516.328125,0,0.0,145.109375,deepseek-r1:7b,-1
2025-06-08T15:46:14.663685,2.130106,8.3,0.0,61561.1875,50.7,64571.5625,0,0.0,145.109375,deepseek-r1:7b,-1
2025-06-08T15:46:14.765956,2.232377,10.3,0.0,61497.109375,50.7,64632.0625,0,0.0,145.109375,deepseek-r1:7b,-1
2025-06-08T15:46:14.871311,2.337732,6.7,0.0,61497.109375,50.7,64632.1875,0,0.0,145.109375,deepseek-r1:7b,-1
2025-06-08T15:46:14.976699,2.44312,7.1,0.0,61497.09375,50.7,64632.453125,0,0.0,145.109375,deepseek-r1:7b,-1
2025-06-08T15:46:15.078680,2.545101,6.7,0.0,61497.09375,50.7,64632.453125,0,0.0,145.109375,deepseek-r1:7b,-1
2025-06-08T15:46:15.180399,2.64682,8.0,0.0,61497.09375,50.7,64632.453125,0,0.0,145.109375,deepseek-r1:7b,-1
2025-06-08T15:46:15.285869,2.75229,8.1,0.0,61497.09375,50.7,64632.453125,0,0.0,145.109375,deepseek-r1:7b,-1
2025-06-08T15:46:15.391331,2.857752,0.0,0.0,61497.09375,50.7,64632.453125,0,0.0,145.109375,deepseek-r1:7b,-1
2025-06-08T15:46:15.496711,2.963132,0.0,0.0,61497.09375,50.7,64632.453125,0,0.0,145.109375,deepseek-r1:7b,-1
2025-06-08T15:46:15.602037,3.068458,0.0,0.0,61497.09375,50.7,64632.453125,0,0.0,145.109375,deepseek-r1:7b,-1
2025-06-08T15:46:15.705072,3.171493,7.3,0.0,61497.015625,50.7,64634.0,0,0.0,145.109375,deepseek-r1:7b,-1
2025-06-08T15:46:15.810456,3.276877,7.4,0.0,61497.015625,50.7,64634.0,0,0.0,145.109375,deepseek-r1:7b,-1
2025-06-08T15:46:15.915866,3.382287,9.2,0.0,61497.015625,50.7,64634.0,0,0.0,145.109375,deepseek-r1:7b,-1
2025-06-08T15:46:16.019555,3.485976,6.7,0.0,61497.015625,50.7,64634.0,0,0.0,145.109375,deepseek-r1:7b,-1
2025-06-08T15:46:16.124960,3.591381,9.3,0.0,61497.015625,50.7,64634.0,0,0.0,145.109375,deepseek-r1:7b,-1
2025-06-08T15:46:16.230294,3.696715,6.0,0.0,61497.015625,50.7,64634.0,0,0.0,145.109375,deepseek-r1:7b,-1
2025-06-08T15:46:16.335687,3.802108,7.6,0.0,61497.015625,50.7,64634.0,0,0.0,145.109375,deepseek-r1:7b,-1
2025-06-08T15:46:16.437105,3.903526,8.1,0.0,61497.015625,50.7,64634.0,0,0.0,145.109375,deepseek-r1:7b,-1
2025-06-08T15:46:16.542495,4.008916,0.0,0.0,61497.015625,50.7,64634.0,0,0.0,145.109375,deepseek-r1:7b,-1
2025-06-08T15:46:16.642923,4.109344,0.0,0.0,61497.015625,50.7,64634.0,0,0.0,145.109375,deepseek-r1:7b,-1
2025-06-08T15:46:16.743983,4.210404,8.2,0.0,61496.96875,50.7,64633.765625,0,0.0,145.109375,deepseek-r1:7b,-1
2025-06-08T15:46:16.849150,4.315571,8.2,0.0,61496.984375,50.7,64634.0,0,0.0,145.109375,deepseek-r1:7b,-1
2025-06-08T15:46:16.950286,4.416707,7.5,0.0,61497.0,50.7,64634.234375,0,0.0,145.109375,deepseek-r1:7b,-1
2025-06-08T15:46:17.054679,4.5211,6.6,0.0,61497.0,50.7,64634.234375,0,0.0,145.109375,deepseek-r1:7b,-1
2025-06-08T15:46:17.158042,4.624463,8.4,0.0,61497.0,50.7,64634.234375,0,0.0,145.109375,deepseek-r1:7b,-1
2025-06-08T15:46:17.263392,4.729813,7.6,0.0,61497.0,50.7,64634.234375,0,0.0,145.109375,deepseek-r1:7b,-1
2025-06-08T15:46:17.368827,4.835248,8.2,0.0,61497.0,50.7,64634.234375,0,0.0,145.109375,deepseek-r1:7b,-1
2025-06-08T15:46:17.472841,4.939262,0.0,0.0,61497.0,50.7,64634.234375,0,0.0,145.109375,deepseek-r1:7b,-1
2025-06-08T15:46:17.578305,5.044726,0.0,0.0,61497.0,50.7,64634.234375,0,0.0,145.109375,deepseek-r1:7b,-1
2025-06-08T15:46:17.679677,5.146098,0.0,0.0,61497.0,50.7,64634.234375,0,0.0,145.109375,deepseek-r1:7b,-1
2025-06-08T15:46:17.785042,5.251463,7.1,0.0,61496.96875,50.7,64631.90625,0,0.0,145.109375,deepseek-r1:7b,-1
2025-06-08T15:46:17.890413,5.356834,8.2,0.0,61496.984375,50.7,64632.03125,0,0.0,145.109375,deepseek-r1:7b,-1
2025-06-08T15:46:17.991097,5.457518,7.4,0.0,61496.984375,50.7,64632.03125,0,0.0,145.109375,deepseek-r1:7b,-1
2025-06-08T15:46:18.096471,5.562892,7.1,0.0,61496.984375,50.7,64632.03125,0,0.0,145.109375,deepseek-r1:7b,-1
2025-06-08T15:46:18.201911,5.668332,0.0,0.0,61496.984375,50.7,64632.03125,0,0.0,145.109375,deepseek-r1:7b,-1
2025-06-08T15:46:18.304352,5.770773,0.0,0.0,61496.984375,50.7,64632.03125,0,0.0,145.109375,deepseek-r1:7b,-1
2025-06-08T15:46:18.409760,5.876181,0.0,0.0,61496.984375,50.7,64632.03125,0,0.0,145.109375,deepseek-r1:7b,-1
2025-06-08T15:46:18.515177,5.981598,0.0,0.0,61496.984375,50.7,64632.03125,0,0.0,145.109375,deepseek-r1:7b,-1
2025-06-08T15:46:18.620588,6.087009,0.0,0.0,61496.984375,50.7,64632.03125,0,0.0,145.109375,deepseek-r1:7b,-1
2025-06-08T15:46:18.722659,6.18908,0.0,0.0,61496.984375,50.7,64632.03125,0,0.0,145.109375,deepseek-r1:7b,-1
2025-06-08T15:46:18.828065,6.294486,7.6,0.0,61497.0625,50.7,64634.359375,0,0.0,145.109375,deepseek-r1:7b,-1
2025-06-08T15:46:18.933473,6.399894,8.1,0.0,61497.15625,50.7,64634.59375,0,0.0,145.109375,deepseek-r1:7b,-1
2025-06-08T15:46:19.038380,6.504801,7.3,0.0,61497.15625,50.7,64634.59375,0,0.0,145.109375,deepseek-r1:7b,-1
2025-06-08T15:46:19.141419,6.60784,11.2,0.0,61497.15625,50.7,64634.59375,0,0.0,145.109375,deepseek-r1:7b,-1
2025-06-08T15:46:19.246791,6.713212,13.8,0.0,61497.15625,50.7,64634.59375,0,0.0,145.109375,deepseek-r1:7b,-1
2025-06-08T15:46:19.352233,6.818654,7.6,0.0,61497.15625,50.7,64634.59375,0,0.0,145.109375,deepseek-r1:7b,-1
2025-06-08T15:46:19.457629,6.92405,7.9,0.0,61497.15625,50.7,64634.59375,0,0.0,145.109375,deepseek-r1:7b,-1
2025-06-08T15:46:19.558524,7.024945,0.0,0.0,61497.15625,50.7,64634.59375,0,0.0,145.109375,deepseek-r1:7b,-1
2025-06-08T15:46:21.718747,0.048068,9.6,0.0,60049.859375,49.6,66081.53125,0,0.0,145.109375,deepseek-r1:7b,-1
2025-06-08T15:46:21.822016,0.151337,15.8,0.0,60289.609375,49.8,65838.453125,0,0.0,145.109375,deepseek-r1:7b,-1
2025-06-08T15:46:21.927267,0.256588,15.9,0.0,61243.9375,50.5,64887.25,0,0.0,145.109375,deepseek-r1:7b,-1
2025-06-08T15:46:22.032655,0.361976,9.8,0.0,61243.9375,50.5,64887.25,0,0.0,145.109375,deepseek-r1:7b,-1
2025-06-08T15:46:22.133472,0.462793,10.6,0.0,61243.9375,50.5,64887.25,0,0.0,145.109375,deepseek-r1:7b,-1
2025-06-08T15:46:22.237745,0.567066,9.1,0.0,61243.9375,50.5,64887.25,0,0.0,145.109375,deepseek-r1:7b,-1
2025-06-08T15:46:22.339655,0.668976,0.0,0.0,61243.9375,50.5,64887.25,0,0.0,145.109375,deepseek-r1:7b,-1
2025-06-08T15:46:22.445127,0.774448,0.0,0.0,61243.9375,50.5,64887.25,0,0.0,145.109375,deepseek-r1:7b,-1
2025-06-08T15:46:22.550247,0.879568,0.0,0.0,61243.9375,50.5,64887.25,0,0.0,145.109375,deepseek-r1:7b,-1
2025-06-08T15:46:22.654404,0.983725,0.0,0.0,61243.9375,50.5,64887.25,0,0.0,145.109375,deepseek-r1:7b,-1
2025-06-08T15:46:22.759756,1.089077,11.3,0.0,61681.3125,50.8,64446.671875,0,0.0,145.109375,deepseek-r1:7b,-1
2025-06-08T15:46:22.863566,1.192887,11.6,0.0,61561.140625,50.7,64567.375,0,0.0,145.109375,deepseek-r1:7b,-1
2025-06-08T15:46:22.968970,1.298291,8.5,0.0,61561.15625,50.7,64567.703125,0,0.0,145.109375,deepseek-r1:7b,-1
2025-06-08T15:46:23.072235,1.401556,8.5,0.0,61561.15625,50.7,64567.703125,0,0.0,145.109375,deepseek-r1:7b,-1
2025-06-08T15:46:23.173202,1.502523,9.3,0.0,61561.15625,50.7,64567.703125,0,0.0,145.109375,deepseek-r1:7b,-1
2025-06-08T15:46:23.278619,1.60794,0.0,0.0,61561.15625,50.7,64567.703125,0,0.0,145.109375,deepseek-r1:7b,-1
2025-06-08T15:46:23.384041,1.713362,0.0,0.0,61561.15625,50.7,64567.703125,0,0.0,145.109375,deepseek-r1:7b,-1
2025-06-08T15:46:23.487718,1.817039,0.0,0.0,61561.15625,50.7,64567.703125,0,0.0,145.109375,deepseek-r1:7b,-1
2025-06-08T15:46:23.593171,1.922492,0.0,0.0,61561.15625,50.7,64567.703125,0,0.0,145.109375,deepseek-r1:7b,-1
2025-06-08T15:46:23.698669,2.02799,0.0,0.0,61561.15625,50.7,64567.703125,0,0.0,145.109375,deepseek-r1:7b,-1
2025-06-08T15:46:23.800722,2.130043,9.5,0.0,61561.359375,50.7,64563.78125,0,0.0,145.109375,deepseek-r1:7b,-1
2025-06-08T15:46:23.902062,2.231383,10.8,0.0,61505.296875,50.7,64620.203125,0,0.0,145.109375,deepseek-r1:7b,-1
2025-06-08T15:46:24.004209,2.33353,10.9,0.0,61505.296875,50.7,64620.203125,0,0.0,145.109375,deepseek-r1:7b,-1
2025-06-08T15:46:24.109624,2.438945,9.0,0.0,61505.296875,50.7,64620.203125,0,0.0,145.109375,deepseek-r1:7b,-1
2025-06-08T15:46:24.215126,2.544447,9.5,0.0,61505.296875,50.7,64620.203125,0,0.0,145.109375,deepseek-r1:7b,-1
2025-06-08T15:46:24.319926,2.649247,8.4,0.0,61505.296875,50.7,64620.203125,0,0.0,145.109375,deepseek-r1:7b,-1
2025-06-08T15:46:24.421471,2.750792,9.6,0.0,61505.296875,50.7,64620.203125,0,0.0,145.109375,deepseek-r1:7b,-1
2025-06-08T15:46:24.526901,2.856222,9.8,0.0,61505.296875,50.7,64620.203125,0,0.0,145.109375,deepseek-r1:7b,-1
2025-06-08T15:46:24.629361,2.958682,10.3,0.0,61505.296875,50.7,64620.203125,0,0.0,145.109375,deepseek-r1:7b,-1
2025-06-08T15:46:24.730217,3.059538,8.1,0.0,61505.296875,50.7,64620.203125,0,0.0,145.109375,deepseek-r1:7b,-1
2025-06-08T15:46:24.835623,3.164944,10.5,0.0,61496.640625,50.7,64628.5625,0,0.0,145.109375,deepseek-r1:7b,-1
2025-06-08T15:46:24.941046,3.270367,7.8,0.0,61496.640625,50.7,64628.5625,0,0.0,145.109375,deepseek-r1:7b,-1
2025-06-08T15:46:25.043018,3.372339,10.3,0.0,61496.640625,50.7,64628.5625,0,0.0,145.109375,deepseek-r1:7b,-1
2025-06-08T15:46:25.145078,3.474399,0.0,0.0,61496.640625,50.7,64628.5625,0,0.0,145.109375,deepseek-r1:7b,-1
2025-06-08T15:46:25.246341,3.575662,0.0,0.0,61496.640625,50.7,64628.5625,0,0.0,145.109375,deepseek-r1:7b,-1
2025-06-08T15:46:25.350689,3.68001,0.0,0.0,61496.640625,50.7,64628.5625,0,0.0,145.109375,deepseek-r1:7b,-1
2025-06-08T15:46:25.456037,3.785358,0.0,0.0,61496.640625,50.7,64628.5625,0,0.0,145.109375,deepseek-r1:7b,-1
2025-06-08T15:46:25.559551,3.888872,0.0,0.0,61496.640625,50.7,64628.5625,0,0.0,145.109375,deepseek-r1:7b,-1
2025-06-08T15:46:25.665032,3.994353,0.0,0.0,61496.640625,50.7,64628.5625,0,0.0,145.109375,deepseek-r1:7b,-1
2025-06-08T15:46:25.770448,4.099769,0.0,0.0,61496.640625,50.7,64628.5625,0,0.0,145.109375,deepseek-r1:7b,-1
2025-06-08T15:46:25.875188,4.204509,9.9,0.0,61542.9375,50.7,64582.75,0,0.0,145.109375,deepseek-r1:7b,-1
2025-06-08T15:46:25.979175,4.308496,18.1,0.0,61556.90625,50.7,64572.484375,0,0.0,145.109375,deepseek-r1:7b,-1
2025-06-08T15:46:26.084638,4.413959,11.3,0.0,61557.0,50.7,64569.0625,0,0.0,145.109375,deepseek-r1:7b,-1
2025-06-08T15:46:26.190049,4.51937,8.9,0.0,61557.0,50.7,64569.0625,0,0.0,145.109375,deepseek-r1:7b,-1
2025-06-08T15:46:26.295492,4.624813,10.7,0.0,61557.0,50.7,64569.0625,0,0.0,145.109375,deepseek-r1:7b,-1
2025-06-08T15:46:26.400913,4.730234,0.0,0.0,61557.0,50.7,64569.0625,0,0.0,145.109375,deepseek-r1:7b,-1
2025-06-08T15:46:26.506284,4.835605,0.0,0.0,61557.0,50.7,64569.0625,0,0.0,145.109375,deepseek-r1:7b,-1
2025-06-08T15:46:26.609535,4.938856,0.0,0.0,61557.0,50.7,64569.0625,0,0.0,145.109375,deepseek-r1:7b,-1
2025-06-08T15:46:26.714943,5.044264,0.0,0.0,61557.0,50.7,64569.0625,0,0.0,145.109375,deepseek-r1:7b,-1
2025-06-08T15:46:26.820078,5.149399,0.0,0.0,61557.0,50.7,64569.0625,0,0.0,145.109375,deepseek-r1:7b,-1
2025-06-08T15:46:26.925230,5.254551,10.0,0.0,61556.796875,50.7,64566.828125,0,0.0,145.109375,deepseek-r1:7b,-1
2025-06-08T15:46:27.030754,5.360075,10.5,0.0,61556.796875,50.7,64567.296875,0,0.0,145.109375,deepseek-r1:7b,-1
2025-06-08T15:46:27.136166,5.465487,0.0,0.0,61556.78125,50.7,64567.296875,0,0.0,145.109375,deepseek-r1:7b,-1
2025-06-08T15:46:27.241578,5.570899,0.0,0.0,61556.78125,50.7,64567.296875,0,0.0,145.109375,deepseek-r1:7b,-1
2025-06-08T15:46:27.346961,5.676282,0.0,0.0,61556.78125,50.7,64567.296875,0,0.0,145.109375,deepseek-r1:7b,-1
2025-06-08T15:46:27.451596,5.780917,0.0,0.0,61556.78125,50.7,64567.296875,0,0.0,145.109375,deepseek-r1:7b,-1
2025-06-08T15:46:27.557033,5.886354,0.0,0.0,61556.78125,50.7,64567.296875,0,0.0,145.109375,deepseek-r1:7b,-1
2025-06-08T15:46:27.661938,5.991259,0.0,0.0,61556.78125,50.7,64567.296875,0,0.0,145.109375,deepseek-r1:7b,-1
2025-06-08T15:46:27.763402,6.092723,0.0,0.0,61556.78125,50.7,64567.296875,0,0.0,145.109375,deepseek-r1:7b,-1
2025-06-08T15:46:27.868838,6.198159,0.0,0.0,61556.78125,50.7,64567.296875,0,0.0,145.109375,deepseek-r1:7b,-1
2025-06-08T15:46:27.970313,6.299634,9.5,0.0,61487.21875,50.7,64642.125,0,0.0,145.109375,deepseek-r1:7b,-1
2025-06-08T15:46:28.075768,6.405089,9.0,0.0,61487.21875,50.7,64642.671875,0,0.0,145.109375,deepseek-r1:7b,-1
2025-06-08T15:46:28.180742,6.510063,9.6,0.0,61487.21875,50.7,64642.671875,0,0.0,145.109375,deepseek-r1:7b,-1
2025-06-08T15:46:28.286161,6.615482,10.6,0.0,61487.21875,50.7,64642.671875,0,0.0,145.109375,deepseek-r1:7b,-1
2025-06-08T15:46:28.391523,6.720844,9.4,0.0,61487.21875,50.7,64642.671875,0,0.0,145.109375,deepseek-r1:7b,-1
2025-06-08T15:46:28.496947,6.826268,10.8,0.0,61487.21875,50.7,64642.671875,0,0.0,145.109375,deepseek-r1:7b,-1
2025-06-08T15:46:28.601511,6.930832,10.1,0.0,61487.21875,50.7,64642.671875,0,0.0,145.109375,deepseek-r1:7b,-1
2025-06-08T15:46:28.703870,7.033191,11.0,0.0,61487.21875,50.7,64642.671875,0,0.0,145.109375,deepseek-r1:7b,-1
2025-06-08T15:46:28.809235,7.138556,0.0,0.0,61487.21875,50.7,64642.671875,0,0.0,145.109375,deepseek-r1:7b,-1
2025-06-08T15:46:30.962745,0.041198,10.2,0.0,61146.765625,50.4,64983.328125,0,0.0,145.109375,deepseek-r1:7b,-1
2025-06-08T15:46:31.067759,0.146212,18.6,0.0,61146.765625,50.4,64983.328125,0,0.0,145.109375,deepseek-r1:7b,-1
2025-06-08T15:46:31.173171,0.251624,17.0,0.0,61146.765625,50.4,64983.328125,0,0.0,145.109375,deepseek-r1:7b,-1
2025-06-08T15:46:31.274278,0.352731,11.8,0.0,61146.765625,50.4,64983.328125,0,0.0,145.109375,deepseek-r1:7b,-1
2025-06-08T15:46:31.375304,0.453757,9.3,0.0,61146.765625,50.4,64983.328125,0,0.0,145.109375,deepseek-r1:7b,-1
2025-06-08T15:46:31.476270,0.554723,9.9,0.0,61146.765625,50.4,64983.328125,0,0.0,145.109375,deepseek-r1:7b,-1
2025-06-08T15:46:31.577352,0.655805,9.9,0.0,61146.765625,50.4,64983.328125,0,0.0,145.109375,deepseek-r1:7b,-1
2025-06-08T15:46:31.682775,0.761228,9.5,0.0,61146.765625,50.4,64983.328125,0,0.0,145.109375,deepseek-r1:7b,-1
2025-06-08T15:46:31.788282,0.866735,12.3,0.0,61146.765625,50.4,64983.328125,0,0.0,145.109375,deepseek-r1:7b,-1
2025-06-08T15:46:31.893533,0.971986,0.0,0.0,61146.765625,50.4,64983.328125,0,0.0,145.109375,deepseek-r1:7b,-1
2025-06-08T15:46:31.999006,1.077459,10.3,0.0,61662.40625,50.8,64469.203125,0,0.0,145.109375,deepseek-r1:7b,-1
2025-06-08T15:46:32.104229,1.182682,8.3,0.0,61662.40625,50.8,64469.859375,0,0.0,145.109375,deepseek-r1:7b,-1
2025-06-08T15:46:32.208377,1.28683,10.4,0.0,61662.484375,50.8,64470.265625,0,0.0,145.109375,deepseek-r1:7b,-1
2025-06-08T15:46:32.313728,1.392181,10.5,0.0,61662.484375,50.8,64470.265625,0,0.0,145.109375,deepseek-r1:7b,-1
2025-06-08T15:46:32.419285,1.497738,9.0,0.0,61662.484375,50.8,64470.265625,0,0.0,145.109375,deepseek-r1:7b,-1
2025-06-08T15:46:32.524701,1.603154,0.0,0.0,61662.484375,50.8,64470.265625,0,0.0,145.109375,deepseek-r1:7b,-1
2025-06-08T15:46:32.630104,1.708557,0.0,0.0,61662.484375,50.8,64470.265625,0,0.0,145.109375,deepseek-r1:7b,-1
2025-06-08T15:46:32.735468,1.813921,0.0,0.0,61662.484375,50.8,64470.265625,0,0.0,145.109375,deepseek-r1:7b,-1
2025-06-08T15:46:32.840869,1.919322,0.0,0.0,61662.484375,50.8,64470.265625,0,0.0,145.109375,deepseek-r1:7b,-1
2025-06-08T15:46:32.943823,2.022276,0.0,0.0,61662.484375,50.8,64470.265625,0,0.0,145.109375,deepseek-r1:7b,-1
2025-06-08T15:46:33.046936,2.125389,9.9,0.0,61542.359375,50.7,64582.4375,0,0.0,145.109375,deepseek-r1:7b,-1
2025-06-08T15:46:33.150033,2.228486,8.2,0.0,61542.359375,50.7,64582.859375,0,0.0,145.109375,deepseek-r1:7b,-1
2025-06-08T15:46:33.252236,2.330689,11.8,0.0,61542.359375,50.7,64582.859375,0,0.0,145.109375,deepseek-r1:7b,-1
2025-06-08T15:46:33.357682,2.436135,9.8,0.0,61542.359375,50.7,64582.859375,0,0.0,145.109375,deepseek-r1:7b,-1
2025-06-08T15:46:33.463068,2.541521,9.8,0.0,61542.359375,50.7,64582.859375,0,0.0,145.109375,deepseek-r1:7b,-1
2025-06-08T15:46:33.567404,2.645857,11.4,0.0,61542.359375,50.7,64582.859375,0,0.0,145.109375,deepseek-r1:7b,-1
2025-06-08T15:46:33.671833,2.750286,0.0,0.0,61542.359375,50.7,64582.859375,0,0.0,145.109375,deepseek-r1:7b,-1
2025-06-08T15:46:33.775342,2.853795,0.0,0.0,61542.359375,50.7,64582.859375,0,0.0,145.109375,deepseek-r1:7b,-1
2025-06-08T15:46:33.876504,2.954957,0.0,0.0,61542.359375,50.7,64582.859375,0,0.0,145.109375,deepseek-r1:7b,-1
2025-06-08T15:46:33.981850,3.060303,0.0,0.0,61542.359375,50.7,64582.859375,0,0.0,145.109375,deepseek-r1:7b,-1
2025-06-08T15:46:34.082475,3.160928,9.1,0.0,61478.46875,50.7,64651.234375,0,0.0,145.109375,deepseek-r1:7b,-1
2025-06-08T15:46:34.187910,3.266363,9.1,0.0,61478.40625,50.7,64651.625,0,0.0,145.109375,deepseek-r1:7b,-1
2025-06-08T15:46:34.293291,3.371744,0.0,0.0,61478.421875,50.7,64648.140625,0,0.0,145.109375,deepseek-r1:7b,-1
2025-06-08T15:46:34.398721,3.477174,0.0,0.0,61478.421875,50.7,64648.140625,0,0.0,145.109375,deepseek-r1:7b,-1
2025-06-08T15:46:34.504121,3.582574,0.0,0.0,61478.421875,50.7,64648.140625,0,0.0,145.109375,deepseek-r1:7b,-1
2025-06-08T15:46:34.605562,3.684015,0.0,0.0,61478.421875,50.7,64648.140625,0,0.0,145.109375,deepseek-r1:7b,-1
2025-06-08T15:46:34.710945,3.789398,0.0,0.0,61478.421875,50.7,64648.140625,0,0.0,145.109375,deepseek-r1:7b,-1
2025-06-08T15:46:34.816156,3.894609,0.0,0.0,61478.421875,50.7,64648.140625,0,0.0,145.109375,deepseek-r1:7b,-1
2025-06-08T15:46:34.917647,3.9961,0.0,0.0,61478.421875,50.7,64648.140625,0,0.0,145.109375,deepseek-r1:7b,-1
2025-06-08T15:46:35.022220,4.100673,0.0,0.0,61478.421875,50.7,64648.140625,0,0.0,145.109375,deepseek-r1:7b,-1
2025-06-08T15:46:35.125157,4.20361,9.3,0.0,61478.453125,50.7,64651.25,0,0.0,145.109375,deepseek-r1:7b,-1
2025-06-08T15:46:35.230275,4.308728,9.1,0.0,61478.484375,50.7,64651.703125,0,0.0,145.109375,deepseek-r1:7b,-1
2025-06-08T15:46:35.332833,4.411286,10.7,0.0,61478.484375,50.7,64651.703125,0,0.0,145.109375,deepseek-r1:7b,-1
2025-06-08T15:46:35.437863,4.516316,9.1,0.0,61478.484375,50.7,64651.703125,0,0.0,145.109375,deepseek-r1:7b,-1
2025-06-08T15:46:35.543236,4.621689,9.9,0.0,61478.484375,50.7,64651.703125,0,0.0,145.109375,deepseek-r1:7b,-1
2025-06-08T15:46:35.648645,4.727098,9.1,0.0,61478.484375,50.7,64651.703125,0,0.0,145.109375,deepseek-r1:7b,-1
2025-06-08T15:46:35.754010,4.832463,8.8,0.0,61478.484375,50.7,64651.703125,0,0.0,145.109375,deepseek-r1:7b,-1
2025-06-08T15:46:35.857257,4.93571,0.0,0.0,61478.484375,50.7,64651.703125,0,0.0,145.109375,deepseek-r1:7b,-1
2025-06-08T15:46:35.959562,5.038015,0.0,0.0,61478.484375,50.7,64651.703125,0,0.0,145.109375,deepseek-r1:7b,-1
2025-06-08T15:46:36.063560,5.142013,0.0,0.0,61478.484375,50.7,64651.703125,0,0.0,145.109375,deepseek-r1:7b,-1
2025-06-08T15:46:36.169008,5.247461,9.5,0.0,61478.265625,50.7,64651.46875,0,0.0,145.109375,deepseek-r1:7b,-1
2025-06-08T15:46:36.271704,5.350157,9.5,0.0,61478.265625,50.7,64647.9375,0,0.0,145.109375,deepseek-r1:7b,-1
2025-06-08T15:46:36.374963,5.453416,8.6,0.0,61478.265625,50.7,64647.9375,0,0.0,145.109375,deepseek-r1:7b,-1
2025-06-08T15:46:36.480216,5.558669,10.7,0.0,61478.265625,50.7,64647.9375,0,0.0,145.109375,deepseek-r1:7b,-1
2025-06-08T15:46:36.585636,5.664089,8.3,0.0,61478.265625,50.7,64647.9375,0,0.0,145.109375,deepseek-r1:7b,-1
2025-06-08T15:46:36.690963,5.769416,9.6,0.0,61478.265625,50.7,64647.9375,0,0.0,145.109375,deepseek-r1:7b,-1
2025-06-08T15:46:36.796367,5.87482,12.0,0.0,61478.265625,50.7,64647.9375,0,0.0,145.109375,deepseek-r1:7b,-1
2025-06-08T15:46:36.901550,5.980003,10.0,0.0,61478.265625,50.7,64647.9375,0,0.0,145.109375,deepseek-r1:7b,-1
2025-06-08T15:46:37.007033,6.085486,0.0,0.0,61478.265625,50.7,64647.9375,0,0.0,145.109375,deepseek-r1:7b,-1
2025-06-08T15:46:37.107514,6.185967,0.0,0.0,61478.265625,50.7,64647.9375,0,0.0,145.109375,deepseek-r1:7b,-1
2025-06-08T15:46:37.212453,6.290906,9.4,0.0,61478.25,50.7,64653.359375,0,0.0,145.109375,deepseek-r1:7b,-1
2025-06-08T15:46:37.316613,6.395066,8.6,0.0,61478.25,50.7,64653.828125,0,0.0,145.109375,deepseek-r1:7b,-1
2025-06-08T15:46:37.421488,6.499941,10.0,0.0,61478.25,50.7,64653.828125,0,0.0,145.109375,deepseek-r1:7b,-1
2025-06-08T15:46:37.522158,6.600611,9.4,0.0,61478.25,50.7,64653.828125,0,0.0,145.109375,deepseek-r1:7b,-1
2025-06-08T15:46:37.626384,6.704837,10.1,0.0,61478.25,50.7,64653.828125,0,0.0,145.109375,deepseek-r1:7b,-1
2025-06-08T15:46:37.730205,6.808658,9.1,0.0,61478.25,50.7,64653.828125,0,0.0,145.109375,deepseek-r1:7b,-1
2025-06-08T15:46:37.835712,6.914165,9.4,0.0,61478.25,50.7,64653.828125,0,0.0,145.109375,deepseek-r1:7b,-1
2025-06-08T15:46:37.937303,7.015756,9.3,0.0,61478.25,50.7,64653.828125,0,0.0,145.109375,deepseek-r1:7b,-1
2025-06-08T15:46:38.040124,7.118577,9.2,0.0,61478.25,50.7,64653.828125,0,0.0,145.109375,deepseek-r1:7b,-1
2025-06-08T15:46:38.141194,7.219647,0.0,0.0,61478.25,50.7,64653.828125,0,0.0,145.109375,deepseek-r1:7b,-1
2025-06-08T15:46:38.246267,7.32472,9.4,0.0,61478.015625,50.7,64650.0,0,0.0,145.109375,deepseek-r1:7b,-1
2025-06-08T15:46:38.348325,7.426778,10.0,0.0,61478.03125,50.7,64650.53125,0,0.0,145.109375,deepseek-r1:7b,-1
2025-06-08T15:46:38.453771,7.532224,11.4,0.0,61478.03125,50.7,64650.53125,0,0.0,145.109375,deepseek-r1:7b,-1
2025-06-08T15:46:38.554618,7.633071,9.9,0.0,61478.03125,50.7,64650.53125,0,0.0,145.109375,deepseek-r1:7b,-1
2025-06-08T15:46:38.660016,7.738469,9.1,0.0,61478.03125,50.7,64650.53125,0,0.0,145.109375,deepseek-r1:7b,-1
2025-06-08T15:46:38.765448,7.843901,8.4,0.0,61478.03125,50.7,64650.53125,0,0.0,145.109375,deepseek-r1:7b,-1
2025-06-08T15:46:38.866075,7.944528,0.0,0.0,61478.03125,50.7,64650.53125,0,0.0,145.109375,deepseek-r1:7b,-1
2025-06-08T15:46:38.971534,8.049987,0.0,0.0,61478.03125,50.7,64650.53125,0,0.0,145.109375,deepseek-r1:7b,-1
2025-06-08T15:46:39.076949,8.155402,0.0,0.0,61478.03125,50.7,64650.53125,0,0.8,145.109375,deepseek-r1:7b,-1
2025-06-08T15:46:39.180245,8.258698,0.0,0.0,61478.03125,50.7,64650.53125,0,0.0,145.109375,deepseek-r1:7b,-1
2025-06-08T15:46:39.285622,8.364075,9.9,0.0,61478.265625,50.7,64655.40625,0,0.0,145.109375,deepseek-r1:7b,-1
2025-06-08T15:46:39.387557,8.46601,8.7,0.0,61478.265625,50.7,64655.40625,0,0.0,145.109375,deepseek-r1:7b,-1
2025-06-08T15:46:39.491561,8.570014,0.0,0.0,61478.265625,50.7,64655.40625,0,0.0,145.109375,deepseek-r1:7b,-1
2025-06-08T15:46:39.596862,8.675315,0.0,0.0,61478.265625,50.7,64655.40625,0,0.0,145.109375,deepseek-r1:7b,-1
2025-06-08T15:46:39.697801,8.776254,0.0,0.0,61478.265625,50.7,64655.40625,0,0.0,145.109375,deepseek-r1:7b,-1
2025-06-08T15:46:39.798318,8.876771,0.0,0.0,61478.265625,50.7,64655.40625,0,0.0,145.109375,deepseek-r1:7b,-1
2025-06-08T15:46:39.901689,8.980142,0.0,0.0,61478.265625,50.7,64655.40625,0,0.0,145.109375,deepseek-r1:7b,-1
2025-06-08T15:46:40.004728,9.083181,0.0,0.0,61478.265625,50.7,64655.40625,0,0.0,145.109375,deepseek-r1:7b,-1
2025-06-08T15:46:40.110106,9.188559,0.0,0.0,61478.265625,50.7,64655.40625,0,0.0,145.109375,deepseek-r1:7b,-1
2025-06-08T15:46:40.213257,9.29171,0.0,0.0,61478.265625,50.7,64655.40625,0,0.0,145.109375,deepseek-r1:7b,-1
2025-06-08T15:46:40.317095,9.395548,9.5,0.0,61478.0,50.7,64656.4375,0,0.0,145.109375,deepseek-r1:7b,-1
2025-06-08T15:46:40.422578,9.501031,9.9,0.0,61478.0,50.7,64653.171875,0,0.0,145.109375,deepseek-r1:7b,-1
2025-06-08T15:46:40.524572,9.603025,9.3,0.0,61478.015625,50.7,64653.78125,0,0.0,145.109375,deepseek-r1:7b,-1
2025-06-08T15:46:40.625690,9.704143,9.9,0.0,61478.015625,50.7,64653.78125,0,0.0,145.109375,deepseek-r1:7b,-1
2025-06-08T15:46:40.731048,9.809501,9.9,0.0,61478.015625,50.7,64653.78125,0,0.0,145.109375,deepseek-r1:7b,-1
2025-06-08T15:46:40.836457,9.91491,9.1,0.0,61478.015625,50.7,64653.78125,0,0.0,145.109375,deepseek-r1:7b,-1
2025-06-08T15:46:40.941664,10.020117,0.0,0.0,61478.015625,50.7,64653.78125,0,0.0,145.109375,deepseek-r1:7b,-1
2025-06-08T15:46:41.047077,10.12553,0.0,0.0,61478.015625,50.7,64653.78125,0,0.0,145.109375,deepseek-r1:7b,-1
2025-06-08T15:46:41.148936,10.227389,0.0,0.0,61478.015625,50.7,64653.78125,0,0.0,145.109375,deepseek-r1:7b,-1
2025-06-08T15:46:41.254319,10.332772,0.0,0.0,61478.015625,50.7,64653.78125,0,0.0,145.109375,deepseek-r1:7b,-1
2025-06-08T15:46:41.359675,10.438128,9.3,0.0,61477.890625,50.7,64653.53125,0,0.0,145.109375,deepseek-r1:7b,-1
2025-06-08T15:46:41.465090,10.543543,10.0,0.0,61477.890625,50.7,64653.53125,0,0.0,145.109375,deepseek-r1:7b,-1
2025-06-08T15:46:41.570555,10.649008,8.9,0.0,61477.890625,50.7,64653.53125,0,0.0,145.109375,deepseek-r1:7b,-1
2025-06-08T15:46:41.674843,10.753296,9.6,0.0,61477.890625,50.7,64653.53125,0,0.0,145.109375,deepseek-r1:7b,-1
2025-06-08T15:46:41.775394,10.853847,0.0,0.0,61477.890625,50.7,64653.53125,0,0.0,145.109375,deepseek-r1:7b,-1
2025-06-08T15:46:41.880163,10.958616,0.0,0.0,61477.890625,50.7,64653.53125,0,0.0,145.109375,deepseek-r1:7b,-1
2025-06-08T15:46:41.983436,11.061889,0.0,0.0,61477.890625,50.7,64653.53125,0,0.0,145.109375,deepseek-r1:7b,-1
2025-06-08T15:46:42.083981,11.162434,0.0,0.0,61477.890625,50.7,64653.53125,0,0.0,145.109375,deepseek-r1:7b,-1
2025-06-08T15:46:42.184843,11.263296,0.0,0.0,61477.890625,50.7,64653.53125,0,0.0,145.109375,deepseek-r1:7b,-1
2025-06-08T15:46:42.290190,11.368643,0.0,0.0,61477.890625,50.7,64653.53125,0,0.0,145.109375,deepseek-r1:7b,-1
2025-06-08T15:46:42.392279,11.470732,9.2,0.0,61471.84375,50.7,64655.453125,0,0.0,145.109375,deepseek-r1:7b,-1
2025-06-08T15:46:42.497702,11.576155,9.6,0.0,61471.84375,50.7,64655.9375,0,0.0,145.109375,deepseek-r1:7b,-1
2025-06-08T15:46:42.603165,11.681618,9.3,0.0,61471.84375,50.7,64655.9375,0,0.0,145.109375,deepseek-r1:7b,-1
2025-06-08T15:46:42.706572,11.785025,10.5,0.0,61471.84375,50.7,64655.9375,0,0.0,145.109375,deepseek-r1:7b,-1
2025-06-08T15:46:42.809905,11.888358,9.6,0.0,61471.84375,50.7,64655.9375,0,0.0,145.109375,deepseek-r1:7b,-1
2025-06-08T15:46:42.915281,11.993734,8.9,0.0,61471.84375,50.7,64655.9375,0,0.0,145.109375,deepseek-r1:7b,-1
2025-06-08T15:46:45.060088,0.03931,10.6,0.0,59623.921875,49.3,66505.421875,0,0.0,145.109375,deepseek-r1:7b,-1
2025-06-08T15:46:45.165254,0.144476,16.5,0.0,60245.03125,49.7,65886.40625,0,0.0,145.109375,deepseek-r1:7b,-1
2025-06-08T15:46:45.269804,0.249026,15.2,0.0,60245.03125,49.7,65886.40625,0,0.0,145.109375,deepseek-r1:7b,-1
2025-06-08T15:46:45.375141,0.354363,11.0,0.0,60245.03125,49.7,65886.40625,0,0.0,145.109375,deepseek-r1:7b,-1
2025-06-08T15:46:45.476380,0.455602,9.8,0.0,60245.03125,49.7,65886.40625,0,0.0,145.109375,deepseek-r1:7b,-1
2025-06-08T15:46:45.581747,0.560969,0.0,0.0,60245.03125,49.7,65886.40625,0,0.0,145.109375,deepseek-r1:7b,-1
2025-06-08T15:46:45.682697,0.661919,0.0,0.0,60245.03125,49.7,65886.40625,0,0.0,145.109375,deepseek-r1:7b,-1
2025-06-08T15:46:45.788146,0.767368,0.0,0.0,60245.03125,49.7,65886.40625,0,0.0,145.109375,deepseek-r1:7b,-1
2025-06-08T15:46:45.891851,0.871073,0.0,0.0,60245.03125,49.7,65886.40625,0,0.0,145.109375,deepseek-r1:7b,-1
2025-06-08T15:46:45.997254,0.976476,0.0,0.0,60245.03125,49.7,65886.40625,0,0.0,145.109375,deepseek-r1:7b,-1
2025-06-08T15:46:46.099524,1.078746,8.0,0.0,61662.546875,50.8,64471.640625,0,0.0,145.109375,deepseek-r1:7b,-1
2025-06-08T15:46:46.204852,1.184074,8.1,0.0,61662.546875,50.8,64471.796875,0,0.0,145.109375,deepseek-r1:7b,-1
2025-06-08T15:46:46.310233,1.289455,7.3,0.0,61662.546875,50.8,64471.796875,0,0.0,145.109375,deepseek-r1:7b,-1
2025-06-08T15:46:46.412962,1.392184,7.1,0.0,61662.546875,50.8,64471.796875,0,0.0,145.109375,deepseek-r1:7b,-1
2025-06-08T15:46:46.517688,1.49691,7.9,0.0,61662.546875,50.8,64471.796875,0,0.0,145.109375,deepseek-r1:7b,-1
2025-06-08T15:46:46.618721,1.597943,7.5,0.0,61662.546875,50.8,64471.796875,0,0.0,145.109375,deepseek-r1:7b,-1
2025-06-08T15:46:46.724059,1.703281,7.6,0.0,61662.546875,50.8,64471.796875,0,0.0,145.109375,deepseek-r1:7b,-1
2025-06-08T15:46:46.829419,1.808641,7.2,0.0,61662.546875,50.8,64471.796875,0,0.0,145.109375,deepseek-r1:7b,-1
2025-06-08T15:46:46.934831,1.914053,0.0,0.0,61662.546875,50.8,64471.796875,0,0.0,145.109375,deepseek-r1:7b,-1
2025-06-08T15:46:47.040225,2.019447,0.0,0.0,61662.546875,50.8,64471.796875,0,0.0,145.109375,deepseek-r1:7b,-1
2025-06-08T15:46:47.145571,2.124793,7.7,0.0,61542.53125,50.7,64593.84375,0,0.0,145.109375,deepseek-r1:7b,-1
2025-06-08T15:46:47.246141,2.225363,7.5,0.0,61542.515625,50.7,64594.0,0,0.0,145.109375,deepseek-r1:7b,-1
2025-06-08T15:46:47.351557,2.330779,8.9,0.0,61542.515625,50.7,64594.0,0,0.0,145.109375,deepseek-r1:7b,-1
2025-06-08T15:46:47.456986,2.436208,7.1,0.0,61542.515625,50.7,64594.0,0,0.0,145.109375,deepseek-r1:7b,-1
2025-06-08T15:46:47.562347,2.541569,8.7,0.0,61542.515625,50.7,64594.0,0,0.0,145.109375,deepseek-r1:7b,-1
2025-06-08T15:46:47.664740,2.643962,7.4,0.0,61542.515625,50.7,64594.0,0,0.0,145.109375,deepseek-r1:7b,-1
2025-06-08T15:46:47.766999,2.746221,6.2,0.0,61542.515625,50.7,64594.0,0,0.0,145.109375,deepseek-r1:7b,-1
2025-06-08T15:46:47.872386,2.851608,8.2,0.0,61542.515625,50.7,64594.0,0,0.0,145.109375,deepseek-r1:7b,-1
2025-06-08T15:46:47.977787,2.957009,0.0,0.0,61542.515625,50.7,64594.0,0,0.0,145.109375,deepseek-r1:7b,-1
2025-06-08T15:46:48.083177,3.062399,0.0,0.0,61542.515625,50.7,64594.0,0,0.0,145.109375,deepseek-r1:7b,-1
2025-06-08T15:46:48.186174,3.165396,7.6,0.0,61478.390625,50.7,64656.421875,0,0.0,145.109375,deepseek-r1:7b,-1
2025-06-08T15:46:48.291620,3.270842,8.7,0.0,61478.390625,50.7,64656.6875,0,0.0,145.109375,deepseek-r1:7b,-1
2025-06-08T15:46:48.396982,3.376204,0.0,0.0,61478.390625,50.7,64656.6875,0,0.0,145.109375,deepseek-r1:7b,-1
2025-06-08T15:46:48.502416,3.481638,0.0,0.0,61478.390625,50.7,64656.6875,0,0.0,145.109375,deepseek-r1:7b,-1
2025-06-08T15:46:48.607845,3.587067,0.0,0.0,61478.390625,50.7,64656.6875,0,0.0,145.109375,deepseek-r1:7b,-1
2025-06-08T15:46:48.708827,3.688049,0.0,0.0,61478.390625,50.7,64656.6875,0,0.0,145.109375,deepseek-r1:7b,-1
2025-06-08T15:46:48.814176,3.793398,0.0,0.0,61478.390625,50.7,64656.6875,0,0.0,145.109375,deepseek-r1:7b,-1
2025-06-08T15:46:48.916877,3.896099,0.0,0.0,61478.390625,50.7,64656.6875,0,0.0,145.109375,deepseek-r1:7b,-1
2025-06-08T15:46:49.022229,4.001451,0.0,0.0,61478.390625,50.7,64656.6875,0,0.0,145.109375,deepseek-r1:7b,-1
2025-06-08T15:46:49.127521,4.106743,0.0,0.0,61478.390625,50.7,64656.6875,0,0.0,145.109375,deepseek-r1:7b,-1
2025-06-08T15:46:49.232714,4.211936,7.8,0.0,61478.5,50.7,64652.28125,0,0.0,145.109375,deepseek-r1:7b,-1
2025-06-08T15:46:49.333542,4.312764,7.5,0.0,61478.5,50.7,64652.28125,0,0.0,145.109375,deepseek-r1:7b,-1
2025-06-08T15:46:49.435039,4.414261,8.6,0.0,61478.5,50.7,64652.28125,0,0.0,145.109375,deepseek-r1:7b,-1
2025-06-08T15:46:49.539782,4.519004,7.3,0.0,61478.5,50.7,64652.28125,0,0.0,145.109375,deepseek-r1:7b,-1
2025-06-08T15:46:49.645152,4.624374,7.5,0.0,61478.5,50.7,64652.28125,0,0.0,145.109375,deepseek-r1:7b,-1
2025-06-08T15:46:49.750516,4.729738,8.4,0.0,61478.5,50.7,64652.28125,0,0.0,145.109375,deepseek-r1:7b,-1
2025-06-08T15:46:49.855854,4.835076,7.6,0.0,61478.5,50.7,64652.28125,0,0.0,145.109375,deepseek-r1:7b,-1
2025-06-08T15:46:49.961261,4.940483,0.0,0.0,61478.5,50.7,64652.28125,0,0.0,145.109375,deepseek-r1:7b,-1
2025-06-08T15:46:50.066653,5.045875,0.0,0.0,61478.5,50.7,64652.28125,0,0.0,145.109375,deepseek-r1:7b,-1
2025-06-08T15:46:50.171982,5.151204,0.0,0.0,61478.5,50.7,64652.28125,0,0.0,145.109375,deepseek-r1:7b,-1
2025-06-08T15:46:50.272778,5.252,7.4,0.0,61478.671875,50.7,64654.359375,0,0.0,145.109375,deepseek-r1:7b,-1
2025-06-08T15:46:50.378175,5.357397,7.8,0.0,61478.671875,50.7,64650.625,0,0.0,145.109375,deepseek-r1:7b,-1
2025-06-08T15:46:50.480121,5.459343,8.6,0.0,61478.78125,50.7,64650.96875,0,0.0,145.109375,deepseek-r1:7b,-1
2025-06-08T15:46:50.585529,5.564751,6.5,0.0,61478.4375,50.7,64651.59375,0,0.0,145.109375,deepseek-r1:7b,-1
2025-06-08T15:46:50.686309,5.665531,6.8,0.0,61478.4375,50.7,64651.59375,0,0.0,145.109375,deepseek-r1:7b,-1
2025-06-08T15:46:50.791716,5.770938,8.9,0.0,61478.4375,50.7,64651.59375,0,0.0,145.109375,deepseek-r1:7b,-1
2025-06-08T15:46:50.897144,5.876366,8.8,0.0,61478.4375,50.7,64651.59375,0,0.0,145.109375,deepseek-r1:7b,-1
2025-06-08T15:46:50.997971,5.977193,7.5,0.0,61478.4375,50.7,64651.59375,0,0.0,145.109375,deepseek-r1:7b,-1
2025-06-08T15:46:51.100359,6.079581,7.4,0.0,61478.4375,50.7,64651.59375,0,0.0,145.109375,deepseek-r1:7b,-1
2025-06-08T15:46:51.204505,6.183727,0.0,0.0,61478.4375,50.7,64651.59375,0,0.0,145.109375,deepseek-r1:7b,-1
2025-06-08T15:46:51.309935,6.289157,9.5,0.0,61478.796875,50.7,64653.40625,0,0.0,145.109375,deepseek-r1:7b,-1
2025-06-08T15:46:51.415364,6.394586,7.1,0.0,61478.796875,50.7,64653.40625,0,0.0,145.109375,deepseek-r1:7b,-1
2025-06-08T15:46:51.520486,6.499708,0.0,0.0,61478.796875,50.7,64653.40625,0,0.0,145.109375,deepseek-r1:7b,-1
2025-06-08T15:46:51.625938,6.60516,0.0,0.0,61478.796875,50.7,64653.40625,0,0.0,145.109375,deepseek-r1:7b,-1
2025-06-08T15:46:51.727120,6.706342,0.0,0.0,61478.796875,50.7,64653.40625,0,0.0,145.109375,deepseek-r1:7b,-1
2025-06-08T15:46:51.832519,6.811741,0.0,0.0,61478.796875,50.7,64653.40625,0,0.0,145.109375,deepseek-r1:7b,-1
2025-06-08T15:46:51.937842,6.917064,0.0,0.0,61478.796875,50.7,64653.40625,0,0.0,145.109375,deepseek-r1:7b,-1
2025-06-08T15:46:52.043232,7.022454,0.0,0.0,61478.796875,50.7,64653.40625,0,0.0,145.109375,deepseek-r1:7b,-1
2025-06-08T15:46:52.146505,7.125727,0.0,0.0,61478.796875,50.7,64653.40625,0,0.0,145.109375,deepseek-r1:7b,-1
2025-06-08T15:46:52.248172,7.227394,0.0,0.0,61478.796875,50.7,64653.40625,0,0.0,145.109375,deepseek-r1:7b,-1
2025-06-08T15:46:52.353070,7.332292,9.1,0.0,61478.890625,50.7,64657.1875,0,0.0,145.109375,deepseek-r1:7b,-1
2025-06-08T15:46:52.456308,7.43553,10.3,0.0,61478.890625,50.7,64657.1875,0,0.0,145.109375,deepseek-r1:7b,-1
2025-06-08T15:46:52.557158,7.53638,8.7,0.0,61478.890625,50.7,64657.1875,0,0.0,145.109375,deepseek-r1:7b,-1
2025-06-08T15:46:52.662531,7.641753,0.0,0.0,61478.890625,50.7,64657.1875,0,0.0,145.109375,deepseek-r1:7b,-1
2025-06-08T15:46:52.765772,7.744994,0.0,0.0,61478.890625,50.7,64657.1875,0,0.0,145.109375,deepseek-r1:7b,-1
2025-06-08T15:46:52.870968,7.85019,0.0,0.0,61478.890625,50.7,64657.1875,0,0.0,145.109375,deepseek-r1:7b,-1
2025-06-08T15:46:52.976313,7.955535,0.0,0.0,61478.890625,50.7,64657.1875,0,0.0,145.109375,deepseek-r1:7b,-1
2025-06-08T15:46:53.080563,8.059785,0.0,0.0,61478.890625,50.7,64657.1875,0,0.0,145.109375,deepseek-r1:7b,-1
2025-06-08T15:46:53.182412,8.161634,0.0,0.0,61478.890625,50.7,64657.1875,0,0.0,145.109375,deepseek-r1:7b,-1
2025-06-08T15:46:53.287629,8.266851,0.0,0.0,61478.890625,50.7,64657.1875,0,0.0,145.109375,deepseek-r1:7b,-1
2025-06-08T15:46:53.389366,8.368588,9.6,0.0,61478.703125,50.7,64653.890625,0,0.0,145.109375,deepseek-r1:7b,-1
2025-06-08T15:46:53.494804,8.474026,9.3,0.0,61478.703125,50.7,64654.1875,0,0.0,145.109375,deepseek-r1:7b,-1
2025-06-08T15:46:53.600157,8.579379,0.0,0.0,61478.734375,50.7,64654.453125,0,0.0,145.109375,deepseek-r1:7b,-1
2025-06-08T15:46:53.703591,8.682813,0.0,0.0,61478.734375,50.7,64654.453125,0,0.0,145.109375,deepseek-r1:7b,-1
2025-06-08T15:46:53.807926,8.787148,0.0,0.0,61478.734375,50.7,64654.453125,0,0.0,145.109375,deepseek-r1:7b,-1
2025-06-08T15:46:53.913123,8.892345,0.0,0.0,61478.734375,50.7,64654.453125,0,0.0,145.109375,deepseek-r1:7b,-1
2025-06-08T15:46:54.013682,8.992904,0.0,0.0,61478.734375,50.7,64654.453125,0,0.0,145.109375,deepseek-r1:7b,-1
2025-06-08T15:46:54.116260,9.095482,0.0,0.0,61478.734375,50.7,64654.453125,0,0.0,145.109375,deepseek-r1:7b,-1
2025-06-08T15:46:54.221692,9.200914,0.0,0.0,61478.734375,50.7,64654.453125,0,0.0,145.109375,deepseek-r1:7b,-1
2025-06-08T15:46:54.327042,9.306264,0.0,0.0,61478.734375,50.7,64654.453125,0,0.0,145.109375,deepseek-r1:7b,-1
2025-06-08T15:46:54.428768,9.40799,8.7,0.0,61478.734375,50.7,64653.15625,0,0.0,145.109375,deepseek-r1:7b,-1
2025-06-08T15:46:54.534145,9.513367,10.5,0.0,61478.75,50.7,64653.625,0,0.0,145.109375,deepseek-r1:7b,-1
2025-06-08T15:46:54.637765,9.616987,8.1,0.0,61478.75,50.7,64653.953125,0,0.0,145.109375,deepseek-r1:7b,-1
2025-06-08T15:46:54.743092,9.722314,9.3,0.0,61478.75,50.7,64653.953125,0,0.0,145.109375,deepseek-r1:7b,-1
2025-06-08T15:46:54.843807,9.823029,10.0,0.0,61478.75,50.7,64653.953125,0,0.0,145.109375,deepseek-r1:7b,-1
2025-06-08T15:46:54.949153,9.928375,8.5,0.0,61478.75,50.7,64653.953125,0,0.0,145.109375,deepseek-r1:7b,-1
2025-06-08T15:46:55.053289,10.032511,9.4,0.0,61478.75,50.7,64653.953125,0,0.0,145.109375,deepseek-r1:7b,-1
2025-06-08T15:46:55.158655,10.137877,0.0,0.0,61478.75,50.7,64653.953125,0,0.0,145.109375,deepseek-r1:7b,-1
2025-06-08T15:46:55.262095,10.241317,0.0,0.0,61478.75,50.7,64653.953125,0,0.0,145.109375,deepseek-r1:7b,-1
2025-06-08T15:46:55.367494,10.346716,0.0,0.0,61478.75,50.7,64653.953125,0,0.0,145.109375,deepseek-r1:7b,-1
2025-06-08T15:46:55.469830,10.449052,10.2,0.0,61468.234375,50.7,64664.515625,0,0.0,145.109375,deepseek-r1:7b,-1
2025-06-08T15:46:55.575266,10.554488,9.4,0.0,61468.234375,50.7,64664.96875,0,0.0,145.109375,deepseek-r1:7b,-1
2025-06-08T15:46:55.680651,10.659873,9.0,0.0,61468.109375,50.7,64665.453125,0,0.0,145.109375,deepseek-r1:7b,-1
2025-06-08T15:46:55.785197,10.764419,9.0,0.0,61468.109375,50.7,64665.921875,0,0.0,145.109375,deepseek-r1:7b,-1
2025-06-08T15:46:55.890597,10.869819,12.5,0.0,61468.109375,50.7,64665.921875,0,0.0,145.109375,deepseek-r1:7b,-1
2025-06-08T15:46:55.995974,10.975196,16.1,0.0,61468.109375,50.7,64665.921875,0,0.0,145.109375,deepseek-r1:7b,-1
2025-06-08T15:46:56.101406,11.080628,10.7,0.0,61468.109375,50.7,64665.921875,0,0.0,145.109375,deepseek-r1:7b,-1
2025-06-08T15:46:56.205529,11.184751,10.2,0.0,61468.109375,50.7,64665.921875,0,0.0,145.109375,deepseek-r1:7b,-1
2025-06-08T15:46:56.306570,11.285792,0.0,0.0,61468.109375,50.7,64665.921875,0,0.0,145.109375,deepseek-r1:7b,-1
2025-06-08T15:46:56.410631,11.389853,0.0,0.0,61468.109375,50.7,64665.921875,0,0.0,145.109375,deepseek-r1:7b,-1
2025-06-08T15:46:56.516034,11.495256,7.3,0.0,61462.0625,50.7,64674.25,0,0.0,145.109375,deepseek-r1:7b,-1
2025-06-08T15:46:56.617935,11.597157,7.4,0.0,61462.0625,50.7,64674.515625,0,0.0,145.109375,deepseek-r1:7b,-1
2025-06-08T15:46:56.723339,11.702561,8.1,0.0,61462.0625,50.7,64674.515625,0,0.0,145.109375,deepseek-r1:7b,-1
2025-06-08T15:46:56.825062,11.804284,0.0,0.0,61462.0625,50.7,64674.515625,0,0.0,145.109375,deepseek-r1:7b,-1
2025-06-08T15:46:56.930381,11.909603,0.0,0.0,61462.0625,50.7,64674.515625,0,0.0,145.109375,deepseek-r1:7b,-1
2025-06-08T15:46:57.035748,12.01497,0.0,0.0,61462.0625,50.7,64674.515625,0,0.0,145.109375,deepseek-r1:7b,-1
2025-06-08T15:46:57.141130,12.120352,0.0,0.0,61462.0625,50.7,64674.515625,0,0.0,145.109375,deepseek-r1:7b,-1
2025-06-08T15:46:57.246478,12.2257,0.0,0.0,61462.0625,50.7,64674.515625,0,0.0,145.109375,deepseek-r1:7b,-1
2025-06-08T15:46:57.351852,12.331074,0.0,0.0,61462.0625,50.7,64674.515625,0,0.0,145.109375,deepseek-r1:7b,-1
2025-06-08T15:46:57.457290,12.436512,0.0,0.0,61462.0625,50.7,64674.515625,0,0.0,145.109375,deepseek-r1:7b,-1
2025-06-08T15:46:57.562662,12.541884,7.5,0.0,61456.109375,50.7,64674.515625,0,0.0,145.109375,deepseek-r1:7b,-1
2025-06-08T15:46:57.665232,12.644454,7.3,0.0,61456.0625,50.7,64674.75,0,0.0,145.109375,deepseek-r1:7b,-1
2025-06-08T15:46:57.766703,12.745925,7.5,0.0,61456.0625,50.7,64674.75,0,0.0,145.109375,deepseek-r1:7b,-1
2025-06-08T15:46:57.869734,12.848956,8.0,0.0,61456.0625,50.7,64674.75,0,0.0,145.109375,deepseek-r1:7b,-1
2025-06-08T15:46:57.975167,12.954389,8.2,0.0,61456.0625,50.7,64674.75,0,0.0,145.109375,deepseek-r1:7b,-1
2025-06-08T15:46:58.080517,13.059739,6.0,0.0,61456.0625,50.7,64674.75,0,0.0,145.109375,deepseek-r1:7b,-1
2025-06-08T15:46:58.185832,13.165054,7.1,0.0,61456.0625,50.7,64674.75,0,0.0,145.109375,deepseek-r1:7b,-1
2025-06-08T15:46:58.291231,13.270453,0.0,0.0,61456.0625,50.7,64674.75,0,0.0,145.109375,deepseek-r1:7b,-1
2025-06-08T15:46:58.396586,13.375808,0.0,0.0,61456.0625,50.7,64674.75,0,0.0,145.109375,deepseek-r1:7b,-1
2025-06-08T15:46:58.501133,13.480355,0.0,0.0,61456.0625,50.7,64674.75,0,0.0,145.109375,deepseek-r1:7b,-1
2025-06-08T15:46:58.604943,13.584165,8.0,0.0,61456.234375,50.7,64676.84375,0,0.0,145.109375,deepseek-r1:7b,-1
2025-06-08T15:46:58.710331,13.689553,6.1,0.0,61456.21875,50.7,64677.03125,0,0.0,145.109375,deepseek-r1:7b,-1
2025-06-08T15:46:58.812107,13.791329,8.5,0.0,61456.234375,50.7,64677.296875,0,0.0,145.109375,deepseek-r1:7b,-1
2025-06-08T15:46:58.917475,13.896697,8.3,0.0,61456.234375,50.7,64677.296875,0,0.0,145.109375,deepseek-r1:7b,-1
2025-06-08T15:46:59.018907,13.998129,6.9,0.0,61456.234375,50.7,64677.296875,0,0.0,145.109375,deepseek-r1:7b,-1
2025-06-08T15:46:59.119752,14.098974,6.9,0.0,61456.234375,50.7,64677.296875,0,0.0,145.109375,deepseek-r1:7b,-1
2025-06-08T15:46:59.225110,14.204332,0.0,0.0,61456.234375,50.7,64677.296875,0,0.0,145.109375,deepseek-r1:7b,-1
2025-06-08T15:46:59.326697,14.305919,0.0,0.0,61456.234375,50.7,64677.296875,0,0.0,145.109375,deepseek-r1:7b,-1
2025-06-08T15:46:59.432121,14.411343,0.0,0.0,61456.234375,50.7,64677.296875,0,0.0,145.109375,deepseek-r1:7b,-1
2025-06-08T15:46:59.537494,14.516716,0.0,0.0,61456.234375,50.7,64677.296875,0,0.0,145.109375,deepseek-r1:7b,-1
2025-06-08T15:46:59.639841,14.619063,7.4,0.0,61456.359375,50.7,64678.828125,0,0.0,145.109375,deepseek-r1:7b,-1
2025-06-08T15:46:59.745220,14.724442,7.6,0.0,61456.359375,50.7,64678.828125,0,0.0,145.109375,deepseek-r1:7b,-1
2025-06-08T15:46:59.846905,14.826127,8.5,0.0,61456.359375,50.7,64678.828125,0,0.0,145.109375,deepseek-r1:7b,-1
2025-06-08T15:46:59.952310,14.931532,7.1,0.0,61456.359375,50.7,64678.828125,0,0.0,145.109375,deepseek-r1:7b,-1
2025-06-08T15:47:00.057705,15.036927,9.5,0.0,61456.359375,50.7,64678.828125,0,0.0,145.109375,deepseek-r1:7b,-1
2025-06-08T15:47:00.163031,15.142253,0.0,0.0,61456.359375,50.7,64678.828125,0,0.0,145.109375,deepseek-r1:7b,-1
2025-06-08T15:47:00.268411,15.247633,0.0,0.0,61456.359375,50.7,64678.828125,0,0.0,145.109375,deepseek-r1:7b,-1
2025-06-08T15:47:00.373767,15.352989,0.0,0.0,61456.359375,50.7,64678.828125,0,0.0,145.109375,deepseek-r1:7b,-1
2025-06-08T15:47:00.479147,15.458369,0.0,0.0,61456.359375,50.7,64678.828125,0,0.0,145.109375,deepseek-r1:7b,-1
2025-06-08T15:47:00.579945,15.559167,0.0,0.0,61456.359375,50.7,64678.828125,0,0.0,145.109375,deepseek-r1:7b,-1
2025-06-08T15:47:00.685336,15.664558,7.6,0.0,61527.90625,50.7,64611.46875,0,0.0,145.109375,deepseek-r1:7b,-1
2025-06-08T15:47:00.787491,15.766713,7.5,0.0,61527.90625,50.7,64611.46875,0,0.0,145.109375,deepseek-r1:7b,-1
2025-06-08T15:47:00.890858,15.87008,0.0,0.0,61527.90625,50.7,64611.46875,0,0.0,145.109375,deepseek-r1:7b,-1
2025-06-08T15:47:00.996239,15.975461,0.0,0.0,61527.90625,50.7,64611.46875,0,0.0,145.109375,deepseek-r1:7b,-1
2025-06-08T15:47:01.101684,16.080906,0.0,0.0,61527.90625,50.7,64611.46875,0,0.0,145.109375,deepseek-r1:7b,-1
2025-06-08T15:47:01.206052,16.185274,0.0,0.0,61527.90625,50.7,64611.46875,0,0.0,145.109375,deepseek-r1:7b,-1
2025-06-08T15:47:01.307201,16.286423,0.0,0.0,61527.90625,50.7,64611.46875,0,0.0,145.109375,deepseek-r1:7b,-1
2025-06-08T15:47:01.408068,16.38729,0.0,0.0,61527.90625,50.7,64611.46875,0,0.0,145.109375,deepseek-r1:7b,-1
2025-06-08T15:47:01.512027,16.491249,0.0,0.0,61527.90625,50.7,64611.46875,0,0.0,145.109375,deepseek-r1:7b,-1
2025-06-08T15:47:01.613957,16.593179,0.0,0.0,61527.90625,50.7,64611.46875,0,0.0,145.109375,deepseek-r1:7b,-1
2025-06-08T15:47:01.715750,16.694972,9.0,0.0,61517.453125,50.7,64614.265625,0,0.3,145.125,deepseek-r1:7b,-1
2025-06-08T15:47:01.821149,16.800371,8.8,0.0,61517.453125,50.7,64614.53125,0,0.0,145.125,deepseek-r1:7b,-1
2025-06-08T15:47:01.925850,16.905072,7.7,0.0,61517.46875,50.7,64614.75,0,0.0,145.125,deepseek-r1:7b,-1
2025-06-08T15:47:02.031264,17.010486,7.2,0.0,61517.46875,50.7,64614.75,0,0.0,145.125,deepseek-r1:7b,-1
2025-06-08T15:47:02.132205,17.111427,0.0,0.0,61517.46875,50.7,64614.75,0,0.0,145.125,deepseek-r1:7b,-1
2025-06-08T15:47:02.237609,17.216831,0.0,0.0,61517.46875,50.7,64614.75,0,0.0,145.125,deepseek-r1:7b,-1
2025-06-08T15:47:02.343035,17.322257,0.0,0.0,61517.46875,50.7,64614.75,0,0.0,145.125,deepseek-r1:7b,-1
2025-06-08T15:47:02.448334,17.427556,0.0,0.0,61517.46875,50.7,64614.75,0,0.0,145.125,deepseek-r1:7b,-1
2025-06-08T15:47:02.548810,17.528032,0.0,0.0,61517.46875,50.7,64614.75,0,0.0,145.125,deepseek-r1:7b,-1
2025-06-08T15:47:02.654123,17.633345,0.0,0.0,61517.46875,50.7,64614.75,0,0.0,145.125,deepseek-r1:7b,-1
2025-06-08T15:47:02.759446,17.738668,7.5,0.0,61517.5,50.7,64616.609375,0,0.0,145.125,deepseek-r1:7b,-1
2025-06-08T15:47:02.864833,17.844055,9.4,0.0,61518.46875,50.7,64617.03125,0,0.0,145.125,deepseek-r1:7b,-1
2025-06-08T15:47:02.966453,17.945675,8.0,0.0,61518.46875,50.7,64617.03125,0,0.0,145.125,deepseek-r1:7b,-1
2025-06-08T15:47:03.066868,18.04609,8.1,0.0,61518.46875,50.7,64617.03125,0,0.0,145.125,deepseek-r1:7b,-1
2025-06-08T15:47:03.172234,18.151456,7.1,0.0,61518.46875,50.7,64617.03125,0,0.0,145.125,deepseek-r1:7b,-1
2025-06-08T15:47:03.277613,18.256835,0.0,0.0,61518.46875,50.7,64617.03125,0,0.0,145.125,deepseek-r1:7b,-1
2025-06-08T15:47:03.378382,18.357604,0.0,0.0,61518.46875,50.7,64617.03125,0,0.0,145.125,deepseek-r1:7b,-1
2025-06-08T15:47:03.483748,18.46297,0.0,0.0,61518.46875,50.7,64617.03125,0,0.0,145.125,deepseek-r1:7b,-1
2025-06-08T15:47:03.585609,18.564831,0.0,0.0,61518.46875,50.7,64617.03125,0,0.0,145.125,deepseek-r1:7b,-1
2025-06-08T15:47:03.689496,18.668718,0.0,0.0,61518.46875,50.7,64617.03125,0,0.0,145.125,deepseek-r1:7b,-1
2025-06-08T15:47:03.794841,18.774063,7.6,0.0,61454.359375,50.7,64679.484375,0,0.0,145.125,deepseek-r1:7b,-1
2025-06-08T15:47:03.897305,18.876527,9.6,0.0,61454.359375,50.7,64679.609375,0,0.0,145.125,deepseek-r1:7b,-1
2025-06-08T15:47:04.002642,18.981864,7.1,0.0,61454.359375,50.7,64679.890625,0,0.0,145.125,deepseek-r1:7b,-1
2025-06-08T15:47:04.107001,19.086223,7.2,0.0,61454.203125,50.7,64680.25,0,0.0,145.125,deepseek-r1:7b,-1
2025-06-08T15:47:04.210357,19.189579,7.3,0.0,61454.203125,50.7,64680.25,0,0.0,145.125,deepseek-r1:7b,-1
2025-06-08T15:47:04.312279,19.291501,7.9,0.0,61454.203125,50.7,64680.25,0,0.0,145.125,deepseek-r1:7b,-1
2025-06-08T15:47:04.417654,19.396876,7.8,0.0,61454.203125,50.7,64680.25,0,0.0,145.125,deepseek-r1:7b,-1
2025-06-08T15:47:04.521727,19.500949,0.0,0.0,61454.203125,50.7,64680.25,0,0.0,145.125,deepseek-r1:7b,-1
2025-06-08T15:47:04.623518,19.60274,0.0,0.0,61454.203125,50.7,64680.25,0,0.0,145.125,deepseek-r1:7b,-1
2025-06-08T15:47:04.728870,19.708092,0.0,0.0,61454.203125,50.7,64680.25,0,0.0,145.125,deepseek-r1:7b,-1
2025-06-08T15:47:04.834279,19.813501,7.5,0.0,61454.25,50.7,64681.78125,0,0.0,145.125,deepseek-r1:7b,-1
2025-06-08T15:47:04.935384,19.914606,7.0,0.0,61454.25,50.7,64681.90625,0,0.0,145.125,deepseek-r1:7b,-1
2025-06-08T15:47:05.040752,20.019974,0.0,0.0,61454.25,50.7,64681.90625,0,0.0,145.125,deepseek-r1:7b,-1
2025-06-08T15:47:05.146099,20.125321,0.0,0.0,61454.25,50.7,64681.90625,0,0.0,145.125,deepseek-r1:7b,-1
2025-06-08T15:47:05.251459,20.230681,0.0,0.0,61454.25,50.7,64681.90625,0,0.0,145.125,deepseek-r1:7b,-1
2025-06-08T15:47:05.355962,20.335184,0.0,0.0,61454.25,50.7,64681.90625,0,0.0,145.125,deepseek-r1:7b,-1
2025-06-08T15:47:05.460361,20.439583,0.0,0.0,61454.25,50.7,64681.90625,0,0.0,145.125,deepseek-r1:7b,-1
2025-06-08T15:47:05.565800,20.545022,0.0,0.0,61454.25,50.7,64681.90625,0,0.0,145.125,deepseek-r1:7b,-1
2025-06-08T15:47:05.671231,20.650453,0.0,0.0,61454.25,50.7,64681.90625,0,0.0,145.125,deepseek-r1:7b,-1
2025-06-08T15:47:05.776576,20.755798,0.0,0.0,61454.25,50.7,64681.90625,0,0.0,145.125,deepseek-r1:7b,-1
2025-06-08T15:47:05.880545,20.859767,7.5,0.0,61454.109375,50.7,64680.109375,0,0.0,145.125,deepseek-r1:7b,-1
2025-06-08T15:47:05.985933,20.965155,7.7,0.0,61454.109375,50.7,64676.375,0,0.0,145.125,deepseek-r1:7b,-1
2025-06-08T15:47:06.091344,21.070566,7.1,0.0,61454.109375,50.7,64676.375,0,0.0,145.125,deepseek-r1:7b,-1
2025-06-08T15:47:06.196724,21.175946,6.0,0.0,61454.109375,50.7,64676.375,0,0.0,145.125,deepseek-r1:7b,-1
2025-06-08T15:47:06.297306,21.276528,9.2,0.0,61454.109375,50.7,64676.375,0,0.0,145.125,deepseek-r1:7b,-1
2025-06-08T15:47:06.398641,21.377863,6.3,0.0,61454.109375,50.7,64676.375,0,0.0,145.125,deepseek-r1:7b,-1
2025-06-08T15:47:06.504010,21.483232,7.1,0.0,61454.109375,50.7,64676.375,0,0.0,145.125,deepseek-r1:7b,-1
2025-06-08T15:47:06.609415,21.588637,7.1,0.0,61454.109375,50.7,64676.375,0,0.0,145.125,deepseek-r1:7b,-1
2025-06-08T15:47:06.713267,21.692489,8.2,0.0,61454.109375,50.7,64676.375,0,0.0,145.125,deepseek-r1:7b,-1
2025-06-08T15:47:06.814849,21.794071,0.0,0.0,61454.109375,50.7,64676.375,0,0.0,145.125,deepseek-r1:7b,-1
2025-06-08T15:47:06.920247,21.899469,8.0,0.0,61454.484375,50.7,64678.578125,0,0.0,145.125,deepseek-r1:7b,-1
2025-06-08T15:47:07.022997,22.002219,7.7,0.0,61454.484375,50.7,64678.578125,0,0.0,145.109375,deepseek-r1:7b,-1
2025-06-08T15:47:07.128430,22.107652,7.3,0.0,61454.484375,50.7,64678.578125,0,0.0,145.109375,deepseek-r1:7b,-1
2025-06-08T15:47:07.233779,22.213001,6.6,0.0,61454.484375,50.7,64678.578125,0,0.2,145.125,deepseek-r1:7b,-1
2025-06-08T15:47:07.335406,22.314628,9.7,0.0,61454.484375,50.7,64678.578125,0,0.0,145.125,deepseek-r1:7b,-1
2025-06-08T15:47:07.440828,22.42005,7.1,0.0,61454.484375,50.7,64678.578125,0,0.0,145.125,deepseek-r1:7b,-1
2025-06-08T15:47:07.546212,22.525434,6.5,0.0,61454.484375,50.7,64678.578125,0,0.0,145.125,deepseek-r1:7b,-1
2025-06-08T15:47:07.648367,22.627589,6.3,0.0,61454.484375,50.7,64678.578125,0,0.0,145.125,deepseek-r1:7b,-1
2025-06-08T15:47:07.749033,22.728255,8.0,0.0,61454.484375,50.7,64678.578125,0,0.0,145.125,deepseek-r1:7b,-1
2025-06-08T15:47:07.854381,22.833603,0.0,0.0,61454.484375,50.7,64678.578125,0,0.0,145.125,deepseek-r1:7b,-1
2025-06-08T15:47:07.959781,22.939003,7.7,0.0,61451.078125,50.7,64677.5625,0,0.0,145.125,deepseek-r1:7b,-1
2025-06-08T15:47:08.065253,23.044475,8.7,0.0,61451.078125,50.7,64677.5625,0,0.0,145.125,deepseek-r1:7b,-1
2025-06-08T15:47:08.168136,23.147358,7.4,0.0,61451.078125,50.7,64677.5625,0,0.0,145.125,deepseek-r1:7b,-1
2025-06-08T15:47:08.273549,23.252771,8.2,0.0,61451.078125,50.7,64677.5625,0,0.0,145.125,deepseek-r1:7b,-1
2025-06-08T15:47:08.374688,23.35391,7.4,0.0,61451.078125,50.7,64677.5625,0,0.0,145.125,deepseek-r1:7b,-1
2025-06-08T15:47:08.480031,23.459253,8.4,0.0,61451.078125,50.7,64677.5625,0,0.0,145.125,deepseek-r1:7b,-1
2025-06-08T15:47:08.580607,23.559829,6.8,0.0,61451.078125,50.7,64677.5625,0,0.0,145.125,deepseek-r1:7b,-1
2025-06-08T15:47:08.685994,23.665216,6.0,0.0,61451.078125,50.7,64677.5625,0,0.0,145.125,deepseek-r1:7b,-1
2025-06-08T15:47:08.791352,23.770574,0.0,0.0,61451.078125,50.7,64677.5625,0,0.0,145.125,deepseek-r1:7b,-1
2025-06-08T15:47:08.895633,23.874855,0.0,0.0,61451.078125,50.7,64677.5625,0,0.0,145.125,deepseek-r1:7b,-1
2025-06-08T15:47:09.001013,23.980235,7.8,0.0,61450.984375,50.7,64680.03125,0,0.0,145.125,deepseek-r1:7b,-1
2025-06-08T15:47:09.101853,24.081075,7.9,0.0,61450.984375,50.7,64680.03125,0,0.0,145.125,deepseek-r1:7b,-1
2025-06-08T15:47:09.202980,24.182202,7.9,0.0,61450.984375,50.7,64680.03125,0,0.0,145.125,deepseek-r1:7b,-1
2025-06-08T15:47:09.308409,24.287631,8.4,0.0,61450.984375,50.7,64680.03125,0,0.0,145.125,deepseek-r1:7b,-1
2025-06-08T15:47:09.409087,24.388309,0.0,0.0,61450.984375,50.7,64680.03125,0,0.0,145.125,deepseek-r1:7b,-1
2025-06-08T15:47:09.514434,24.493656,0.0,0.0,61450.984375,50.7,64680.03125,0,0.0,145.125,deepseek-r1:7b,-1
2025-06-08T15:47:09.617900,24.597122,0.0,0.0,61450.984375,50.7,64680.03125,0,0.0,145.125,deepseek-r1:7b,-1
2025-06-08T15:47:09.720616,24.699838,0.0,0.0,61450.984375,50.7,64680.03125,0,0.0,145.125,deepseek-r1:7b,-1
2025-06-08T15:47:09.826001,24.805223,0.0,0.0,61450.984375,50.7,64680.03125,0,0.0,145.125,deepseek-r1:7b,-1
2025-06-08T15:47:09.931443,24.910665,0.0,0.0,61450.984375,50.7,64680.03125,0,0.0,145.125,deepseek-r1:7b,-1
2025-06-08T15:47:10.036821,25.016043,7.2,0.0,61450.609375,50.7,64682.4375,0,0.0,145.125,deepseek-r1:7b,-1
2025-06-08T15:47:10.142206,25.121428,7.6,0.0,61450.6875,50.7,64682.671875,0,0.0,145.125,deepseek-r1:7b,-1
2025-06-08T15:47:10.247599,25.226821,7.8,0.0,61450.6875,50.7,64682.671875,0,0.0,145.125,deepseek-r1:7b,-1
2025-06-08T15:47:10.353005,25.332227,0.0,0.0,61450.6875,50.7,64682.671875,0,0.0,145.125,deepseek-r1:7b,-1
2025-06-08T15:47:10.458455,25.437677,0.0,0.0,61450.6875,50.7,64682.671875,0,0.0,145.125,deepseek-r1:7b,-1
2025-06-08T15:47:10.559444,25.538666,0.0,0.0,61450.6875,50.7,64682.671875,0,0.0,145.125,deepseek-r1:7b,-1
2025-06-08T15:47:10.660710,25.639932,0.0,0.0,61450.6875,50.7,64682.671875,0,0.0,145.125,deepseek-r1:7b,-1
2025-06-08T15:47:10.761795,25.741017,0.0,0.0,61450.6875,50.7,64682.671875,0,0.0,145.125,deepseek-r1:7b,-1
2025-06-08T15:47:10.862929,25.842151,0.0,0.0,61450.6875,50.7,64682.671875,0,0.0,145.125,deepseek-r1:7b,-1
2025-06-08T15:47:10.968339,25.947561,0.0,0.0,61450.6875,50.7,64682.671875,0,0.0,145.125,deepseek-r1:7b,-1
2025-06-08T15:47:11.073863,26.053085,7.7,0.0,61445.109375,50.6,64686.921875,0,0.0,145.125,deepseek-r1:7b,-1
2025-06-08T15:47:11.178454,26.157676,8.3,0.0,61445.1875,50.6,64687.140625,0,0.0,145.125,deepseek-r1:7b,-1
2025-06-08T15:47:11.278894,26.258116,7.5,0.0,61445.1875,50.6,64687.375,0,0.0,145.125,deepseek-r1:7b,-1
2025-06-08T15:47:11.384279,26.363501,6.6,0.0,61445.1875,50.6,64687.375,0,0.0,145.125,deepseek-r1:7b,-1
2025-06-08T15:47:11.489694,26.468916,7.2,0.0,61445.1875,50.6,64687.375,0,0.0,145.125,deepseek-r1:7b,-1
2025-06-08T15:47:11.592478,26.5717,7.1,0.0,61445.1875,50.6,64687.375,0,0.0,145.125,deepseek-r1:7b,-1
2025-06-08T15:47:11.697292,26.676514,7.2,0.0,61445.1875,50.6,64687.375,0,0.0,145.125,deepseek-r1:7b,-1
2025-06-08T15:47:11.802654,26.781876,8.2,0.0,61445.1875,50.6,64687.375,0,0.0,145.125,deepseek-r1:7b,-1
2025-06-08T15:47:11.907966,26.887188,7.2,0.0,61445.1875,50.6,64687.375,0,0.0,145.125,deepseek-r1:7b,-1
2025-06-08T15:47:12.010583,26.989805,0.0,0.0,61445.1875,50.6,64687.375,0,0.0,145.125,deepseek-r1:7b,-1
2025-06-08T15:47:12.115946,27.095168,7.8,0.0,61446.15625,50.7,64681.203125,0,0.0,145.125,deepseek-r1:7b,-1
2025-06-08T15:47:12.220563,27.199785,6.6,0.0,61446.171875,50.7,64681.5625,0,0.0,145.125,deepseek-r1:7b,-1
2025-06-08T15:47:12.325946,27.305168,7.8,0.0,61446.171875,50.7,64681.75,0,0.0,145.125,deepseek-r1:7b,-1
2025-06-08T15:47:12.431366,27.410588,8.1,0.0,61446.171875,50.7,64681.75,0,0.0,145.125,deepseek-r1:7b,-1
2025-06-08T15:47:12.536684,27.515906,6.5,0.0,61446.171875,50.7,64681.75,0,0.1,145.109375,deepseek-r1:7b,-1
2025-06-08T15:47:12.639836,27.619058,8.6,0.0,61446.171875,50.7,64681.75,0,0.0,145.109375,deepseek-r1:7b,-1
2025-06-08T15:47:12.742122,27.721344,8.5,0.0,61446.171875,50.7,64681.75,0,0.0,145.109375,deepseek-r1:7b,-1
2025-06-08T15:47:12.845544,27.824766,7.8,0.0,61446.171875,50.7,64681.75,0,0.0,145.109375,deepseek-r1:7b,-1
2025-06-08T15:47:12.947729,27.926951,8.6,0.0,61446.171875,50.7,64681.75,0,0.0,145.109375,deepseek-r1:7b,-1
2025-06-08T15:47:13.053185,28.032407,0.0,0.0,61446.171875,50.7,64681.75,0,0.0,145.109375,deepseek-r1:7b,-1
2025-06-08T15:47:13.154347,28.133569,7.3,0.0,61445.75,50.6,64685.03125,0,0.0,145.109375,deepseek-r1:7b,-1
2025-06-08T15:47:13.259533,28.238755,8.3,0.0,61445.75,50.6,64685.296875,0,0.0,145.109375,deepseek-r1:7b,-1
2025-06-08T15:47:13.360885,28.340107,7.4,0.0,61445.75,50.6,64685.390625,0,0.0,145.109375,deepseek-r1:7b,-1
2025-06-08T15:47:13.466291,28.445513,7.6,0.0,61445.703125,50.6,64685.875,0,0.0,145.109375,deepseek-r1:7b,-1
2025-06-08T15:47:13.570510,28.549732,7.3,0.0,61445.703125,50.6,64685.875,0,0.0,145.109375,deepseek-r1:7b,-1
2025-06-08T15:47:13.675888,28.65511,6.5,0.0,61445.703125,50.6,64685.875,0,0.0,145.109375,deepseek-r1:7b,-1
2025-06-08T15:47:13.776703,28.755925,7.4,0.0,61445.703125,50.6,64685.875,0,0.0,145.109375,deepseek-r1:7b,-1
2025-06-08T15:47:13.882133,28.861355,12.1,0.0,61445.703125,50.6,64685.875,0,0.0,145.109375,deepseek-r1:7b,-1
2025-06-08T15:47:13.987482,28.966704,9.2,0.0,61445.703125,50.6,64685.875,0,0.0,145.109375,deepseek-r1:7b,-1
2025-06-08T15:47:14.092848,29.07207,0.0,0.0,61445.703125,50.6,64685.875,0,0.0,145.109375,deepseek-r1:7b,-1
2025-06-08T15:47:14.198206,29.177428,7.1,0.0,61446.421875,50.6,64687.734375,0,0.0,145.109375,deepseek-r1:7b,-1
2025-06-08T15:47:14.299808,29.27903,8.1,0.0,61446.453125,50.6,64688.0,0,0.0,145.109375,deepseek-r1:7b,-1
2025-06-08T15:47:14.405074,29.384296,7.1,0.0,61446.46875,50.6,64688.3125,0,0.0,145.109375,deepseek-r1:7b,-1
2025-06-08T15:47:14.510415,29.489637,7.7,0.0,61446.46875,50.6,64688.3125,0,0.0,145.109375,deepseek-r1:7b,-1
2025-06-08T15:47:14.614742,29.593964,7.2,0.0,61446.46875,50.6,64688.3125,0,0.0,145.109375,deepseek-r1:7b,-1
2025-06-08T15:47:14.720127,29.699349,8.2,0.0,61446.46875,50.6,64688.3125,0,0.0,145.109375,deepseek-r1:7b,-1
2025-06-08T15:47:14.821617,29.800839,7.4,0.0,61446.46875,50.6,64688.3125,0,0.0,145.109375,deepseek-r1:7b,-1
2025-06-08T15:47:14.925827,29.905049,7.9,0.0,61446.46875,50.6,64688.3125,0,0.0,145.109375,deepseek-r1:7b,-1
2025-06-08T15:47:15.031257,30.010479,7.6,0.0,61446.46875,50.6,64688.3125,0,0.0,145.109375,deepseek-r1:7b,-1
2025-06-08T15:47:15.136623,30.115845,6.0,0.0,61446.46875,50.6,64688.3125,0,0.0,145.109375,deepseek-r1:7b,-1
2025-06-08T15:47:15.237855,30.217077,7.5,0.0,61446.71875,50.6,64685.890625,0,0.0,145.109375,deepseek-r1:7b,-1
2025-06-08T15:47:15.343255,30.322477,8.8,0.0,61446.734375,50.6,64685.984375,0,0.0,145.109375,deepseek-r1:7b,-1
2025-06-08T15:47:15.448691,30.427913,0.0,0.0,61446.734375,50.6,64685.984375,0,0.0,145.109375,deepseek-r1:7b,-1
2025-06-08T15:47:15.554029,30.533251,0.0,0.0,61446.734375,50.6,64685.984375,0,0.0,145.109375,deepseek-r1:7b,-1
2025-06-08T15:47:15.659338,30.63856,0.0,0.0,61446.734375,50.6,64685.984375,0,0.0,145.109375,deepseek-r1:7b,-1
2025-06-08T15:47:15.764719,30.743941,0.0,0.0,61446.734375,50.6,64685.984375,0,0.0,145.109375,deepseek-r1:7b,-1
2025-06-08T15:47:15.865821,30.845043,0.0,0.0,61446.734375,50.6,64685.984375,0,0.0,145.109375,deepseek-r1:7b,-1
2025-06-08T15:47:15.969512,30.948734,0.0,0.0,61446.734375,50.6,64685.984375,0,0.0,145.109375,deepseek-r1:7b,-1
2025-06-08T15:47:16.074882,31.054104,0.0,0.0,61446.734375,50.6,64685.984375,0,0.0,145.109375,deepseek-r1:7b,-1
2025-06-08T15:47:16.179540,31.158762,0.0,0.0,61446.734375,50.6,64685.984375,0,0.0,145.109375,deepseek-r1:7b,-1
2025-06-08T15:47:16.284892,31.264114,7.4,0.0,61446.671875,50.7,64683.984375,0,0.0,145.109375,deepseek-r1:7b,-1
2025-06-08T15:47:16.390354,31.369576,8.3,0.0,61446.671875,50.7,64683.984375,0,0.0,145.109375,deepseek-r1:7b,-1
2025-06-08T15:47:16.495732,31.474954,8.2,0.0,61446.671875,50.7,64683.984375,0,0.0,145.109375,deepseek-r1:7b,-1
2025-06-08T15:47:16.599334,31.578556,6.1,0.0,61446.671875,50.7,64683.984375,0,0.0,145.109375,deepseek-r1:7b,-1
2025-06-08T15:47:16.703782,31.683004,6.5,0.0,61446.671875,50.7,64683.984375,0,0.0,145.109375,deepseek-r1:7b,-1
2025-06-08T15:47:16.809106,31.788328,0.0,0.0,61446.671875,50.7,64683.984375,0,0.0,145.109375,deepseek-r1:7b,-1
2025-06-08T15:47:16.914407,31.893629,0.0,0.0,61446.671875,50.7,64683.984375,0,0.0,145.109375,deepseek-r1:7b,-1
2025-06-08T15:47:17.019733,31.998955,0.0,0.0,61446.671875,50.7,64683.984375,0,0.0,145.109375,deepseek-r1:7b,-1
2025-06-08T15:47:17.125151,32.104373,0.0,0.0,61446.671875,50.7,64683.984375,0,0.0,145.109375,deepseek-r1:7b,-1
2025-06-08T15:47:17.230465,32.209687,0.0,0.0,61446.671875,50.7,64683.984375,0,0.0,145.109375,deepseek-r1:7b,-1
2025-06-08T15:47:17.332356,32.311578,7.6,0.0,61446.125,50.7,64682.515625,0,0.0,145.109375,deepseek-r1:7b,-1
2025-06-08T15:47:17.433770,32.412992,8.0,0.0,61445.59375,50.7,64683.328125,0,0.0,145.109375,deepseek-r1:7b,-1
2025-06-08T15:47:17.539156,32.518378,6.6,0.0,61445.59375,50.7,64683.328125,0,0.0,145.109375,deepseek-r1:7b,-1
2025-06-08T15:47:17.644487,32.623709,6.5,0.0,61445.59375,50.7,64683.328125,0,0.0,145.109375,deepseek-r1:7b,-1
2025-06-08T15:47:17.745309,32.724531,6.9,0.0,61445.59375,50.7,64683.328125,0,0.0,145.109375,deepseek-r1:7b,-1
2025-06-08T15:47:17.850317,32.829539,8.3,0.0,61445.59375,50.7,64683.328125,0,0.0,145.109375,deepseek-r1:7b,-1
2025-06-08T15:47:17.955655,32.934877,7.7,0.0,61445.59375,50.7,64683.328125,0,0.0,145.109375,deepseek-r1:7b,-1
2025-06-08T15:47:18.060991,33.040213,0.0,0.0,61445.59375,50.7,64683.328125,0,0.0,145.109375,deepseek-r1:7b,-1
2025-06-08T15:47:18.166370,33.145592,0.0,0.0,61445.59375,50.7,64683.328125,0,0.0,145.109375,deepseek-r1:7b,-1
2025-06-08T15:47:18.271669,33.250891,0.0,0.0,61445.59375,50.7,64683.328125,0,0.0,145.109375,deepseek-r1:7b,-1
2025-06-08T15:47:18.377119,33.356341,7.6,0.0,61445.375,50.7,64681.28125,0,0.0,145.109375,deepseek-r1:7b,-1
2025-06-08T15:47:18.479816,33.459038,6.8,0.0,61445.375,50.7,64681.28125,0,0.0,145.109375,deepseek-r1:7b,-1
2025-06-08T15:47:18.585181,33.564403,7.0,0.0,61445.375,50.7,64681.28125,0,0.0,145.109375,deepseek-r1:7b,-1
2025-06-08T15:47:18.690562,33.669784,8.3,0.0,61445.375,50.7,64681.28125,0,0.0,145.109375,deepseek-r1:7b,-1
2025-06-08T15:47:18.792130,33.771352,7.3,0.0,61445.375,50.7,64681.28125,0,0.0,145.109375,deepseek-r1:7b,-1
2025-06-08T15:47:18.897427,33.876649,7.8,0.0,61445.375,50.7,64681.28125,0,0.0,145.109375,deepseek-r1:7b,-1
2025-06-08T15:47:19.002772,33.981994,0.0,0.0,61445.375,50.7,64681.28125,0,0.0,145.109375,deepseek-r1:7b,-1
2025-06-08T15:47:19.103798,34.08302,0.0,0.0,61445.375,50.7,64681.28125,0,0.0,145.109375,deepseek-r1:7b,-1
2025-06-08T15:47:19.209158,34.18838,0.0,0.0,61445.375,50.7,64681.28125,0,0.0,145.109375,deepseek-r1:7b,-1
2025-06-08T15:47:19.314601,34.293823,0.0,0.0,61445.375,50.7,64681.28125,0,0.0,145.109375,deepseek-r1:7b,-1
2025-06-08T15:47:19.419953,34.399175,9.6,0.0,61458.71875,50.7,64677.046875,0,0.0,145.109375,deepseek-r1:7b,-1
2025-06-08T15:47:19.525323,34.504545,7.6,0.0,61458.578125,50.7,64677.46875,0,0.0,145.109375,deepseek-r1:7b,-1
2025-06-08T15:47:19.630711,34.609933,6.0,0.0,61458.578125,50.7,64677.46875,0,0.0,145.109375,deepseek-r1:7b,-1
2025-06-08T15:47:19.731127,34.710349,7.5,0.0,61458.578125,50.7,64677.46875,0,0.0,145.109375,deepseek-r1:7b,-1
2025-06-08T15:47:19.836536,34.815758,7.2,0.0,61458.578125,50.7,64677.46875,0,0.0,145.109375,deepseek-r1:7b,-1
2025-06-08T15:47:19.937506,34.916728,8.6,0.0,61458.578125,50.7,64677.46875,0,0.0,145.109375,deepseek-r1:7b,-1
2025-06-08T15:47:20.042916,35.022138,6.5,0.0,61458.578125,50.7,64677.46875,0,0.0,145.109375,deepseek-r1:7b,-1
2025-06-08T15:47:20.148317,35.127539,7.8,0.0,61458.578125,50.7,64677.46875,0,0.0,145.109375,deepseek-r1:7b,-1
2025-06-08T15:47:20.253674,35.232896,7.1,0.0,61458.578125,50.7,64677.46875,0,0.0,145.109375,deepseek-r1:7b,-1
2025-06-08T15:47:20.359049,35.338271,7.8,0.0,61458.578125,50.7,64677.46875,0,0.0,145.109375,deepseek-r1:7b,-1
2025-06-08T15:47:20.464467,35.443689,8.7,0.0,61458.6875,50.7,64675.625,0,0.0,145.109375,deepseek-r1:7b,-1
2025-06-08T15:47:20.569870,35.549092,7.7,0.0,61458.578125,50.7,64675.875,0,0.0,145.109375,deepseek-r1:7b,-1
2025-06-08T15:47:20.675219,35.654441,6.0,0.0,61458.578125,50.7,64676.140625,0,0.0,145.109375,deepseek-r1:7b,-1
2025-06-08T15:47:20.776774,35.755996,9.2,0.0,61458.578125,50.7,64672.234375,0,0.0,145.109375,deepseek-r1:7b,-1
2025-06-08T15:47:20.878683,35.857905,0.0,0.0,61458.578125,50.7,64672.234375,0,0.0,145.109375,deepseek-r1:7b,-1
2025-06-08T15:47:20.984049,35.963271,0.0,0.0,61458.578125,50.7,64672.234375,0,0.0,145.109375,deepseek-r1:7b,-1
2025-06-08T15:47:21.089401,36.068623,0.0,0.0,61458.578125,50.7,64672.234375,0,0.0,145.109375,deepseek-r1:7b,-1
2025-06-08T15:47:21.194719,36.173941,0.0,0.0,61458.578125,50.7,64672.234375,0,0.0,145.109375,deepseek-r1:7b,-1
2025-06-08T15:47:21.297264,36.276486,0.0,0.0,61458.578125,50.7,64672.234375,0,0.0,145.109375,deepseek-r1:7b,-1
2025-06-08T15:47:21.402614,36.381836,0.0,0.0,61458.578125,50.7,64672.234375,0,0.0,145.109375,deepseek-r1:7b,-1
2025-06-08T15:47:21.507962,36.487184,7.2,0.0,61458.484375,50.7,64673.890625,0,0.0,145.109375,deepseek-r1:7b,-1
2025-06-08T15:47:21.613281,36.592503,7.1,0.0,61460.609375,50.7,64674.28125,0,0.0,145.109375,deepseek-r1:7b,-1
2025-06-08T15:47:21.718604,36.697826,13.2,0.0,61464.9375,50.7,64669.390625,0,0.0,145.109375,deepseek-r1:7b,-1
2025-06-08T15:47:21.820333,36.799555,8.0,0.0,61464.9375,50.7,64669.390625,0,0.0,145.109375,deepseek-r1:7b,-1
2025-06-08T15:47:21.925711,36.904933,7.7,0.0,61464.9375,50.7,64669.390625,0,0.0,145.109375,deepseek-r1:7b,-1
2025-06-08T15:47:22.031201,37.010423,0.0,0.0,61464.9375,50.7,64669.390625,0,0.0,145.109375,deepseek-r1:7b,-1
2025-06-08T15:47:22.136597,37.115819,0.0,0.0,61464.9375,50.7,64669.390625,0,0.0,145.109375,deepseek-r1:7b,-1
2025-06-08T15:47:22.236992,37.216214,0.0,0.0,61464.9375,50.7,64669.390625,0,0.0,145.109375,deepseek-r1:7b,-1
2025-06-08T15:47:22.341362,37.320584,0.0,0.0,61464.9375,50.7,64669.390625,0,0.0,145.109375,deepseek-r1:7b,-1
2025-06-08T15:47:22.443878,37.4231,0.0,0.0,61464.9375,50.7,64669.390625,0,0.0,145.109375,deepseek-r1:7b,-1
2025-06-08T15:47:22.549335,37.528557,7.5,0.0,61465.03125,50.7,64667.453125,0,0.0,145.109375,deepseek-r1:7b,-1
2025-06-08T15:47:22.654679,37.633901,7.1,0.0,61465.03125,50.7,64667.75,0,0.0,145.109375,deepseek-r1:7b,-1
2025-06-08T15:47:22.760034,37.739256,7.7,0.0,61465.03125,50.7,64667.875,0,0.0,145.109375,deepseek-r1:7b,-1
2025-06-08T15:47:22.863226,37.842448,7.7,0.0,61465.03125,50.7,64667.875,0,0.0,145.109375,deepseek-r1:7b,-1
2025-06-08T15:47:22.968617,37.947839,8.9,0.0,61465.03125,50.7,64667.875,0,0.0,145.109375,deepseek-r1:7b,-1
2025-06-08T15:47:23.074033,38.053255,0.0,0.0,61465.03125,50.7,64667.875,0,0.0,145.109375,deepseek-r1:7b,-1
2025-06-08T15:47:23.175102,38.154324,0.0,0.0,61465.03125,50.7,64667.875,0,0.0,145.109375,deepseek-r1:7b,-1
2025-06-08T15:47:23.280446,38.259668,0.0,0.0,61465.03125,50.7,64667.875,0,0.0,145.109375,deepseek-r1:7b,-1
2025-06-08T15:47:23.385765,38.364987,0.0,0.0,61465.03125,50.7,64667.875,0,0.0,145.109375,deepseek-r1:7b,-1
2025-06-08T15:47:23.489840,38.469062,0.0,0.0,61465.03125,50.7,64667.875,0,0.0,145.109375,deepseek-r1:7b,-1
2025-06-08T15:47:23.593535,38.572757,7.3,0.0,61464.921875,50.7,64661.859375,0,0.0,145.109375,deepseek-r1:7b,-1
2025-06-08T15:47:23.698901,38.678123,7.1,0.0,61464.921875,50.7,64662.125,0,0.0,145.109375,deepseek-r1:7b,-1
2025-06-08T15:47:23.800494,38.779716,7.4,0.0,61464.921875,50.7,64662.125,0,0.0,145.109375,deepseek-r1:7b,-1
2025-06-08T15:47:23.901922,38.881144,8.0,0.0,61464.921875,50.7,64662.125,0,0.0,145.109375,deepseek-r1:7b,-1
2025-06-08T15:47:24.007318,38.98654,8.3,0.0,61464.921875,50.7,64662.125,0,0.0,145.109375,deepseek-r1:7b,-1
2025-06-08T15:47:24.112659,39.091881,5.9,0.0,61464.921875,50.7,64662.125,0,0.0,145.109375,deepseek-r1:7b,-1
2025-06-08T15:47:24.217982,39.197204,7.3,0.0,61464.921875,50.7,64662.125,0,0.0,145.109375,deepseek-r1:7b,-1
2025-06-08T15:47:24.323368,39.30259,7.6,0.0,61464.921875,50.7,64662.125,0,0.0,145.109375,deepseek-r1:7b,-1
2025-06-08T15:47:24.428703,39.407925,8.4,0.0,61464.921875,50.7,64662.125,0,0.0,145.109375,deepseek-r1:7b,-1
2025-06-08T15:47:24.534070,39.513292,0.0,0.0,61464.921875,50.7,64662.125,0,0.0,145.109375,deepseek-r1:7b,-1
2025-06-08T15:47:24.636122,39.615344,6.6,0.0,61465.125,50.7,64664.359375,0,0.0,145.109375,deepseek-r1:7b,-1
2025-06-08T15:47:24.740369,39.719591,7.9,0.0,61465.140625,50.7,64664.625,0,0.0,145.109375,deepseek-r1:7b,-1
2025-06-08T15:47:24.845264,39.824486,8.9,0.0,61465.140625,50.7,64664.625,0,0.0,145.109375,deepseek-r1:7b,-1
2025-06-08T15:47:24.950716,39.929938,8.3,0.0,61465.140625,50.7,64664.625,0,0.0,145.109375,deepseek-r1:7b,-1
2025-06-08T15:47:25.054505,40.033727,6.0,0.0,61465.140625,50.7,64664.625,0,0.0,145.109375,deepseek-r1:7b,-1
2025-06-08T15:47:25.159821,40.139043,7.2,0.0,61465.140625,50.7,64664.625,0,0.0,145.109375,deepseek-r1:7b,-1
2025-06-08T15:47:25.263226,40.242448,9.3,0.0,61465.140625,50.7,64664.625,0,0.0,145.109375,deepseek-r1:7b,-1
2025-06-08T15:47:25.368561,40.347783,7.4,0.0,61465.140625,50.7,64664.625,0,0.0,145.109375,deepseek-r1:7b,-1
2025-06-08T15:47:25.470014,40.449236,0.0,0.0,61465.140625,50.7,64664.625,0,0.0,145.109375,deepseek-r1:7b,-1
2025-06-08T15:47:25.575376,40.554598,0.0,0.0,61465.140625,50.7,64664.625,0,0.0,145.109375,deepseek-r1:7b,-1
2025-06-08T15:47:25.680792,40.660014,6.6,0.0,61465.453125,50.7,64666.75,0,0.0,145.109375,deepseek-r1:7b,-1
2025-06-08T15:47:25.782773,40.761995,7.8,0.0,61465.453125,50.7,64666.75,0,0.0,145.109375,deepseek-r1:7b,-1
2025-06-08T15:47:25.886907,40.866129,12.7,0.0,61465.453125,50.7,64666.75,0,0.0,145.109375,deepseek-r1:7b,-1
2025-06-08T15:47:25.987289,40.966511,14.3,0.0,61465.453125,50.7,64666.75,0,0.0,145.109375,deepseek-r1:7b,-1
2025-06-08T15:47:26.091502,41.070724,0.0,0.0,61465.453125,50.7,64666.75,0,0.0,145.109375,deepseek-r1:7b,-1
2025-06-08T15:47:26.192709,41.171931,0.0,0.0,61465.453125,50.7,64666.75,0,0.0,145.109375,deepseek-r1:7b,-1
2025-06-08T15:47:26.298106,41.277328,0.0,0.0,61465.453125,50.7,64666.75,0,0.0,145.109375,deepseek-r1:7b,-1
2025-06-08T15:47:26.399627,41.378849,0.0,0.0,61465.453125,50.7,64666.75,0,0.0,145.109375,deepseek-r1:7b,-1
2025-06-08T15:47:26.502626,41.481848,0.0,0.0,61465.453125,50.7,64666.75,0,0.0,145.109375,deepseek-r1:7b,-1
2025-06-08T15:47:28.659955,0.043268,8.2,0.0,61574.078125,50.7,64557.515625,0,0.0,145.109375,deepseek-r1:7b,-1
2025-06-08T15:47:28.765134,0.148447,15.6,0.0,61574.078125,50.7,64557.515625,0,0.0,145.109375,deepseek-r1:7b,-1
2025-06-08T15:47:28.870587,0.2539,12.9,0.0,61574.078125,50.7,64557.515625,0,0.0,145.109375,deepseek-r1:7b,-1
2025-06-08T15:47:28.975921,0.359234,0.0,0.0,61574.078125,50.7,64557.515625,0,0.0,145.109375,deepseek-r1:7b,-1
2025-06-08T15:47:29.081281,0.464594,0.0,0.0,61574.078125,50.7,64557.515625,0,0.0,145.109375,deepseek-r1:7b,-1
2025-06-08T15:47:29.182577,0.56589,0.0,0.0,61574.078125,50.7,64557.515625,0,0.0,145.109375,deepseek-r1:7b,-1
2025-06-08T15:47:29.287925,0.671238,0.0,0.0,61574.078125,50.7,64557.515625,0,0.0,145.109375,deepseek-r1:7b,-1
2025-06-08T15:47:29.393410,0.776723,0.0,0.0,61574.078125,50.7,64557.515625,0,0.0,145.109375,deepseek-r1:7b,-1
2025-06-08T15:47:29.495358,0.878671,0.0,0.0,61574.078125,50.7,64557.515625,0,0.0,145.109375,deepseek-r1:7b,-1
2025-06-08T15:47:29.600779,0.984092,0.0,0.0,61574.078125,50.7,64557.515625,0,0.0,145.109375,deepseek-r1:7b,-1
2025-06-08T15:47:29.702857,1.08617,7.7,0.0,61670.78125,50.8,64457.9375,0,0.0,145.109375,deepseek-r1:7b,-1
2025-06-08T15:47:29.804112,1.187425,7.5,0.0,61670.75,50.8,64458.203125,0,0.0,145.109375,deepseek-r1:7b,-1
2025-06-08T15:47:29.906677,1.28999,10.8,0.0,61670.75,50.8,64458.46875,0,0.0,145.109375,deepseek-r1:7b,-1
2025-06-08T15:47:30.011995,1.395308,7.2,0.0,61670.75,50.8,64458.46875,0,0.0,145.109375,deepseek-r1:7b,-1
2025-06-08T15:47:30.112976,1.496289,7.5,0.0,61670.75,50.8,64458.46875,0,0.0,145.109375,deepseek-r1:7b,-1
2025-06-08T15:47:30.215160,1.598473,8.0,0.0,61670.75,50.8,64458.46875,0,0.0,145.109375,deepseek-r1:7b,-1
2025-06-08T15:47:30.315586,1.698899,8.1,0.0,61670.75,50.8,64458.46875,0,0.0,145.109375,deepseek-r1:7b,-1
2025-06-08T15:47:30.420930,1.804243,10.1,0.0,61670.75,50.8,64458.46875,0,0.0,145.109375,deepseek-r1:7b,-1
2025-06-08T15:47:30.522238,1.905551,0.0,0.0,61670.75,50.8,64458.46875,0,0.0,145.109375,deepseek-r1:7b,-1
2025-06-08T15:47:30.627604,2.010917,0.0,0.0,61670.75,50.8,64458.46875,0,0.0,145.109375,deepseek-r1:7b,-1
2025-06-08T15:47:30.728537,2.11185,7.0,0.0,61551.1875,50.7,64580.828125,0,0.0,145.109375,deepseek-r1:7b,-1
2025-06-08T15:47:30.833987,2.2173,7.6,0.0,61551.15625,50.7,64581.015625,0,0.0,145.109375,deepseek-r1:7b,-1
2025-06-08T15:47:30.939409,2.322722,9.5,0.0,61551.109375,50.7,64581.328125,0,0.0,145.109375,deepseek-r1:7b,-1
2025-06-08T15:47:31.043181,2.426494,8.8,0.0,61551.109375,50.7,64581.328125,0,0.0,145.109375,deepseek-r1:7b,-1
2025-06-08T15:47:31.147703,2.531016,7.9,0.0,61551.109375,50.7,64581.328125,0,0.0,145.109375,deepseek-r1:7b,-1
2025-06-08T15:47:31.253081,2.636394,7.6,0.0,61551.109375,50.7,64581.328125,0,0.0,145.109375,deepseek-r1:7b,-1
2025-06-08T15:47:31.354073,2.737386,7.5,0.0,61551.109375,50.7,64581.328125,0,0.0,145.109375,deepseek-r1:7b,-1
2025-06-08T15:47:31.459438,2.842751,0.0,0.0,61551.109375,50.7,64581.328125,0,0.0,145.109375,deepseek-r1:7b,-1
2025-06-08T15:47:31.562972,2.946285,0.0,0.0,61551.109375,50.7,64581.328125,0,0.0,145.109375,deepseek-r1:7b,-1
2025-06-08T15:47:31.664552,3.047865,0.0,0.0,61551.109375,50.7,64581.328125,0,0.0,145.109375,deepseek-r1:7b,-1
2025-06-08T15:47:31.769896,3.153209,7.9,0.0,61487.015625,50.7,64643.46875,0,0.0,145.109375,deepseek-r1:7b,-1
2025-06-08T15:47:31.871339,3.254652,9.0,0.0,61487.03125,50.7,64643.59375,0,0.0,145.109375,deepseek-r1:7b,-1
2025-06-08T15:47:31.972526,3.355839,8.6,0.0,61487.03125,50.7,64643.59375,0,0.0,145.109375,deepseek-r1:7b,-1
2025-06-08T15:47:32.077856,3.461169,6.7,0.0,61487.03125,50.7,64643.59375,0,0.0,145.109375,deepseek-r1:7b,-1
2025-06-08T15:47:32.183232,3.566545,6.9,0.0,61487.03125,50.7,64643.59375,0,0.0,145.109375,deepseek-r1:7b,-1
2025-06-08T15:47:32.288609,3.671922,8.5,0.0,61487.03125,50.7,64643.59375,0,0.0,145.109375,deepseek-r1:7b,-1
2025-06-08T15:47:32.390661,3.773974,7.4,0.0,61487.03125,50.7,64643.59375,0,0.0,145.109375,deepseek-r1:7b,-1
2025-06-08T15:47:32.496015,3.879328,0.0,0.0,61487.03125,50.7,64643.59375,0,0.0,145.109375,deepseek-r1:7b,-1
2025-06-08T15:47:32.600581,3.983894,0.0,0.0,61487.03125,50.7,64643.59375,0,0.0,145.109375,deepseek-r1:7b,-1
2025-06-08T15:47:32.706011,4.089324,0.0,0.0,61487.03125,50.7,64643.59375,0,0.0,145.109375,deepseek-r1:7b,-1
2025-06-08T15:47:32.811168,4.194481,8.8,0.0,61486.34375,50.7,64644.828125,0,0.0,145.109375,deepseek-r1:7b,-1
2025-06-08T15:47:32.916513,4.299826,8.2,0.0,61486.34375,50.7,64644.828125,0,0.0,145.109375,deepseek-r1:7b,-1
2025-06-08T15:47:33.017864,4.401177,6.9,0.0,61486.34375,50.7,64644.828125,0,0.0,145.109375,deepseek-r1:7b,-1
2025-06-08T15:47:33.123256,4.506569,7.7,0.0,61486.34375,50.7,64644.828125,0,0.0,145.109375,deepseek-r1:7b,-1
2025-06-08T15:47:33.228566,4.611879,6.6,0.0,61486.34375,50.7,64644.828125,0,0.0,145.109375,deepseek-r1:7b,-1
2025-06-08T15:47:33.333884,4.717197,8.8,0.0,61486.34375,50.7,64644.828125,0,0.0,145.109375,deepseek-r1:7b,-1
2025-06-08T15:47:33.439307,4.82262,7.7,0.0,61486.34375,50.7,64644.828125,0,0.0,145.109375,deepseek-r1:7b,-1
2025-06-08T15:47:33.544643,4.927956,7.1,0.0,61486.34375,50.7,64644.828125,0,0.0,145.109375,deepseek-r1:7b,-1
2025-06-08T15:47:33.650062,5.033375,0.0,0.0,61486.34375,50.7,64644.828125,0,0.0,145.109375,deepseek-r1:7b,-1
2025-06-08T15:47:33.755411,5.138724,0.0,0.0,61486.34375,50.7,64644.828125,0,0.0,145.109375,deepseek-r1:7b,-1
2025-06-08T15:47:33.860709,5.244022,7.5,0.0,61486.40625,50.7,64647.40625,0,0.0,145.109375,deepseek-r1:7b,-1
2025-06-08T15:47:33.966130,5.349443,8.8,0.0,61486.40625,50.7,64647.40625,0,0.0,145.109375,deepseek-r1:7b,-1
2025-06-08T15:47:34.071510,5.454823,6.5,0.0,61486.40625,50.7,64647.40625,0,0.0,145.109375,deepseek-r1:7b,-1
2025-06-08T15:47:34.176830,5.560143,7.8,0.0,61486.40625,50.7,64647.40625,0,0.0,145.109375,deepseek-r1:7b,-1
2025-06-08T15:47:34.282260,5.665573,7.7,0.0,61486.40625,50.7,64647.40625,0,0.0,145.109375,deepseek-r1:7b,-1
2025-06-08T15:47:34.387659,5.770972,7.2,0.0,61486.40625,50.7,64647.40625,0,0.0,145.109375,deepseek-r1:7b,-1
2025-06-08T15:47:34.489231,5.872544,8.0,0.0,61486.40625,50.7,64647.40625,0,0.0,145.109375,deepseek-r1:7b,-1
2025-06-08T15:47:34.594601,5.977914,0.0,0.0,61486.40625,50.7,64647.40625,0,0.0,145.109375,deepseek-r1:7b,-1
2025-06-08T15:47:34.700066,6.083379,0.0,0.0,61486.40625,50.7,64647.40625,0,0.0,145.109375,deepseek-r1:7b,-1
2025-06-08T15:47:34.804472,6.187785,0.0,0.0,61486.40625,50.7,64647.40625,0,0.0,145.109375,deepseek-r1:7b,-1
2025-06-08T15:47:34.909791,6.293104,8.0,0.0,61486.59375,50.7,64646.1875,0,0.0,145.109375,deepseek-r1:7b,-1
2025-06-08T15:47:35.011065,6.394378,6.1,0.0,61486.625,50.7,64646.328125,0,0.0,145.109375,deepseek-r1:7b,-1
2025-06-08T15:47:35.112297,6.49561,6.8,0.0,61486.625,50.7,64646.59375,0,0.0,145.109375,deepseek-r1:7b,-1
2025-06-08T15:47:35.217705,6.601018,8.3,0.0,61486.609375,50.7,64646.890625,0,0.0,145.109375,deepseek-r1:7b,-1
2025-06-08T15:47:35.323059,6.706372,0.0,0.0,61486.609375,50.7,64646.890625,0,0.0,145.109375,deepseek-r1:7b,-1
2025-06-08T15:47:35.428384,6.811697,0.0,0.0,61486.609375,50.7,64646.890625,0,0.0,145.109375,deepseek-r1:7b,-1
2025-06-08T15:47:35.533722,6.917035,0.0,0.0,61486.609375,50.7,64646.890625,0,0.0,145.109375,deepseek-r1:7b,-1
2025-06-08T15:47:35.639096,7.022409,0.0,0.0,61486.609375,50.7,64646.890625,0,0.0,145.109375,deepseek-r1:7b,-1
2025-06-08T15:47:35.744410,7.127723,0.0,0.0,61486.609375,50.7,64646.890625,0,0.0,145.109375,deepseek-r1:7b,-1
2025-06-08T15:47:35.847420,7.230733,0.0,0.0,61486.609375,50.7,64646.890625,0,0.0,145.109375,deepseek-r1:7b,-1
2025-06-08T15:47:35.952749,7.336062,7.8,0.0,61486.265625,50.7,64644.78125,0,0.0,145.109375,deepseek-r1:7b,-1
2025-06-08T15:47:36.058119,7.441432,6.1,0.0,61486.265625,50.7,64644.78125,0,0.0,145.109375,deepseek-r1:7b,-1
2025-06-08T15:47:36.163513,7.546826,7.0,0.0,61486.265625,50.7,64644.78125,0,0.0,145.109375,deepseek-r1:7b,-1
2025-06-08T15:47:36.268926,7.652239,7.7,0.0,61486.265625,50.7,64644.78125,0,0.0,145.109375,deepseek-r1:7b,-1
2025-06-08T15:47:36.374403,7.757716,8.3,0.0,61486.265625,50.7,64644.78125,0,0.0,145.109375,deepseek-r1:7b,-1
2025-06-08T15:47:36.479732,7.863045,0.0,0.0,61486.265625,50.7,64644.78125,0,0.0,145.109375,deepseek-r1:7b,-1
2025-06-08T15:47:36.583650,7.966963,0.0,0.0,61486.265625,50.7,64644.78125,0,0.0,145.109375,deepseek-r1:7b,-1
2025-06-08T15:47:36.689072,8.072385,0.0,0.0,61486.265625,50.7,64644.78125,0,0.0,145.109375,deepseek-r1:7b,-1
2025-06-08T15:47:36.794439,8.177752,0.0,0.0,61486.265625,50.7,64644.78125,0,0.0,145.109375,deepseek-r1:7b,-1
2025-06-08T15:47:36.896493,8.279806,0.0,0.0,61486.265625,50.7,64644.78125,0,0.0,145.109375,deepseek-r1:7b,-1
2025-06-08T15:47:37.001873,8.385186,7.6,0.0,61485.390625,50.7,64645.015625,0,0.0,145.109375,deepseek-r1:7b,-1
2025-06-08T15:47:37.107378,8.490691,8.3,0.0,61485.390625,50.7,64645.015625,0,0.0,145.109375,deepseek-r1:7b,-1
2025-06-08T15:47:37.212731,8.596044,0.0,0.0,61485.390625,50.7,64645.015625,0,0.0,145.109375,deepseek-r1:7b,-1
2025-06-08T15:47:37.318112,8.701425,0.0,0.0,61485.390625,50.7,64645.015625,0,0.0,145.109375,deepseek-r1:7b,-1
2025-06-08T15:47:37.419361,8.802674,0.0,0.0,61485.390625,50.7,64645.015625,0,0.0,145.109375,deepseek-r1:7b,-1
2025-06-08T15:47:37.524736,8.908049,0.0,0.0,61485.390625,50.7,64645.015625,0,0.0,145.109375,deepseek-r1:7b,-1
2025-06-08T15:47:37.630045,9.013358,0.0,0.0,61485.390625,50.7,64645.015625,0,0.0,145.109375,deepseek-r1:7b,-1
2025-06-08T15:47:37.735431,9.118744,0.0,0.0,61485.390625,50.7,64645.015625,0,0.0,145.109375,deepseek-r1:7b,-1
2025-06-08T15:47:37.836683,9.219996,0.0,0.0,61485.390625,50.7,64645.015625,0,0.0,145.109375,deepseek-r1:7b,-1
2025-06-08T15:47:37.938558,9.321871,0.0,0.0,61485.390625,50.7,64645.015625,0,0.0,145.109375,deepseek-r1:7b,-1
2025-06-08T15:47:38.040325,9.423638,7.5,0.0,61485.328125,50.7,64643.921875,0,0.0,145.109375,deepseek-r1:7b,-1
2025-06-08T15:47:38.141215,9.524528,7.3,0.0,61485.359375,50.7,64644.1875,0,0.0,145.109375,deepseek-r1:7b,-1
2025-06-08T15:47:38.245008,9.628321,6.6,0.0,61485.359375,50.7,64644.1875,0,0.0,145.109375,deepseek-r1:7b,-1
2025-06-08T15:47:38.345805,9.729118,8.1,0.0,61485.359375,50.7,64644.1875,0,0.0,145.109375,deepseek-r1:7b,-1
2025-06-08T15:47:38.447696,9.831009,8.5,0.0,61485.359375,50.7,64644.1875,0,0.0,145.109375,deepseek-r1:7b,-1
2025-06-08T15:47:38.553041,9.936354,6.6,0.0,61485.359375,50.7,64644.1875,0,0.0,145.109375,deepseek-r1:7b,-1
2025-06-08T15:47:38.658449,10.041762,7.7,0.0,61485.359375,50.7,64644.1875,0,0.0,145.109375,deepseek-r1:7b,-1
2025-06-08T15:47:38.759553,10.142866,0.0,0.0,61485.359375,50.7,64644.1875,0,0.0,145.109375,deepseek-r1:7b,-1
2025-06-08T15:47:38.864915,10.248228,0.0,0.0,61485.359375,50.7,64644.1875,0,0.0,145.109375,deepseek-r1:7b,-1
2025-06-08T15:47:38.970224,10.353537,0.0,0.0,61485.359375,50.7,64644.1875,0,0.0,145.109375,deepseek-r1:7b,-1
2025-06-08T15:47:39.075591,10.458904,8.1,0.0,61485.578125,50.7,64646.53125,0,0.7,145.109375,deepseek-r1:7b,-1
2025-06-08T15:47:39.181043,10.564356,7.3,0.0,61485.6875,50.7,64642.796875,0,0.0,145.109375,deepseek-r1:7b,-1
2025-06-08T15:47:39.286453,10.669766,7.0,0.0,61485.6875,50.7,64642.921875,0,0.0,145.109375,deepseek-r1:7b,-1
2025-06-08T15:47:39.388272,10.771585,7.5,0.0,61485.6875,50.7,64642.921875,0,0.0,145.109375,deepseek-r1:7b,-1
2025-06-08T15:47:39.493656,10.876969,7.6,0.0,61485.6875,50.7,64642.921875,0,0.0,145.109375,deepseek-r1:7b,-1
2025-06-08T15:47:41.642179,0.039953,8.7,0.0,61572.53125,50.7,64557.9375,0,0.0,145.109375,deepseek-r1:7b,-1
2025-06-08T15:47:41.747350,0.145124,13.2,0.0,61260.640625,50.5,64868.828125,0,0.0,145.109375,deepseek-r1:7b,-1
2025-06-08T15:47:41.852823,0.250597,15.3,0.0,61260.640625,50.5,64868.828125,0,0.0,145.109375,deepseek-r1:7b,-1
2025-06-08T15:47:41.954512,0.352286,9.4,0.0,61260.640625,50.5,64868.828125,0,0.0,145.109375,deepseek-r1:7b,-1
2025-06-08T15:47:42.059851,0.457625,6.5,0.0,61260.640625,50.5,64868.828125,0,0.0,145.109375,deepseek-r1:7b,-1
2025-06-08T15:47:42.165194,0.562968,0.0,0.0,61260.640625,50.5,64868.828125,0,0.0,145.109375,deepseek-r1:7b,-1
2025-06-08T15:47:42.270552,0.668326,0.0,0.0,61260.640625,50.5,64868.828125,0,0.0,145.109375,deepseek-r1:7b,-1
2025-06-08T15:47:42.376033,0.773807,0.0,0.0,61260.640625,50.5,64868.828125,0,0.0,145.109375,deepseek-r1:7b,-1
2025-06-08T15:47:42.481679,0.879453,0.0,0.0,61260.640625,50.5,64868.828125,0,0.0,145.109375,deepseek-r1:7b,-1
2025-06-08T15:47:42.587086,0.98486,0.0,0.0,61260.640625,50.5,64868.828125,0,0.0,145.109375,deepseek-r1:7b,-1
2025-06-08T15:47:42.692450,1.090224,7.8,0.0,61670.5,50.8,64460.546875,0,0.0,145.109375,deepseek-r1:7b,-1
2025-06-08T15:47:42.797208,1.194982,8.3,0.0,61670.5,50.8,64460.90625,0,0.0,145.109375,deepseek-r1:7b,-1
2025-06-08T15:47:42.902575,1.300349,8.9,0.0,61670.5,50.8,64461.03125,0,0.0,145.109375,deepseek-r1:7b,-1
2025-06-08T15:47:43.007948,1.405722,8.9,0.0,61670.5,50.8,64461.03125,0,0.0,145.109375,deepseek-r1:7b,-1
2025-06-08T15:47:43.113324,1.511098,5.9,0.0,61670.5,50.8,64461.03125,0,0.0,145.109375,deepseek-r1:7b,-1
2025-06-08T15:47:43.218752,1.616526,7.3,0.0,61670.5,50.8,64461.03125,0,0.0,145.109375,deepseek-r1:7b,-1
2025-06-08T15:47:43.320850,1.718624,0.0,0.0,61670.5,50.8,64461.03125,0,0.0,145.109375,deepseek-r1:7b,-1
2025-06-08T15:47:43.426264,1.824038,0.0,0.0,61670.5,50.8,64461.03125,0,0.0,145.109375,deepseek-r1:7b,-1
2025-06-08T15:47:43.531662,1.929436,0.0,0.0,61670.5,50.8,64461.03125,0,0.0,145.109375,deepseek-r1:7b,-1
2025-06-08T15:47:43.636989,2.034763,0.0,0.0,61670.5,50.8,64461.03125,0,0.0,145.109375,deepseek-r1:7b,-1
2025-06-08T15:47:43.737578,2.135352,7.6,0.0,61550.265625,50.7,64583.5625,0,0.0,145.109375,deepseek-r1:7b,-1
2025-06-08T15:47:43.838929,2.236703,9.9,0.0,61550.25,50.7,64583.71875,0,0.0,145.109375,deepseek-r1:7b,-1
2025-06-08T15:47:43.941697,2.339471,9.5,0.0,61550.25,50.7,64583.984375,0,0.0,145.109375,deepseek-r1:7b,-1
2025-06-08T15:47:44.043581,2.441355,6.8,0.0,61486.171875,50.7,64648.21875,0,0.0,145.109375,deepseek-r1:7b,-1
2025-06-08T15:47:44.145376,2.54315,6.2,0.0,61486.171875,50.7,64648.21875,0,0.0,145.109375,deepseek-r1:7b,-1
2025-06-08T15:47:44.247152,2.644926,7.9,0.0,61486.171875,50.7,64648.21875,0,0.0,145.109375,deepseek-r1:7b,-1
2025-06-08T15:47:44.351342,2.749116,7.3,0.0,61486.171875,50.7,64648.21875,0,0.0,145.109375,deepseek-r1:7b,-1
2025-06-08T15:47:44.456784,2.854558,0.0,0.0,61486.171875,50.7,64648.21875,0,0.0,145.109375,deepseek-r1:7b,-1
2025-06-08T15:47:44.562130,2.959904,0.0,0.0,61486.171875,50.7,64648.21875,0,0.0,145.109375,deepseek-r1:7b,-1
2025-06-08T15:47:44.664822,3.062596,0.0,0.0,61486.171875,50.7,64648.21875,0,0.0,145.109375,deepseek-r1:7b,-1
2025-06-08T15:47:44.770188,3.167962,7.7,0.0,61486.265625,50.7,64650.953125,0,0.0,145.109375,deepseek-r1:7b,-1
2025-06-08T15:47:44.875592,3.273366,7.7,0.0,61486.265625,50.7,64651.078125,0,0.0,145.109375,deepseek-r1:7b,-1
2025-06-08T15:47:44.976812,3.374586,6.7,0.0,61486.265625,50.7,64651.34375,0,0.0,145.109375,deepseek-r1:7b,-1
2025-06-08T15:47:45.079065,3.476839,8.5,0.0,61486.25,50.7,64651.609375,0,0.0,145.109375,deepseek-r1:7b,-1
2025-06-08T15:47:45.180526,3.5783,6.2,0.0,61486.25,50.7,64651.609375,0,0.0,145.109375,deepseek-r1:7b,-1
2025-06-08T15:47:45.285862,3.683636,7.7,0.0,61486.25,50.7,64651.609375,0,0.0,145.109375,deepseek-r1:7b,-1
2025-06-08T15:47:45.391244,3.789018,7.2,0.0,61486.25,50.7,64651.609375,0,0.0,145.109375,deepseek-r1:7b,-1
2025-06-08T15:47:45.496631,3.894405,0.0,0.0,61486.25,50.7,64651.609375,0,0.0,145.109375,deepseek-r1:7b,-1
2025-06-08T15:47:45.599014,3.996788,0.0,0.0,61486.25,50.7,64651.609375,0,0.0,145.109375,deepseek-r1:7b,-1
2025-06-08T15:47:45.703197,4.100971,0.0,0.0,61486.25,50.7,64651.609375,0,0.0,145.109375,deepseek-r1:7b,-1
2025-06-08T15:47:45.804724,4.202498,8.7,0.0,61486.15625,50.7,64651.234375,0,0.0,145.109375,deepseek-r1:7b,-1
2025-06-08T15:47:45.910110,4.307884,7.2,0.0,61486.171875,50.7,64647.328125,0,0.0,145.109375,deepseek-r1:7b,-1
2025-06-08T15:47:46.015495,4.413269,6.5,0.0,61486.171875,50.7,64647.640625,0,0.0,145.109375,deepseek-r1:7b,-1
2025-06-08T15:47:46.120816,4.51859,7.2,0.0,61486.171875,50.7,64647.640625,0,0.0,145.109375,deepseek-r1:7b,-1
2025-06-08T15:47:46.223642,4.621416,7.2,0.0,61486.171875,50.7,64647.640625,0,0.0,145.109375,deepseek-r1:7b,-1
2025-06-08T15:47:46.328967,4.726741,8.3,0.0,61486.171875,50.7,64647.640625,0,0.0,145.109375,deepseek-r1:7b,-1
2025-06-08T15:47:46.434400,4.832174,7.8,0.0,61486.171875,50.7,64647.640625,0,0.0,145.109375,deepseek-r1:7b,-1
2025-06-08T15:47:46.539814,4.937588,6.5,0.0,61486.171875,50.7,64647.640625,0,0.0,145.109375,deepseek-r1:7b,-1
2025-06-08T15:47:46.645216,5.04299,8.3,0.0,61486.171875,50.7,64647.640625,0,0.0,145.109375,deepseek-r1:7b,-1
2025-06-08T15:47:46.750634,5.148408,8.2,0.0,61486.171875,50.7,64647.640625,0,0.0,145.109375,deepseek-r1:7b,-1
2025-06-08T15:47:46.851910,5.249684,8.0,0.0,61486.1875,50.7,64649.515625,0,0.0,145.109375,deepseek-r1:7b,-1
2025-06-08T15:47:46.957272,5.355046,7.7,0.0,61486.1875,50.7,64649.78125,0,0.0,145.109375,deepseek-r1:7b,-1
2025-06-08T15:47:47.062623,5.460397,6.1,0.0,61486.203125,50.7,64649.921875,0,0.0,145.109375,deepseek-r1:7b,-1
2025-06-08T15:47:47.167964,5.565738,8.2,0.0,61486.203125,50.7,64649.921875,0,0.0,145.109375,deepseek-r1:7b,-1
2025-06-08T15:47:47.273432,5.671206,6.5,0.0,61486.203125,50.7,64649.921875,0,0.0,145.109375,deepseek-r1:7b,-1
2025-06-08T15:47:47.375585,5.773359,8.1,0.0,61486.203125,50.7,64649.921875,0,0.0,145.109375,deepseek-r1:7b,-1
2025-06-08T15:47:47.479037,5.876811,7.9,0.0,61486.203125,50.7,64649.921875,0,0.0,145.109375,deepseek-r1:7b,-1
2025-06-08T15:47:47.584418,5.982192,7.0,0.0,61486.203125,50.7,64649.921875,0,0.0,145.109375,deepseek-r1:7b,-1
2025-06-08T15:47:47.689827,6.087601,0.0,0.0,61486.203125,50.7,64649.921875,0,0.0,145.109375,deepseek-r1:7b,-1
2025-06-08T15:47:47.794833,6.192607,0.0,0.0,61486.203125,50.7,64649.921875,0,0.0,145.109375,deepseek-r1:7b,-1
2025-06-08T15:47:47.896640,6.294414,7.8,0.0,61486.390625,50.7,64647.734375,0,0.0,145.109375,deepseek-r1:7b,-1
2025-06-08T15:47:48.002009,6.399783,7.1,0.0,61486.40625,50.7,64648.015625,0,0.0,145.109375,deepseek-r1:7b,-1
2025-06-08T15:47:48.107464,6.505238,7.7,0.0,61486.40625,50.7,64648.015625,0,0.0,145.109375,deepseek-r1:7b,-1
2025-06-08T15:47:48.208977,6.606751,8.0,0.0,61486.40625,50.7,64648.015625,0,0.0,145.109375,deepseek-r1:7b,-1
2025-06-08T15:47:48.312342,6.710116,7.7,0.0,61486.40625,50.7,64648.015625,0,0.0,145.109375,deepseek-r1:7b,-1
2025-06-08T15:47:48.417720,6.815494,7.8,0.0,61486.40625,50.7,64648.015625,0,0.0,145.109375,deepseek-r1:7b,-1
2025-06-08T15:47:48.523121,6.920895,11.8,0.0,61486.40625,50.7,64648.015625,0,0.0,145.109375,deepseek-r1:7b,-1
2025-06-08T15:47:48.628516,7.02629,0.0,0.0,61486.40625,50.7,64648.015625,0,0.0,145.109375,deepseek-r1:7b,-1
2025-06-08T15:47:48.733960,7.131734,0.0,0.0,61486.40625,50.7,64648.015625,0,0.0,145.109375,deepseek-r1:7b,-1
2025-06-08T15:47:48.834970,7.232744,0.0,0.0,61486.40625,50.7,64648.015625,0,0.0,145.109375,deepseek-r1:7b,-1
2025-06-08T15:47:48.940398,7.338172,7.6,0.0,61486.484375,50.7,64645.9375,0,0.0,145.109375,deepseek-r1:7b,-1
2025-06-08T15:47:49.044259,7.442033,7.6,0.0,61486.484375,50.7,64646.21875,0,0.0,145.109375,deepseek-r1:7b,-1
2025-06-08T15:47:49.149605,7.547379,8.3,0.0,61486.734375,50.7,64646.59375,0,0.0,145.109375,deepseek-r1:7b,-1
2025-06-08T15:47:49.254965,7.652739,8.9,0.0,61486.734375,50.7,64646.59375,0,0.0,145.109375,deepseek-r1:7b,-1
2025-06-08T15:47:49.360362,7.758136,0.0,0.0,61486.734375,50.7,64646.59375,0,0.0,145.109375,deepseek-r1:7b,-1
2025-06-08T15:47:49.461652,7.859426,0.0,0.0,61486.734375,50.7,64646.59375,0,0.0,145.109375,deepseek-r1:7b,-1
2025-06-08T15:47:49.562919,7.960693,0.0,0.0,61486.734375,50.7,64646.59375,0,0.0,145.109375,deepseek-r1:7b,-1
2025-06-08T15:47:51.713813,0.040689,8.4,0.0,59614.546875,49.3,66513.34375,0,0.0,145.109375,deepseek-r1:7b,-1
2025-06-08T15:47:51.818995,0.145871,15.2,0.0,60277.15625,49.8,65851.296875,0,0.0,145.109375,deepseek-r1:7b,-1
2025-06-08T15:47:51.924477,0.251353,21.4,0.0,61240.359375,50.5,64891.84375,0,0.0,145.109375,deepseek-r1:7b,-1
2025-06-08T15:47:52.029833,0.356709,9.0,0.0,61677.703125,50.8,64456.859375,0,0.0,145.109375,deepseek-r1:7b,-1
2025-06-08T15:47:52.130276,0.457152,0.0,0.0,61677.703125,50.8,64456.859375,0,0.0,145.109375,deepseek-r1:7b,-1
2025-06-08T15:47:52.235635,0.562511,0.0,0.0,61677.703125,50.8,64456.859375,0,0.0,145.109375,deepseek-r1:7b,-1
2025-06-08T15:47:52.340985,0.667861,0.0,0.0,61677.703125,50.8,64456.859375,0,0.0,145.109375,deepseek-r1:7b,-1
2025-06-08T15:47:52.446410,0.773286,0.0,0.0,61677.703125,50.8,64456.859375,0,0.0,145.109375,deepseek-r1:7b,-1
2025-06-08T15:47:52.550763,0.877639,0.0,0.0,61677.703125,50.8,64456.859375,0,0.0,145.109375,deepseek-r1:7b,-1
2025-06-08T15:47:52.656214,0.98309,0.0,0.0,61677.703125,50.8,64456.859375,0,0.0,145.109375,deepseek-r1:7b,-1
2025-06-08T15:47:52.761396,1.088272,7.9,0.0,61677.6875,50.8,64450.6875,0,0.0,145.109375,deepseek-r1:7b,-1
2025-06-08T15:47:52.863227,1.190103,7.3,0.0,61677.6875,50.8,64450.6875,0,0.0,145.109375,deepseek-r1:7b,-1
2025-06-08T15:47:52.964512,1.291388,9.1,0.0,61677.6875,50.8,64450.6875,0,0.0,145.109375,deepseek-r1:7b,-1
2025-06-08T15:47:53.069821,1.396697,8.4,0.0,61677.6875,50.8,64450.6875,0,0.0,145.109375,deepseek-r1:7b,-1
2025-06-08T15:47:53.175184,1.50206,8.2,0.0,61677.6875,50.8,64450.6875,0,0.0,145.109375,deepseek-r1:7b,-1
2025-06-08T15:47:53.278049,1.604925,0.0,0.0,61677.6875,50.8,64450.6875,0,0.0,145.109375,deepseek-r1:7b,-1
2025-06-08T15:47:53.382806,1.709682,0.0,0.0,61677.6875,50.8,64450.6875,0,0.0,145.109375,deepseek-r1:7b,-1
2025-06-08T15:47:53.488262,1.815138,0.0,0.0,61677.6875,50.8,64450.6875,0,0.0,145.109375,deepseek-r1:7b,-1
2025-06-08T15:47:53.593652,1.920528,0.0,0.0,61677.6875,50.8,64450.6875,0,0.0,145.109375,deepseek-r1:7b,-1
2025-06-08T15:47:53.698655,2.025531,0.0,0.0,61677.6875,50.8,64450.6875,0,0.0,145.109375,deepseek-r1:7b,-1
2025-06-08T15:47:53.803038,2.129914,7.4,0.0,61557.5,50.7,64573.3125,0,0.0,145.109375,deepseek-r1:7b,-1
2025-06-08T15:47:53.908395,2.235271,8.9,0.0,61557.5,50.7,64573.640625,0,0.0,145.109375,deepseek-r1:7b,-1
2025-06-08T15:47:54.009370,2.336246,0.0,0.0,61557.5,50.7,64573.640625,0,0.0,145.109375,deepseek-r1:7b,-1
2025-06-08T15:47:54.112494,2.43937,0.0,0.0,61557.5,50.7,64573.640625,0,0.0,145.109375,deepseek-r1:7b,-1
2025-06-08T15:47:54.213657,2.540533,0.0,0.0,61557.5,50.7,64573.640625,0,0.0,145.109375,deepseek-r1:7b,-1
2025-06-08T15:47:54.319075,2.645951,0.0,0.0,61557.5,50.7,64573.640625,0,0.0,145.109375,deepseek-r1:7b,-1
2025-06-08T15:47:54.424414,2.75129,0.0,0.0,61557.5,50.7,64573.640625,0,0.0,145.109375,deepseek-r1:7b,-1
2025-06-08T15:47:54.526548,2.853424,0.0,0.0,61557.5,50.7,64573.640625,0,0.0,145.109375,deepseek-r1:7b,-1
2025-06-08T15:47:54.632000,2.958876,0.0,0.0,61557.5,50.7,64573.640625,0,0.0,145.109375,deepseek-r1:7b,-1
2025-06-08T15:47:54.737392,3.064268,0.0,0.0,61557.5,50.7,64573.640625,0,0.0,145.109375,deepseek-r1:7b,-1
2025-06-08T15:47:54.842707,3.169583,7.6,0.0,61493.75,50.7,64639.8125,0,0.0,145.109375,deepseek-r1:7b,-1
2025-06-08T15:47:54.945725,3.272601,9.5,0.0,61493.75,50.7,64640.125,0,0.0,145.109375,deepseek-r1:7b,-1
2025-06-08T15:47:55.046774,3.37365,0.0,0.0,61493.765625,50.7,64640.515625,0,0.0,145.109375,deepseek-r1:7b,-1
2025-06-08T15:47:55.152213,3.479089,0.0,0.0,61493.765625,50.7,64640.515625,0,0.0,145.109375,deepseek-r1:7b,-1
2025-06-08T15:47:55.257510,3.584386,0.0,0.0,61493.765625,50.7,64640.515625,0,0.0,145.109375,deepseek-r1:7b,-1
2025-06-08T15:47:55.362859,3.689735,0.0,0.0,61493.765625,50.7,64640.515625,0,0.0,145.109375,deepseek-r1:7b,-1
2025-06-08T15:47:55.468243,3.795119,0.0,0.0,61493.765625,50.7,64640.515625,0,0.0,145.109375,deepseek-r1:7b,-1
2025-06-08T15:47:55.571117,3.897993,0.0,0.0,61493.765625,50.7,64640.515625,0,0.0,145.109375,deepseek-r1:7b,-1
2025-06-08T15:47:55.676512,4.003388,0.0,0.0,61493.765625,50.7,64640.515625,0,0.0,145.109375,deepseek-r1:7b,-1
2025-06-08T15:47:55.781909,4.108785,0.0,0.0,61493.765625,50.7,64640.515625,0,0.0,145.109375,deepseek-r1:7b,-1
2025-06-08T15:47:55.883936,4.210812,8.3,0.0,61493.75,50.7,64639.96875,0,0.0,145.109375,deepseek-r1:7b,-1
2025-06-08T15:47:55.985812,4.312688,13.7,0.0,61493.75,50.7,64640.25,0,0.0,145.109375,deepseek-r1:7b,-1
2025-06-08T15:47:56.091184,4.41806,9.5,0.0,61493.75,50.7,64640.25,0,0.0,145.109375,deepseek-r1:7b,-1
2025-06-08T15:47:56.196483,4.523359,6.5,0.0,61493.75,50.7,64640.25,0,0.0,145.109375,deepseek-r1:7b,-1
2025-06-08T15:47:56.301854,4.62873,8.3,0.0,61493.75,50.7,64640.25,0,0.0,145.109375,deepseek-r1:7b,-1
2025-06-08T15:47:56.407164,4.73404,7.1,0.0,61493.75,50.7,64640.25,0,0.0,145.109375,deepseek-r1:7b,-1
2025-06-08T15:47:56.509114,4.83599,0.0,0.0,61493.75,50.7,64640.25,0,0.0,145.109375,deepseek-r1:7b,-1
2025-06-08T15:47:56.614443,4.941319,0.0,0.0,61493.75,50.7,64640.25,0,0.0,145.109375,deepseek-r1:7b,-1
2025-06-08T15:47:56.719796,5.046672,0.0,0.0,61493.75,50.7,64640.25,0,0.0,145.109375,deepseek-r1:7b,-1
2025-06-08T15:47:56.825102,5.151978,0.0,0.0,61493.75,50.7,64640.25,0,0.0,145.109375,deepseek-r1:7b,-1
2025-06-08T15:47:56.930445,5.257321,7.4,0.0,61493.53125,50.7,64642.3125,0,0.0,145.109375,deepseek-r1:7b,-1
2025-06-08T15:47:57.032698,5.359574,8.4,0.0,61493.546875,50.7,64642.59375,0,0.0,145.109375,deepseek-r1:7b,-1
2025-06-08T15:47:57.133297,5.460173,6.3,0.0,61493.578125,50.7,64642.75,0,0.0,145.109375,deepseek-r1:7b,-1
2025-06-08T15:47:57.236298,5.563174,7.3,0.0,61493.578125,50.7,64643.015625,0,0.0,145.109375,deepseek-r1:7b,-1
2025-06-08T15:47:57.341674,5.66855,8.2,0.0,61493.578125,50.7,64643.015625,0,0.0,145.109375,deepseek-r1:7b,-1
2025-06-08T15:47:57.447045,5.773921,7.6,0.0,61493.578125,50.7,64643.015625,0,0.0,145.109375,deepseek-r1:7b,-1
2025-06-08T15:47:57.552475,5.879351,7.6,0.0,61493.578125,50.7,64643.015625,0,0.0,145.109375,deepseek-r1:7b,-1
2025-06-08T15:47:57.655452,5.982328,6.1,0.0,61493.578125,50.7,64643.015625,0,0.0,145.109375,deepseek-r1:7b,-1
2025-06-08T15:47:57.761026,6.087902,7.9,0.0,61493.578125,50.7,64643.015625,0,0.0,145.109375,deepseek-r1:7b,-1
2025-06-08T15:47:57.866351,6.193227,8.2,0.0,61493.578125,50.7,64643.015625,0,0.0,145.109375,deepseek-r1:7b,-1
2025-06-08T15:47:57.971675,6.298551,7.7,0.0,61492.9375,50.7,64645.640625,0,0.0,145.109375,deepseek-r1:7b,-1
2025-06-08T15:47:58.077066,6.403942,7.1,0.0,61492.9375,50.7,64645.640625,0,0.0,145.109375,deepseek-r1:7b,-1
2025-06-08T15:47:58.178472,6.505348,7.4,0.0,61492.9375,50.7,64645.640625,0,0.0,145.109375,deepseek-r1:7b,-1
2025-06-08T15:47:58.283819,6.610695,8.1,0.0,61492.9375,50.7,64645.640625,0,0.0,145.109375,deepseek-r1:7b,-1
2025-06-08T15:47:58.389218,6.716094,0.0,0.0,61492.9375,50.7,64645.640625,0,0.0,145.109375,deepseek-r1:7b,-1
2025-06-08T15:47:58.494603,6.821479,0.0,0.0,61492.9375,50.7,64645.640625,0,0.0,145.109375,deepseek-r1:7b,-1
2025-06-08T15:47:58.596774,6.92365,0.0,0.0,61492.9375,50.7,64645.640625,0,0.0,145.109375,deepseek-r1:7b,-1
2025-06-08T15:47:58.700374,7.02725,0.0,0.0,61492.9375,50.7,64645.640625,0,0.0,145.109375,deepseek-r1:7b,-1
2025-06-08T15:47:58.805724,7.1326,0.0,0.0,61492.9375,50.7,64645.640625,0,0.0,145.109375,deepseek-r1:7b,-1
2025-06-08T15:47:58.911137,7.238013,0.0,0.0,61492.9375,50.7,64645.640625,0,0.0,145.109375,deepseek-r1:7b,-1
2025-06-08T15:47:59.016560,7.343436,7.4,0.0,61492.75,50.7,64644.1875,0,0.0,145.109375,deepseek-r1:7b,-1
2025-06-08T15:47:59.121946,7.448822,7.1,0.0,61492.765625,50.7,64644.3125,0,0.0,145.109375,deepseek-r1:7b,-1
2025-06-08T15:47:59.227290,7.554166,7.7,0.0,61492.765625,50.7,64644.3125,0,0.0,145.109375,deepseek-r1:7b,-1
2025-06-08T15:47:59.327908,7.654784,0.0,0.0,61492.765625,50.7,64644.3125,0,0.0,145.109375,deepseek-r1:7b,-1
2025-06-08T15:47:59.433215,7.760091,0.0,0.0,61492.765625,50.7,64644.3125,0,0.0,145.109375,deepseek-r1:7b,-1
2025-06-08T15:47:59.538168,7.865044,0.0,0.0,61492.765625,50.7,64644.3125,0,0.0,145.109375,deepseek-r1:7b,-1
2025-06-08T15:47:59.640748,7.967624,0.0,0.0,61492.765625,50.7,64644.3125,0,0.0,145.109375,deepseek-r1:7b,-1
2025-06-08T15:47:59.743042,8.069918,0.0,0.0,61492.765625,50.7,64644.3125,0,0.0,145.109375,deepseek-r1:7b,-1
2025-06-08T15:47:59.844572,8.171448,0.0,0.0,61492.765625,50.7,64644.3125,0,0.0,145.109375,deepseek-r1:7b,-1
2025-06-08T15:47:59.945436,8.272312,0.0,0.0,61492.765625,50.7,64644.3125,0,0.0,145.109375,deepseek-r1:7b,-1
2025-06-08T15:48:00.050804,8.37768,7.7,0.0,61557.78125,50.7,64575.265625,0,0.0,145.109375,deepseek-r1:7b,-1
2025-06-08T15:48:00.156226,8.483102,7.0,0.0,61557.828125,50.7,64575.40625,0,0.0,145.109375,deepseek-r1:7b,-1
2025-06-08T15:48:00.261237,8.588113,8.4,0.0,61557.828125,50.7,64575.40625,0,0.0,145.109375,deepseek-r1:7b,-1
2025-06-08T15:48:00.366563,8.693439,9.3,0.0,61557.828125,50.7,64575.40625,0,0.0,145.109375,deepseek-r1:7b,-1
2025-06-08T15:48:00.471923,8.798799,6.5,0.0,61557.828125,50.7,64575.40625,0,0.0,145.109375,deepseek-r1:7b,-1
2025-06-08T15:48:00.577366,8.904242,6.6,0.0,61557.828125,50.7,64575.40625,0,0.0,145.109375,deepseek-r1:7b,-1
2025-06-08T15:48:00.682740,9.009616,7.1,0.0,61557.828125,50.7,64575.40625,0,0.0,145.109375,deepseek-r1:7b,-1
2025-06-08T15:48:00.788098,9.114974,0.0,0.0,61557.828125,50.7,64575.40625,0,0.0,145.109375,deepseek-r1:7b,-1
2025-06-08T15:48:00.889409,9.216285,0.0,0.0,61557.828125,50.7,64575.40625,0,0.0,145.109375,deepseek-r1:7b,-1
2025-06-08T15:48:00.991594,9.31847,0.0,0.0,61557.828125,50.7,64575.40625,0,0.0,145.109375,deepseek-r1:7b,-1
2025-06-08T15:48:01.092386,9.419262,7.8,0.0,61554.4375,50.7,64580.875,0,0.0,145.109375,deepseek-r1:7b,-1
2025-06-08T15:48:01.197694,9.52457,6.1,0.0,61554.171875,50.7,64581.28125,0,0.0,145.109375,deepseek-r1:7b,-1
2025-06-08T15:48:01.298480,9.625356,9.8,0.0,61554.171875,50.7,64581.28125,0,0.0,145.109375,deepseek-r1:7b,-1
2025-06-08T15:48:01.403836,9.730712,6.5,0.0,61554.171875,50.7,64581.28125,0,0.0,145.109375,deepseek-r1:7b,-1
2025-06-08T15:48:01.509144,9.83602,7.3,0.0,61554.171875,50.7,64581.28125,0,0.0,145.109375,deepseek-r1:7b,-1
2025-06-08T15:48:01.613093,9.939969,5.9,0.0,61554.171875,50.7,64581.28125,0,0.0,145.109375,deepseek-r1:7b,-1
2025-06-08T15:48:01.718485,10.045361,7.2,0.0,61554.171875,50.7,64581.28125,0,0.0,145.109375,deepseek-r1:7b,-1
2025-06-08T15:48:01.819532,10.146408,0.0,0.0,61554.171875,50.7,64581.28125,0,0.0,145.109375,deepseek-r1:7b,-1
2025-06-08T15:48:01.924902,10.251778,0.0,0.0,61554.171875,50.7,64581.28125,0,0.0,145.109375,deepseek-r1:7b,-1
2025-06-08T15:48:02.030303,10.357179,0.0,0.0,61554.171875,50.7,64581.28125,0,0.0,145.109375,deepseek-r1:7b,-1
2025-06-08T15:48:02.135747,10.462623,7.8,0.0,61477.703125,50.7,64659.890625,0,0.0,145.109375,deepseek-r1:7b,-1
2025-06-08T15:48:02.236264,10.56314,8.0,0.0,61477.703125,50.7,64659.890625,0,0.0,145.109375,deepseek-r1:7b,-1
2025-06-08T15:48:02.341636,10.668512,9.5,0.0,61477.703125,50.7,64659.890625,0,0.0,145.109375,deepseek-r1:7b,-1
2025-06-08T15:48:02.443483,10.770359,6.1,0.0,61477.703125,50.7,64659.890625,0,0.0,145.109375,deepseek-r1:7b,-1
2025-06-08T15:48:02.548841,10.875717,7.8,0.0,61477.703125,50.7,64659.890625,0,0.0,145.109375,deepseek-r1:7b,-1
2025-06-08T15:48:02.652797,10.979673,6.0,0.0,61477.703125,50.7,64659.890625,0,0.0,145.109375,deepseek-r1:7b,-1
2025-06-08T15:48:02.758172,11.085048,0.0,0.0,61477.703125,50.7,64659.890625,0,0.0,145.109375,deepseek-r1:7b,-1
2025-06-08T15:48:02.861176,11.188052,0.0,0.0,61477.703125,50.7,64659.890625,0,0.0,145.109375,deepseek-r1:7b,-1
2025-06-08T15:48:02.966502,11.293378,0.0,0.0,61477.703125,50.7,64659.890625,0,0.0,145.109375,deepseek-r1:7b,-1
2025-06-08T15:48:03.068959,11.395835,0.0,0.0,61477.703125,50.7,64659.890625,0,0.0,145.109375,deepseek-r1:7b,-1
2025-06-08T15:48:03.172364,11.49924,8.1,0.0,61472.640625,50.7,64662.40625,0,0.0,145.109375,deepseek-r1:7b,-1
2025-06-08T15:48:03.277868,11.604744,9.9,0.0,61472.625,50.7,64662.765625,0,0.0,145.109375,deepseek-r1:7b,-1
2025-06-08T15:48:03.378729,11.705605,6.9,0.0,61472.625,50.7,64662.890625,0,0.0,145.109375,deepseek-r1:7b,-1
2025-06-08T15:48:03.484086,11.810962,8.3,0.0,61472.625,50.7,64662.890625,0,0.0,145.109375,deepseek-r1:7b,-1
2025-06-08T15:48:03.587228,11.914104,6.1,0.0,61472.625,50.7,64662.890625,0,0.0,145.109375,deepseek-r1:7b,-1
2025-06-08T15:48:03.691390,12.018266,0.0,0.0,61472.625,50.7,64662.890625,0,0.0,145.109375,deepseek-r1:7b,-1
2025-06-08T15:48:03.794494,12.12137,0.0,0.0,61472.625,50.7,64662.890625,0,0.0,145.109375,deepseek-r1:7b,-1
2025-06-08T15:48:03.897152,12.224028,0.0,0.0,61472.625,50.7,64662.890625,0,0.0,145.109375,deepseek-r1:7b,-1
2025-06-08T15:48:04.002535,12.329411,0.0,0.0,61472.625,50.7,64662.890625,0,0.0,145.109375,deepseek-r1:7b,-1
2025-06-08T15:48:04.104148,12.431024,0.0,0.0,61472.625,50.7,64662.890625,0,0.0,145.109375,deepseek-r1:7b,-1
2025-06-08T15:48:04.208172,12.535048,7.9,0.0,61472.78125,50.7,64661.0,0,0.0,145.109375,deepseek-r1:7b,-1
2025-06-08T15:48:04.313514,12.64039,7.2,0.0,61472.78125,50.7,64661.265625,0,0.0,145.109375,deepseek-r1:7b,-1
2025-06-08T15:48:04.418948,12.745824,7.8,0.0,61472.8125,50.7,64661.53125,0,0.0,145.109375,deepseek-r1:7b,-1
2025-06-08T15:48:04.524263,12.851139,7.6,0.0,61472.8125,50.7,64661.53125,0,0.0,145.109375,deepseek-r1:7b,-1
2025-06-08T15:48:04.629608,12.956484,7.2,0.0,61472.8125,50.7,64661.53125,0,0.0,145.109375,deepseek-r1:7b,-1
2025-06-08T15:48:04.735004,13.06188,7.0,0.0,61472.8125,50.7,64661.53125,0,0.0,145.109375,deepseek-r1:7b,-1
2025-06-08T15:48:04.836139,13.163015,8.0,0.0,61472.8125,50.7,64661.53125,0,0.0,145.109375,deepseek-r1:7b,-1
2025-06-08T15:48:06.989837,0.042416,8.6,0.0,61041.375,50.3,65096.421875,0,0.0,145.125,deepseek-r1:7b,-1
2025-06-08T15:48:07.094877,0.147456,13.8,0.0,60421.46875,49.9,65714.671875,0,0.0,145.125,deepseek-r1:7b,-1
2025-06-08T15:48:07.200228,0.252807,0.0,0.0,61228.578125,50.5,64907.203125,0,0.0,145.125,deepseek-r1:7b,-1
2025-06-08T15:48:07.305530,0.358109,0.0,0.0,61228.578125,50.5,64907.203125,0,0.0,145.125,deepseek-r1:7b,-1
2025-06-08T15:48:07.410862,0.463441,0.0,0.0,61228.578125,50.5,64907.203125,0,0.0,145.125,deepseek-r1:7b,-1
2025-06-08T15:48:07.514593,0.567172,0.0,0.0,61228.578125,50.5,64907.203125,0,0.0,145.125,deepseek-r1:7b,-1
2025-06-08T15:48:07.618459,0.671038,0.0,0.0,61228.578125,50.5,64907.203125,0,0.0,145.125,deepseek-r1:7b,-1
2025-06-08T15:48:07.723591,0.77617,0.0,0.0,61228.578125,50.5,64907.203125,0,0.0,145.125,deepseek-r1:7b,-1
2025-06-08T15:48:07.829017,0.881596,0.0,0.0,61228.578125,50.5,64907.203125,0,0.0,145.125,deepseek-r1:7b,-1
2025-06-08T15:48:07.934430,0.987009,0.0,0.0,61228.578125,50.5,64907.203125,0,0.0,145.125,deepseek-r1:7b,-1
2025-06-08T15:48:08.039758,1.092337,8.3,0.0,61665.71875,50.8,64472.9375,0,0.0,145.125,deepseek-r1:7b,-1
2025-06-08T15:48:08.143609,1.196188,7.3,0.0,61665.765625,50.8,64473.09375,0,0.0,145.125,deepseek-r1:7b,-1
2025-06-08T15:48:08.244495,1.297074,0.0,0.0,61545.125,50.7,64594.078125,0,0.0,145.125,deepseek-r1:7b,-1
2025-06-08T15:48:08.349909,1.402488,0.0,0.0,61545.125,50.7,64594.078125,0,0.0,145.125,deepseek-r1:7b,-1
2025-06-08T15:48:08.455316,1.507895,0.0,0.0,61545.125,50.7,64594.078125,0,0.0,145.125,deepseek-r1:7b,-1
2025-06-08T15:48:08.560740,1.613319,0.0,0.0,61545.125,50.7,64594.078125,0,0.0,145.125,deepseek-r1:7b,-1
2025-06-08T15:48:08.666064,1.718643,0.0,0.0,61545.125,50.7,64594.078125,0,0.0,145.125,deepseek-r1:7b,-1
2025-06-08T15:48:08.771419,1.823998,0.0,0.0,61545.125,50.7,64594.078125,0,0.0,145.125,deepseek-r1:7b,-1
2025-06-08T15:48:08.874626,1.927205,0.0,0.0,61545.125,50.7,64594.078125,0,0.0,145.125,deepseek-r1:7b,-1
2025-06-08T15:48:08.975649,2.028228,0.0,0.0,61545.125,50.7,64594.078125,0,0.0,145.125,deepseek-r1:7b,-1
2025-06-08T15:48:09.081020,2.133599,7.9,0.0,61545.046875,50.7,64595.984375,0,0.0,145.125,deepseek-r1:7b,-1
2025-06-08T15:48:09.186228,2.238807,8.9,0.0,61480.984375,50.7,64660.234375,0,0.0,145.125,deepseek-r1:7b,-1
2025-06-08T15:48:09.291535,2.344114,8.2,0.0,61480.984375,50.7,64660.5,0,0.0,145.125,deepseek-r1:7b,-1
2025-06-08T15:48:09.396914,2.449493,7.2,0.0,61480.984375,50.7,64660.5,0,0.0,145.125,deepseek-r1:7b,-1
2025-06-08T15:48:09.502341,2.55492,7.1,0.0,61480.984375,50.7,64660.5,0,0.0,145.125,deepseek-r1:7b,-1
2025-06-08T15:48:09.607678,2.660257,6.0,0.0,61480.984375,50.7,64660.5,0,0.0,145.125,deepseek-r1:7b,-1
2025-06-08T15:48:09.713030,2.765609,9.3,0.0,61480.984375,50.7,64660.5,0,0.0,145.125,deepseek-r1:7b,-1
2025-06-08T15:48:09.817981,2.87056,0.0,0.0,61480.984375,50.7,64660.5,0,0.0,145.125,deepseek-r1:7b,-1
2025-06-08T15:48:09.923387,2.975966,0.0,0.0,61480.984375,50.7,64660.5,0,0.0,145.125,deepseek-r1:7b,-1
2025-06-08T15:48:10.028788,3.081367,0.0,0.0,61480.984375,50.7,64660.5,0,0.0,145.125,deepseek-r1:7b,-1
2025-06-08T15:48:10.134187,3.186766,7.3,0.0,61481.25,50.7,64658.6875,0,0.0,145.125,deepseek-r1:7b,-1
2025-06-08T15:48:10.234651,3.28723,7.5,0.0,61481.25,50.7,64658.6875,0,0.0,145.125,deepseek-r1:7b,-1
2025-06-08T15:48:10.340049,3.392628,7.7,0.0,61481.25,50.7,64658.6875,0,0.0,145.125,deepseek-r1:7b,-1
2025-06-08T15:48:10.443086,3.495665,0.0,0.0,61481.25,50.7,64658.6875,0,0.0,145.125,deepseek-r1:7b,-1
2025-06-08T15:48:10.548419,3.600998,0.0,0.0,61481.25,50.7,64658.6875,0,0.0,145.125,deepseek-r1:7b,-1
2025-06-08T15:48:10.651534,3.704113,0.0,0.0,61481.25,50.7,64658.6875,0,0.0,145.125,deepseek-r1:7b,-1
2025-06-08T15:48:10.752602,3.805181,0.0,0.0,61481.25,50.7,64658.6875,0,0.0,145.125,deepseek-r1:7b,-1
2025-06-08T15:48:10.857901,3.91048,0.0,0.0,61481.25,50.7,64658.6875,0,0.0,145.125,deepseek-r1:7b,-1
2025-06-08T15:48:10.963246,4.015825,0.0,0.0,61481.25,50.7,64658.6875,0,0.0,145.125,deepseek-r1:7b,-1
2025-06-08T15:48:11.068376,4.120955,0.0,0.0,61481.25,50.7,64658.6875,0,0.0,145.125,deepseek-r1:7b,-1
2025-06-08T15:48:11.173578,4.226157,7.8,0.0,61481.1875,50.7,64654.71875,0,0.0,145.125,deepseek-r1:7b,-1
2025-06-08T15:48:11.279112,4.331691,8.9,0.0,61481.1875,50.7,64654.984375,0,0.0,145.125,deepseek-r1:7b,-1
2025-06-08T15:48:11.384599,4.437178,6.5,0.0,61481.1875,50.7,64654.984375,0,0.0,145.125,deepseek-r1:7b,-1
2025-06-08T15:48:11.485839,4.538418,6.3,0.0,61481.1875,50.7,64654.984375,0,0.0,145.125,deepseek-r1:7b,-1
2025-06-08T15:48:11.586555,4.639134,7.4,0.0,61481.1875,50.7,64654.984375,0,0.0,145.125,deepseek-r1:7b,-1
2025-06-08T15:48:11.690247,4.742826,7.3,0.0,61481.1875,50.7,64654.984375,0,0.0,145.125,deepseek-r1:7b,-1
2025-06-08T15:48:11.795631,4.84821,0.0,0.0,61481.1875,50.7,64654.984375,0,0.0,145.125,deepseek-r1:7b,-1
2025-06-08T15:48:11.901055,4.953634,0.0,0.0,61481.1875,50.7,64654.984375,0,0.0,145.125,deepseek-r1:7b,-1
2025-06-08T15:48:12.001938,5.054517,0.0,0.0,61481.1875,50.7,64654.984375,0,0.0,145.125,deepseek-r1:7b,-1
2025-06-08T15:48:12.102914,5.155493,0.0,0.0,61481.1875,50.7,64654.984375,0,0.0,145.125,deepseek-r1:7b,-1
2025-06-08T15:48:12.206820,5.259399,7.6,0.0,61481.21875,50.7,64652.765625,0,0.0,145.125,deepseek-r1:7b,-1
2025-06-08T15:48:12.312193,5.364772,8.3,0.0,61481.21875,50.7,64653.03125,0,0.0,145.125,deepseek-r1:7b,-1
2025-06-08T15:48:12.417614,5.470193,7.0,0.0,61481.21875,50.7,64653.203125,0,0.0,145.125,deepseek-r1:7b,-1
2025-06-08T15:48:12.518507,5.571086,6.9,0.0,61481.21875,50.7,64653.203125,0,0.0,145.125,deepseek-r1:7b,-1
2025-06-08T15:48:12.620547,5.673126,7.3,0.0,61481.21875,50.7,64653.203125,0,0.0,145.125,deepseek-r1:7b,-1
2025-06-08T15:48:12.726046,5.778625,10.5,0.0,61481.21875,50.7,64653.203125,0,0.0,145.125,deepseek-r1:7b,-1
2025-06-08T15:48:12.831414,5.883993,6.7,0.0,61481.21875,50.7,64653.203125,0,0.0,145.125,deepseek-r1:7b,-1
2025-06-08T15:48:12.936791,5.98937,0.0,0.0,61481.21875,50.7,64653.203125,0,0.0,145.125,deepseek-r1:7b,-1
2025-06-08T15:48:13.040736,6.093315,0.0,0.0,61481.21875,50.7,64653.203125,0,0.0,145.125,deepseek-r1:7b,-1
2025-06-08T15:48:13.143850,6.196429,0.0,0.0,61481.21875,50.7,64653.203125,0,0.0,145.125,deepseek-r1:7b,-1
2025-06-08T15:48:13.248465,6.301044,7.6,0.0,61481.359375,50.7,64655.0625,0,0.0,145.125,deepseek-r1:7b,-1
2025-06-08T15:48:13.353865,6.406444,8.3,0.0,61481.359375,50.7,64655.328125,0,0.0,145.125,deepseek-r1:7b,-1
2025-06-08T15:48:13.454855,6.507434,7.3,0.0,61481.359375,50.7,64655.328125,0,0.0,145.125,deepseek-r1:7b,-1
2025-06-08T15:48:13.558651,6.61123,0.0,0.0,61481.359375,50.7,64655.328125,0,0.0,145.125,deepseek-r1:7b,-1
2025-06-08T15:48:13.659366,6.711945,0.0,0.0,61481.359375,50.7,64655.328125,0,0.0,145.125,deepseek-r1:7b,-1
2025-06-08T15:48:13.763818,6.816397,0.0,0.0,61481.359375,50.7,64655.328125,0,0.0,145.125,deepseek-r1:7b,-1
2025-06-08T15:48:15.911780,0.040195,8.2,0.0,61041.5625,50.3,65094.125,0,0.0,145.125,deepseek-r1:7b,-1
2025-06-08T15:48:16.016901,0.145316,17.1,0.0,61041.5625,50.3,65094.125,0,0.0,145.125,deepseek-r1:7b,-1
2025-06-08T15:48:16.122078,0.250493,15.5,0.0,61041.5625,50.3,65094.125,0,0.0,145.125,deepseek-r1:7b,-1
2025-06-08T15:48:16.227215,0.35563,8.3,0.0,61041.5625,50.3,65094.125,0,0.0,145.125,deepseek-r1:7b,-1
2025-06-08T15:48:16.327758,0.456173,6.3,0.0,61041.5625,50.3,65094.125,0,0.0,145.125,deepseek-r1:7b,-1
2025-06-08T15:48:16.433180,0.561595,8.8,0.0,61041.5625,50.3,65094.125,0,0.0,145.125,deepseek-r1:7b,-1
2025-06-08T15:48:16.538456,0.666871,7.2,0.0,61041.5625,50.3,65094.125,0,0.0,145.125,deepseek-r1:7b,-1
2025-06-08T15:48:16.643903,0.772318,7.1,0.0,61041.5625,50.3,65094.125,0,0.0,145.125,deepseek-r1:7b,-1
2025-06-08T15:48:16.749366,0.877781,8.3,0.0,61041.5625,50.3,65094.125,0,0.0,145.125,deepseek-r1:7b,-1
2025-06-08T15:48:16.850394,0.978809,0.0,0.0,61041.5625,50.3,65094.125,0,0.0,145.125,deepseek-r1:7b,-1
2025-06-08T15:48:16.951745,1.08016,7.8,0.0,61666.359375,50.8,64467.53125,0,0.0,145.125,deepseek-r1:7b,-1
2025-06-08T15:48:17.054376,1.182791,7.2,0.0,61666.359375,50.8,64467.671875,0,0.0,145.125,deepseek-r1:7b,-1
2025-06-08T15:48:17.159765,1.28818,9.0,0.0,61666.359375,50.8,64467.96875,0,0.0,145.125,deepseek-r1:7b,-1
2025-06-08T15:48:17.260433,1.388848,9.3,0.0,61666.359375,50.8,64467.96875,0,0.0,145.125,deepseek-r1:7b,-1
2025-06-08T15:48:17.363110,1.491525,7.3,0.0,61666.359375,50.8,64467.96875,0,0.0,145.125,deepseek-r1:7b,-1
2025-06-08T15:48:17.465550,1.593965,6.7,0.0,61666.359375,50.8,64467.96875,0,0.0,145.125,deepseek-r1:7b,-1
2025-06-08T15:48:17.569986,1.698401,8.3,0.0,61666.359375,50.8,64467.96875,0,0.0,145.125,deepseek-r1:7b,-1
2025-06-08T15:48:17.675404,1.803819,6.1,0.0,61666.359375,50.8,64467.96875,0,0.0,145.125,deepseek-r1:7b,-1
2025-06-08T15:48:17.778354,1.906769,8.3,0.0,61666.359375,50.8,64467.96875,0,0.0,145.125,deepseek-r1:7b,-1
2025-06-08T15:48:17.880000,2.008415,0.0,0.0,61666.359375,50.8,64467.96875,0,0.0,145.125,deepseek-r1:7b,-1
2025-06-08T15:48:17.985342,2.113757,7.9,0.0,61546.140625,50.7,64590.296875,0,0.0,145.125,deepseek-r1:7b,-1
2025-06-08T15:48:18.090072,2.218487,6.1,0.0,61546.1875,50.7,64590.5625,0,0.0,145.125,deepseek-r1:7b,-1
2025-06-08T15:48:18.194206,2.322621,8.9,0.0,61546.1875,50.7,64590.5625,0,0.0,145.125,deepseek-r1:7b,-1
2025-06-08T15:48:18.297130,2.425545,10.1,0.0,61546.1875,50.7,64590.5625,0,0.0,145.125,deepseek-r1:7b,-1
2025-06-08T15:48:18.402538,2.530953,6.7,0.0,61546.1875,50.7,64590.5625,0,0.0,145.125,deepseek-r1:7b,-1
2025-06-08T15:48:18.507895,2.63631,7.7,0.0,61546.1875,50.7,64590.5625,0,0.0,145.125,deepseek-r1:7b,-1
2025-06-08T15:48:18.613261,2.741676,6.0,0.0,61546.1875,50.7,64590.5625,0,0.0,145.125,deepseek-r1:7b,-1
2025-06-08T15:48:18.714425,2.84284,7.4,0.0,61546.1875,50.7,64590.5625,0,0.0,145.125,deepseek-r1:7b,-1
2025-06-08T15:48:18.819777,2.948192,0.0,0.0,61546.1875,50.7,64590.5625,0,0.0,145.125,deepseek-r1:7b,-1
2025-06-08T15:48:18.922848,3.051263,0.0,0.0,61546.1875,50.7,64590.5625,0,0.0,145.125,deepseek-r1:7b,-1
2025-06-08T15:48:19.028247,3.156662,9.9,0.0,61588.703125,50.8,64549.109375,0,0.0,145.125,deepseek-r1:7b,-1
2025-06-08T15:48:19.132783,3.261198,12.3,0.0,61588.75,50.8,64551.03125,0,0.0,145.125,deepseek-r1:7b,-1
2025-06-08T15:48:19.238111,3.366526,11.4,0.0,61605.046875,50.8,64535.328125,0,0.0,145.125,deepseek-r1:7b,-1
2025-06-08T15:48:19.343348,3.471763,13.2,0.0,61729.65625,50.9,64412.21875,0,0.0,145.125,deepseek-r1:7b,-1
2025-06-08T15:48:19.443772,3.572187,10.6,0.0,61729.65625,50.9,64412.21875,0,0.0,145.125,deepseek-r1:7b,-1
2025-06-08T15:48:19.546413,3.674828,12.3,0.0,61729.65625,50.9,64412.21875,0,0.0,145.125,deepseek-r1:7b,-1
2025-06-08T15:48:19.647871,3.776286,13.4,0.0,61729.65625,50.9,64412.21875,0,0.0,145.125,deepseek-r1:7b,-1
2025-06-08T15:48:19.752349,3.880764,9.2,0.0,61729.65625,50.9,64412.21875,0,0.0,145.125,deepseek-r1:7b,-1
2025-06-08T15:48:19.856666,3.985081,8.3,0.0,61729.65625,50.9,64412.21875,0,0.0,145.125,deepseek-r1:7b,-1
2025-06-08T15:48:19.961951,4.090366,0.0,0.0,61729.65625,50.9,64412.21875,0,0.0,145.125,deepseek-r1:7b,-1
2025-06-08T15:48:20.066453,4.194868,10.5,0.0,61765.46875,50.9,64372.65625,0,0.0,145.125,deepseek-r1:7b,-1
2025-06-08T15:48:20.171780,4.300195,14.5,0.0,61765.46875,50.9,64372.65625,0,0.0,145.125,deepseek-r1:7b,-1
2025-06-08T15:48:20.276577,4.404992,9.2,0.0,61765.46875,50.9,64372.65625,0,0.0,145.125,deepseek-r1:7b,-1
2025-06-08T15:48:20.381850,4.510265,12.2,0.0,61765.46875,50.9,64372.65625,0,0.0,145.125,deepseek-r1:7b,-1
2025-06-08T15:48:20.487355,4.61577,10.2,0.0,61765.46875,50.9,64372.65625,0,0.0,145.125,deepseek-r1:7b,-1
2025-06-08T15:48:20.587841,4.716256,11.2,0.0,61765.46875,50.9,64372.65625,0,0.0,145.125,deepseek-r1:7b,-1
2025-06-08T15:48:20.693265,4.82168,10.8,0.0,61765.46875,50.9,64372.65625,0,0.0,145.125,deepseek-r1:7b,-1
2025-06-08T15:48:20.798638,4.927053,8.1,0.0,61765.46875,50.9,64372.65625,0,0.0,145.125,deepseek-r1:7b,-1
2025-06-08T15:48:20.903982,5.032397,0.0,0.0,61765.46875,50.9,64372.65625,0,0.0,145.125,deepseek-r1:7b,-1
2025-06-08T15:48:21.004650,5.133065,0.0,0.0,61765.46875,50.9,64372.65625,0,0.0,145.125,deepseek-r1:7b,-1
2025-06-08T15:48:21.109769,5.238184,11.8,0.0,61717.28125,50.9,64418.125,0,0.0,145.125,deepseek-r1:7b,-1
2025-06-08T15:48:21.214921,5.343336,11.4,0.0,61605.078125,50.8,64534.03125,0,0.0,145.125,deepseek-r1:7b,-1
2025-06-08T15:48:21.320221,5.448636,10.9,0.0,61592.171875,50.8,64540.828125,0,0.0,145.125,deepseek-r1:7b,-1
2025-06-08T15:48:21.422763,5.551178,0.0,0.0,61592.171875,50.8,64540.828125,0,0.0,145.125,deepseek-r1:7b,-1
2025-06-08T15:48:21.524518,5.652933,0.0,0.0,61592.171875,50.8,64540.828125,0,0.0,145.125,deepseek-r1:7b,-1
2025-06-08T15:48:21.629885,5.7583,0.0,0.0,61592.171875,50.8,64540.828125,0,0.0,145.125,deepseek-r1:7b,-1
2025-06-08T15:48:21.735304,5.863719,0.0,0.0,61592.171875,50.8,64540.828125,0,0.0,145.125,deepseek-r1:7b,-1
2025-06-08T15:48:21.840668,5.969083,0.0,0.0,61592.171875,50.8,64540.828125,0,0.0,145.125,deepseek-r1:7b,-1
2025-06-08T15:48:21.946052,6.074467,0.0,0.0,61592.171875,50.8,64540.828125,0,0.0,145.125,deepseek-r1:7b,-1
2025-06-08T15:48:22.047756,6.176171,0.0,0.0,61592.171875,50.8,64540.828125,0,0.0,145.125,deepseek-r1:7b,-1
2025-06-08T15:48:22.151921,6.280336,10.5,0.0,61592.046875,50.8,64547.546875,0,0.0,145.125,deepseek-r1:7b,-1
2025-06-08T15:48:22.256880,6.385295,9.4,0.0,61527.96875,50.7,64611.921875,0,0.0,145.125,deepseek-r1:7b,-1
2025-06-08T15:48:22.360960,6.489375,0.0,0.0,61527.96875,50.7,64611.921875,0,0.0,145.125,deepseek-r1:7b,-1
2025-06-08T15:48:22.463597,6.592012,0.0,0.0,61527.96875,50.7,64611.921875,0,0.0,145.125,deepseek-r1:7b,-1
2025-06-08T15:48:22.565813,6.694228,0.0,0.0,61527.96875,50.7,64611.921875,0,0.0,145.125,deepseek-r1:7b,-1
2025-06-08T15:48:22.671214,6.799629,0.0,0.0,61527.96875,50.7,64611.921875,0,0.0,145.125,deepseek-r1:7b,-1
2025-06-08T15:48:22.776597,6.905012,0.0,0.0,61527.96875,50.7,64611.921875,0,0.0,145.125,deepseek-r1:7b,-1
2025-06-08T15:48:22.877586,7.006001,0.0,0.0,61527.96875,50.7,64611.921875,0,0.0,145.125,deepseek-r1:7b,-1
2025-06-08T15:48:22.982903,7.111318,0.0,0.0,61527.96875,50.7,64611.921875,0,0.0,145.125,deepseek-r1:7b,-1
2025-06-08T15:48:23.087950,7.216365,0.0,0.0,61527.96875,50.7,64611.921875,0,0.0,145.125,deepseek-r1:7b,-1
2025-06-08T15:48:23.190150,7.318565,10.8,0.0,61527.875,50.7,64611.78125,0,0.0,145.125,deepseek-r1:7b,-1
2025-06-08T15:48:23.291295,7.41971,11.7,0.0,61527.875,50.7,64611.78125,0,0.0,145.125,deepseek-r1:7b,-1
2025-06-08T15:48:23.396581,7.524996,10.8,0.0,61527.875,50.7,64611.78125,0,0.0,145.125,deepseek-r1:7b,-1
2025-06-08T15:48:23.501944,7.630359,8.2,0.0,61527.875,50.7,64611.78125,0,0.0,145.125,deepseek-r1:7b,-1
2025-06-08T15:48:23.607297,7.735712,8.3,0.0,61527.875,50.7,64611.78125,0,0.0,145.125,deepseek-r1:7b,-1
2025-06-08T15:48:23.712674,7.841089,8.2,0.0,61527.875,50.7,64611.78125,0,0.0,145.125,deepseek-r1:7b,-1
2025-06-08T15:48:23.818124,7.946539,0.0,0.0,61527.875,50.7,64611.78125,0,0.0,145.125,deepseek-r1:7b,-1
2025-06-08T15:48:23.923233,8.051648,0.0,0.0,61527.875,50.7,64611.78125,0,0.0,145.125,deepseek-r1:7b,-1
2025-06-08T15:48:24.023759,8.152174,0.0,0.0,61527.875,50.7,64611.78125,0,0.0,145.125,deepseek-r1:7b,-1
2025-06-08T15:48:24.127039,8.255454,0.0,0.0,61527.875,50.7,64611.78125,0,0.0,145.125,deepseek-r1:7b,-1
2025-06-08T15:48:24.227482,8.355897,7.3,0.0,61527.96875,50.7,64614.890625,0,0.0,145.125,deepseek-r1:7b,-1
2025-06-08T15:48:24.331569,8.459984,8.9,0.0,61527.78125,50.7,64615.609375,0,0.0,145.125,deepseek-r1:7b,-1
2025-06-08T15:48:24.432186,8.560601,6.9,0.0,61527.78125,50.7,64615.609375,0,0.0,145.125,deepseek-r1:7b,-1
2025-06-08T15:48:24.537551,8.665966,8.1,0.0,61527.78125,50.7,64615.609375,0,0.0,145.125,deepseek-r1:7b,-1
2025-06-08T15:48:24.640881,8.769296,6.8,0.0,61527.78125,50.7,64615.609375,0,0.0,145.125,deepseek-r1:7b,-1
2025-06-08T15:48:24.743168,8.871583,8.5,0.0,61527.78125,50.7,64615.609375,0,0.0,145.125,deepseek-r1:7b,-1
2025-06-08T15:48:24.844556,8.972971,6.8,0.0,61527.78125,50.7,64615.609375,0,0.0,145.125,deepseek-r1:7b,-1
2025-06-08T15:48:24.945899,9.074314,8.1,0.0,61527.78125,50.7,64615.609375,0,0.0,145.125,deepseek-r1:7b,-1
2025-06-08T15:48:25.051345,9.17976,0.0,0.0,61527.78125,50.7,64615.609375,0,0.0,145.125,deepseek-r1:7b,-1
2025-06-08T15:48:25.156674,9.285089,0.0,0.0,61527.78125,50.7,64615.609375,0,0.0,145.125,deepseek-r1:7b,-1
2025-06-08T15:48:25.262021,9.390436,7.5,0.0,61465.046875,50.7,64672.359375,0,0.0,145.125,deepseek-r1:7b,-1
2025-06-08T15:48:25.367431,9.495846,8.3,0.0,61465.046875,50.7,64672.703125,0,0.0,145.125,deepseek-r1:7b,-1
2025-06-08T15:48:25.468306,9.596721,7.5,0.0,61465.046875,50.7,64672.703125,0,0.0,145.125,deepseek-r1:7b,-1
2025-06-08T15:48:25.573734,9.702149,7.2,0.0,61465.046875,50.7,64672.703125,0,0.0,145.125,deepseek-r1:7b,-1
2025-06-08T15:48:25.678330,9.806745,7.1,0.0,61465.046875,50.7,64672.703125,0,0.0,145.125,deepseek-r1:7b,-1
2025-06-08T15:48:25.783687,9.912102,8.2,0.0,61465.046875,50.7,64672.703125,0,0.0,145.125,deepseek-r1:7b,-1
2025-06-08T15:48:25.885627,10.014042,10.5,0.0,61465.046875,50.7,64672.703125,0,0.0,145.125,deepseek-r1:7b,-1
2025-06-08T15:48:25.987147,10.115562,14.1,0.0,61465.046875,50.7,64672.703125,0,0.0,145.125,deepseek-r1:7b,-1
2025-06-08T15:48:26.092584,10.220999,8.8,0.0,61465.046875,50.7,64672.703125,0,0.0,145.125,deepseek-r1:7b,-1
2025-06-08T15:48:26.197928,10.326343,7.1,0.0,61465.046875,50.7,64672.703125,0,0.0,145.125,deepseek-r1:7b,-1
2025-06-08T15:48:26.300697,10.429112,7.5,0.0,61465.109375,50.7,64674.890625,0,0.0,145.125,deepseek-r1:7b,-1
2025-06-08T15:48:26.403289,10.531704,6.7,0.0,61465.125,50.7,64675.171875,0,0.0,145.125,deepseek-r1:7b,-1
2025-06-08T15:48:26.507133,10.635548,8.2,0.0,61465.125,50.7,64675.171875,0,0.0,145.125,deepseek-r1:7b,-1
2025-06-08T15:48:28.662323,0.042953,8.6,0.0,60611.84375,50.0,65530.578125,0,0.0,145.125,deepseek-r1:7b,-1
2025-06-08T15:48:28.767481,0.148111,14.5,0.0,60262.9375,49.7,65879.859375,0,0.0,145.125,deepseek-r1:7b,-1
2025-06-08T15:48:28.872950,0.25358,15.3,0.0,61218.09375,50.5,64923.703125,0,0.0,145.125,deepseek-r1:7b,-1
2025-06-08T15:48:28.976685,0.357315,9.2,0.0,61218.09375,50.5,64923.703125,0,0.0,145.125,deepseek-r1:7b,-1
2025-06-08T15:48:29.082075,0.462705,6.5,0.0,61218.09375,50.5,64923.703125,0,0.0,145.125,deepseek-r1:7b,-1
2025-06-08T15:48:29.187406,0.568036,6.0,0.0,61218.09375,50.5,64923.703125,0,0.0,145.125,deepseek-r1:7b,-1
2025-06-08T15:48:29.292723,0.673353,9.4,0.0,61218.09375,50.5,64923.703125,0,0.0,145.125,deepseek-r1:7b,-1
2025-06-08T15:48:29.398027,0.778657,8.2,0.0,61218.09375,50.5,64923.703125,0,0.0,145.125,deepseek-r1:7b,-1
2025-06-08T15:48:29.503484,0.884114,0.0,0.0,61218.09375,50.5,64923.703125,0,0.0,145.125,deepseek-r1:7b,-1
2025-06-08T15:48:29.606083,0.986713,0.0,0.0,61218.09375,50.5,64923.703125,0,0.0,145.125,deepseek-r1:7b,-1
2025-06-08T15:48:29.711525,1.092155,7.8,0.0,61657.15625,50.8,64481.203125,0,0.0,145.125,deepseek-r1:7b,-1
2025-06-08T15:48:29.814784,1.195414,8.0,0.0,61657.171875,50.8,64481.5,0,0.0,145.125,deepseek-r1:7b,-1
2025-06-08T15:48:29.920104,1.300734,8.1,0.0,61657.1875,50.8,64481.65625,0,0.0,145.125,deepseek-r1:7b,-1
2025-06-08T15:48:30.025399,1.406029,7.4,0.0,61657.1875,50.8,64481.65625,0,0.0,145.125,deepseek-r1:7b,-1
2025-06-08T15:48:30.130708,1.511338,8.1,0.0,61657.1875,50.8,64481.65625,0,0.0,145.125,deepseek-r1:7b,-1
2025-06-08T15:48:30.231456,1.612086,8.1,0.0,61657.1875,50.8,64481.65625,0,0.0,145.125,deepseek-r1:7b,-1
2025-06-08T15:48:30.336909,1.717539,9.0,0.0,61657.1875,50.8,64481.65625,0,0.0,145.125,deepseek-r1:7b,-1
2025-06-08T15:48:30.442363,1.822993,8.1,0.0,61657.1875,50.8,64481.65625,0,0.0,145.125,deepseek-r1:7b,-1
2025-06-08T15:48:30.547774,1.928404,6.0,0.0,61657.1875,50.8,64481.65625,0,0.0,145.125,deepseek-r1:7b,-1
2025-06-08T15:48:30.653130,2.03376,7.7,0.0,61657.1875,50.8,64481.65625,0,0.0,145.125,deepseek-r1:7b,-1
2025-06-08T15:48:30.758450,2.13908,7.7,0.0,61534.484375,50.7,64606.78125,0,0.0,145.125,deepseek-r1:7b,-1
2025-06-08T15:48:30.860017,2.240647,8.5,0.0,61534.484375,50.7,64606.90625,0,0.0,145.125,deepseek-r1:7b,-1
2025-06-08T15:48:30.961221,2.341851,8.6,0.0,61534.484375,50.7,64606.90625,0,0.0,145.125,deepseek-r1:7b,-1
2025-06-08T15:48:31.066589,2.447219,0.0,0.0,61534.484375,50.7,64606.90625,0,0.0,145.125,deepseek-r1:7b,-1
2025-06-08T15:48:31.167273,2.547903,0.0,0.0,61534.484375,50.7,64606.90625,0,0.0,145.125,deepseek-r1:7b,-1
2025-06-08T15:48:31.272619,2.653249,0.0,0.0,61534.484375,50.7,64606.90625,0,0.0,145.125,deepseek-r1:7b,-1
2025-06-08T15:48:31.373705,2.754335,0.0,0.0,61534.484375,50.7,64606.90625,0,0.0,145.125,deepseek-r1:7b,-1
2025-06-08T15:48:31.477394,2.858024,0.0,0.0,61534.484375,50.7,64606.90625,0,0.0,145.125,deepseek-r1:7b,-1
2025-06-08T15:48:31.582753,2.963383,0.0,0.0,61534.484375,50.7,64606.90625,0,0.0,145.125,deepseek-r1:7b,-1
2025-06-08T15:48:31.688103,3.068733,0.0,0.0,61534.484375,50.7,64606.90625,0,0.0,145.125,deepseek-r1:7b,-1
2025-06-08T15:48:31.793500,3.17413,7.7,0.0,61470.875,50.7,64665.328125,0,0.0,145.125,deepseek-r1:7b,-1
2025-06-08T15:48:31.895432,3.276062,7.4,0.0,61470.875,50.7,64665.484375,0,0.0,145.125,deepseek-r1:7b,-1
2025-06-08T15:48:31.996735,3.377365,8.6,0.0,61470.890625,50.7,64665.765625,0,0.0,145.125,deepseek-r1:7b,-1
2025-06-08T15:48:32.102104,3.482734,0.0,0.0,61470.890625,50.7,64665.890625,0,0.0,145.125,deepseek-r1:7b,-1
2025-06-08T15:48:32.204006,3.584636,0.0,0.0,61470.890625,50.7,64665.890625,0,0.0,145.125,deepseek-r1:7b,-1
2025-06-08T15:48:32.306395,3.687025,0.0,0.0,61470.890625,50.7,64665.890625,0,0.0,145.125,deepseek-r1:7b,-1
2025-06-08T15:48:32.407841,3.788471,0.0,0.0,61470.890625,50.7,64665.890625,0,0.0,145.125,deepseek-r1:7b,-1
2025-06-08T15:48:32.513227,3.893857,0.0,0.0,61470.890625,50.7,64665.890625,0,0.0,145.125,deepseek-r1:7b,-1
2025-06-08T15:48:32.615286,3.995916,0.0,0.0,61470.890625,50.7,64665.890625,0,0.0,145.125,deepseek-r1:7b,-1
2025-06-08T15:48:32.716222,4.096852,0.0,0.0,61470.890625,50.7,64665.890625,0,0.0,145.125,deepseek-r1:7b,-1
2025-06-08T15:48:32.821459,4.202089,8.0,0.0,61471.109375,50.7,64669.046875,0,0.0,145.125,deepseek-r1:7b,-1
2025-06-08T15:48:32.926948,4.307578,8.9,0.0,61471.171875,50.7,64665.1875,0,0.0,145.125,deepseek-r1:7b,-1
2025-06-08T15:48:33.032333,4.412963,0.0,0.0,61471.171875,50.7,64665.1875,0,0.0,145.125,deepseek-r1:7b,-1
2025-06-08T15:48:33.136780,4.51741,0.0,0.0,61471.171875,50.7,64665.1875,0,0.0,145.125,deepseek-r1:7b,-1
2025-06-08T15:48:33.242192,4.622822,0.0,0.0,61471.171875,50.7,64665.1875,0,0.0,145.125,deepseek-r1:7b,-1
2025-06-08T15:48:33.343888,4.724518,0.0,0.0,61471.171875,50.7,64665.1875,0,0.0,145.125,deepseek-r1:7b,-1
2025-06-08T15:48:33.449244,4.829874,0.0,0.0,61471.171875,50.7,64665.1875,0,0.0,145.125,deepseek-r1:7b,-1
2025-06-08T15:48:33.554358,4.934988,0.0,0.0,61471.171875,50.7,64665.1875,0,0.0,145.125,deepseek-r1:7b,-1
2025-06-08T15:48:33.659778,5.040408,0.0,0.0,61471.171875,50.7,64665.1875,0,0.0,145.125,deepseek-r1:7b,-1
2025-06-08T15:48:33.760778,5.141408,0.0,0.0,61471.171875,50.7,64665.1875,0,0.0,145.125,deepseek-r1:7b,-1
2025-06-08T15:48:33.865179,5.245809,7.7,0.0,61464.75,50.7,64675.5625,0,0.0,145.125,deepseek-r1:7b,-1
2025-06-08T15:48:33.969361,5.349991,6.7,0.0,61464.765625,50.7,64675.828125,0,0.0,145.125,deepseek-r1:7b,-1
2025-06-08T15:48:34.074748,5.455378,8.3,0.0,61464.78125,50.7,64675.96875,0,0.0,145.125,deepseek-r1:7b,-1
2025-06-08T15:48:34.179369,5.559999,0.0,0.0,61464.78125,50.7,64675.96875,0,0.0,145.125,deepseek-r1:7b,-1
2025-06-08T15:48:34.284805,5.665435,0.0,0.0,61464.78125,50.7,64675.96875,0,0.0,145.125,deepseek-r1:7b,-1
2025-06-08T15:48:34.390158,5.770788,0.0,0.0,61464.78125,50.7,64675.96875,0,0.0,145.125,deepseek-r1:7b,-1
2025-06-08T15:48:34.495531,5.876161,0.0,0.0,61464.78125,50.7,64675.96875,0,0.0,145.125,deepseek-r1:7b,-1
2025-06-08T15:48:34.596884,5.977514,0.0,0.0,61464.78125,50.7,64675.96875,0,0.0,145.125,deepseek-r1:7b,-1
2025-06-08T15:48:34.702310,6.08294,0.0,0.0,61464.78125,50.7,64675.96875,0,0.0,145.125,deepseek-r1:7b,-1
2025-06-08T15:48:34.807552,6.188182,0.0,0.0,61464.78125,50.7,64675.96875,0,0.0,145.125,deepseek-r1:7b,-1
2025-06-08T15:48:34.912920,6.29355,8.9,0.0,61478.078125,50.7,64661.21875,0,0.0,145.125,deepseek-r1:7b,-1
2025-06-08T15:48:35.018342,6.398972,7.1,0.0,61478.484375,50.7,64661.8125,0,0.0,145.125,deepseek-r1:7b,-1
2025-06-08T15:48:35.123697,6.504327,0.0,0.0,61478.484375,50.7,64662.015625,0,0.0,145.125,deepseek-r1:7b,-1
2025-06-08T15:48:35.229081,6.609711,0.0,0.0,61478.59375,50.7,64662.3125,0,0.0,145.125,deepseek-r1:7b,-1
2025-06-08T15:48:35.332103,6.712733,0.0,0.0,61478.59375,50.7,64662.3125,0,0.0,145.125,deepseek-r1:7b,-1
2025-06-08T15:48:35.437516,6.818146,0.0,0.0,61478.59375,50.7,64662.3125,0,0.0,145.125,deepseek-r1:7b,-1
2025-06-08T15:48:35.539049,6.919679,0.0,0.0,61478.59375,50.7,64662.3125,0,0.0,145.125,deepseek-r1:7b,-1
2025-06-08T15:48:35.639499,7.020129,0.0,0.0,61478.59375,50.7,64662.3125,0,0.0,145.125,deepseek-r1:7b,-1
2025-06-08T15:48:35.744855,7.125485,0.0,0.0,61478.59375,50.7,64662.3125,0,0.0,145.125,deepseek-r1:7b,-1
2025-06-08T15:48:35.847985,7.228615,0.0,0.0,61478.59375,50.7,64662.3125,0,0.0,145.125,deepseek-r1:7b,-1
2025-06-08T15:48:35.953360,7.33399,7.6,0.0,61478.5625,50.7,64664.28125,0,0.0,145.125,deepseek-r1:7b,-1
2025-06-08T15:48:36.058775,7.439405,7.8,0.0,61478.578125,50.7,64664.546875,0,0.0,145.125,deepseek-r1:7b,-1
2025-06-08T15:48:36.164125,7.544755,8.2,0.0,61478.578125,50.7,64664.546875,0,0.0,145.125,deepseek-r1:7b,-1
2025-06-08T15:48:36.269560,7.65019,7.2,0.0,61478.578125,50.7,64664.546875,0,0.0,145.125,deepseek-r1:7b,-1
2025-06-08T15:48:36.371033,7.751663,0.0,0.0,61478.578125,50.7,64664.546875,0,0.0,145.125,deepseek-r1:7b,-1
2025-06-08T15:48:36.476415,7.857045,0.0,0.0,61478.578125,50.7,64664.546875,0,0.0,145.125,deepseek-r1:7b,-1
2025-06-08T15:48:38.629977,0.044811,8.5,0.0,61566.03125,50.7,64581.484375,0,0.0,145.125,deepseek-r1:7b,-1
2025-06-08T15:48:38.735147,0.149981,14.1,0.0,61497.390625,50.7,64651.859375,0,0.0,145.125,deepseek-r1:7b,-1
2025-06-08T15:48:38.840469,0.255303,12.7,0.0,61653.546875,50.8,64487.96875,0,0.0,145.125,deepseek-r1:7b,-1
2025-06-08T15:48:38.944954,0.359788,7.7,0.0,61653.546875,50.8,64487.96875,0,0.0,145.125,deepseek-r1:7b,-1
2025-06-08T15:48:39.050377,0.465211,8.9,0.0,61653.546875,50.8,64487.96875,0,0.6,145.125,deepseek-r1:7b,-1
2025-06-08T15:48:39.154931,0.569765,7.1,0.0,61653.546875,50.8,64487.96875,0,0.0,145.125,deepseek-r1:7b,-1
2025-06-08T15:48:39.260329,0.675163,8.3,0.0,61653.546875,50.8,64487.96875,0,0.0,145.125,deepseek-r1:7b,-1
2025-06-08T15:48:39.361590,0.776424,7.4,0.0,61653.546875,50.8,64487.96875,0,0.0,145.125,deepseek-r1:7b,-1
2025-06-08T15:48:39.464588,0.879422,0.0,0.0,61653.546875,50.8,64487.96875,0,0.0,145.125,deepseek-r1:7b,-1
2025-06-08T15:48:39.565829,0.980663,0.0,0.0,61653.546875,50.8,64487.96875,0,0.0,145.125,deepseek-r1:7b,-1
2025-06-08T15:48:39.671141,1.085975,7.3,0.0,61654.78125,50.8,64486.71875,0,0.0,145.125,deepseek-r1:7b,-1
2025-06-08T15:48:39.771555,1.186389,8.0,0.0,61654.78125,50.8,64486.875,0,0.0,145.125,deepseek-r1:7b,-1
2025-06-08T15:48:39.872906,1.28774,0.0,0.0,61654.796875,50.8,64487.140625,0,0.0,145.125,deepseek-r1:7b,-1
2025-06-08T15:48:39.978183,1.393017,0.0,0.0,61654.796875,50.8,64487.265625,0,0.0,145.125,deepseek-r1:7b,-1
2025-06-08T15:48:40.083623,1.498457,0.0,0.0,61654.796875,50.8,64487.265625,0,0.0,145.125,deepseek-r1:7b,-1
2025-06-08T15:48:40.188992,1.603826,0.0,0.0,61654.796875,50.8,64487.265625,0,0.0,145.125,deepseek-r1:7b,-1
2025-06-08T15:48:40.294341,1.709175,0.0,0.0,61654.796875,50.8,64487.265625,0,0.0,145.125,deepseek-r1:7b,-1
2025-06-08T15:48:40.397064,1.811898,0.0,0.0,61654.796875,50.8,64487.265625,0,0.0,145.125,deepseek-r1:7b,-1
2025-06-08T15:48:40.502441,1.917275,0.0,0.0,61654.796875,50.8,64487.265625,0,0.0,145.125,deepseek-r1:7b,-1
2025-06-08T15:48:40.607792,2.022626,0.0,0.0,61654.796875,50.8,64487.265625,0,0.0,145.125,deepseek-r1:7b,-1
2025-06-08T15:48:40.713190,2.128024,7.6,0.0,61534.546875,50.7,64605.265625,0,0.0,145.125,deepseek-r1:7b,-1
2025-06-08T15:48:40.818587,2.233421,8.3,0.0,61534.546875,50.7,64605.53125,0,0.0,145.125,deepseek-r1:7b,-1
2025-06-08T15:48:40.923948,2.338782,8.4,0.0,61534.1875,50.7,64606.03125,0,0.0,145.125,deepseek-r1:7b,-1
2025-06-08T15:48:41.024505,2.439339,8.0,0.0,61534.1875,50.7,64606.03125,0,0.0,145.125,deepseek-r1:7b,-1
2025-06-08T15:48:41.129896,2.54473,6.5,0.0,61534.1875,50.7,64606.03125,0,0.0,145.125,deepseek-r1:7b,-1
2025-06-08T15:48:41.231217,2.646051,6.2,0.0,61534.1875,50.7,64606.03125,0,0.0,145.125,deepseek-r1:7b,-1
2025-06-08T15:48:41.336549,2.751383,9.4,0.0,61534.1875,50.7,64606.03125,0,0.0,145.125,deepseek-r1:7b,-1
2025-06-08T15:48:41.441962,2.856796,6.5,0.0,61534.1875,50.7,64606.03125,0,0.0,145.125,deepseek-r1:7b,-1
2025-06-08T15:48:41.543742,2.958576,7.4,0.0,61534.1875,50.7,64606.03125,0,0.0,145.125,deepseek-r1:7b,-1
2025-06-08T15:48:41.649111,3.063945,0.0,0.0,61534.1875,50.7,64606.03125,0,0.0,145.125,deepseek-r1:7b,-1
2025-06-08T15:48:41.751964,3.166798,8.0,0.0,61470.15625,50.7,64671.8125,0,0.0,145.125,deepseek-r1:7b,-1
2025-06-08T15:48:41.853382,3.268216,8.1,0.0,61470.40625,50.7,64672.1875,0,0.0,145.125,deepseek-r1:7b,-1
2025-06-08T15:48:41.958735,3.373569,8.3,0.0,61470.40625,50.7,64672.1875,0,0.0,145.125,deepseek-r1:7b,-1
2025-06-08T15:48:42.064074,3.478908,7.1,0.0,61470.40625,50.7,64672.1875,0,0.1,145.125,deepseek-r1:7b,-1
2025-06-08T15:48:42.165292,3.580126,6.8,0.0,61470.40625,50.7,64672.1875,0,0.0,145.125,deepseek-r1:7b,-1
2025-06-08T15:48:42.270653,3.685487,8.2,0.0,61470.40625,50.7,64672.1875,0,0.0,145.125,deepseek-r1:7b,-1
2025-06-08T15:48:42.376099,3.790933,7.2,0.0,61470.40625,50.7,64672.1875,0,0.0,145.125,deepseek-r1:7b,-1
2025-06-08T15:48:42.479034,3.893868,6.1,0.0,61470.40625,50.7,64672.1875,0,0.0,145.125,deepseek-r1:7b,-1
2025-06-08T15:48:42.584464,3.999298,8.2,0.0,61470.40625,50.7,64672.1875,0,0.0,145.125,deepseek-r1:7b,-1
2025-06-08T15:48:42.689802,4.104636,0.0,0.0,61470.40625,50.7,64672.1875,0,0.0,145.125,deepseek-r1:7b,-1
2025-06-08T15:48:42.794989,4.209823,9.5,0.0,61470.46875,50.7,64675.828125,0,0.0,145.125,deepseek-r1:7b,-1
2025-06-08T15:48:42.898068,4.312902,7.3,0.0,61470.46875,50.7,64675.953125,0,0.0,145.125,deepseek-r1:7b,-1
2025-06-08T15:48:43.003472,4.418306,8.3,0.0,61470.484375,50.7,64676.234375,0,0.0,145.125,deepseek-r1:7b,-1
2025-06-08T15:48:43.108814,4.523648,7.2,0.0,61470.484375,50.7,64676.234375,0,0.0,145.125,deepseek-r1:7b,-1
2025-06-08T15:48:43.209964,4.624798,7.3,0.0,61470.484375,50.7,64676.234375,0,0.0,145.125,deepseek-r1:7b,-1
2025-06-08T15:48:43.315297,4.730131,7.2,0.0,61470.484375,50.7,64676.234375,0,0.0,145.125,deepseek-r1:7b,-1
2025-06-08T15:48:43.415799,4.830633,9.1,0.0,61470.484375,50.7,64676.234375,0,0.0,145.125,deepseek-r1:7b,-1
2025-06-08T15:48:43.521178,4.936012,6.6,0.0,61470.484375,50.7,64676.234375,0,0.0,145.125,deepseek-r1:7b,-1
2025-06-08T15:48:43.626570,5.041404,6.5,0.0,61470.484375,50.7,64676.234375,0,0.0,145.125,deepseek-r1:7b,-1
2025-06-08T15:48:43.731879,5.146713,0.0,0.0,61470.484375,50.7,64676.234375,0,0.0,145.125,deepseek-r1:7b,-1
2025-06-08T15:48:43.835148,5.249982,7.8,0.0,61470.59375,50.7,64678.015625,0,0.0,145.125,deepseek-r1:7b,-1
2025-06-08T15:48:43.940485,5.355319,9.4,0.0,61470.625,50.7,64678.171875,0,0.0,145.125,deepseek-r1:7b,-1
2025-06-08T15:48:44.045865,5.460699,6.6,0.0,61470.484375,50.7,64678.625,0,0.0,145.125,deepseek-r1:7b,-1
2025-06-08T15:48:44.150068,5.564902,6.1,0.0,61470.484375,50.7,64678.625,0,0.0,145.125,deepseek-r1:7b,-1
2025-06-08T15:48:44.250622,5.665456,9.1,0.0,61470.484375,50.7,64678.625,0,0.0,145.125,deepseek-r1:7b,-1
2025-06-08T15:48:44.355967,5.770801,0.0,0.0,61470.484375,50.7,64678.625,0,0.0,145.125,deepseek-r1:7b,-1
2025-06-08T15:48:44.458242,5.873076,0.0,0.0,61470.484375,50.7,64678.625,0,0.0,145.125,deepseek-r1:7b,-1
2025-06-08T15:48:44.560135,5.974969,0.0,0.0,61470.484375,50.7,64678.625,0,0.0,145.125,deepseek-r1:7b,-1
2025-06-08T15:48:44.663670,6.078504,0.0,0.0,61470.484375,50.7,64678.625,0,0.0,145.125,deepseek-r1:7b,-1
2025-06-08T15:48:44.765675,6.180509,0.0,0.0,61470.484375,50.7,64678.625,0,0.0,145.125,deepseek-r1:7b,-1
2025-06-08T15:48:44.867191,6.282025,7.4,0.0,61470.53125,50.7,64676.46875,0,0.0,145.125,deepseek-r1:7b,-1
2025-06-08T15:48:44.972581,6.387415,6.5,0.0,61470.53125,50.7,64676.59375,0,0.0,145.125,deepseek-r1:7b,-1
2025-06-08T15:48:45.077916,6.49275,6.6,0.0,61470.53125,50.7,64676.59375,0,0.0,145.125,deepseek-r1:7b,-1
2025-06-08T15:48:45.179328,6.594162,8.5,0.0,61470.53125,50.7,64676.59375,0,0.0,145.125,deepseek-r1:7b,-1
2025-06-08T15:48:45.284796,6.69963,8.1,0.0,61470.53125,50.7,64676.59375,0,0.0,145.125,deepseek-r1:7b,-1
2025-06-08T15:48:45.385553,6.800387,8.2,0.0,61470.53125,50.7,64676.59375,0,0.0,145.125,deepseek-r1:7b,-1
2025-06-08T15:48:45.490930,6.905764,7.1,0.0,61470.53125,50.7,64676.59375,0,0.0,145.125,deepseek-r1:7b,-1
2025-06-08T15:48:45.593207,7.008041,7.3,0.0,61470.53125,50.7,64676.59375,0,0.0,145.125,deepseek-r1:7b,-1
2025-06-08T15:48:45.697771,7.112605,6.6,0.0,61470.53125,50.7,64676.59375,0,0.0,145.125,deepseek-r1:7b,-1
2025-06-08T15:48:45.799471,7.214305,0.0,0.0,61470.53125,50.7,64676.59375,0,0.0,145.125,deepseek-r1:7b,-1
2025-06-08T15:48:45.901723,7.316557,7.6,0.0,61470.546875,50.7,64674.703125,0,0.0,145.125,deepseek-r1:7b,-1
2025-06-08T15:48:46.005864,7.420698,7.9,0.0,61470.546875,50.7,64674.984375,0,0.0,145.125,deepseek-r1:7b,-1
2025-06-08T15:48:46.107560,7.522394,0.0,0.0,61470.546875,50.7,64675.109375,0,0.0,145.125,deepseek-r1:7b,-1
2025-06-08T15:48:46.212907,7.627741,0.0,0.0,61470.546875,50.7,64675.109375,0,0.0,145.125,deepseek-r1:7b,-1
2025-06-08T15:48:46.318304,7.733138,0.0,0.0,61470.546875,50.7,64675.109375,0,0.0,145.125,deepseek-r1:7b,-1
2025-06-08T15:48:46.423694,7.838528,0.0,0.0,61470.546875,50.7,64675.109375,0,0.0,145.125,deepseek-r1:7b,-1
2025-06-08T15:48:46.529050,7.943884,0.0,0.0,61470.546875,50.7,64675.109375,0,0.0,145.125,deepseek-r1:7b,-1
2025-06-08T15:48:46.632267,8.047101,0.0,0.0,61470.546875,50.7,64675.109375,0,0.0,145.125,deepseek-r1:7b,-1
2025-06-08T15:48:46.734344,8.149178,0.0,0.0,61470.546875,50.7,64675.109375,0,0.0,145.125,deepseek-r1:7b,-1
2025-06-08T15:48:46.839662,8.254496,0.0,0.0,61470.546875,50.7,64675.109375,0,0.0,145.125,deepseek-r1:7b,-1
2025-06-08T15:48:46.941653,8.356487,7.6,0.0,61470.09375,50.7,64673.703125,0,0.0,145.125,deepseek-r1:7b,-1
2025-06-08T15:48:47.043108,8.457942,7.4,0.0,61470.09375,50.7,64673.984375,0,0.0,145.125,deepseek-r1:7b,-1
2025-06-08T15:48:47.145572,8.560406,6.8,0.0,61470.09375,50.7,64674.109375,0,0.0,145.125,deepseek-r1:7b,-1
2025-06-08T15:48:47.249182,8.664016,7.9,0.0,61470.09375,50.7,64674.375,0,0.0,145.125,deepseek-r1:7b,-1
2025-06-08T15:48:47.354576,8.76941,7.7,0.0,61470.09375,50.7,64674.375,0,0.0,145.125,deepseek-r1:7b,-1
2025-06-08T15:48:47.459898,8.874732,7.1,0.0,61470.09375,50.7,64674.375,0,0.0,145.125,deepseek-r1:7b,-1
2025-06-08T15:48:47.564287,8.979121,7.2,0.0,61470.09375,50.7,64674.375,0,0.0,145.125,deepseek-r1:7b,-1
2025-06-08T15:48:47.665899,9.080733,6.9,0.0,61470.09375,50.7,64674.375,0,0.0,145.125,deepseek-r1:7b,-1
2025-06-08T15:48:47.766926,9.18176,9.2,0.0,61470.09375,50.7,64674.375,0,0.0,145.125,deepseek-r1:7b,-1
2025-06-08T15:48:47.868130,9.282964,0.0,0.0,61470.09375,50.7,64674.375,0,0.0,145.125,deepseek-r1:7b,-1
2025-06-08T15:48:47.971006,9.38584,7.1,0.0,61469.875,50.7,64676.125,0,0.0,145.125,deepseek-r1:7b,-1
2025-06-08T15:48:48.076357,9.491191,7.1,0.0,61469.59375,50.7,64676.734375,0,0.0,145.125,deepseek-r1:7b,-1
2025-06-08T15:48:48.181699,9.596533,0.0,0.0,61469.890625,50.7,64677.234375,0,0.0,145.125,deepseek-r1:7b,-1
2025-06-08T15:48:48.283580,9.698414,0.0,0.0,61469.9375,50.7,64677.546875,0,0.0,145.125,deepseek-r1:7b,-1
2025-06-08T15:48:48.387871,9.802705,0.0,0.0,61469.9375,50.7,64677.546875,0,0.0,145.125,deepseek-r1:7b,-1
2025-06-08T15:48:48.493304,9.908138,0.0,0.0,61469.9375,50.7,64677.546875,0,0.0,145.125,deepseek-r1:7b,-1
2025-06-08T15:48:48.598605,10.013439,0.0,0.0,61469.9375,50.7,64677.546875,0,0.0,145.125,deepseek-r1:7b,-1
2025-06-08T15:48:48.703966,10.1188,0.0,0.0,61469.9375,50.7,64677.546875,0,0.0,145.125,deepseek-r1:7b,-1
2025-06-08T15:48:48.809439,10.224273,0.0,0.0,61469.9375,50.7,64677.546875,0,0.0,145.125,deepseek-r1:7b,-1
2025-06-08T15:48:48.914758,10.329592,0.0,0.0,61469.9375,50.7,64677.546875,0,0.0,145.125,deepseek-r1:7b,-1
2025-06-08T15:48:49.020093,10.434927,8.0,0.0,61470.078125,50.7,64675.53125,0,0.0,145.125,deepseek-r1:7b,-1
2025-06-08T15:48:49.125525,10.540359,9.6,0.0,61471.515625,50.7,64674.359375,0,0.0,145.125,deepseek-r1:7b,-1
2025-06-08T15:48:51.317986,0.082648,10.4,0.0,60541.328125,49.9,65604.765625,0,0.0,145.140625,deepseek-r1:7b,-1
2025-06-08T15:48:51.423088,0.18775,15.8,0.0,60308.75,49.8,65840.375,0,0.0,145.140625,deepseek-r1:7b,-1
2025-06-08T15:48:51.528298,0.29296,13.7,0.0,61712.40625,50.8,64437.328125,0,0.0,145.140625,deepseek-r1:7b,-1
2025-06-08T15:48:51.632540,0.397202,7.7,0.0,61712.40625,50.8,64437.328125,0,0.0,145.140625,deepseek-r1:7b,-1
2025-06-08T15:48:51.736616,0.501278,8.4,0.0,61712.40625,50.8,64437.328125,0,0.0,145.140625,deepseek-r1:7b,-1
2025-06-08T15:48:51.837909,0.602571,6.9,0.0,61712.40625,50.8,64437.328125,0,0.0,145.140625,deepseek-r1:7b,-1
2025-06-08T15:48:51.943237,0.707899,7.6,0.0,61712.40625,50.8,64437.328125,0,0.0,145.140625,deepseek-r1:7b,-1
2025-06-08T15:48:52.048645,0.813307,6.6,0.0,61712.40625,50.8,64437.328125,0,0.0,145.140625,deepseek-r1:7b,-1
2025-06-08T15:48:52.154112,0.918774,8.2,0.0,61712.40625,50.8,64437.328125,0,0.0,145.140625,deepseek-r1:7b,-1
2025-06-08T15:48:52.258306,1.022968,7.3,0.0,61712.40625,50.8,64437.328125,0,0.0,145.140625,deepseek-r1:7b,-1
2025-06-08T15:48:52.363664,1.128326,8.2,0.0,61711.28125,50.8,64439.953125,0,0.0,145.140625,deepseek-r1:7b,-1
2025-06-08T15:48:52.469084,1.233746,6.6,0.0,61711.28125,50.8,64439.953125,0,0.0,145.140625,deepseek-r1:7b,-1
2025-06-08T15:48:52.574448,1.33911,8.3,0.0,61711.28125,50.8,64439.953125,0,0.0,145.140625,deepseek-r1:7b,-1
2025-06-08T15:48:52.679295,1.443957,9.0,0.0,61711.28125,50.8,64439.953125,0,0.0,145.140625,deepseek-r1:7b,-1
2025-06-08T15:48:52.781360,1.546022,0.0,0.0,61711.28125,50.8,64439.953125,0,0.0,145.140625,deepseek-r1:7b,-1
2025-06-08T15:48:52.886722,1.651384,0.0,0.0,61711.28125,50.8,64439.953125,0,0.0,145.140625,deepseek-r1:7b,-1
2025-06-08T15:48:52.992128,1.75679,0.0,0.0,61711.28125,50.8,64439.953125,0,0.0,145.140625,deepseek-r1:7b,-1
2025-06-08T15:48:53.097466,1.862128,0.0,0.0,61711.28125,50.8,64439.953125,0,0.0,145.140625,deepseek-r1:7b,-1
2025-06-08T15:48:53.202007,1.966669,0.0,0.0,61711.28125,50.8,64439.953125,0,0.0,145.140625,deepseek-r1:7b,-1
2025-06-08T15:48:53.304288,2.06895,0.0,0.0,61711.28125,50.8,64439.953125,0,0.0,145.140625,deepseek-r1:7b,-1
2025-06-08T15:48:53.404979,2.169641,7.7,0.0,61591.3125,50.7,64554.46875,0,0.0,145.140625,deepseek-r1:7b,-1
2025-06-08T15:48:53.508366,2.273028,7.3,0.0,61591.09375,50.7,64554.984375,0,0.0,145.140625,deepseek-r1:7b,-1
2025-06-08T15:48:53.613721,2.378383,8.3,0.0,61591.09375,50.7,64554.984375,0,0.0,145.140625,deepseek-r1:7b,-1
2025-06-08T15:48:53.715750,2.480412,8.0,0.0,61591.09375,50.7,64554.984375,0,0.0,145.140625,deepseek-r1:7b,-1
2025-06-08T15:48:53.817202,2.581864,8.1,0.0,61591.09375,50.7,64554.984375,0,0.0,145.140625,deepseek-r1:7b,-1
2025-06-08T15:48:53.922569,2.687231,7.6,0.0,61591.09375,50.7,64554.984375,0,0.0,145.140625,deepseek-r1:7b,-1
2025-06-08T15:48:54.023428,2.78809,7.4,0.0,61591.09375,50.7,64554.984375,0,0.0,145.140625,deepseek-r1:7b,-1
2025-06-08T15:48:54.128801,2.893463,0.0,0.0,61591.09375,50.7,64554.984375,0,0.0,145.140625,deepseek-r1:7b,-1
2025-06-08T15:48:54.234329,2.998991,0.0,0.0,61591.09375,50.7,64554.984375,0,0.0,145.140625,deepseek-r1:7b,-1
2025-06-08T15:48:54.336097,3.100759,0.0,0.0,61591.09375,50.7,64554.984375,0,0.0,145.140625,deepseek-r1:7b,-1
2025-06-08T15:48:54.437761,3.202423,7.4,0.0,61526.828125,50.7,64613.375,0,0.0,145.140625,deepseek-r1:7b,-1
2025-06-08T15:48:54.543195,3.307857,7.1,0.0,61526.828125,50.7,64613.640625,0,0.0,145.140625,deepseek-r1:7b,-1
2025-06-08T15:48:54.648588,3.41325,6.1,0.0,61526.828125,50.7,64613.640625,0,0.0,145.140625,deepseek-r1:7b,-1
2025-06-08T15:48:54.751769,3.516431,7.9,0.0,61526.828125,50.7,64613.640625,0,0.0,145.140625,deepseek-r1:7b,-1
2025-06-08T15:48:54.857122,3.621784,8.3,0.0,61526.828125,50.7,64613.640625,0,0.0,145.140625,deepseek-r1:7b,-1
2025-06-08T15:48:54.962470,3.727132,8.1,0.0,61526.828125,50.7,64613.640625,0,0.0,145.140625,deepseek-r1:7b,-1
2025-06-08T15:48:55.065613,3.830275,7.3,0.0,61526.828125,50.7,64613.640625,0,0.0,145.140625,deepseek-r1:7b,-1
2025-06-08T15:48:55.171000,3.935662,0.0,0.0,61526.828125,50.7,64613.640625,0,0.0,145.140625,deepseek-r1:7b,-1
2025-06-08T15:48:55.276355,4.041017,0.0,0.0,61526.828125,50.7,64613.640625,0,0.0,145.140625,deepseek-r1:7b,-1
2025-06-08T15:48:55.376901,4.141563,0.0,0.0,61526.828125,50.7,64613.640625,0,0.0,145.140625,deepseek-r1:7b,-1
2025-06-08T15:48:55.482132,4.246794,8.7,0.0,61527.109375,50.7,64617.78125,0,0.0,145.140625,deepseek-r1:7b,-1
2025-06-08T15:48:55.582938,4.3476,6.9,0.0,61527.109375,50.7,64617.78125,0,0.0,145.140625,deepseek-r1:7b,-1
2025-06-08T15:48:55.688357,4.453019,6.4,0.0,61527.109375,50.7,64617.78125,0,0.0,145.140625,deepseek-r1:7b,-1
2025-06-08T15:48:55.793407,4.558069,9.0,0.0,61527.109375,50.7,64617.78125,0,0.0,145.140625,deepseek-r1:7b,-1
2025-06-08T15:48:55.898746,4.663408,13.5,0.0,61527.109375,50.7,64617.78125,0,0.0,145.140625,deepseek-r1:7b,-1
2025-06-08T15:48:56.004217,4.768879,12.0,0.0,61527.109375,50.7,64617.78125,0,0.0,145.140625,deepseek-r1:7b,-1
2025-06-08T15:48:56.109605,4.874267,8.9,0.0,61527.109375,50.7,64617.78125,0,0.0,145.140625,deepseek-r1:7b,-1
2025-06-08T15:48:56.210756,4.975418,0.0,0.0,61527.109375,50.7,64617.78125,0,0.0,145.140625,deepseek-r1:7b,-1
2025-06-08T15:48:56.316131,5.080793,0.0,0.0,61527.109375,50.7,64617.78125,0,0.0,145.140625,deepseek-r1:7b,-1
2025-06-08T15:48:56.421460,5.186122,0.0,0.0,61527.109375,50.7,64617.78125,0,0.0,145.140625,deepseek-r1:7b,-1
2025-06-08T15:48:56.526822,5.291484,7.2,0.0,61526.296875,50.7,64617.0625,0,0.0,145.140625,deepseek-r1:7b,-1
2025-06-08T15:48:56.631906,5.396568,7.2,0.0,61526.046875,50.7,64617.5625,0,0.0,145.140625,deepseek-r1:7b,-1
2025-06-08T15:48:56.735347,5.500009,0.0,0.0,61526.21875,50.7,64617.9375,0,0.0,145.140625,deepseek-r1:7b,-1
2025-06-08T15:48:56.840709,5.605371,0.0,0.0,61526.25,50.7,64618.265625,0,0.0,145.140625,deepseek-r1:7b,-1
2025-06-08T15:48:56.943383,5.708045,0.0,0.0,61526.25,50.7,64618.265625,0,0.0,145.140625,deepseek-r1:7b,-1
2025-06-08T15:48:57.045265,5.809927,0.0,0.0,61526.25,50.7,64618.265625,0,0.0,145.140625,deepseek-r1:7b,-1
2025-06-08T15:48:57.148034,5.912696,0.0,0.0,61526.25,50.7,64618.265625,0,0.0,145.140625,deepseek-r1:7b,-1
2025-06-08T15:48:57.253419,6.018081,0.0,0.0,61526.25,50.7,64618.265625,0,0.0,145.140625,deepseek-r1:7b,-1
2025-06-08T15:48:57.358760,6.123422,0.0,0.0,61526.25,50.7,64618.265625,0,0.0,145.140625,deepseek-r1:7b,-1
2025-06-08T15:48:57.464091,6.228753,0.0,0.0,61526.25,50.7,64618.265625,0,0.0,145.140625,deepseek-r1:7b,-1
2025-06-08T15:48:57.564687,6.329349,7.6,0.0,61526.328125,50.7,64615.90625,0,0.0,145.140625,deepseek-r1:7b,-1
2025-06-08T15:48:57.670068,6.43473,6.5,0.0,61526.328125,50.7,64616.203125,0,0.0,145.140625,deepseek-r1:7b,-1
2025-06-08T15:48:57.774085,6.538747,8.4,0.0,61526.328125,50.7,64616.203125,0,0.0,145.140625,deepseek-r1:7b,-1
2025-06-08T15:48:57.879459,6.644121,7.7,0.0,61526.328125,50.7,64616.203125,0,0.0,145.140625,deepseek-r1:7b,-1
2025-06-08T15:48:57.984784,6.749446,7.6,0.0,61526.328125,50.7,64616.203125,0,0.0,145.140625,deepseek-r1:7b,-1
2025-06-08T15:48:58.090090,6.854752,7.8,0.0,61526.328125,50.7,64616.203125,0,0.0,145.140625,deepseek-r1:7b,-1
2025-06-08T15:48:58.190508,6.95517,8.2,0.0,61526.328125,50.7,64616.203125,0,0.0,145.140625,deepseek-r1:7b,-1
2025-06-08T15:48:58.291826,7.056488,8.0,0.0,61526.328125,50.7,64616.203125,0,0.0,145.140625,deepseek-r1:7b,-1
2025-06-08T15:48:58.397041,7.161703,6.5,0.0,61526.328125,50.7,64616.203125,0,0.0,145.140625,deepseek-r1:7b,-1
2025-06-08T15:48:58.502447,7.267109,0.0,0.0,61526.328125,50.7,64616.203125,0,0.0,145.140625,deepseek-r1:7b,-1
2025-06-08T15:48:58.607793,7.372455,7.7,0.0,61526.359375,50.7,64618.546875,0,0.0,145.140625,deepseek-r1:7b,-1
2025-06-08T15:48:58.710012,7.474674,7.3,0.0,61526.234375,50.7,64615.03125,0,0.0,145.140625,deepseek-r1:7b,-1
2025-06-08T15:48:58.811955,7.576617,9.1,0.0,61526.109375,50.7,64615.296875,0,0.0,145.140625,deepseek-r1:7b,-1
2025-06-08T15:48:58.913205,7.677867,8.6,0.0,61526.109375,50.7,64615.296875,0,0.0,145.140625,deepseek-r1:7b,-1
2025-06-08T15:48:59.013653,7.778315,6.8,0.0,61526.109375,50.7,64615.296875,0,0.0,145.140625,deepseek-r1:7b,-1
2025-06-08T15:48:59.114341,7.879003,0.0,0.0,61526.109375,50.7,64615.296875,0,0.0,145.140625,deepseek-r1:7b,-1
2025-06-08T15:48:59.215701,7.980363,0.0,0.0,61526.109375,50.7,64615.296875,0,0.0,145.140625,deepseek-r1:7b,-1
2025-06-08T15:48:59.321053,8.085715,0.0,0.0,61526.109375,50.7,64615.296875,0,0.0,145.140625,deepseek-r1:7b,-1
2025-06-08T15:48:59.426386,8.191048,0.0,0.0,61526.109375,50.7,64615.296875,0,0.0,145.140625,deepseek-r1:7b,-1
2025-06-08T15:48:59.528904,8.293566,0.0,0.0,61526.109375,50.7,64615.296875,0,0.0,145.140625,deepseek-r1:7b,-1
2025-06-08T15:48:59.630741,8.395403,7.7,0.0,61526.984375,50.7,64616.09375,0,0.0,145.140625,deepseek-r1:7b,-1
2025-06-08T15:48:59.736107,8.500769,7.1,0.0,61526.984375,50.7,64616.09375,0,0.0,145.140625,deepseek-r1:7b,-1
2025-06-08T15:48:59.841408,8.60607,8.3,0.0,61526.984375,50.7,64616.09375,0,0.0,145.140625,deepseek-r1:7b,-1
2025-06-08T15:48:59.946798,8.71146,8.8,0.0,61526.984375,50.7,64616.09375,0,0.0,145.140625,deepseek-r1:7b,-1
2025-06-08T15:49:00.052208,8.81687,9.6,0.0,61526.984375,50.7,64616.09375,0,0.0,145.140625,deepseek-r1:7b,-1
2025-06-08T15:49:00.156250,8.920912,6.6,0.0,61526.984375,50.7,64616.09375,0,0.0,145.140625,deepseek-r1:7b,-1
2025-06-08T15:49:00.261663,9.026325,8.2,0.0,61526.984375,50.7,64616.09375,0,0.0,145.140625,deepseek-r1:7b,-1
2025-06-08T15:49:00.366960,9.131622,8.3,0.0,61526.984375,50.7,64616.09375,0,0.0,145.140625,deepseek-r1:7b,-1
2025-06-08T15:49:00.469572,9.234234,0.0,0.0,61526.984375,50.7,64616.09375,0,0.0,145.140625,deepseek-r1:7b,-1
2025-06-08T15:49:00.575005,9.339667,0.0,0.0,61526.984375,50.7,64616.09375,0,0.0,145.140625,deepseek-r1:7b,-1
2025-06-08T15:49:00.680338,9.445,7.4,0.0,61590.234375,50.8,64550.859375,0,0.0,145.140625,deepseek-r1:7b,-1
2025-06-08T15:49:00.784990,9.549652,6.6,0.0,61590.25,50.8,64551.015625,0,0.0,145.140625,deepseek-r1:7b,-1
2025-06-08T15:49:00.887195,9.651857,7.4,0.0,61590.25,50.8,64551.28125,0,0.0,145.140625,deepseek-r1:7b,-1
2025-06-08T15:49:00.988307,9.752969,0.0,0.0,61590.25,50.8,64551.421875,0,0.0,145.140625,deepseek-r1:7b,-1
2025-06-08T15:49:01.089121,9.853783,0.0,0.0,61590.25,50.8,64551.421875,0,0.0,145.140625,deepseek-r1:7b,-1
2025-06-08T15:49:01.194470,9.959132,0.0,0.0,61590.25,50.8,64551.421875,0,0.0,145.140625,deepseek-r1:7b,-1
2025-06-08T15:49:01.299929,10.064591,0.0,0.0,61590.25,50.8,64551.421875,0,0.0,145.140625,deepseek-r1:7b,-1
2025-06-08T15:49:01.400396,10.165058,0.0,0.0,61590.25,50.8,64551.421875,0,0.0,145.140625,deepseek-r1:7b,-1
2025-06-08T15:49:01.503138,10.2678,0.0,0.0,61590.25,50.8,64551.421875,0,0.0,145.140625,deepseek-r1:7b,-1
2025-06-08T15:49:01.608506,10.373168,0.0,0.0,61590.25,50.8,64551.421875,0,0.0,145.140625,deepseek-r1:7b,-1
2025-06-08T15:49:01.712845,10.477507,7.3,0.0,61583.375,50.7,64559.859375,0,0.0,145.140625,deepseek-r1:7b,-1
2025-06-08T15:49:01.818189,10.582851,7.7,0.0,61583.375,50.7,64560.015625,0,0.0,145.140625,deepseek-r1:7b,-1
2025-06-08T15:49:01.921439,10.686101,8.0,0.0,61583.375,50.7,64560.015625,0,0.0,145.140625,deepseek-r1:7b,-1
