timestamp,elapsed_time,cpu_percent,gpu_percent,memory_mb,memory_percent,memory_available_mb,gpu_freq_mhz,ollama_cpu_percent,ollama_memory_mb,model,prompt_id
2025-06-08T17:14:51.300612,0.024975,0.0,0.0,60074.484375,49.6,66090.5,0,0.0,148.015625,deepseek-r1:7b,-1
2025-06-08T17:14:51.403144,0.127507,15.4,0.0,60074.484375,49.6,66090.5,0,1.2,148.046875,deepseek-r1:7b,-1
2025-06-08T17:14:51.508293,0.232656,15.5,0.0,60074.484375,49.6,66090.5,0,1.4,148.109375,deepseek-r1:7b,-1
2025-06-08T17:14:51.613679,0.338042,17.1,0.0,60074.484375,49.6,66090.5,0,0.7,148.125,deepseek-r1:7b,-1
2025-06-08T17:14:51.718886,0.443249,14.5,0.0,60074.484375,49.6,66090.5,0,0.7,148.171875,deepseek-r1:7b,-1
2025-06-08T17:14:51.822774,0.547137,17.9,0.0,60074.484375,49.6,66090.5,0,0.2,148.171875,deepseek-r1:7b,-1
2025-06-08T17:14:51.925898,0.650261,16.4,0.0,60074.484375,49.6,66090.5,0,1.9,148.234375,deepseek-r1:7b,-1
2025-06-08T17:14:52.026770,0.751133,14.6,0.0,60074.484375,49.6,66090.5,0,0.5,148.25,deepseek-r1:7b,-1
2025-06-08T17:14:52.130502,0.854865,0.0,0.0,60074.484375,49.6,66090.5,0,0.0,148.25,deepseek-r1:7b,-1
2025-06-08T17:14:52.235682,0.960045,0.0,0.0,60074.484375,49.6,66090.5,0,0.0,148.25,deepseek-r1:7b,-1
2025-06-08T17:14:52.340634,1.064997,14.4,0.0,61956.34375,51.0,64211.40625,0,0.0,148.25,deepseek-r1:7b,-1
2025-06-08T17:14:52.445791,1.170154,8.9,0.0,61956.25,51.0,64212.171875,0,0.0,148.25,deepseek-r1:7b,-1
2025-06-08T17:14:52.550259,1.274622,11.4,0.0,61956.25,51.0,64212.171875,0,0.0,148.25,deepseek-r1:7b,-1
2025-06-08T17:14:52.654498,1.378861,0.0,0.0,61956.25,51.0,64212.171875,0,0.0,148.25,deepseek-r1:7b,-1
2025-06-08T17:14:52.756267,1.48063,0.0,0.0,61956.25,51.0,64212.171875,0,0.0,148.25,deepseek-r1:7b,-1
2025-06-08T17:14:52.858048,1.582411,0.0,0.0,61956.25,51.0,64212.171875,0,0.0,148.25,deepseek-r1:7b,-1
2025-06-08T17:14:52.958554,1.682917,0.0,0.0,61956.25,51.0,64212.171875,0,0.0,148.25,deepseek-r1:7b,-1
2025-06-08T17:14:53.061462,1.785825,0.0,0.0,61956.25,51.0,64212.171875,0,0.0,148.25,deepseek-r1:7b,-1
2025-06-08T17:14:53.166808,1.891171,0.0,0.0,61956.25,51.0,64212.171875,0,0.0,148.25,deepseek-r1:7b,-1
2025-06-08T17:14:53.271929,1.996292,0.0,0.0,61956.25,51.0,64212.171875,0,0.0,148.25,deepseek-r1:7b,-1
2025-06-08T17:14:53.372996,2.097359,13.0,0.0,61950.15625,51.0,64216.125,0,0.0,148.25,deepseek-r1:7b,-1
2025-06-08T17:14:53.477964,2.202327,11.8,0.0,61950.15625,51.0,64216.125,0,0.0,148.25,deepseek-r1:7b,-1
2025-06-08T17:14:53.578458,2.302821,12.4,0.0,61950.15625,51.0,64216.125,0,0.0,148.25,deepseek-r1:7b,-1
2025-06-08T17:14:53.683803,2.408166,11.4,0.0,61950.15625,51.0,64216.125,0,0.0,148.25,deepseek-r1:7b,-1
2025-06-08T17:14:53.789277,2.51364,0.0,0.0,61950.15625,51.0,64216.125,0,0.0,148.25,deepseek-r1:7b,-1
2025-06-08T17:14:53.891957,2.61632,0.0,0.0,61950.15625,51.0,64216.125,0,0.0,148.25,deepseek-r1:7b,-1
2025-06-08T17:14:53.993065,2.717428,0.0,0.0,61950.15625,51.0,64216.125,0,0.0,148.25,deepseek-r1:7b,-1
2025-06-08T17:14:54.096474,2.820837,0.0,0.0,61950.15625,51.0,64216.125,0,0.0,148.25,deepseek-r1:7b,-1
2025-06-08T17:14:54.201804,2.926167,0.0,0.0,61950.15625,51.0,64216.125,0,0.0,148.25,deepseek-r1:7b,-1
2025-06-08T17:14:54.306354,3.030717,0.0,0.0,61950.15625,51.0,64216.125,0,0.0,148.25,deepseek-r1:7b,-1
2025-06-08T17:14:54.410526,3.134889,11.4,0.0,61950.5,51.0,64216.453125,0,0.0,148.25,deepseek-r1:7b,-1
2025-06-08T17:14:54.513082,3.237445,9.3,0.0,61950.46875,51.0,64216.6875,0,0.0,148.25,deepseek-r1:7b,-1
2025-06-08T17:14:54.615171,3.339534,12.2,0.0,61950.515625,51.0,64217.1875,0,0.0,148.25,deepseek-r1:7b,-1
2025-06-08T17:14:54.718116,3.442479,10.9,0.0,61830.21875,50.9,64337.78125,0,0.0,148.25,deepseek-r1:7b,-1
2025-06-08T17:14:54.822972,3.547335,9.8,0.0,61830.21875,50.9,64337.78125,0,0.0,148.25,deepseek-r1:7b,-1
2025-06-08T17:14:54.924068,3.648431,13.8,0.0,61830.21875,50.9,64337.78125,0,0.0,148.25,deepseek-r1:7b,-1
2025-06-08T17:14:55.025178,3.749541,10.1,0.0,61830.21875,50.9,64337.78125,0,0.0,148.25,deepseek-r1:7b,-1
2025-06-08T17:14:55.130691,3.855054,12.0,0.0,61830.21875,50.9,64337.78125,0,0.0,148.25,deepseek-r1:7b,-1
2025-06-08T17:14:55.236045,3.960408,9.4,0.0,61830.21875,50.9,64337.78125,0,0.0,148.25,deepseek-r1:7b,-1
2025-06-08T17:14:55.338116,4.062479,0.0,0.0,61830.21875,50.9,64337.78125,0,0.0,148.25,deepseek-r1:7b,-1
2025-06-08T17:14:55.443309,4.167672,10.6,0.0,61803.0625,50.9,64365.21875,0,0.0,148.25,deepseek-r1:7b,-1
2025-06-08T17:14:55.543871,4.268234,10.5,0.0,61803.0625,50.9,64365.40625,0,0.0,148.25,deepseek-r1:7b,-1
2025-06-08T17:14:55.645195,4.369558,9.9,0.0,61803.0625,50.9,64365.40625,0,0.0,148.25,deepseek-r1:7b,-1
2025-06-08T17:14:55.746277,4.47064,11.7,0.0,61803.0625,50.9,64365.40625,0,0.0,148.25,deepseek-r1:7b,-1
2025-06-08T17:14:55.848496,4.572859,9.9,0.0,61803.0625,50.9,64365.40625,0,0.0,148.25,deepseek-r1:7b,-1
2025-06-08T17:14:55.953846,4.678209,13.5,0.0,61803.0625,50.9,64365.40625,0,0.0,148.25,deepseek-r1:7b,-1
2025-06-08T17:14:56.059234,4.783597,9.5,0.0,61803.0625,50.9,64365.40625,0,0.0,148.25,deepseek-r1:7b,-1
2025-06-08T17:14:56.161387,4.88575,10.6,0.0,61803.0625,50.9,64365.40625,0,0.0,148.25,deepseek-r1:7b,-1
2025-06-08T17:14:56.265140,4.989503,11.3,0.0,61803.0625,50.9,64365.40625,0,0.0,148.25,deepseek-r1:7b,-1
2025-06-08T17:14:56.369840,5.094203,0.0,0.0,61803.0625,50.9,64365.40625,0,0.0,148.25,deepseek-r1:7b,-1
2025-06-08T17:14:56.473461,5.197824,9.8,0.0,61780.234375,50.9,64385.390625,0,0.0,148.25,deepseek-r1:7b,-1
2025-06-08T17:14:56.577133,5.301496,10.1,0.0,61780.234375,50.9,64385.625,0,0.0,148.25,deepseek-r1:7b,-1
2025-06-08T17:14:56.681789,5.406152,10.4,0.0,61780.25,50.9,64386.015625,0,0.0,148.25,deepseek-r1:7b,-1
2025-06-08T17:14:56.783846,5.508209,11.6,0.0,61780.25,50.9,64386.015625,0,0.0,148.25,deepseek-r1:7b,-1
2025-06-08T17:14:56.887821,5.612184,9.5,0.0,61780.25,50.9,64386.015625,0,0.0,148.25,deepseek-r1:7b,-1
2025-06-08T17:14:56.989489,5.713852,0.0,0.0,61780.25,50.9,64386.015625,0,0.0,148.25,deepseek-r1:7b,-1
2025-06-08T17:14:57.091414,5.815777,0.0,0.0,61780.25,50.9,64386.015625,0,0.0,148.25,deepseek-r1:7b,-1
2025-06-08T17:14:59.248084,0.045656,0.0,0.0,61280.859375,50.5,64889.28125,0,0.0,148.25,deepseek-r1:7b,-1
2025-06-08T17:14:59.352993,0.150565,16.2,0.0,61241.359375,50.5,64926.953125,0,0.0,148.25,deepseek-r1:7b,-1
2025-06-08T17:14:59.458208,0.25578,19.4,0.0,61895.328125,51.0,64272.390625,0,0.0,148.25,deepseek-r1:7b,-1
2025-06-08T17:14:59.559442,0.357014,8.8,0.0,61895.328125,51.0,64272.390625,0,0.0,148.25,deepseek-r1:7b,-1
2025-06-08T17:14:59.661044,0.458616,11.6,0.0,61895.328125,51.0,64272.390625,0,0.0,148.25,deepseek-r1:7b,-1
2025-06-08T17:14:59.766411,0.563983,10.1,0.0,61895.328125,51.0,64272.390625,0,0.0,148.25,deepseek-r1:7b,-1
2025-06-08T17:14:59.866796,0.664368,10.0,0.0,61895.328125,51.0,64272.390625,0,0.0,148.25,deepseek-r1:7b,-1
2025-06-08T17:14:59.969945,0.767517,13.2,0.0,61895.328125,51.0,64272.390625,0,0.0,148.25,deepseek-r1:7b,-1
2025-06-08T17:15:00.071113,0.868685,0.0,0.0,61895.328125,51.0,64272.390625,0,0.0,148.25,deepseek-r1:7b,-1
2025-06-08T17:15:00.176501,0.974073,0.0,0.0,61895.328125,51.0,64272.390625,0,0.0,148.25,deepseek-r1:7b,-1
2025-06-08T17:15:00.281860,1.079432,11.1,0.0,61900.875,51.0,64271.828125,0,0.0,148.25,deepseek-r1:7b,-1
2025-06-08T17:15:00.387217,1.184789,10.6,0.0,61900.859375,51.0,64268.09375,0,0.0,148.25,deepseek-r1:7b,-1
2025-06-08T17:15:00.492629,1.290201,0.0,0.0,61901.03125,51.0,64268.53125,0,0.0,148.25,deepseek-r1:7b,-1
2025-06-08T17:15:00.597858,1.39543,0.0,0.0,61901.03125,51.0,64268.53125,0,0.0,148.25,deepseek-r1:7b,-1
2025-06-08T17:15:00.703263,1.500835,0.0,0.0,61901.03125,51.0,64268.53125,0,0.0,148.25,deepseek-r1:7b,-1
2025-06-08T17:15:00.808637,1.606209,0.0,0.0,61901.03125,51.0,64268.53125,0,0.0,148.25,deepseek-r1:7b,-1
2025-06-08T17:15:00.912166,1.709738,0.0,0.0,61901.03125,51.0,64268.53125,0,0.0,148.25,deepseek-r1:7b,-1
2025-06-08T17:15:01.017031,1.814603,0.0,0.0,61901.03125,51.0,64268.53125,0,0.0,148.25,deepseek-r1:7b,-1
2025-06-08T17:15:01.120404,1.917976,0.0,0.0,61901.03125,51.0,64268.53125,0,0.0,148.25,deepseek-r1:7b,-1
2025-06-08T17:15:01.221464,2.019036,0.0,0.0,61901.03125,51.0,64268.53125,0,0.0,148.25,deepseek-r1:7b,-1
2025-06-08T17:15:01.326755,2.124327,11.0,0.0,61780.921875,50.9,64389.953125,0,0.0,148.25,deepseek-r1:7b,-1
2025-06-08T17:15:01.432186,2.229758,9.8,0.0,61780.75,50.9,64390.46875,0,0.0,148.25,deepseek-r1:7b,-1
2025-06-08T17:15:01.532938,2.33051,10.4,0.0,61780.796875,50.9,64390.6875,0,0.0,148.25,deepseek-r1:7b,-1
2025-06-08T17:15:01.638308,2.43588,10.6,0.0,61780.828125,50.9,64391.0625,0,0.0,148.25,deepseek-r1:7b,-1
2025-06-08T17:15:01.743498,2.54107,12.0,0.0,61780.828125,50.9,64391.0625,0,0.0,148.25,deepseek-r1:7b,-1
2025-06-08T17:15:01.848346,2.645918,9.5,0.0,61780.828125,50.9,64391.0625,0,0.0,148.25,deepseek-r1:7b,-1
2025-06-08T17:15:01.953049,2.750621,13.3,0.0,61780.828125,50.9,64391.0625,0,0.0,148.25,deepseek-r1:7b,-1
2025-06-08T17:15:02.058471,2.856043,10.7,0.0,61780.828125,50.9,64391.0625,0,0.0,148.25,deepseek-r1:7b,-1
2025-06-08T17:15:02.160366,2.957938,9.9,0.0,61780.828125,50.9,64391.0625,0,0.0,148.25,deepseek-r1:7b,-1
2025-06-08T17:15:02.265751,3.063323,0.0,0.0,61780.828125,50.9,64391.0625,0,0.0,148.25,deepseek-r1:7b,-1
2025-06-08T17:15:02.368633,3.166205,11.3,0.0,61773.328125,50.9,64394.921875,0,0.0,148.25,deepseek-r1:7b,-1
2025-06-08T17:15:02.474018,3.27159,9.1,0.0,61773.328125,50.9,64395.296875,0,0.0,148.25,deepseek-r1:7b,-1
2025-06-08T17:15:02.579418,3.37699,8.9,0.0,61773.328125,50.9,64395.5,0,0.0,148.25,deepseek-r1:7b,-1
2025-06-08T17:15:02.684753,3.482325,11.3,0.0,61773.328125,50.9,64395.5,0,0.0,148.25,deepseek-r1:7b,-1
2025-06-08T17:15:02.785973,3.583545,10.9,0.0,61773.328125,50.9,64395.5,0,0.0,148.25,deepseek-r1:7b,-1
2025-06-08T17:15:02.891332,3.688904,9.6,0.0,61773.328125,50.9,64395.5,0,0.0,148.25,deepseek-r1:7b,-1
2025-06-08T17:15:02.996691,3.794263,12.6,0.0,61773.328125,50.9,64395.5,0,0.0,148.25,deepseek-r1:7b,-1
2025-06-08T17:15:03.100002,3.897574,9.7,0.0,61773.328125,50.9,64395.5,0,0.0,148.25,deepseek-r1:7b,-1
2025-06-08T17:15:03.202816,4.000388,11.7,0.0,61773.328125,50.9,64395.5,0,0.0,148.25,deepseek-r1:7b,-1
2025-06-08T17:15:03.308177,4.105749,0.0,0.0,61773.328125,50.9,64395.5,0,0.0,148.25,deepseek-r1:7b,-1
2025-06-08T17:15:03.413538,4.21111,9.8,0.0,61773.734375,50.9,64392.859375,0,0.0,148.25,deepseek-r1:7b,-1
2025-06-08T17:15:03.518882,4.316454,10.5,0.0,61773.734375,50.9,64392.859375,0,0.0,148.25,deepseek-r1:7b,-1
2025-06-08T17:15:03.623795,4.421367,10.8,0.0,61773.734375,50.9,64392.859375,0,0.0,148.25,deepseek-r1:7b,-1
2025-06-08T17:15:03.727755,4.525327,10.6,0.0,61773.734375,50.9,64392.859375,0,0.0,148.25,deepseek-r1:7b,-1
2025-06-08T17:15:03.833147,4.630719,9.8,0.0,61773.734375,50.9,64392.859375,0,0.0,148.25,deepseek-r1:7b,-1
2025-06-08T17:15:03.933951,4.731523,11.2,0.0,61773.734375,50.9,64392.859375,0,0.0,148.25,deepseek-r1:7b,-1
2025-06-08T17:15:06.085378,0.042546,11.9,0.0,61282.140625,50.5,64890.578125,0,0.0,148.25,deepseek-r1:7b,-1
2025-06-08T17:15:06.190372,0.14754,15.5,0.0,61217.890625,50.4,64956.453125,0,0.0,148.25,deepseek-r1:7b,-1
2025-06-08T17:15:06.295935,0.253103,17.8,0.0,61415.8125,50.6,64757.640625,0,0.0,148.25,deepseek-r1:7b,-1
2025-06-08T17:15:06.401367,0.358535,11.2,0.0,61415.8125,50.6,64757.640625,0,0.0,148.25,deepseek-r1:7b,-1
2025-06-08T17:15:06.505083,0.462251,10.3,0.0,61415.8125,50.6,64757.640625,0,0.0,148.25,deepseek-r1:7b,-1
2025-06-08T17:15:06.606952,0.56412,9.9,0.0,61415.8125,50.6,64757.640625,0,0.0,148.25,deepseek-r1:7b,-1
2025-06-08T17:15:06.712509,0.669677,12.2,0.0,61415.8125,50.6,64757.640625,0,0.0,148.25,deepseek-r1:7b,-1
2025-06-08T17:15:06.817925,0.775093,13.6,0.0,61415.8125,50.6,64757.640625,0,0.0,148.25,deepseek-r1:7b,-1
2025-06-08T17:15:06.922616,0.879784,11.9,0.0,61415.8125,50.6,64757.640625,0,0.0,148.25,deepseek-r1:7b,-1
2025-06-08T17:15:07.027812,0.98498,0.0,0.0,61415.8125,50.6,64757.640625,0,0.0,148.25,deepseek-r1:7b,-1
2025-06-08T17:15:07.129648,1.086816,10.9,0.0,61895.125,51.0,64273.5625,0,0.0,148.25,deepseek-r1:7b,-1
2025-06-08T17:15:07.231920,1.189088,10.9,0.0,61895.078125,51.0,64273.828125,0,0.0,148.25,deepseek-r1:7b,-1
2025-06-08T17:15:07.337309,1.294477,10.2,0.0,61895.078125,51.0,64273.828125,0,0.0,148.25,deepseek-r1:7b,-1
2025-06-08T17:15:07.440013,1.397181,11.5,0.0,61895.078125,51.0,64273.828125,0,0.0,148.25,deepseek-r1:7b,-1
2025-06-08T17:15:07.543135,1.500303,10.3,0.0,61895.078125,51.0,64273.828125,0,0.0,148.25,deepseek-r1:7b,-1
2025-06-08T17:15:07.643956,1.601124,8.8,0.0,61895.078125,51.0,64273.828125,0,0.0,148.25,deepseek-r1:7b,-1
2025-06-08T17:15:07.747279,1.704447,11.4,0.0,61895.078125,51.0,64273.828125,0,0.0,148.25,deepseek-r1:7b,-1
2025-06-08T17:15:07.847692,1.80486,0.0,0.0,61895.078125,51.0,64273.828125,0,0.0,148.25,deepseek-r1:7b,-1
2025-06-08T17:15:07.949176,1.906344,0.0,0.0,61895.078125,51.0,64273.828125,0,0.0,148.25,deepseek-r1:7b,-1
2025-06-08T17:15:08.054412,2.01158,0.0,0.0,61895.078125,51.0,64273.828125,0,0.8,148.265625,deepseek-r1:7b,-1
2025-06-08T17:15:08.159716,2.116884,11.4,0.0,61774.859375,50.9,64395.203125,0,0.0,148.265625,deepseek-r1:7b,-1
2025-06-08T17:15:08.265103,2.222271,11.2,0.0,61774.875,50.9,64395.640625,0,0.0,148.265625,deepseek-r1:7b,-1
2025-06-08T17:15:08.369044,2.326212,9.7,0.0,61774.875,50.9,64395.640625,0,0.0,148.265625,deepseek-r1:7b,-1
2025-06-08T17:15:08.474412,2.43158,10.7,0.0,61774.875,50.9,64395.640625,0,0.0,148.265625,deepseek-r1:7b,-1
2025-06-08T17:15:08.576712,2.53388,9.3,0.0,61774.875,50.9,64395.640625,0,0.0,148.265625,deepseek-r1:7b,-1
2025-06-08T17:15:08.680053,2.637221,10.8,0.0,61774.875,50.9,64395.640625,0,0.0,148.265625,deepseek-r1:7b,-1
2025-06-08T17:15:08.785385,2.742553,9.6,0.0,61774.875,50.9,64395.640625,0,0.0,148.265625,deepseek-r1:7b,-1
2025-06-08T17:15:08.887904,2.845072,10.9,0.0,61774.875,50.9,64395.640625,0,0.0,148.265625,deepseek-r1:7b,-1
2025-06-08T17:15:08.993286,2.950454,13.6,0.0,61774.875,50.9,64395.640625,0,0.0,148.265625,deepseek-r1:7b,-1
2025-06-08T17:15:09.095588,3.052756,10.8,0.0,61774.875,50.9,64395.640625,0,0.0,148.265625,deepseek-r1:7b,-1
2025-06-08T17:15:09.200923,3.158091,10.1,0.0,61770.390625,50.9,64396.71875,0,0.0,148.265625,deepseek-r1:7b,-1
2025-06-08T17:15:09.306275,3.263443,10.7,0.0,61770.375,50.9,64397.09375,0,0.0,148.265625,deepseek-r1:7b,-1
2025-06-08T17:15:09.407114,3.364282,12.2,0.0,61770.390625,50.9,64399.234375,0,0.0,148.265625,deepseek-r1:7b,-1
2025-06-08T17:15:09.507664,3.464832,10.6,0.0,61770.390625,50.9,64399.234375,0,0.0,148.265625,deepseek-r1:7b,-1
2025-06-08T17:15:09.612762,3.56993,10.5,0.0,61770.390625,50.9,64399.234375,0,0.0,148.265625,deepseek-r1:7b,-1
2025-06-08T17:15:09.718229,3.675397,10.7,0.0,61770.390625,50.9,64399.234375,0,0.0,148.265625,deepseek-r1:7b,-1
2025-06-08T17:15:09.822671,3.779839,9.6,0.0,61770.390625,50.9,64399.234375,0,0.0,148.265625,deepseek-r1:7b,-1
2025-06-08T17:15:09.927478,3.884646,10.8,0.0,61770.390625,50.9,64399.234375,0,0.0,148.265625,deepseek-r1:7b,-1
2025-06-08T17:15:10.029170,3.986338,10.0,0.0,61770.390625,50.9,64399.234375,0,0.0,148.265625,deepseek-r1:7b,-1
2025-06-08T17:15:10.131878,4.089046,11.5,0.0,61770.390625,50.9,64399.234375,0,0.0,148.265625,deepseek-r1:7b,-1
2025-06-08T17:15:10.237252,4.19442,11.1,0.0,61770.4375,50.9,64403.65625,0,0.0,148.265625,deepseek-r1:7b,-1
2025-06-08T17:15:10.342662,4.29983,9.1,0.0,61770.4375,50.9,64403.65625,0,0.0,148.265625,deepseek-r1:7b,-1
2025-06-08T17:15:10.448004,4.405172,10.6,0.0,61770.4375,50.9,64403.65625,0,0.0,148.265625,deepseek-r1:7b,-1
2025-06-08T17:15:10.553324,4.510492,9.6,0.0,61770.4375,50.9,64403.65625,0,0.0,148.265625,deepseek-r1:7b,-1
2025-06-08T17:15:10.656788,4.613956,10.8,0.0,61770.4375,50.9,64403.65625,0,0.0,148.265625,deepseek-r1:7b,-1
2025-06-08T17:15:10.757399,4.714567,0.0,0.0,61770.4375,50.9,64403.65625,0,0.0,148.265625,deepseek-r1:7b,-1
2025-06-08T17:15:10.858579,4.815747,0.0,0.0,61770.4375,50.9,64403.65625,0,0.0,148.265625,deepseek-r1:7b,-1
2025-06-08T17:15:10.959714,4.916882,0.0,0.0,61770.4375,50.9,64403.65625,0,0.0,148.265625,deepseek-r1:7b,-1
2025-06-08T17:15:11.065086,5.022254,0.0,0.0,61770.4375,50.9,64403.65625,0,0.0,148.265625,deepseek-r1:7b,-1
2025-06-08T17:15:11.168984,5.126152,0.0,0.0,61770.4375,50.9,64403.65625,0,0.0,148.265625,deepseek-r1:7b,-1
2025-06-08T17:15:11.272611,5.229779,11.7,0.0,61765.03125,50.9,64406.078125,0,0.0,148.265625,deepseek-r1:7b,-1
2025-06-08T17:15:11.377306,5.334474,9.0,0.0,61765.03125,50.9,64406.078125,0,0.0,148.265625,deepseek-r1:7b,-1
2025-06-08T17:15:11.480998,5.438166,0.0,0.0,61765.03125,50.9,64406.078125,0,0.0,148.265625,deepseek-r1:7b,-1
2025-06-08T17:15:11.585134,5.542302,0.0,0.0,61765.03125,50.9,64406.078125,0,0.0,148.265625,deepseek-r1:7b,-1
2025-06-08T17:15:11.687460,5.644628,0.0,0.0,61765.03125,50.9,64406.078125,0,0.0,148.265625,deepseek-r1:7b,-1
2025-06-08T17:15:11.789293,5.746461,0.0,0.0,61765.03125,50.9,64406.078125,0,0.0,148.265625,deepseek-r1:7b,-1
2025-06-08T17:15:11.893965,5.851133,0.0,0.0,61765.03125,50.9,64406.078125,0,0.0,148.265625,deepseek-r1:7b,-1
2025-06-08T17:15:11.994784,5.951952,0.0,0.0,61765.03125,50.9,64406.078125,0,0.0,148.265625,deepseek-r1:7b,-1
2025-06-08T17:15:12.095674,6.052842,0.0,0.0,61765.03125,50.9,64406.078125,0,0.0,148.265625,deepseek-r1:7b,-1
2025-06-08T17:15:12.197641,6.154809,0.0,0.0,61765.03125,50.9,64406.078125,0,0.0,148.265625,deepseek-r1:7b,-1
2025-06-08T17:15:12.303029,6.260197,10.5,0.0,61765.0,50.9,64407.21875,0,0.0,148.265625,deepseek-r1:7b,-1
2025-06-08T17:15:12.405052,6.36222,9.8,0.0,61765.0,50.9,64403.4375,0,0.0,148.265625,deepseek-r1:7b,-1
2025-06-08T17:15:12.510128,6.467296,11.1,0.0,61765.0,50.9,64403.4375,0,0.0,148.265625,deepseek-r1:7b,-1
2025-06-08T17:15:12.614897,6.572065,9.1,0.0,61765.0,50.9,64403.4375,0,0.0,148.265625,deepseek-r1:7b,-1
2025-06-08T17:15:12.720255,6.677423,10.1,0.0,61765.0,50.9,64403.4375,0,0.0,148.265625,deepseek-r1:7b,-1
2025-06-08T17:15:12.820960,6.778128,10.5,0.0,61765.0,50.9,64403.4375,0,0.0,148.265625,deepseek-r1:7b,-1
2025-06-08T17:15:12.921671,6.878839,9.6,0.0,61765.0,50.9,64403.4375,0,0.0,148.265625,deepseek-r1:7b,-1
2025-06-08T17:15:13.027059,6.984227,14.0,0.0,61765.0,50.9,64403.4375,0,0.0,148.265625,deepseek-r1:7b,-1
2025-06-08T17:15:13.130046,7.087214,0.0,0.0,61765.0,50.9,64403.4375,0,0.0,148.265625,deepseek-r1:7b,-1
2025-06-08T17:15:13.235382,7.19255,0.0,0.0,61765.0,50.9,64403.4375,0,0.0,148.265625,deepseek-r1:7b,-1
2025-06-08T17:15:13.338253,7.295421,10.1,0.0,61765.046875,50.9,64408.46875,0,0.0,148.265625,deepseek-r1:7b,-1
2025-06-08T17:15:13.439271,7.396439,9.4,0.0,61764.703125,50.9,64409.109375,0,0.0,148.265625,deepseek-r1:7b,-1
2025-06-08T17:15:13.544681,7.501849,10.2,0.0,61764.71875,50.9,64409.4375,0,0.0,148.265625,deepseek-r1:7b,-1
2025-06-08T17:15:13.650043,7.607211,10.5,0.0,61764.71875,50.9,64409.4375,0,0.0,148.265625,deepseek-r1:7b,-1
2025-06-08T17:15:13.754278,7.711446,9.8,0.0,61764.71875,50.9,64409.4375,0,0.0,148.265625,deepseek-r1:7b,-1
2025-06-08T17:15:15.908599,0.045937,11.6,0.0,61287.8125,50.5,64885.046875,0,0.0,148.28125,deepseek-r1:7b,-1
2025-06-08T17:15:16.013725,0.151063,19.5,0.0,61235.375,50.5,64941.0,0,0.0,148.28125,deepseek-r1:7b,-1
2025-06-08T17:15:16.117496,0.254834,17.2,0.0,61235.375,50.5,64941.0,0,0.0,148.28125,deepseek-r1:7b,-1
2025-06-08T17:15:16.222547,0.359885,13.3,0.0,61235.375,50.5,64941.0,0,0.0,148.28125,deepseek-r1:7b,-1
2025-06-08T17:15:16.327859,0.465197,10.7,0.0,61235.375,50.5,64941.0,0,0.0,148.28125,deepseek-r1:7b,-1
2025-06-08T17:15:16.433243,0.570581,11.7,0.0,61235.375,50.5,64941.0,0,0.0,148.28125,deepseek-r1:7b,-1
2025-06-08T17:15:16.536564,0.673902,0.0,0.0,61235.375,50.5,64941.0,0,0.0,148.28125,deepseek-r1:7b,-1
2025-06-08T17:15:16.637483,0.774821,0.0,0.0,61235.375,50.5,64941.0,0,0.0,148.28125,deepseek-r1:7b,-1
2025-06-08T17:15:16.740628,0.877966,0.0,0.0,61235.375,50.5,64941.0,0,0.0,148.28125,deepseek-r1:7b,-1
2025-06-08T17:15:16.843607,0.980945,0.0,0.0,61235.375,50.5,64941.0,0,0.0,148.28125,deepseek-r1:7b,-1
2025-06-08T17:15:16.947601,1.084939,10.6,0.0,61899.921875,51.0,64272.75,0,0.0,148.28125,deepseek-r1:7b,-1
2025-06-08T17:15:17.053036,1.190374,12.4,0.0,61900.5625,51.0,64270.3125,0,0.0,148.28125,deepseek-r1:7b,-1
2025-06-08T17:15:17.156765,1.294103,11.0,0.0,61900.625,51.0,64270.640625,0,0.0,148.28125,deepseek-r1:7b,-1
2025-06-08T17:15:17.259535,1.396873,10.4,0.0,61900.625,51.0,64270.640625,0,0.0,148.28125,deepseek-r1:7b,-1
2025-06-08T17:15:17.362736,1.500074,10.6,0.0,61900.625,51.0,64270.640625,0,0.0,148.28125,deepseek-r1:7b,-1
2025-06-08T17:15:17.468089,1.605427,0.0,0.0,61900.625,51.0,64270.640625,0,0.0,148.28125,deepseek-r1:7b,-1
2025-06-08T17:15:17.572533,1.709871,0.0,0.0,61900.625,51.0,64270.640625,0,0.0,148.28125,deepseek-r1:7b,-1
2025-06-08T17:15:17.677926,1.815264,0.0,0.0,61900.625,51.0,64270.640625,0,0.0,148.28125,deepseek-r1:7b,-1
2025-06-08T17:15:17.782485,1.919823,0.0,0.0,61900.625,51.0,64270.640625,0,0.0,148.28125,deepseek-r1:7b,-1
2025-06-08T17:15:17.887840,2.025178,0.0,0.0,61900.625,51.0,64270.640625,0,0.0,148.28125,deepseek-r1:7b,-1
2025-06-08T17:15:17.993212,2.13055,11.0,0.0,61780.09375,50.9,64387.59375,0,0.0,148.28125,deepseek-r1:7b,-1
2025-06-08T17:15:18.097701,2.235039,10.7,0.0,61780.078125,50.9,64387.84375,0,0.0,148.28125,deepseek-r1:7b,-1
2025-06-08T17:15:18.198398,2.335736,0.0,0.0,61780.03125,50.9,64388.234375,0,0.0,148.28125,deepseek-r1:7b,-1
2025-06-08T17:15:18.303805,2.441143,0.0,0.0,61780.03125,50.9,64388.234375,0,0.0,148.28125,deepseek-r1:7b,-1
2025-06-08T17:15:18.405054,2.542392,0.0,0.0,61780.03125,50.9,64388.234375,0,0.0,148.28125,deepseek-r1:7b,-1
2025-06-08T17:15:18.505825,2.643163,0.0,0.0,61780.03125,50.9,64388.234375,0,0.0,148.28125,deepseek-r1:7b,-1
2025-06-08T17:15:18.611179,2.748517,0.0,0.0,61780.03125,50.9,64388.234375,0,0.0,148.28125,deepseek-r1:7b,-1
2025-06-08T17:15:18.712750,2.850088,0.0,0.0,61780.03125,50.9,64388.234375,0,0.0,148.28125,deepseek-r1:7b,-1
2025-06-08T17:15:18.818112,2.95545,0.0,0.0,61780.03125,50.9,64388.234375,0,0.0,148.28125,deepseek-r1:7b,-1
2025-06-08T17:15:18.923507,3.060845,0.0,0.0,61780.03125,50.9,64388.234375,0,0.0,148.28125,deepseek-r1:7b,-1
2025-06-08T17:15:19.024056,3.161394,10.7,0.0,61775.3125,50.9,64397.1875,0,0.0,148.28125,deepseek-r1:7b,-1
2025-06-08T17:15:19.129463,3.266801,9.1,0.0,61775.328125,50.9,64397.5625,0,0.0,148.28125,deepseek-r1:7b,-1
2025-06-08T17:15:19.232371,3.369709,10.2,0.0,61775.28125,50.9,64397.84375,0,0.0,148.28125,deepseek-r1:7b,-1
2025-06-08T17:15:19.337762,3.4751,10.1,0.0,61775.28125,50.9,64397.84375,0,0.0,148.28125,deepseek-r1:7b,-1
2025-06-08T17:15:19.442482,3.57982,10.2,0.0,61775.28125,50.9,64397.84375,0,0.0,148.28125,deepseek-r1:7b,-1
2025-06-08T17:15:19.547871,3.685209,0.0,0.0,61775.28125,50.9,64397.84375,0,0.0,148.28125,deepseek-r1:7b,-1
2025-06-08T17:15:19.653264,3.790602,0.0,0.0,61775.28125,50.9,64397.84375,0,0.0,148.28125,deepseek-r1:7b,-1
2025-06-08T17:15:19.755817,3.893155,0.0,0.0,61775.28125,50.9,64397.84375,0,0.0,148.28125,deepseek-r1:7b,-1
2025-06-08T17:15:19.856599,3.993937,0.0,0.0,61775.28125,50.9,64397.84375,0,0.0,148.28125,deepseek-r1:7b,-1
2025-06-08T17:15:19.961706,4.099044,0.0,0.0,61775.28125,50.9,64397.84375,0,0.0,148.28125,deepseek-r1:7b,-1
2025-06-08T17:15:20.065605,4.202943,11.4,0.0,61775.3125,50.9,64392.296875,0,0.0,148.28125,deepseek-r1:7b,-1
2025-06-08T17:15:20.166066,4.303404,9.5,0.0,61775.3125,50.9,64388.65625,0,0.0,148.28125,deepseek-r1:7b,-1
2025-06-08T17:15:22.320300,0.045552,12.0,0.0,61290.609375,50.5,64882.984375,0,0.0,148.28125,deepseek-r1:7b,-1
2025-06-08T17:15:22.425454,0.150706,16.8,0.0,61245.515625,50.5,64925.75,0,0.0,148.28125,deepseek-r1:7b,-1
2025-06-08T17:15:22.530925,0.256177,16.7,0.0,61245.515625,50.5,64925.75,0,0.0,148.28125,deepseek-r1:7b,-1
2025-06-08T17:15:22.631515,0.356767,11.1,0.0,61245.515625,50.5,64925.75,0,0.0,148.28125,deepseek-r1:7b,-1
2025-06-08T17:15:22.734428,0.45968,10.8,0.0,61245.515625,50.5,64925.75,0,0.0,148.28125,deepseek-r1:7b,-1
2025-06-08T17:15:22.835534,0.560786,9.4,0.0,61245.515625,50.5,64925.75,0,0.0,148.28125,deepseek-r1:7b,-1
2025-06-08T17:15:22.940926,0.666178,11.2,0.0,61245.515625,50.5,64925.75,0,0.0,148.28125,deepseek-r1:7b,-1
2025-06-08T17:15:23.043219,0.768471,11.8,0.0,61245.515625,50.5,64925.75,0,0.0,148.28125,deepseek-r1:7b,-1
2025-06-08T17:15:23.146849,0.872101,10.3,0.0,61245.515625,50.5,64925.75,0,0.0,148.28125,deepseek-r1:7b,-1
2025-06-08T17:15:23.251656,0.976908,0.0,0.0,61245.515625,50.5,64925.75,0,0.0,148.28125,deepseek-r1:7b,-1
2025-06-08T17:15:23.354890,1.080142,10.2,0.0,61908.71875,51.0,64264.671875,0,0.0,148.28125,deepseek-r1:7b,-1
2025-06-08T17:15:23.460218,1.18547,10.1,0.0,61908.765625,51.0,64260.96875,0,0.0,148.28125,deepseek-r1:7b,-1
2025-06-08T17:15:23.562421,1.287673,10.5,0.0,61908.765625,51.0,64261.328125,0,0.0,148.28125,deepseek-r1:7b,-1
2025-06-08T17:15:23.667787,1.393039,11.2,0.0,61908.78125,51.0,64261.5625,0,0.0,148.28125,deepseek-r1:7b,-1
2025-06-08T17:15:23.768846,1.494098,10.6,0.0,61908.78125,51.0,64261.5625,0,0.0,148.28125,deepseek-r1:7b,-1
2025-06-08T17:15:23.874203,1.599455,9.5,0.0,61908.78125,51.0,64261.5625,0,0.0,148.28125,deepseek-r1:7b,-1
2025-06-08T17:15:23.975264,1.700516,0.0,0.0,61908.78125,51.0,64261.5625,0,0.0,148.28125,deepseek-r1:7b,-1
2025-06-08T17:15:24.075938,1.80119,0.0,0.0,61908.78125,51.0,64261.5625,0,0.0,148.28125,deepseek-r1:7b,-1
2025-06-08T17:15:24.181181,1.906433,0.0,0.0,61908.78125,51.0,64261.5625,0,0.0,148.28125,deepseek-r1:7b,-1
2025-06-08T17:15:24.286513,2.011765,0.0,0.0,61908.78125,51.0,64261.5625,0,0.0,148.28125,deepseek-r1:7b,-1
2025-06-08T17:15:24.387520,2.112772,10.7,0.0,61788.59375,50.9,64381.796875,0,0.0,148.28125,deepseek-r1:7b,-1
2025-06-08T17:15:24.492676,2.217928,11.8,0.0,61788.609375,50.9,64382.0,0,0.0,148.28125,deepseek-r1:7b,-1
2025-06-08T17:15:24.593481,2.318733,8.8,0.0,61788.640625,50.9,64382.328125,0,0.0,148.28125,deepseek-r1:7b,-1
2025-06-08T17:15:24.698562,2.423814,10.1,0.0,61788.640625,50.9,64382.328125,0,0.0,148.28125,deepseek-r1:7b,-1
2025-06-08T17:15:24.799424,2.524676,11.2,0.0,61788.640625,50.9,64382.328125,0,0.0,148.28125,deepseek-r1:7b,-1
2025-06-08T17:15:24.904045,2.629297,13.0,0.0,61788.640625,50.9,64382.328125,0,0.0,148.28125,deepseek-r1:7b,-1
2025-06-08T17:15:25.009245,2.734497,14.3,0.0,61788.640625,50.9,64382.328125,0,0.0,148.28125,deepseek-r1:7b,-1
2025-06-08T17:15:25.114451,2.839703,0.0,0.0,61788.640625,50.9,64382.328125,0,0.0,148.28125,deepseek-r1:7b,-1
2025-06-08T17:15:25.216607,2.941859,0.0,0.0,61788.640625,50.9,64382.328125,0,0.0,148.28125,deepseek-r1:7b,-1
2025-06-08T17:15:25.318200,3.043452,0.0,0.0,61788.640625,50.9,64382.328125,0,0.0,148.28125,deepseek-r1:7b,-1
2025-06-08T17:15:25.423596,3.148848,10.0,0.0,61781.453125,50.9,64388.0625,0,0.0,148.28125,deepseek-r1:7b,-1
2025-06-08T17:15:25.526777,3.252029,11.5,0.0,61781.40625,50.9,64388.3125,0,0.0,148.28125,deepseek-r1:7b,-1
2025-06-08T17:15:25.631142,3.356394,9.6,0.0,61781.40625,50.9,64388.3125,0,0.0,148.28125,deepseek-r1:7b,-1
2025-06-08T17:15:25.733116,3.458368,10.6,0.0,61781.40625,50.9,64388.3125,0,0.0,148.28125,deepseek-r1:7b,-1
2025-06-08T17:15:25.835792,3.561044,0.0,0.0,61781.40625,50.9,64388.3125,0,0.0,148.28125,deepseek-r1:7b,-1
2025-06-08T17:15:25.941180,3.666432,0.0,0.0,61781.40625,50.9,64388.3125,0,0.0,148.28125,deepseek-r1:7b,-1
2025-06-08T17:15:26.043420,3.768672,0.0,0.0,61781.40625,50.9,64388.3125,0,0.0,148.28125,deepseek-r1:7b,-1
2025-06-08T17:15:26.148779,3.874031,0.0,0.0,61781.40625,50.9,64388.3125,0,0.0,148.28125,deepseek-r1:7b,-1
2025-06-08T17:15:26.254150,3.979402,0.0,0.0,61781.40625,50.9,64388.3125,0,0.0,148.28125,deepseek-r1:7b,-1
2025-06-08T17:15:26.356132,4.081384,0.0,0.0,61781.40625,50.9,64388.3125,0,0.0,148.28125,deepseek-r1:7b,-1
2025-06-08T17:15:26.461503,4.186755,10.5,0.0,61781.984375,50.9,64393.46875,0,0.0,148.28125,deepseek-r1:7b,-1
2025-06-08T17:15:26.564453,4.289705,11.4,0.0,61781.734375,50.9,64394.078125,0,0.0,148.28125,deepseek-r1:7b,-1
2025-06-08T17:15:26.669840,4.395092,9.6,0.0,61781.75,50.9,64394.34375,0,0.0,148.28125,deepseek-r1:7b,-1
2025-06-08T17:15:26.774730,4.499982,10.7,0.0,61781.75,50.9,64394.75,0,0.0,148.28125,deepseek-r1:7b,-1
2025-06-08T17:15:26.879941,4.605193,9.9,0.0,61781.75,50.9,64394.75,0,0.0,148.28125,deepseek-r1:7b,-1
2025-06-08T17:15:26.985070,4.710322,12.0,0.0,61781.75,50.9,64394.75,0,0.0,148.28125,deepseek-r1:7b,-1
2025-06-08T17:15:27.090335,4.815587,10.7,0.0,61781.75,50.9,64394.75,0,0.0,148.28125,deepseek-r1:7b,-1
2025-06-08T17:15:27.193242,4.918494,0.0,0.0,61781.75,50.9,64394.75,0,0.0,148.28125,deepseek-r1:7b,-1
2025-06-08T17:15:27.298627,5.023879,0.0,0.0,61781.75,50.9,64394.75,0,0.0,148.28125,deepseek-r1:7b,-1
2025-06-08T17:15:27.399512,5.124764,0.0,0.0,61781.75,50.9,64394.75,0,0.0,148.28125,deepseek-r1:7b,-1
2025-06-08T17:15:27.504923,5.230175,10.5,0.0,61771.1875,50.9,64401.703125,0,0.0,148.28125,deepseek-r1:7b,-1
2025-06-08T17:15:27.606193,5.331445,11.0,0.0,61771.1875,50.9,64401.703125,0,0.0,148.28125,deepseek-r1:7b,-1
2025-06-08T17:15:27.709757,5.435009,10.4,0.0,61771.1875,50.9,64401.703125,0,0.0,148.28125,deepseek-r1:7b,-1
2025-06-08T17:15:29.866384,0.045102,12.3,0.0,61251.4375,50.5,64918.671875,0,0.0,148.28125,deepseek-r1:7b,-1
2025-06-08T17:15:29.969769,0.148487,19.4,0.0,61427.03125,50.6,64731.109375,0,0.0,148.28125,deepseek-r1:7b,-1
2025-06-08T17:15:30.072224,0.250942,14.5,0.0,61883.984375,51.0,64288.171875,0,0.0,148.28125,deepseek-r1:7b,-1
2025-06-08T17:15:30.177213,0.355931,0.0,0.0,61885.765625,51.0,64284.453125,0,0.0,148.28125,deepseek-r1:7b,-1
2025-06-08T17:15:30.282625,0.461343,0.0,0.0,61885.765625,51.0,64284.453125,0,0.0,148.28125,deepseek-r1:7b,-1
2025-06-08T17:15:30.387981,0.566699,0.0,0.0,61885.765625,51.0,64284.453125,0,0.0,148.28125,deepseek-r1:7b,-1
2025-06-08T17:15:30.493338,0.672056,0.0,0.0,61885.765625,51.0,64284.453125,0,0.0,148.28125,deepseek-r1:7b,-1
2025-06-08T17:15:30.597815,0.776533,0.0,0.0,61885.765625,51.0,64284.453125,0,0.0,148.28125,deepseek-r1:7b,-1
2025-06-08T17:15:30.703209,0.881927,0.0,0.0,61885.765625,51.0,64284.453125,0,0.0,148.28125,deepseek-r1:7b,-1
2025-06-08T17:15:30.808577,0.987295,0.0,0.0,61885.765625,51.0,64284.453125,0,0.0,148.28125,deepseek-r1:7b,-1
2025-06-08T17:15:30.912748,1.091466,10.5,0.0,61885.609375,51.0,64286.921875,0,0.0,148.28125,deepseek-r1:7b,-1
2025-06-08T17:15:31.015980,1.194698,12.3,0.0,61885.65625,51.0,64285.015625,0,0.0,148.28125,deepseek-r1:7b,-1
2025-06-08T17:15:31.120203,1.298921,11.8,0.0,61885.65625,51.0,64285.015625,0,0.0,148.28125,deepseek-r1:7b,-1
2025-06-08T17:15:31.222234,1.400952,10.4,0.0,61885.65625,51.0,64285.015625,0,0.0,148.28125,deepseek-r1:7b,-1
2025-06-08T17:15:31.326839,1.505557,9.6,0.0,61885.65625,51.0,64285.015625,0,0.0,148.28125,deepseek-r1:7b,-1
2025-06-08T17:15:31.430518,1.609236,10.3,0.0,61885.65625,51.0,64285.015625,0,0.0,148.28125,deepseek-r1:7b,-1
2025-06-08T17:15:31.535900,1.714618,10.2,0.0,61885.65625,51.0,64285.015625,0,0.0,148.28125,deepseek-r1:7b,-1
2025-06-08T17:15:31.641260,1.819978,9.5,0.0,61885.65625,51.0,64285.015625,0,0.0,148.28125,deepseek-r1:7b,-1
2025-06-08T17:15:31.742116,1.920834,10.5,0.0,61885.65625,51.0,64285.015625,0,0.0,148.28125,deepseek-r1:7b,-1
2025-06-08T17:15:31.847495,2.026213,10.7,0.0,61885.65625,51.0,64285.015625,0,0.0,148.28125,deepseek-r1:7b,-1
2025-06-08T17:15:31.948501,2.127219,10.4,0.0,61765.5,50.9,64408.078125,0,0.0,148.28125,deepseek-r1:7b,-1
2025-06-08T17:15:32.053886,2.232604,12.7,0.0,61765.5625,50.9,64406.203125,0,0.0,148.28125,deepseek-r1:7b,-1
2025-06-08T17:15:32.159266,2.337984,11.0,0.0,61765.5625,50.9,64406.203125,0,0.0,148.28125,deepseek-r1:7b,-1
2025-06-08T17:15:32.264618,2.443336,10.4,0.0,61765.5625,50.9,64406.203125,0,0.0,148.28125,deepseek-r1:7b,-1
2025-06-08T17:15:32.366673,2.545391,0.0,0.0,61765.5625,50.9,64406.203125,0,0.0,148.28125,deepseek-r1:7b,-1
2025-06-08T17:15:32.468475,2.647193,0.0,0.0,61765.5625,50.9,64406.203125,0,0.0,148.28125,deepseek-r1:7b,-1
2025-06-08T17:15:32.572144,2.750862,0.0,0.0,61765.5625,50.9,64406.203125,0,0.0,148.28125,deepseek-r1:7b,-1
2025-06-08T17:15:32.673863,2.852581,0.0,0.0,61765.5625,50.9,64406.203125,0,0.0,148.28125,deepseek-r1:7b,-1
2025-06-08T17:15:32.779224,2.957942,0.0,0.0,61765.5625,50.9,64406.203125,0,0.0,148.28125,deepseek-r1:7b,-1
2025-06-08T17:15:32.879899,3.058617,0.0,0.0,61765.5625,50.9,64406.203125,0,0.0,148.28125,deepseek-r1:7b,-1
2025-06-08T17:15:32.985239,3.163957,10.5,0.0,61760.890625,50.9,64410.15625,0,0.0,148.28125,deepseek-r1:7b,-1
2025-06-08T17:15:33.085875,3.264593,12.5,0.0,61760.921875,50.9,64412.265625,0,0.0,148.28125,deepseek-r1:7b,-1
2025-06-08T17:15:33.190815,3.369533,9.5,0.0,61760.953125,50.9,64408.46875,0,0.0,148.28125,deepseek-r1:7b,-1
2025-06-08T17:15:33.296159,3.474877,10.3,0.0,61760.953125,50.9,64408.46875,0,0.0,148.28125,deepseek-r1:7b,-1
2025-06-08T17:15:33.397095,3.575813,0.0,0.0,61760.953125,50.9,64408.46875,0,0.0,148.28125,deepseek-r1:7b,-1
2025-06-08T17:15:33.498474,3.677192,0.0,0.0,61760.953125,50.9,64408.46875,0,0.0,148.28125,deepseek-r1:7b,-1
2025-06-08T17:15:33.599571,3.778289,0.0,0.0,61760.953125,50.9,64408.46875,0,0.0,148.28125,deepseek-r1:7b,-1
2025-06-08T17:15:33.700910,3.879628,0.0,0.0,61760.953125,50.9,64408.46875,0,0.0,148.28125,deepseek-r1:7b,-1
2025-06-08T17:15:33.806295,3.985013,0.0,0.0,61760.953125,50.9,64408.46875,0,0.0,148.28125,deepseek-r1:7b,-1
2025-06-08T17:15:33.911656,4.090374,0.0,0.0,61760.953125,50.9,64408.46875,0,0.0,148.28125,deepseek-r1:7b,-1
2025-06-08T17:15:34.015783,4.194501,10.5,0.0,61760.703125,50.9,64413.109375,0,0.0,148.28125,deepseek-r1:7b,-1
2025-06-08T17:15:34.118429,4.297147,29.4,0.0,61760.734375,50.9,64413.359375,0,0.0,148.28125,deepseek-r1:7b,-1
2025-06-08T17:15:34.223639,4.402357,17.5,0.0,61760.296875,50.9,64414.171875,0,0.0,148.28125,deepseek-r1:7b,-1
2025-06-08T17:15:34.324520,4.503238,9.9,0.0,61760.3125,50.9,64414.4375,0,0.0,148.28125,deepseek-r1:7b,-1
2025-06-08T17:15:34.429748,4.608466,10.6,0.0,61760.3125,50.9,64414.4375,0,0.0,148.28125,deepseek-r1:7b,-1
2025-06-08T17:15:34.535093,4.713811,10.1,0.0,61760.3125,50.9,64414.4375,0,0.0,148.28125,deepseek-r1:7b,-1
2025-06-08T17:15:34.639812,4.81853,10.8,0.0,61760.3125,50.9,64414.4375,0,0.0,148.28125,deepseek-r1:7b,-1
2025-06-08T17:15:34.745205,4.923923,9.9,0.0,61760.3125,50.9,64414.4375,0,0.0,148.28125,deepseek-r1:7b,-1
2025-06-08T17:15:34.845962,5.02468,11.8,0.0,61760.3125,50.9,64414.4375,0,0.0,148.28125,deepseek-r1:7b,-1
2025-06-08T17:15:34.951243,5.129961,13.8,0.0,61760.3125,50.9,64414.4375,0,0.0,148.28125,deepseek-r1:7b,-1
2025-06-08T17:15:35.055674,5.234392,13.2,0.0,61750.15625,50.9,64419.515625,0,0.0,148.28125,deepseek-r1:7b,-1
2025-06-08T17:15:35.157627,5.336345,11.7,0.0,61750.15625,50.9,64419.515625,0,0.0,148.28125,deepseek-r1:7b,-1
2025-06-08T17:15:35.262999,5.441717,10.0,0.0,61750.15625,50.9,64419.515625,0,0.0,148.28125,deepseek-r1:7b,-1
2025-06-08T17:15:35.366147,5.544865,9.8,0.0,61750.15625,50.9,64419.515625,0,0.0,148.28125,deepseek-r1:7b,-1
2025-06-08T17:15:35.471521,5.650239,10.8,0.0,61750.15625,50.9,64419.515625,0,0.0,148.28125,deepseek-r1:7b,-1
2025-06-08T17:15:35.573703,5.752421,9.6,0.0,61750.15625,50.9,64419.515625,0,0.0,148.28125,deepseek-r1:7b,-1
2025-06-08T17:15:35.676728,5.855446,9.8,0.0,61750.15625,50.9,64419.515625,0,0.0,148.28125,deepseek-r1:7b,-1
2025-06-08T17:15:35.780395,5.959113,10.8,0.0,61750.15625,50.9,64419.515625,0,0.0,148.28125,deepseek-r1:7b,-1
2025-06-08T17:15:35.881055,6.059773,9.9,0.0,61750.15625,50.9,64419.515625,0,0.0,148.28125,deepseek-r1:7b,-1
2025-06-08T17:15:35.986175,6.164893,0.0,0.0,61750.15625,50.9,64419.515625,0,0.0,148.28125,deepseek-r1:7b,-1
2025-06-08T17:15:36.088739,6.267457,10.7,0.0,61750.171875,50.8,64424.3125,0,0.0,148.28125,deepseek-r1:7b,-1
2025-06-08T17:15:36.192388,6.371106,10.1,0.0,61750.171875,50.8,64424.546875,0,0.0,148.28125,deepseek-r1:7b,-1
2025-06-08T17:15:36.297801,6.476519,10.2,0.0,61750.171875,50.8,64424.546875,0,0.0,148.28125,deepseek-r1:7b,-1
2025-06-08T17:15:36.403192,6.58191,9.6,0.0,61750.171875,50.8,64424.546875,0,0.0,148.28125,deepseek-r1:7b,-1
2025-06-08T17:15:36.505375,6.684093,10.8,0.0,61750.171875,50.8,64424.546875,0,0.0,148.28125,deepseek-r1:7b,-1
2025-06-08T17:15:36.607600,6.786318,9.9,0.0,61750.171875,50.8,64424.546875,0,0.0,148.28125,deepseek-r1:7b,-1
2025-06-08T17:15:36.712238,6.890956,0.0,0.0,61750.171875,50.8,64424.546875,0,0.0,148.28125,deepseek-r1:7b,-1
2025-06-08T17:15:36.813351,6.992069,0.0,0.0,61750.171875,50.8,64424.546875,0,0.0,148.28125,deepseek-r1:7b,-1
2025-06-08T17:15:38.961424,0.035965,18.5,0.0,61048.609375,50.3,65124.421875,0,0.0,148.28125,deepseek-r1:7b,-1
2025-06-08T17:15:39.066620,0.141161,19.4,0.0,61300.96875,50.5,64871.171875,0,0.0,148.28125,deepseek-r1:7b,-1
2025-06-08T17:15:39.171972,0.246513,18.7,0.0,61300.96875,50.5,64871.171875,0,0.0,148.28125,deepseek-r1:7b,-1
2025-06-08T17:15:39.276148,0.350689,11.3,0.0,61300.96875,50.5,64871.171875,0,0.0,148.28125,deepseek-r1:7b,-1
2025-06-08T17:15:39.379863,0.454404,10.2,0.0,61300.96875,50.5,64871.171875,0,0.0,148.28125,deepseek-r1:7b,-1
2025-06-08T17:15:39.484467,0.559008,13.3,0.0,61300.96875,50.5,64871.171875,0,0.0,148.28125,deepseek-r1:7b,-1
2025-06-08T17:15:39.589126,0.663667,11.9,0.0,61300.96875,50.5,64871.171875,0,0.0,148.28125,deepseek-r1:7b,-1
2025-06-08T17:15:39.693871,0.768412,10.7,0.0,61300.96875,50.5,64871.171875,0,0.0,148.28125,deepseek-r1:7b,-1
2025-06-08T17:15:39.798012,0.872553,11.4,0.0,61300.96875,50.5,64871.171875,0,0.0,148.28125,deepseek-r1:7b,-1
2025-06-08T17:15:39.903379,0.97792,0.0,0.0,61300.96875,50.5,64871.171875,0,0.0,148.28125,deepseek-r1:7b,-1
2025-06-08T17:15:40.008519,1.08306,12.9,0.0,62013.796875,51.0,64160.796875,0,0.0,148.28125,deepseek-r1:7b,-1
2025-06-08T17:15:40.110530,1.185071,14.0,0.0,62013.8125,51.1,64155.953125,0,0.0,148.28125,deepseek-r1:7b,-1
2025-06-08T17:15:40.215776,1.290317,12.4,0.0,62018.25,51.1,64156.59375,0,0.0,148.28125,deepseek-r1:7b,-1
2025-06-08T17:15:40.316165,1.390706,0.0,0.0,62016.9375,51.1,64153.03125,0,0.0,148.28125,deepseek-r1:7b,-1
2025-06-08T17:15:40.417780,1.492321,0.0,0.0,62016.9375,51.1,64153.03125,0,0.0,148.28125,deepseek-r1:7b,-1
2025-06-08T17:15:40.522444,1.596985,0.0,0.0,62016.9375,51.1,64153.03125,0,0.0,148.28125,deepseek-r1:7b,-1
2025-06-08T17:15:40.626097,1.700638,0.0,0.0,62016.9375,51.1,64153.03125,0,0.0,148.28125,deepseek-r1:7b,-1
2025-06-08T17:15:40.731469,1.80601,0.0,0.0,62016.9375,51.1,64153.03125,0,0.0,148.28125,deepseek-r1:7b,-1
2025-06-08T17:15:40.836856,1.911397,0.0,0.0,62016.9375,51.1,64153.03125,0,0.0,148.28125,deepseek-r1:7b,-1
2025-06-08T17:15:40.942025,2.016566,0.0,0.0,62016.9375,51.1,64153.03125,0,0.0,148.28125,deepseek-r1:7b,-1
2025-06-08T17:15:41.042943,2.117484,11.0,0.0,61892.75,51.0,64282.640625,0,0.0,148.28125,deepseek-r1:7b,-1
2025-06-08T17:15:41.148676,2.223217,13.1,0.0,61893.140625,51.0,64275.0625,0,0.0,148.28125,deepseek-r1:7b,-1
2025-06-08T17:15:41.251281,2.325822,14.8,0.0,61893.0625,51.0,64277.4375,0,0.0,148.28125,deepseek-r1:7b,-1
2025-06-08T17:15:41.356679,2.43122,9.8,0.0,61893.0625,51.0,64277.4375,0,0.0,148.28125,deepseek-r1:7b,-1
2025-06-08T17:15:41.460592,2.535133,12.0,0.0,61893.0625,51.0,64277.4375,0,0.0,148.28125,deepseek-r1:7b,-1
2025-06-08T17:15:41.564070,2.638611,10.9,0.0,61893.0625,51.0,64277.4375,0,0.0,148.28125,deepseek-r1:7b,-1
2025-06-08T17:15:41.667985,2.742526,0.0,0.0,61893.0625,51.0,64277.4375,0,0.0,148.28125,deepseek-r1:7b,-1
2025-06-08T17:15:41.773283,2.847824,0.0,0.0,61893.0625,51.0,64277.4375,0,0.0,148.28125,deepseek-r1:7b,-1
2025-06-08T17:15:41.876167,2.950708,0.0,0.0,61893.0625,51.0,64277.4375,0,0.0,148.28125,deepseek-r1:7b,-1
2025-06-08T17:15:41.981566,3.056107,0.0,0.0,61893.0625,51.0,64277.4375,0,0.0,148.28125,deepseek-r1:7b,-1
2025-06-08T17:15:42.086462,3.161003,11.0,0.0,61887.765625,51.0,64278.078125,0,0.0,148.28125,deepseek-r1:7b,-1
2025-06-08T17:15:42.189536,3.264077,13.6,0.0,61889.625,51.0,64281.34375,0,0.0,148.28125,deepseek-r1:7b,-1
2025-06-08T17:15:42.290368,3.364909,12.4,0.0,61889.375,51.0,64285.0625,0,0.0,148.28125,deepseek-r1:7b,-1
2025-06-08T17:15:42.395739,3.47028,10.1,0.0,61889.375,51.0,64285.0625,0,0.0,148.28125,deepseek-r1:7b,-1
2025-06-08T17:15:42.498724,3.573265,11.0,0.0,61889.375,51.0,64285.0625,0,0.0,148.28125,deepseek-r1:7b,-1
2025-06-08T17:15:42.602858,3.677399,11.9,0.0,61889.375,51.0,64285.0625,0,0.0,148.28125,deepseek-r1:7b,-1
2025-06-08T17:15:42.704038,3.778579,10.6,0.0,61889.375,51.0,64285.0625,0,0.0,148.28125,deepseek-r1:7b,-1
2025-06-08T17:15:42.805033,3.879574,11.0,0.0,61889.375,51.0,64285.0625,0,0.0,148.28125,deepseek-r1:7b,-1
2025-06-08T17:15:42.906604,3.981145,0.0,0.0,61889.375,51.0,64285.0625,0,0.0,148.28125,deepseek-r1:7b,-1
2025-06-08T17:15:43.012037,4.086578,0.0,0.0,61889.375,51.0,64285.0625,0,0.0,148.28125,deepseek-r1:7b,-1
2025-06-08T17:15:43.113824,4.188365,10.8,0.0,61886.15625,51.0,64287.859375,0,0.0,148.28125,deepseek-r1:7b,-1
2025-06-08T17:15:43.214592,4.289133,13.8,0.0,61886.15625,51.0,64287.859375,0,0.0,148.28125,deepseek-r1:7b,-1
2025-06-08T17:15:43.317706,4.392247,10.1,0.0,61886.15625,51.0,64287.859375,0,0.0,148.28125,deepseek-r1:7b,-1
2025-06-08T17:15:43.423102,4.497643,10.9,0.0,61886.15625,51.0,64287.859375,0,0.0,148.28125,deepseek-r1:7b,-1
2025-06-08T17:15:43.525235,4.599776,12.1,0.0,61886.15625,51.0,64287.859375,0,0.0,148.28125,deepseek-r1:7b,-1
2025-06-08T17:15:43.629821,4.704362,0.0,0.0,61886.15625,51.0,64287.859375,0,0.0,148.28125,deepseek-r1:7b,-1
2025-06-08T17:15:43.735184,4.809725,0.0,0.0,61886.15625,51.0,64287.859375,0,0.0,148.28125,deepseek-r1:7b,-1
2025-06-08T17:15:43.839023,4.913564,0.0,0.0,61886.15625,51.0,64287.859375,0,0.0,148.28125,deepseek-r1:7b,-1
2025-06-08T17:15:43.944373,5.018914,0.0,0.0,61886.15625,51.0,64287.859375,0,0.0,148.28125,deepseek-r1:7b,-1
2025-06-08T17:15:44.048070,5.122611,0.0,0.0,61886.15625,51.0,64287.859375,0,0.0,148.28125,deepseek-r1:7b,-1
2025-06-08T17:15:44.151006,5.225547,11.1,0.0,61876.65625,51.0,64290.0625,0,0.0,148.28125,deepseek-r1:7b,-1
2025-06-08T17:15:44.254826,5.329367,12.0,0.0,61875.453125,50.9,64293.171875,0,0.0,148.28125,deepseek-r1:7b,-1
2025-06-08T17:15:44.359215,5.433756,10.3,0.0,61875.453125,50.9,64293.171875,0,0.0,148.28125,deepseek-r1:7b,-1
2025-06-08T17:15:44.459856,5.534397,10.4,0.0,61875.453125,50.9,64293.171875,0,0.0,148.28125,deepseek-r1:7b,-1
2025-06-08T17:15:44.565036,5.639577,9.7,0.0,61875.453125,50.9,64293.171875,0,0.0,148.28125,deepseek-r1:7b,-1
2025-06-08T17:15:44.666350,5.740891,11.7,0.0,61875.453125,50.9,64293.171875,0,0.0,148.28125,deepseek-r1:7b,-1
2025-06-08T17:15:44.770851,5.845392,10.8,0.0,61875.453125,50.9,64293.171875,0,0.0,148.28125,deepseek-r1:7b,-1
2025-06-08T17:15:44.876141,5.950682,14.8,0.0,61875.453125,50.9,64293.171875,0,0.0,148.28125,deepseek-r1:7b,-1
2025-06-08T17:15:47.027341,0.044503,13.0,0.0,61393.734375,50.6,64779.671875,0,0.0,148.28125,deepseek-r1:7b,-1
2025-06-08T17:15:47.132461,0.149623,16.4,0.0,61282.71875,50.5,64887.421875,0,0.0,148.28125,deepseek-r1:7b,-1
2025-06-08T17:15:47.237617,0.254779,16.2,0.0,61282.71875,50.5,64887.421875,0,0.0,148.28125,deepseek-r1:7b,-1
2025-06-08T17:15:47.342771,0.359933,14.0,0.0,61282.71875,50.5,64887.421875,0,0.0,148.28125,deepseek-r1:7b,-1
2025-06-08T17:15:47.446741,0.463903,9.2,0.0,61282.71875,50.5,64887.421875,0,0.0,148.28125,deepseek-r1:7b,-1
2025-06-08T17:15:47.550912,0.568074,11.4,0.0,61282.71875,50.5,64887.421875,0,0.0,148.28125,deepseek-r1:7b,-1
2025-06-08T17:15:47.656331,0.673493,11.2,0.0,61282.71875,50.5,64887.421875,0,0.0,148.28125,deepseek-r1:7b,-1
2025-06-08T17:15:47.758489,0.775651,11.5,0.0,61282.71875,50.5,64887.421875,0,0.0,148.28125,deepseek-r1:7b,-1
2025-06-08T17:15:47.859231,0.876393,10.1,0.0,61282.71875,50.5,64887.421875,0,0.0,148.28125,deepseek-r1:7b,-1
2025-06-08T17:15:47.964603,0.981765,12.4,0.0,61282.71875,50.5,64887.421875,0,0.0,148.28125,deepseek-r1:7b,-1
2025-06-08T17:15:48.067249,1.084411,12.1,0.0,62004.4375,51.0,64164.0625,0,0.0,148.28125,deepseek-r1:7b,-1
2025-06-08T17:15:48.168449,1.185611,14.4,0.0,62003.84375,51.1,64159.03125,0,0.0,148.28125,deepseek-r1:7b,-1
2025-06-08T17:15:48.269968,1.28713,11.0,0.0,62003.84375,51.0,64160.734375,0,0.0,148.28125,deepseek-r1:7b,-1
2025-06-08T17:15:48.372220,1.389382,11.7,0.0,62003.84375,51.0,64160.734375,0,0.0,148.28125,deepseek-r1:7b,-1
2025-06-08T17:15:48.477594,1.494756,11.2,0.0,62003.84375,51.0,64160.734375,0,0.0,148.28125,deepseek-r1:7b,-1
2025-06-08T17:15:48.582973,1.600135,0.0,0.0,62003.84375,51.0,64160.734375,0,0.0,148.28125,deepseek-r1:7b,-1
2025-06-08T17:15:48.688308,1.70547,0.0,0.0,62003.84375,51.0,64160.734375,0,0.0,148.28125,deepseek-r1:7b,-1
2025-06-08T17:15:48.789391,1.806553,0.0,0.0,62003.84375,51.0,64160.734375,0,0.0,148.28125,deepseek-r1:7b,-1
2025-06-08T17:15:48.894759,1.911921,0.0,0.0,62003.84375,51.0,64160.734375,0,0.0,148.28125,deepseek-r1:7b,-1
2025-06-08T17:15:48.995636,2.012798,0.0,0.0,62003.84375,51.0,64160.734375,0,0.0,148.28125,deepseek-r1:7b,-1
2025-06-08T17:15:49.100890,2.118052,10.9,0.0,61883.5625,51.0,64280.390625,0,0.0,148.28125,deepseek-r1:7b,-1
2025-06-08T17:15:49.205531,2.222693,12.6,0.0,61883.625,51.0,64285.046875,0,0.0,148.28125,deepseek-r1:7b,-1
2025-06-08T17:15:49.310926,2.328088,10.8,0.0,61883.625,51.0,64285.046875,0,0.0,148.28125,deepseek-r1:7b,-1
2025-06-08T17:15:49.411552,2.428714,11.7,0.0,61883.625,51.0,64285.046875,0,0.0,148.28125,deepseek-r1:7b,-1
2025-06-08T17:15:49.514492,2.531654,9.9,0.0,61883.625,51.0,64285.046875,0,0.0,148.28125,deepseek-r1:7b,-1
2025-06-08T17:15:49.618521,2.635683,11.2,0.0,61883.625,51.0,64285.046875,0,0.0,148.28125,deepseek-r1:7b,-1
2025-06-08T17:15:49.723930,2.741092,9.2,0.0,61883.625,51.0,64285.046875,0,0.0,148.28125,deepseek-r1:7b,-1
2025-06-08T17:15:49.829347,2.846509,0.0,0.0,61883.625,51.0,64285.046875,0,0.0,148.28125,deepseek-r1:7b,-1
2025-06-08T17:15:49.930596,2.947758,0.0,0.0,61883.625,51.0,64285.046875,0,0.0,148.28125,deepseek-r1:7b,-1
2025-06-08T17:15:50.031384,3.048546,0.0,0.0,61883.625,51.0,64285.046875,0,0.0,148.28125,deepseek-r1:7b,-1
2025-06-08T17:15:50.136501,3.153663,12.4,0.0,61878.796875,50.9,64298.1875,0,0.0,148.28125,deepseek-r1:7b,-1
2025-06-08T17:15:50.237211,3.254373,11.9,0.0,61878.8125,50.9,64298.9375,0,0.0,148.28125,deepseek-r1:7b,-1
2025-06-08T17:15:50.342135,3.359297,12.5,0.0,61878.8125,50.9,64298.9375,0,0.0,148.28125,deepseek-r1:7b,-1
2025-06-08T17:15:50.447502,3.464664,10.7,0.0,61878.8125,50.9,64298.9375,0,0.0,148.28125,deepseek-r1:7b,-1
2025-06-08T17:15:50.548279,3.565441,8.7,0.0,61878.8125,50.9,64298.9375,0,0.0,148.28125,deepseek-r1:7b,-1
2025-06-08T17:15:50.653024,3.670186,12.0,0.0,61878.8125,50.9,64298.9375,0,0.0,148.28125,deepseek-r1:7b,-1
2025-06-08T17:15:50.754774,3.771936,12.1,0.0,61878.8125,50.9,64298.9375,0,0.0,148.28125,deepseek-r1:7b,-1
2025-06-08T17:15:50.856945,3.874107,0.0,0.0,61878.8125,50.9,64298.9375,0,0.0,148.28125,deepseek-r1:7b,-1
2025-06-08T17:15:50.962895,3.980057,0.0,0.0,61878.8125,50.9,64298.9375,0,0.0,148.28125,deepseek-r1:7b,-1
2025-06-08T17:15:51.065285,4.082447,0.0,0.0,61878.8125,50.9,64298.9375,0,0.0,148.28125,deepseek-r1:7b,-1
2025-06-08T17:15:51.169525,4.186687,11.9,0.0,61878.53125,51.0,64288.46875,0,0.0,148.28125,deepseek-r1:7b,-1
2025-06-08T17:15:53.317565,0.039537,12.3,0.0,61393.671875,50.6,64771.578125,0,0.0,148.296875,deepseek-r1:7b,-1
2025-06-08T17:15:53.422724,0.144696,17.4,0.0,61280.109375,50.5,64888.046875,0,0.0,148.296875,deepseek-r1:7b,-1
2025-06-08T17:15:53.526243,0.248215,19.3,0.0,61896.375,51.0,64269.59375,0,0.0,148.296875,deepseek-r1:7b,-1
2025-06-08T17:15:53.629334,0.351306,9.8,0.0,61899.375,51.0,64269.59375,0,0.0,148.296875,deepseek-r1:7b,-1
2025-06-08T17:15:53.734567,0.456539,11.8,0.0,61899.375,51.0,64269.59375,0,0.0,148.296875,deepseek-r1:7b,-1
2025-06-08T17:15:53.839952,0.561924,0.0,0.0,61899.375,51.0,64269.59375,0,0.0,148.296875,deepseek-r1:7b,-1
2025-06-08T17:15:53.945350,0.667322,0.0,0.0,61899.375,51.0,64269.59375,0,0.0,148.296875,deepseek-r1:7b,-1
2025-06-08T17:15:54.050745,0.772717,0.0,0.0,61899.375,51.0,64269.59375,0,0.0,148.296875,deepseek-r1:7b,-1
2025-06-08T17:15:54.155398,0.87737,0.0,0.0,61899.375,51.0,64269.59375,0,0.0,148.296875,deepseek-r1:7b,-1
2025-06-08T17:15:54.256232,0.978204,0.0,0.0,61899.375,51.0,64269.59375,0,0.0,148.296875,deepseek-r1:7b,-1
2025-06-08T17:15:54.361567,1.083539,11.6,0.0,62005.828125,51.0,64171.515625,0,0.0,148.296875,deepseek-r1:7b,-1
2025-06-08T17:15:54.462419,1.184391,13.6,0.0,62004.46875,51.0,64171.515625,0,0.0,148.296875,deepseek-r1:7b,-1
2025-06-08T17:15:54.567705,1.289677,17.1,0.0,62004.46875,51.0,64171.515625,0,0.0,148.296875,deepseek-r1:7b,-1
2025-06-08T17:15:54.673518,1.39549,13.0,0.0,62004.46875,51.0,64171.515625,0,0.0,148.296875,deepseek-r1:7b,-1
2025-06-08T17:15:54.776209,1.498181,11.7,0.0,62004.46875,51.0,64171.515625,0,0.0,148.296875,deepseek-r1:7b,-1
2025-06-08T17:15:54.879744,1.601716,12.8,0.0,62004.46875,51.0,64171.515625,0,0.0,148.296875,deepseek-r1:7b,-1
2025-06-08T17:15:54.985100,1.707072,13.2,0.0,62004.46875,51.0,64171.515625,0,0.0,148.296875,deepseek-r1:7b,-1
2025-06-08T17:15:55.086635,1.808607,11.6,0.0,62004.46875,51.0,64171.515625,0,0.0,148.296875,deepseek-r1:7b,-1
2025-06-08T17:15:55.189167,1.911139,14.1,0.0,62004.46875,51.0,64171.515625,0,0.0,148.296875,deepseek-r1:7b,-1
2025-06-08T17:15:55.291368,2.01334,11.5,0.0,62004.46875,51.0,64171.515625,0,0.0,148.296875,deepseek-r1:7b,-1
2025-06-08T17:15:55.394595,2.116567,11.4,0.0,61886.921875,51.0,64278.5625,0,0.0,148.296875,deepseek-r1:7b,-1
2025-06-08T17:15:55.499594,2.221566,10.3,0.0,61886.921875,51.0,64282.859375,0,0.0,148.296875,deepseek-r1:7b,-1
2025-06-08T17:15:55.604443,2.326415,0.0,0.0,61886.9375,51.0,64282.109375,0,0.0,148.296875,deepseek-r1:7b,-1
2025-06-08T17:15:55.705404,2.427376,0.0,0.0,61886.953125,51.0,64286.40625,0,0.0,148.296875,deepseek-r1:7b,-1
2025-06-08T17:15:55.810790,2.532762,0.0,0.0,61886.953125,51.0,64286.40625,0,0.0,148.296875,deepseek-r1:7b,-1
2025-06-08T17:15:55.913373,2.635345,0.0,0.0,61886.953125,51.0,64286.40625,0,0.0,148.296875,deepseek-r1:7b,-1
2025-06-08T17:15:56.018721,2.740693,0.0,0.0,61886.953125,51.0,64286.40625,0,0.0,148.296875,deepseek-r1:7b,-1
2025-06-08T17:15:56.121739,2.843711,0.0,0.0,61886.953125,51.0,64286.40625,0,0.0,148.296875,deepseek-r1:7b,-1
2025-06-08T17:15:56.227133,2.949105,0.0,0.0,61886.953125,51.0,64286.40625,0,0.0,148.296875,deepseek-r1:7b,-1
2025-06-08T17:15:56.329826,3.051798,0.0,0.0,61886.953125,51.0,64286.40625,0,0.0,148.296875,deepseek-r1:7b,-1
2025-06-08T17:15:56.433993,3.155965,11.7,0.0,61882.234375,51.0,64287.171875,0,0.0,148.296875,deepseek-r1:7b,-1
2025-06-08T17:15:56.534869,3.256841,12.4,0.0,61882.234375,51.0,64287.171875,0,0.0,148.296875,deepseek-r1:7b,-1
2025-06-08T17:15:58.685407,0.04044,14.9,0.0,60777.859375,50.1,65391.625,0,0.0,148.296875,deepseek-r1:7b,-1
2025-06-08T17:15:58.789011,0.144044,15.2,0.0,61614.1875,50.7,64554.609375,0,0.0,148.296875,deepseek-r1:7b,-1
2025-06-08T17:15:58.894354,0.249387,13.7,0.0,62051.265625,51.1,64117.375,0,0.0,148.296875,deepseek-r1:7b,-1
2025-06-08T17:15:58.997253,0.352286,12.7,0.0,62053.078125,51.1,64113.796875,0,0.0,148.296875,deepseek-r1:7b,-1
2025-06-08T17:15:59.102639,0.457672,10.7,0.0,62053.078125,51.1,64113.796875,0,0.0,148.296875,deepseek-r1:7b,-1
2025-06-08T17:15:59.205661,0.560694,13.3,0.0,62053.078125,51.1,64113.796875,0,0.0,148.296875,deepseek-r1:7b,-1
2025-06-08T17:15:59.309405,0.664438,0.0,0.0,62053.078125,51.1,64113.796875,0,0.0,148.296875,deepseek-r1:7b,-1
2025-06-08T17:15:59.412744,0.767777,0.0,0.0,62053.078125,51.1,64113.796875,0,0.0,148.296875,deepseek-r1:7b,-1
2025-06-08T17:15:59.517730,0.872763,0.0,0.0,62053.078125,51.1,64113.796875,0,0.0,148.296875,deepseek-r1:7b,-1
2025-06-08T17:15:59.623081,0.978114,0.0,0.0,62053.078125,51.1,64113.796875,0,0.0,148.296875,deepseek-r1:7b,-1
2025-06-08T17:15:59.728462,1.083495,11.7,0.0,62053.234375,51.1,64125.390625,0,0.0,148.296875,deepseek-r1:7b,-1
2025-06-08T17:15:59.833746,1.188779,11.2,0.0,62053.234375,51.1,64125.390625,0,0.0,148.296875,deepseek-r1:7b,-1
2025-06-08T17:15:59.937885,1.292918,16.4,0.0,62053.234375,51.1,64125.390625,0,0.0,148.296875,deepseek-r1:7b,-1
2025-06-08T17:16:00.043026,1.398059,12.9,0.0,62053.234375,51.1,64125.390625,0,0.0,148.296875,deepseek-r1:7b,-1
2025-06-08T17:16:00.148219,1.503252,10.8,0.0,62053.234375,51.1,64125.390625,0,0.0,148.296875,deepseek-r1:7b,-1
2025-06-08T17:16:00.251038,1.606071,14.5,0.0,62053.234375,51.1,64125.390625,0,0.0,148.296875,deepseek-r1:7b,-1
2025-06-08T17:16:00.352741,1.707774,10.4,0.0,62053.234375,51.1,64125.390625,0,0.0,148.296875,deepseek-r1:7b,-1
2025-06-08T17:16:00.458270,1.813303,0.0,0.0,62053.234375,51.1,64125.390625,0,0.0,148.296875,deepseek-r1:7b,-1
2025-06-08T17:16:00.563048,1.918081,0.0,0.0,62053.234375,51.1,64125.390625,0,0.0,148.296875,deepseek-r1:7b,-1
2025-06-08T17:16:00.667701,2.022734,0.0,0.0,62053.234375,51.1,64125.390625,0,0.0,148.296875,deepseek-r1:7b,-1
2025-06-08T17:16:00.769651,2.124684,11.3,0.0,61932.40625,51.0,64240.25,0,0.0,148.296875,deepseek-r1:7b,-1
2025-06-08T17:16:00.875138,2.230171,9.5,0.0,61932.40625,51.0,64240.53125,0,0.0,148.296875,deepseek-r1:7b,-1
2025-06-08T17:16:00.980107,2.33514,11.8,0.0,61932.421875,51.0,64243.625,0,0.0,148.296875,deepseek-r1:7b,-1
2025-06-08T17:16:01.085520,2.440553,10.8,0.0,61932.421875,51.0,64243.625,0,0.0,148.296875,deepseek-r1:7b,-1
2025-06-08T17:16:01.188929,2.543962,12.0,0.0,61932.421875,51.0,64243.625,0,0.0,148.296875,deepseek-r1:7b,-1
2025-06-08T17:16:01.294296,2.649329,0.0,0.0,61932.421875,51.0,64243.625,0,0.0,148.296875,deepseek-r1:7b,-1
2025-06-08T17:16:01.399731,2.754764,0.0,0.0,61932.421875,51.0,64243.625,0,0.0,148.296875,deepseek-r1:7b,-1
2025-06-08T17:16:01.504691,2.859724,0.0,0.0,61932.421875,51.0,64243.625,0,0.0,148.296875,deepseek-r1:7b,-1
2025-06-08T17:16:01.605639,2.960672,0.0,0.0,61932.421875,51.0,64243.625,0,0.0,148.296875,deepseek-r1:7b,-1
2025-06-08T17:16:01.709335,3.064368,0.0,0.0,61932.421875,51.0,64243.625,0,0.0,148.296875,deepseek-r1:7b,-1
2025-06-08T17:16:01.814689,3.169722,11.2,0.0,61928.15625,51.0,64245.75,0,0.0,148.296875,deepseek-r1:7b,-1
2025-06-08T17:16:01.920075,3.275108,10.8,0.0,61928.15625,51.0,64246.046875,0,0.0,148.296875,deepseek-r1:7b,-1
2025-06-08T17:16:02.024922,3.379955,12.0,0.0,61928.15625,51.0,64246.046875,0,0.0,148.296875,deepseek-r1:7b,-1
2025-06-08T17:16:02.125667,3.4807,10.0,0.0,61928.15625,51.0,64246.046875,0,0.0,148.296875,deepseek-r1:7b,-1
2025-06-08T17:16:02.226092,3.581125,14.8,0.0,61928.15625,51.0,64246.046875,0,0.0,148.296875,deepseek-r1:7b,-1
2025-06-08T17:16:02.327660,3.682693,10.0,0.0,61928.15625,51.0,64246.046875,0,0.0,148.296875,deepseek-r1:7b,-1
2025-06-08T17:16:02.433183,3.788216,0.0,0.0,61928.15625,51.0,64246.046875,0,0.0,148.296875,deepseek-r1:7b,-1
2025-06-08T17:16:02.537576,3.892609,0.0,0.0,61928.15625,51.0,64246.046875,0,0.0,148.296875,deepseek-r1:7b,-1
2025-06-08T17:16:02.640296,3.995329,0.0,0.0,61928.15625,51.0,64246.046875,0,0.0,148.296875,deepseek-r1:7b,-1
2025-06-08T17:16:02.744913,4.099946,0.0,0.0,61928.15625,51.0,64246.046875,0,0.0,148.296875,deepseek-r1:7b,-1
2025-06-08T17:16:02.850273,4.205306,10.7,0.0,61928.140625,51.0,64250.109375,0,0.0,148.296875,deepseek-r1:7b,-1
2025-06-08T17:16:02.954650,4.309683,12.5,0.0,61927.84375,51.0,64250.984375,0,0.0,148.296875,deepseek-r1:7b,-1
2025-06-08T17:16:03.059914,4.414947,10.9,0.0,61927.84375,51.0,64250.984375,0,0.0,148.296875,deepseek-r1:7b,-1
2025-06-08T17:16:03.163248,4.518281,12.3,0.0,61927.84375,51.0,64250.984375,0,0.0,148.296875,deepseek-r1:7b,-1
2025-06-08T17:16:03.267641,4.622674,14.4,0.0,61927.84375,51.0,64250.984375,0,0.0,148.296875,deepseek-r1:7b,-1
2025-06-08T17:16:03.369302,4.724335,11.4,0.0,61927.84375,51.0,64250.984375,0,0.0,148.296875,deepseek-r1:7b,-1
2025-06-08T17:16:03.474699,4.829732,9.6,0.0,61927.84375,51.0,64250.984375,0,0.0,148.296875,deepseek-r1:7b,-1
2025-06-08T17:16:03.580040,4.935073,11.3,0.0,61927.84375,51.0,64250.984375,0,0.0,148.296875,deepseek-r1:7b,-1
2025-06-08T17:16:03.685423,5.040456,11.8,0.0,61927.84375,51.0,64250.984375,0,0.0,148.296875,deepseek-r1:7b,-1
2025-06-08T17:16:03.790796,5.145829,0.0,0.0,61927.84375,51.0,64250.984375,0,0.0,148.296875,deepseek-r1:7b,-1
2025-06-08T17:16:03.892607,5.24764,11.6,0.0,61918.0,51.0,64251.171875,0,0.0,148.296875,deepseek-r1:7b,-1
2025-06-08T17:16:03.997977,5.35301,10.2,0.0,61918.0,51.0,64251.171875,0,0.0,148.296875,deepseek-r1:7b,-1
2025-06-08T17:16:04.098434,5.453467,10.6,0.0,61918.0,51.0,64251.171875,0,0.0,148.296875,deepseek-r1:7b,-1
2025-06-08T17:16:04.203010,5.558043,0.0,0.0,61918.0,51.0,64251.171875,0,0.0,148.296875,deepseek-r1:7b,-1
2025-06-08T17:16:04.308381,5.663414,0.0,0.0,61918.0,51.0,64251.171875,0,0.0,148.296875,deepseek-r1:7b,-1
2025-06-08T17:16:04.413729,5.768762,0.0,0.0,61918.0,51.0,64251.171875,0,0.0,148.296875,deepseek-r1:7b,-1
2025-06-08T17:16:04.518892,5.873925,0.0,0.0,61918.0,51.0,64251.171875,0,0.0,148.296875,deepseek-r1:7b,-1
2025-06-08T17:16:04.624065,5.979098,0.0,0.0,61918.0,51.0,64251.171875,0,0.0,148.296875,deepseek-r1:7b,-1
2025-06-08T17:16:06.768465,0.038743,13.0,0.0,60758.90625,50.1,65408.734375,0,0.0,148.296875,deepseek-r1:7b,-1
2025-06-08T17:16:06.873648,0.143926,16.8,0.0,61299.5625,50.5,64867.609375,0,0.0,148.296875,deepseek-r1:7b,-1
2025-06-08T17:16:06.977639,0.247917,16.4,0.0,61299.5625,50.5,64867.609375,0,0.0,148.296875,deepseek-r1:7b,-1
2025-06-08T17:16:07.080711,0.350989,9.9,0.0,61299.5625,50.5,64867.609375,0,0.0,148.296875,deepseek-r1:7b,-1
2025-06-08T17:16:07.181372,0.45165,12.3,0.0,61299.5625,50.5,64867.609375,0,0.0,148.296875,deepseek-r1:7b,-1
2025-06-08T17:16:07.282339,0.552617,13.4,0.0,61299.5625,50.5,64867.609375,0,0.0,148.296875,deepseek-r1:7b,-1
2025-06-08T17:16:07.387328,0.657606,0.0,0.0,61299.5625,50.5,64867.609375,0,0.0,148.296875,deepseek-r1:7b,-1
2025-06-08T17:16:07.490757,0.761035,0.0,0.0,61299.5625,50.5,64867.609375,0,0.0,148.296875,deepseek-r1:7b,-1
2025-06-08T17:16:07.594729,0.865007,0.0,0.0,61299.5625,50.5,64867.609375,0,0.0,148.296875,deepseek-r1:7b,-1
2025-06-08T17:16:07.697774,0.968052,0.0,0.0,61299.5625,50.5,64867.609375,0,0.0,148.296875,deepseek-r1:7b,-1
2025-06-08T17:16:07.800818,1.071096,12.0,0.0,62055.8125,51.1,64118.5625,0,0.0,148.296875,deepseek-r1:7b,-1
2025-06-08T17:16:07.905493,1.175771,11.4,0.0,62039.625,51.1,64135.125,0,0.0,148.296875,deepseek-r1:7b,-1
2025-06-08T17:16:08.010245,1.280523,15.3,0.0,61935.625,51.0,64238.65625,0,0.0,148.296875,deepseek-r1:7b,-1
2025-06-08T17:16:08.113725,1.384003,11.0,0.0,61935.625,51.0,64238.65625,0,0.8,148.296875,deepseek-r1:7b,-1
2025-06-08T17:16:08.216051,1.486329,10.5,0.0,61935.625,51.0,64238.65625,0,0.0,148.296875,deepseek-r1:7b,-1
2025-06-08T17:16:08.321149,1.591427,12.4,0.0,61935.625,51.0,64238.65625,0,0.0,148.296875,deepseek-r1:7b,-1
2025-06-08T17:16:08.426538,1.696816,9.1,0.0,61935.625,51.0,64238.65625,0,0.0,148.296875,deepseek-r1:7b,-1
2025-06-08T17:16:08.529164,1.799442,11.5,0.0,61935.625,51.0,64238.65625,0,0.0,148.296875,deepseek-r1:7b,-1
2025-06-08T17:16:08.634502,1.90478,0.0,0.0,61935.625,51.0,64238.65625,0,0.0,148.296875,deepseek-r1:7b,-1
2025-06-08T17:16:08.739845,2.010123,0.0,0.0,61935.625,51.0,64238.65625,0,0.0,148.296875,deepseek-r1:7b,-1
2025-06-08T17:16:08.845184,2.115462,11.3,0.0,61934.40625,51.0,64243.59375,0,0.0,148.296875,deepseek-r1:7b,-1
2025-06-08T17:16:08.950568,2.220846,10.3,0.0,61934.40625,51.0,64243.953125,0,0.0,148.296875,deepseek-r1:7b,-1
2025-06-08T17:16:09.055686,2.325964,15.7,0.0,61934.4375,51.0,64237.1875,0,0.0,148.296875,deepseek-r1:7b,-1
2025-06-08T17:16:09.161082,2.43136,10.7,0.0,61934.4375,51.0,64237.1875,0,0.0,148.296875,deepseek-r1:7b,-1
2025-06-08T17:16:09.262324,2.532602,0.0,0.0,61934.4375,51.0,64237.1875,0,0.0,148.296875,deepseek-r1:7b,-1
2025-06-08T17:16:09.367682,2.63796,0.0,0.0,61934.4375,51.0,64237.1875,0,0.0,148.296875,deepseek-r1:7b,-1
2025-06-08T17:16:09.473038,2.743316,0.0,0.0,61934.4375,51.0,64237.1875,0,0.0,148.296875,deepseek-r1:7b,-1
2025-06-08T17:16:09.574643,2.844921,0.0,0.0,61934.4375,51.0,64237.1875,0,0.0,148.296875,deepseek-r1:7b,-1
2025-06-08T17:16:09.680021,2.950299,0.0,0.0,61934.4375,51.0,64237.1875,0,0.0,148.296875,deepseek-r1:7b,-1
2025-06-08T17:16:09.784095,3.054373,0.0,0.0,61934.4375,51.0,64237.1875,0,0.0,148.296875,deepseek-r1:7b,-1
2025-06-08T17:16:09.887757,3.158035,10.6,0.0,61929.921875,51.0,64239.328125,0,0.0,148.296875,deepseek-r1:7b,-1
2025-06-08T17:16:09.992421,3.262699,12.4,0.0,61929.921875,51.0,64239.328125,0,0.0,148.296875,deepseek-r1:7b,-1
2025-06-08T17:16:10.097796,3.368074,11.7,0.0,61929.921875,51.0,64239.328125,0,0.0,148.296875,deepseek-r1:7b,-1
2025-06-08T17:16:10.202431,3.472709,11.6,0.0,61929.921875,51.0,64239.328125,0,0.0,148.296875,deepseek-r1:7b,-1
2025-06-08T17:16:10.307851,3.578129,10.9,0.0,61929.921875,51.0,64239.328125,0,0.0,148.296875,deepseek-r1:7b,-1
2025-06-08T17:16:10.413222,3.6835,12.7,0.0,61929.921875,51.0,64239.328125,0,0.0,148.296875,deepseek-r1:7b,-1
2025-06-08T17:16:10.517408,3.787686,11.4,0.0,61929.921875,51.0,64239.328125,0,0.0,148.296875,deepseek-r1:7b,-1
2025-06-08T17:16:10.621986,3.892264,0.0,0.0,61929.921875,51.0,64239.328125,0,0.0,148.296875,deepseek-r1:7b,-1
2025-06-08T17:16:10.727233,3.997511,0.0,0.0,61929.921875,51.0,64239.328125,0,0.0,148.296875,deepseek-r1:7b,-1
2025-06-08T17:16:10.832637,4.102915,0.0,0.0,61929.921875,51.0,64239.328125,0,0.0,148.296875,deepseek-r1:7b,-1
2025-06-08T17:16:10.937837,4.208115,11.4,0.0,61930.125,51.0,64238.703125,0,0.0,148.296875,deepseek-r1:7b,-1
2025-06-08T17:16:11.042397,4.312675,14.2,0.0,61931.015625,51.0,64238.375,0,0.0,148.296875,deepseek-r1:7b,-1
2025-06-08T17:16:11.146061,4.416339,9.8,0.0,61931.015625,51.0,64238.375,0,0.0,148.296875,deepseek-r1:7b,-1
2025-06-08T17:16:13.291161,0.036025,13.4,0.0,60773.328125,50.1,65397.375,0,0.0,148.296875,deepseek-r1:7b,-1
2025-06-08T17:16:13.394203,0.139067,18.8,0.0,61313.015625,50.5,64844.109375,0,0.0,148.296875,deepseek-r1:7b,-1
2025-06-08T17:16:13.499449,0.244313,18.0,0.0,62111.734375,51.1,64051.265625,0,0.0,148.296875,deepseek-r1:7b,-1
2025-06-08T17:16:13.604374,0.349238,0.0,0.0,62111.734375,51.1,64051.734375,0,0.0,148.296875,deepseek-r1:7b,-1
2025-06-08T17:16:13.709645,0.454509,0.0,0.0,62111.734375,51.1,64051.734375,0,0.0,148.296875,deepseek-r1:7b,-1
2025-06-08T17:16:13.814856,0.55972,0.0,0.0,62111.734375,51.1,64051.734375,0,0.0,148.296875,deepseek-r1:7b,-1
2025-06-08T17:16:13.915377,0.660241,0.0,0.0,62111.734375,51.1,64051.734375,0,0.0,148.296875,deepseek-r1:7b,-1
2025-06-08T17:16:14.015954,0.760818,0.0,0.0,62111.734375,51.1,64051.734375,0,0.0,148.296875,deepseek-r1:7b,-1
2025-06-08T17:16:14.117145,0.862009,0.0,0.0,62111.734375,51.1,64051.734375,0,0.0,148.296875,deepseek-r1:7b,-1
2025-06-08T17:16:14.219900,0.964764,0.0,0.0,62111.734375,51.1,64051.734375,0,0.0,148.296875,deepseek-r1:7b,-1
2025-06-08T17:16:14.321123,1.065987,13.8,0.0,62073.984375,51.1,64090.359375,0,0.0,148.296875,deepseek-r1:7b,-1
2025-06-08T17:16:14.425598,1.170462,15.0,0.0,62073.984375,51.1,64090.359375,0,0.0,148.296875,deepseek-r1:7b,-1
2025-06-08T17:16:14.526841,1.271705,13.1,0.0,62073.984375,51.1,64090.359375,0,0.0,148.296875,deepseek-r1:7b,-1
2025-06-08T17:16:14.630217,1.375081,13.9,0.0,62073.984375,51.1,64090.359375,0,0.0,148.296875,deepseek-r1:7b,-1
2025-06-08T17:16:14.735498,1.480362,12.7,0.0,62073.984375,51.1,64090.359375,0,0.0,148.296875,deepseek-r1:7b,-1
2025-06-08T17:16:14.838826,1.58369,12.8,0.0,62073.984375,51.1,64090.359375,0,0.0,148.296875,deepseek-r1:7b,-1
2025-06-08T17:16:14.939689,1.684553,15.2,0.0,62073.984375,51.1,64090.359375,0,0.0,148.296875,deepseek-r1:7b,-1
2025-06-08T17:16:15.042532,1.787396,13.4,0.0,62073.984375,51.1,64090.359375,0,0.0,148.296875,deepseek-r1:7b,-1
2025-06-08T17:16:15.147284,1.892148,11.0,0.0,62073.984375,51.1,64090.359375,0,0.0,148.296875,deepseek-r1:7b,-1
2025-06-08T17:16:15.247909,1.992773,21.3,0.0,62073.984375,51.1,64090.359375,0,0.2,148.296875,deepseek-r1:7b,-1
2025-06-08T17:16:15.348595,2.093459,34.6,0.0,62130.0625,51.1,64042.359375,0,0.0,148.296875,deepseek-r1:7b,-1
2025-06-08T17:16:15.453921,2.198785,23.7,0.0,62130.0625,51.1,64042.359375,0,0.1,148.296875,deepseek-r1:7b,-1
2025-06-08T17:16:15.558185,2.303049,21.2,0.0,62130.0625,51.1,64042.359375,0,0.0,148.296875,deepseek-r1:7b,-1
2025-06-08T17:16:15.663289,2.408153,25.6,0.0,62130.0625,51.1,64042.359375,0,0.0,148.296875,deepseek-r1:7b,-1
2025-06-08T17:16:15.764382,2.509246,0.0,0.0,62130.0625,51.1,64042.359375,0,0.0,148.296875,deepseek-r1:7b,-1
2025-06-08T17:16:15.869567,2.614431,0.0,0.0,62130.0625,51.1,64042.359375,0,0.0,148.296875,deepseek-r1:7b,-1
2025-06-08T17:16:15.970782,2.715646,0.0,0.0,62130.0625,51.1,64042.359375,0,0.0,148.296875,deepseek-r1:7b,-1
2025-06-08T17:16:16.076175,2.821039,0.0,0.0,62130.0625,51.1,64042.359375,0,0.0,148.296875,deepseek-r1:7b,-1
2025-06-08T17:16:16.176736,2.9216,0.0,0.0,62130.0625,51.1,64042.359375,0,0.0,148.296875,deepseek-r1:7b,-1
2025-06-08T17:16:16.281992,3.026856,0.0,0.0,62130.0625,51.1,64042.359375,0,0.0,148.296875,deepseek-r1:7b,-1
2025-06-08T17:16:16.382658,3.127522,20.1,0.0,62183.234375,51.2,63986.84375,0,0.0,148.296875,deepseek-r1:7b,-1
2025-06-08T17:16:16.487568,3.232432,17.3,0.0,62183.25,51.2,63986.421875,0,0.0,148.296875,deepseek-r1:7b,-1
2025-06-08T17:16:16.589367,3.334231,17.3,0.0,62182.8125,51.2,63983.421875,0,0.0,148.296875,deepseek-r1:7b,-1
2025-06-08T17:16:16.690122,3.434986,20.5,0.0,62182.828125,51.2,63983.421875,0,0.0,148.296875,deepseek-r1:7b,-1
2025-06-08T17:16:16.790854,3.535718,35.9,0.0,62182.828125,51.2,63983.421875,0,0.2,148.3125,deepseek-r1:7b,-1
2025-06-08T17:16:16.896242,3.641106,28.7,0.0,62182.828125,51.2,63983.421875,0,0.0,148.3125,deepseek-r1:7b,-1
2025-06-08T17:16:16.996708,3.741572,27.0,0.0,62182.828125,51.2,63983.421875,0,0.3,148.34375,deepseek-r1:7b,-1
2025-06-08T17:16:17.101955,3.846819,16.8,0.0,62182.828125,51.2,63983.421875,0,0.0,148.34375,deepseek-r1:7b,-1
2025-06-08T17:16:17.204720,3.949584,13.4,0.0,62182.828125,51.2,63983.421875,0,0.0,148.34375,deepseek-r1:7b,-1
2025-06-08T17:16:17.310067,4.054931,10.1,0.0,62182.828125,51.2,63983.421875,0,0.0,148.34375,deepseek-r1:7b,-1
2025-06-08T17:16:17.415347,4.160211,12.0,0.0,62100.71875,51.1,64068.46875,0,0.0,148.34375,deepseek-r1:7b,-1
2025-06-08T17:16:17.518976,4.26384,8.7,0.0,62100.71875,51.1,64068.8125,0,0.0,148.34375,deepseek-r1:7b,-1
2025-06-08T17:16:17.624341,4.369205,9.8,0.0,62100.71875,51.1,64068.8125,0,0.0,148.34375,deepseek-r1:7b,-1
2025-06-08T17:16:17.729684,4.474548,8.2,0.0,62100.71875,51.1,64068.8125,0,0.0,148.34375,deepseek-r1:7b,-1
2025-06-08T17:16:17.834983,4.579847,10.2,0.0,62100.71875,51.1,64068.8125,0,0.0,148.34375,deepseek-r1:7b,-1
2025-06-08T17:16:17.940421,4.685285,0.0,0.0,62100.71875,51.1,64068.8125,0,0.0,148.34375,deepseek-r1:7b,-1
2025-06-08T17:16:18.043034,4.787898,0.0,0.0,62100.71875,51.1,64068.8125,0,0.0,148.34375,deepseek-r1:7b,-1
2025-06-08T17:16:18.144185,4.889049,0.0,0.0,62100.71875,51.1,64068.8125,0,0.0,148.34375,deepseek-r1:7b,-1
2025-06-08T17:16:18.249493,4.994357,0.0,0.0,62100.71875,51.1,64068.8125,0,0.0,148.34375,deepseek-r1:7b,-1
2025-06-08T17:16:18.354825,5.099689,0.0,0.0,62100.71875,51.1,64068.8125,0,0.0,148.34375,deepseek-r1:7b,-1
2025-06-08T17:16:18.460109,5.204973,13.3,0.0,62050.0625,51.1,64115.53125,0,0.2,148.34375,deepseek-r1:7b,-1
2025-06-08T17:16:18.561952,5.306816,20.9,0.0,62050.0625,51.1,64115.53125,0,0.2,148.34375,deepseek-r1:7b,-1
2025-06-08T17:16:18.667150,5.412014,12.8,0.0,62050.0625,51.1,64115.53125,0,0.0,148.34375,deepseek-r1:7b,-1
2025-06-08T17:16:18.769660,5.514524,22.0,0.0,62050.0625,51.1,64115.53125,0,0.2,148.34375,deepseek-r1:7b,-1
2025-06-08T17:16:18.874923,5.619787,17.9,0.0,62050.0625,51.1,64115.53125,0,0.0,148.34375,deepseek-r1:7b,-1
2025-06-08T17:16:18.980289,5.725153,16.3,0.0,62050.0625,51.1,64115.53125,0,0.0,148.34375,deepseek-r1:7b,-1
2025-06-08T17:16:19.085218,5.830082,0.0,0.0,62050.0625,51.1,64115.53125,0,0.0,148.34375,deepseek-r1:7b,-1
2025-06-08T17:16:19.188135,5.932999,0.0,0.0,62050.0625,51.1,64115.53125,0,0.0,148.34375,deepseek-r1:7b,-1
2025-06-08T17:16:19.293508,6.038372,0.0,0.0,62050.0625,51.1,64115.53125,0,0.0,148.34375,deepseek-r1:7b,-1
2025-06-08T17:16:19.398855,6.143719,0.0,0.0,62050.0625,51.1,64115.53125,0,0.0,148.34375,deepseek-r1:7b,-1
2025-06-08T17:16:19.503709,6.248573,13.0,0.0,62066.9375,51.1,64100.9375,0,0.0,148.34375,deepseek-r1:7b,-1
2025-06-08T17:16:19.606522,6.351386,17.8,0.0,62066.9375,51.1,64100.9375,0,0.0,148.34375,deepseek-r1:7b,-1
2025-06-08T17:16:19.711798,6.456662,11.2,0.0,62066.9375,51.1,64100.9375,0,0.0,148.34375,deepseek-r1:7b,-1
2025-06-08T17:16:19.816469,6.561333,9.6,0.0,62066.9375,51.1,64100.9375,0,0.0,148.34375,deepseek-r1:7b,-1
2025-06-08T17:16:19.921765,6.666629,13.4,0.0,62066.9375,51.1,64100.9375,0,0.0,148.34375,deepseek-r1:7b,-1
2025-06-08T17:16:20.027064,6.771928,13.1,0.0,62066.9375,51.1,64100.9375,0,0.0,148.34375,deepseek-r1:7b,-1
2025-06-08T17:16:20.128848,6.873712,10.6,0.0,62066.9375,51.1,64100.9375,0,0.0,148.34375,deepseek-r1:7b,-1
2025-06-08T17:16:20.233915,6.978779,9.6,0.0,62066.9375,51.1,64100.9375,0,0.0,148.34375,deepseek-r1:7b,-1
2025-06-08T17:16:20.339298,7.084162,0.0,0.0,62066.9375,51.1,64100.9375,0,0.0,148.34375,deepseek-r1:7b,-1
2025-06-08T17:16:20.444168,7.189032,0.0,0.0,62066.9375,51.1,64100.9375,0,0.0,148.34375,deepseek-r1:7b,-1
2025-06-08T17:16:20.549942,7.294806,11.1,0.0,62070.875,51.1,64098.671875,0,0.0,148.34375,deepseek-r1:7b,-1
2025-06-08T17:16:20.655245,7.400109,10.1,0.0,62070.859375,51.1,64099.46875,0,0.0,148.34375,deepseek-r1:7b,-1
2025-06-08T17:16:20.755727,7.500591,11.1,0.0,62071.28125,51.1,64100.390625,0,0.0,148.34375,deepseek-r1:7b,-1
2025-06-08T17:16:20.861100,7.605964,20.0,0.0,62071.28125,51.1,64100.390625,0,0.0,148.34375,deepseek-r1:7b,-1
2025-06-08T17:16:20.963953,7.708817,18.0,0.0,62071.28125,51.1,64100.390625,0,0.0,148.34375,deepseek-r1:7b,-1
2025-06-08T17:16:21.067089,7.811953,15.9,0.0,62071.28125,51.1,64100.390625,0,0.0,148.34375,deepseek-r1:7b,-1
2025-06-08T17:16:21.172449,7.917313,13.5,0.0,62071.28125,51.1,64100.390625,0,0.0,148.34375,deepseek-r1:7b,-1
2025-06-08T17:16:21.276509,8.021373,8.4,0.0,62071.28125,51.1,64100.390625,0,0.0,148.34375,deepseek-r1:7b,-1
2025-06-08T17:16:21.380690,8.125554,7.3,0.0,62071.28125,51.1,64100.390625,0,0.0,148.34375,deepseek-r1:7b,-1
2025-06-08T17:16:21.486135,8.230999,0.0,0.0,62071.28125,51.1,64100.390625,0,0.0,148.34375,deepseek-r1:7b,-1
2025-06-08T17:16:21.591456,8.33632,11.5,0.0,62064.671875,51.1,64106.53125,0,0.0,148.34375,deepseek-r1:7b,-1
2025-06-08T17:16:21.696841,8.441705,13.8,0.0,62070.875,51.1,64095.828125,0,0.0,148.34375,deepseek-r1:7b,-1
2025-06-08T17:16:23.849670,0.041848,12.6,0.0,61965.546875,51.0,64207.3125,0,0.0,148.296875,deepseek-r1:7b,-1
2025-06-08T17:16:23.954874,0.147052,21.0,0.0,61965.546875,51.0,64207.3125,0,0.0,148.296875,deepseek-r1:7b,-1
2025-06-08T17:16:24.060319,0.252497,15.0,0.0,61965.546875,51.0,64207.3125,0,0.0,148.296875,deepseek-r1:7b,-1
2025-06-08T17:16:24.162750,0.354928,17.5,0.0,61965.546875,51.0,64207.3125,0,0.0,148.296875,deepseek-r1:7b,-1
2025-06-08T17:16:24.268167,0.460345,7.8,0.0,61965.546875,51.0,64207.3125,0,0.0,148.296875,deepseek-r1:7b,-1
2025-06-08T17:16:24.371227,0.563405,8.6,0.0,61965.546875,51.0,64207.3125,0,0.0,148.296875,deepseek-r1:7b,-1
2025-06-08T17:16:24.472537,0.664715,8.5,0.0,61965.546875,51.0,64207.3125,0,0.0,148.296875,deepseek-r1:7b,-1
2025-06-08T17:16:24.577896,0.770074,12.4,0.0,61965.546875,51.0,64207.3125,0,0.0,148.296875,deepseek-r1:7b,-1
2025-06-08T17:16:24.678764,0.870942,0.0,0.0,61965.546875,51.0,64207.3125,0,0.0,148.296875,deepseek-r1:7b,-1
2025-06-08T17:16:24.784164,0.976342,0.0,0.0,61965.546875,51.0,64207.3125,0,0.0,148.296875,deepseek-r1:7b,-1
2025-06-08T17:16:24.884873,1.077051,13.0,0.0,62103.75,51.1,64064.578125,0,0.0,148.296875,deepseek-r1:7b,-1
2025-06-08T17:16:24.989896,1.182074,27.5,0.0,62103.765625,51.1,64061.0,0,0.0,148.296875,deepseek-r1:7b,-1
2025-06-08T17:16:25.095066,1.287244,9.0,0.0,62103.765625,51.1,64061.0,0,0.0,148.296875,deepseek-r1:7b,-1
2025-06-08T17:16:25.200196,1.392374,9.8,0.0,62103.765625,51.1,64061.0,0,0.0,148.296875,deepseek-r1:7b,-1
2025-06-08T17:16:25.303947,1.496125,7.5,0.0,62103.765625,51.1,64061.0,0,0.0,148.296875,deepseek-r1:7b,-1
2025-06-08T17:16:25.409355,1.601533,7.7,0.0,62103.765625,51.1,64061.0,0,0.0,148.296875,deepseek-r1:7b,-1
2025-06-08T17:16:25.512255,1.704433,9.1,0.0,62103.765625,51.1,64061.0,0,0.0,148.296875,deepseek-r1:7b,-1
2025-06-08T17:16:25.616753,1.808931,0.0,0.0,62103.765625,51.1,64061.0,0,0.0,148.296875,deepseek-r1:7b,-1
2025-06-08T17:16:25.722068,1.914246,0.0,0.0,62103.765625,51.1,64061.0,0,0.0,148.296875,deepseek-r1:7b,-1
2025-06-08T17:16:25.824167,2.016345,0.0,0.0,62103.765625,51.1,64061.0,0,0.0,148.296875,deepseek-r1:7b,-1
2025-06-08T17:16:25.929543,2.121721,11.5,0.0,62101.0625,51.1,64059.890625,0,0.0,148.296875,deepseek-r1:7b,-1
2025-06-08T17:16:26.033322,2.2255,9.0,0.0,62101.0625,51.1,64059.890625,0,0.0,148.296875,deepseek-r1:7b,-1
2025-06-08T17:16:26.138681,2.330859,0.0,0.0,62101.0625,51.1,64059.890625,0,0.0,148.296875,deepseek-r1:7b,-1
2025-06-08T17:16:26.244035,2.436213,0.0,0.0,62101.0625,51.1,64059.890625,0,0.0,148.296875,deepseek-r1:7b,-1
2025-06-08T17:16:26.345492,2.53767,0.0,0.0,62101.0625,51.1,64059.890625,0,0.0,148.296875,deepseek-r1:7b,-1
2025-06-08T17:16:26.449747,2.641925,0.0,0.0,62101.0625,51.1,64059.890625,0,0.0,148.296875,deepseek-r1:7b,-1
2025-06-08T17:16:26.555135,2.747313,0.0,0.0,62101.0625,51.1,64059.890625,0,0.0,148.296875,deepseek-r1:7b,-1
2025-06-08T17:16:26.660525,2.852703,0.0,0.0,62101.0625,51.1,64059.890625,0,0.0,148.296875,deepseek-r1:7b,-1
2025-06-08T17:16:26.762507,2.954685,0.0,0.0,62101.0625,51.1,64059.890625,0,0.0,148.296875,deepseek-r1:7b,-1
2025-06-08T17:16:26.865738,3.057916,0.0,0.0,62101.0625,51.1,64059.890625,0,0.0,148.296875,deepseek-r1:7b,-1
2025-06-08T17:16:26.971131,3.163309,11.0,0.0,62085.8125,51.1,64079.03125,0,0.0,148.296875,deepseek-r1:7b,-1
2025-06-08T17:16:27.076548,3.268726,7.7,0.0,62075.8125,51.1,64089.25,0,0.0,148.296875,deepseek-r1:7b,-1
2025-06-08T17:16:27.181940,3.374118,0.0,0.0,62075.8125,51.1,64089.25,0,0.0,148.296875,deepseek-r1:7b,-1
2025-06-08T17:16:27.287324,3.479502,0.0,0.0,62075.8125,51.1,64089.25,0,0.0,148.296875,deepseek-r1:7b,-1
2025-06-08T17:16:27.392687,3.584865,0.0,0.0,62075.8125,51.1,64089.25,0,0.0,148.296875,deepseek-r1:7b,-1
2025-06-08T17:16:27.494872,3.68705,0.0,0.0,62075.8125,51.1,64089.25,0,0.0,148.296875,deepseek-r1:7b,-1
2025-06-08T17:16:27.597790,3.789968,0.0,0.0,62075.8125,51.1,64089.25,0,0.0,148.296875,deepseek-r1:7b,-1
2025-06-08T17:16:27.698857,3.891035,0.0,0.0,62075.8125,51.1,64089.25,0,0.0,148.296875,deepseek-r1:7b,-1
2025-06-08T17:16:27.804220,3.996398,0.0,0.0,62075.8125,51.1,64089.25,0,0.0,148.296875,deepseek-r1:7b,-1
2025-06-08T17:16:27.909257,4.101435,0.0,0.0,62075.8125,51.1,64089.25,0,0.0,148.296875,deepseek-r1:7b,-1
2025-06-08T17:16:28.014048,4.206226,11.4,0.0,62075.53125,51.1,64089.875,0,0.0,148.296875,deepseek-r1:7b,-1
2025-06-08T17:16:28.119496,4.311674,8.3,0.0,62075.53125,51.1,64090.34375,0,0.0,148.296875,deepseek-r1:7b,-1
2025-06-08T17:16:28.224862,4.41704,9.5,0.0,62075.53125,51.1,64090.34375,0,0.0,148.296875,deepseek-r1:7b,-1
2025-06-08T17:16:28.330185,4.522363,8.7,0.0,62075.53125,51.1,64090.34375,0,0.0,148.296875,deepseek-r1:7b,-1
2025-06-08T17:16:28.432311,4.624489,8.6,0.0,62075.53125,51.1,64090.34375,0,0.0,148.296875,deepseek-r1:7b,-1
2025-06-08T17:16:28.537193,4.729371,7.8,0.0,62075.53125,51.1,64090.34375,0,0.0,148.296875,deepseek-r1:7b,-1
2025-06-08T17:16:28.641355,4.833533,0.0,0.0,62075.53125,51.1,64090.34375,0,0.0,148.296875,deepseek-r1:7b,-1
2025-06-08T17:16:28.741883,4.934061,0.0,0.0,62075.53125,51.1,64090.34375,0,0.0,148.296875,deepseek-r1:7b,-1
2025-06-08T17:16:28.847141,5.039319,0.0,0.0,62075.53125,51.1,64090.34375,0,0.0,148.296875,deepseek-r1:7b,-1
2025-06-08T17:16:28.951869,5.144047,0.0,0.0,62075.53125,51.1,64090.34375,0,0.0,148.296875,deepseek-r1:7b,-1
2025-06-08T17:16:29.057207,5.249385,9.8,0.0,62075.34375,51.1,64092.8125,0,0.0,148.296875,deepseek-r1:7b,-1
2025-06-08T17:16:29.162629,5.354807,8.3,0.0,62075.359375,51.1,64093.1875,0,0.0,148.296875,deepseek-r1:7b,-1
2025-06-08T17:16:29.266835,5.459013,13.9,0.0,62080.6875,51.1,64082.046875,0,0.2,148.296875,deepseek-r1:7b,-1
2025-06-08T17:16:29.368715,5.560893,20.2,0.0,62080.6875,51.1,64082.046875,0,0.2,148.296875,deepseek-r1:7b,-1
2025-06-08T17:16:29.469729,5.661907,20.4,0.0,62080.6875,51.1,64082.046875,0,0.0,148.296875,deepseek-r1:7b,-1
2025-06-08T17:16:29.575107,5.767285,10.1,0.0,62080.6875,51.1,64082.046875,0,0.0,148.296875,deepseek-r1:7b,-1
2025-06-08T17:16:29.680414,5.872592,9.6,0.0,62080.6875,51.1,64082.046875,0,0.0,148.296875,deepseek-r1:7b,-1
2025-06-08T17:16:29.782970,5.975148,14.6,0.0,62080.6875,51.1,64082.046875,0,0.0,148.296875,deepseek-r1:7b,-1
2025-06-08T17:16:29.888290,6.080468,11.3,0.0,62080.6875,51.1,64082.046875,0,0.0,148.296875,deepseek-r1:7b,-1
2025-06-08T17:16:29.992177,6.184355,0.0,0.0,62080.6875,51.1,64082.046875,0,0.0,148.296875,deepseek-r1:7b,-1
2025-06-08T17:16:30.097256,6.289434,14.1,0.0,62449.53125,51.4,63715.125,0,0.0,148.296875,deepseek-r1:7b,-1
2025-06-08T17:16:30.198343,6.390521,21.0,0.0,62498.546875,51.4,63668.25,0,0.0,148.296875,deepseek-r1:7b,-1
2025-06-08T17:16:30.301280,6.493458,30.5,0.0,62498.546875,51.4,63668.25,0,0.0,148.296875,deepseek-r1:7b,-1
2025-06-08T17:16:30.404008,6.596186,33.1,0.0,62498.546875,51.4,63668.25,0,0.0,148.296875,deepseek-r1:7b,-1
2025-06-08T17:16:30.508468,6.700646,31.9,0.0,62498.546875,51.4,63668.25,0,0.0,148.296875,deepseek-r1:7b,-1
2025-06-08T17:16:30.611724,6.803902,21.7,0.0,62498.546875,51.4,63668.25,0,0.0,148.296875,deepseek-r1:7b,-1
2025-06-08T17:16:32.758582,0.039652,12.5,0.0,60985.84375,50.3,65191.109375,0,0.0,148.3125,deepseek-r1:7b,-1
2025-06-08T17:16:32.863691,0.144761,17.0,0.0,62150.96875,51.2,64021.71875,0,0.0,148.3125,deepseek-r1:7b,-1
2025-06-08T17:16:32.968805,0.249875,12.0,0.0,62598.921875,51.5,63574.015625,0,0.0,148.3125,deepseek-r1:7b,-1
2025-06-08T17:16:33.073976,0.355046,7.5,0.0,62598.921875,51.5,63574.015625,0,0.0,148.3125,deepseek-r1:7b,-1
2025-06-08T17:16:33.179380,0.46045,9.2,0.0,62598.921875,51.5,63574.015625,0,0.0,148.3125,deepseek-r1:7b,-1
2025-06-08T17:16:33.281519,0.562589,6.8,0.0,62598.921875,51.5,63574.015625,0,0.0,148.3125,deepseek-r1:7b,-1
2025-06-08T17:16:33.386923,0.667993,8.2,0.0,62598.921875,51.5,63574.015625,0,0.0,148.3125,deepseek-r1:7b,-1
2025-06-08T17:16:33.490195,0.771265,0.0,0.0,62598.921875,51.5,63574.015625,0,0.0,148.3125,deepseek-r1:7b,-1
2025-06-08T17:16:33.595577,0.876647,0.0,0.0,62598.921875,51.5,63574.015625,0,0.0,148.3125,deepseek-r1:7b,-1
2025-06-08T17:16:33.696937,0.978007,0.0,0.0,62598.921875,51.5,63574.015625,0,0.0,148.3125,deepseek-r1:7b,-1
2025-06-08T17:16:33.801977,1.083047,8.6,0.0,62544.609375,51.5,63625.75,0,0.0,148.3125,deepseek-r1:7b,-1
2025-06-08T17:16:33.904660,1.18573,19.5,0.0,62700.984375,51.6,63466.359375,0,0.0,148.3125,deepseek-r1:7b,-1
2025-06-08T17:16:34.009354,1.290424,14.8,0.0,62698.09375,51.6,63471.3125,0,0.0,148.3125,deepseek-r1:7b,-1
2025-06-08T17:16:34.113869,1.394939,18.8,0.0,62698.09375,51.6,63471.3125,0,0.0,148.3125,deepseek-r1:7b,-1
2025-06-08T17:16:34.216862,1.497932,24.1,0.0,62698.09375,51.6,63471.3125,0,0.0,148.3125,deepseek-r1:7b,-1
2025-06-08T17:16:34.320322,1.601392,15.2,0.0,62698.09375,51.6,63471.3125,0,0.1,148.265625,deepseek-r1:7b,-1
2025-06-08T17:16:34.422185,1.703255,14.7,0.0,62698.09375,51.6,63471.3125,0,0.0,148.265625,deepseek-r1:7b,-1
2025-06-08T17:16:34.525507,1.806577,13.5,0.0,62698.09375,51.6,63471.3125,0,0.0,148.265625,deepseek-r1:7b,-1
2025-06-08T17:16:34.628254,1.909324,0.0,0.0,62698.09375,51.6,63471.3125,0,0.0,148.265625,deepseek-r1:7b,-1
2025-06-08T17:16:34.733511,2.014581,0.0,0.0,62698.09375,51.6,63471.3125,0,0.0,148.265625,deepseek-r1:7b,-1
2025-06-08T17:16:34.833857,2.114927,12.7,0.0,62852.8125,51.7,63314.3125,0,0.0,148.265625,deepseek-r1:7b,-1
2025-06-08T17:16:34.935773,2.216843,12.2,0.0,62852.8125,51.7,63314.3125,0,0.0,148.265625,deepseek-r1:7b,-1
2025-06-08T17:16:35.041198,2.322268,0.0,0.0,62852.8125,51.7,63314.3125,0,0.0,148.265625,deepseek-r1:7b,-1
2025-06-08T17:16:35.146596,2.427666,0.0,0.0,62852.8125,51.7,63314.3125,0,0.0,148.265625,deepseek-r1:7b,-1
2025-06-08T17:16:35.251925,2.532995,0.0,0.0,62852.8125,51.7,63314.3125,0,0.0,148.265625,deepseek-r1:7b,-1
2025-06-08T17:16:35.357287,2.638357,0.0,0.0,62852.8125,51.7,63314.3125,0,0.0,148.265625,deepseek-r1:7b,-1
2025-06-08T17:16:35.462639,2.743709,0.0,0.0,62852.8125,51.7,63314.3125,0,0.0,148.265625,deepseek-r1:7b,-1
2025-06-08T17:16:35.567966,2.849036,0.0,0.0,62852.8125,51.7,63314.3125,0,0.0,148.265625,deepseek-r1:7b,-1
2025-06-08T17:16:35.668571,2.949641,0.0,0.0,62852.8125,51.7,63314.3125,0,0.0,148.265625,deepseek-r1:7b,-1
2025-06-08T17:16:35.771029,3.052099,0.0,0.0,62852.8125,51.7,63314.3125,0,0.0,148.265625,deepseek-r1:7b,-1
2025-06-08T17:16:35.875677,3.156747,12.8,0.0,62884.796875,51.7,63282.703125,0,0.0,148.265625,deepseek-r1:7b,-1
2025-06-08T17:16:35.979855,3.260925,9.9,0.0,62884.8125,51.7,63283.828125,0,0.0,148.265625,deepseek-r1:7b,-1
2025-06-08T17:16:36.083291,3.364361,9.8,0.0,62884.8125,51.7,63283.828125,0,0.0,148.265625,deepseek-r1:7b,-1
2025-06-08T17:16:36.184296,3.465366,14.1,0.0,62884.8125,51.7,63283.828125,0,0.0,148.265625,deepseek-r1:7b,-1
2025-06-08T17:16:36.287337,3.568407,14.9,0.0,62884.8125,51.7,63283.828125,0,0.0,148.265625,deepseek-r1:7b,-1
2025-06-08T17:16:36.389059,3.670129,0.0,0.0,62884.8125,51.7,63283.828125,0,0.0,148.265625,deepseek-r1:7b,-1
2025-06-08T17:16:36.493843,3.774913,0.0,0.0,62884.8125,51.7,63283.828125,0,0.0,148.265625,deepseek-r1:7b,-1
2025-06-08T17:16:36.594982,3.876052,0.0,0.0,62884.8125,51.7,63283.828125,0,0.0,148.265625,deepseek-r1:7b,-1
2025-06-08T17:16:36.695967,3.977037,0.0,0.0,62884.8125,51.7,63283.828125,0,0.0,148.265625,deepseek-r1:7b,-1
2025-06-08T17:16:36.801302,4.082372,0.0,0.0,62884.8125,51.7,63283.828125,0,0.0,148.265625,deepseek-r1:7b,-1
2025-06-08T17:16:36.904057,4.185127,14.7,0.0,62838.25,51.7,63327.0,0,0.0,148.265625,deepseek-r1:7b,-1
2025-06-08T17:16:37.006144,4.287214,11.9,0.0,62838.25,51.7,63328.65625,0,0.0,148.265625,deepseek-r1:7b,-1
2025-06-08T17:16:37.107594,4.388664,13.4,0.0,62766.1875,51.6,63402.578125,0,0.0,148.265625,deepseek-r1:7b,-1
2025-06-08T17:16:37.211912,4.492982,14.2,0.0,62766.1875,51.6,63402.578125,0,0.0,148.265625,deepseek-r1:7b,-1
2025-06-08T17:16:37.316119,4.597189,12.4,0.0,62766.1875,51.6,63402.578125,0,0.0,148.265625,deepseek-r1:7b,-1
2025-06-08T17:16:37.421460,4.70253,11.0,0.0,62766.1875,51.6,63402.578125,0,0.0,148.265625,deepseek-r1:7b,-1
2025-06-08T17:16:37.526844,4.807914,10.1,0.0,62766.1875,51.6,63402.578125,0,0.0,148.265625,deepseek-r1:7b,-1
2025-06-08T17:16:37.629829,4.910899,0.0,0.0,62766.1875,51.6,63402.578125,0,0.0,148.265625,deepseek-r1:7b,-1
2025-06-08T17:16:37.730960,5.01203,0.0,0.0,62766.1875,51.6,63402.578125,0,0.0,148.265625,deepseek-r1:7b,-1
2025-06-08T17:16:37.832214,5.113284,0.0,0.0,62766.1875,51.6,63402.578125,0,0.0,148.265625,deepseek-r1:7b,-1
2025-06-08T17:16:37.937347,5.218417,17.4,0.0,62971.15625,51.8,63199.03125,0,0.0,148.265625,deepseek-r1:7b,-1
2025-06-08T17:16:38.042553,5.323623,12.7,0.0,62971.546875,51.8,63201.21875,0,0.0,148.265625,deepseek-r1:7b,-1
2025-06-08T17:16:38.147957,5.429027,15.4,0.0,62975.59375,51.8,63194.703125,0,0.0,148.265625,deepseek-r1:7b,-1
2025-06-08T17:16:38.253380,5.53445,11.2,0.0,62975.59375,51.8,63194.703125,0,0.0,148.265625,deepseek-r1:7b,-1
2025-06-08T17:16:38.358812,5.639882,7.8,0.0,62975.59375,51.8,63194.703125,0,0.0,148.265625,deepseek-r1:7b,-1
2025-06-08T17:16:38.464190,5.74526,0.0,0.0,62975.59375,51.8,63194.703125,0,0.0,148.265625,deepseek-r1:7b,-1
2025-06-08T17:16:38.567716,5.848786,0.0,0.0,62975.59375,51.8,63194.703125,0,0.0,148.265625,deepseek-r1:7b,-1
2025-06-08T17:16:38.672266,5.953336,0.0,0.0,62975.59375,51.8,63194.703125,0,0.0,148.265625,deepseek-r1:7b,-1
2025-06-08T17:16:38.777642,6.058712,0.0,0.0,62975.59375,51.8,63194.703125,0,0.0,148.265625,deepseek-r1:7b,-1
2025-06-08T17:16:38.882019,6.163089,0.0,0.0,62975.59375,51.8,63194.703125,0,0.0,148.265625,deepseek-r1:7b,-1
2025-06-08T17:16:38.983067,6.264137,11.0,0.0,63026.171875,51.8,63145.90625,0,0.0,148.265625,deepseek-r1:7b,-1
2025-06-08T17:16:39.087371,6.368441,13.1,0.0,62975.515625,51.8,63194.625,0,0.0,148.265625,deepseek-r1:7b,-1
2025-06-08T17:16:39.191026,6.472096,14.5,0.0,62975.515625,51.8,63194.625,0,0.0,148.265625,deepseek-r1:7b,-1
2025-06-08T17:16:39.291559,6.572629,10.8,0.0,62975.515625,51.8,63194.625,0,0.0,148.265625,deepseek-r1:7b,-1
2025-06-08T17:16:39.392151,6.673221,9.3,0.0,62975.515625,51.8,63194.625,0,0.0,148.265625,deepseek-r1:7b,-1
2025-06-08T17:16:39.495199,6.776269,0.0,0.0,62975.515625,51.8,63194.625,0,0.0,148.265625,deepseek-r1:7b,-1
2025-06-08T17:16:39.599468,6.880538,0.0,0.0,62975.515625,51.8,63194.625,0,0.0,148.265625,deepseek-r1:7b,-1
2025-06-08T17:16:39.704015,6.985085,0.0,0.0,62975.515625,51.8,63194.625,0,0.0,148.265625,deepseek-r1:7b,-1
2025-06-08T17:16:39.806249,7.087319,0.0,0.0,62975.515625,51.8,63194.625,0,0.0,148.265625,deepseek-r1:7b,-1
2025-06-08T17:16:39.907251,7.188321,0.0,0.0,62975.515625,51.8,63194.625,0,0.0,148.265625,deepseek-r1:7b,-1
2025-06-08T17:16:40.012623,7.293693,10.7,0.0,62980.671875,51.8,63195.109375,0,0.0,148.265625,deepseek-r1:7b,-1
2025-06-08T17:16:40.117316,7.398386,11.9,0.0,62980.671875,51.8,63195.109375,0,0.0,148.265625,deepseek-r1:7b,-1
2025-06-08T17:16:40.222662,7.503732,13.5,0.0,62980.671875,51.8,63195.109375,0,0.0,148.265625,deepseek-r1:7b,-1
2025-06-08T17:16:40.323786,7.604856,0.0,0.0,62980.671875,51.8,63195.109375,0,0.0,148.265625,deepseek-r1:7b,-1
2025-06-08T17:16:40.429105,7.710175,0.0,0.0,62980.671875,51.8,63195.109375,0,0.0,148.265625,deepseek-r1:7b,-1
2025-06-08T17:16:40.534364,7.815434,0.0,0.0,62980.671875,51.8,63195.109375,0,0.0,148.265625,deepseek-r1:7b,-1
2025-06-08T17:16:40.639013,7.920083,0.0,0.0,62980.671875,51.8,63195.109375,0,0.0,148.265625,deepseek-r1:7b,-1
2025-06-08T17:16:40.740261,8.021331,0.0,0.0,62980.671875,51.8,63195.109375,0,0.0,148.265625,deepseek-r1:7b,-1
2025-06-08T17:16:40.845627,8.126697,0.0,0.0,62980.671875,51.8,63195.109375,0,0.0,148.265625,deepseek-r1:7b,-1
2025-06-08T17:16:40.947329,8.228399,0.0,0.0,62980.671875,51.8,63195.109375,0,0.0,148.265625,deepseek-r1:7b,-1
2025-06-08T17:16:41.052533,8.333603,13.0,0.0,62959.65625,51.8,63207.09375,0,0.0,148.265625,deepseek-r1:7b,-1
2025-06-08T17:16:41.155643,8.436713,9.3,0.0,62959.65625,51.8,63207.09375,0,0.0,148.265625,deepseek-r1:7b,-1
2025-06-08T17:16:41.258127,8.539197,12.2,0.0,62959.65625,51.8,63207.09375,0,0.0,148.265625,deepseek-r1:7b,-1
2025-06-08T17:16:41.363514,8.644584,11.8,0.0,62959.65625,51.8,63207.09375,0,0.0,148.265625,deepseek-r1:7b,-1
2025-06-08T17:16:41.468821,8.749891,16.7,0.0,62959.65625,51.8,63207.09375,0,0.0,148.265625,deepseek-r1:7b,-1
2025-06-08T17:16:41.572084,8.853154,17.2,0.0,62959.65625,51.8,63207.09375,0,0.0,148.265625,deepseek-r1:7b,-1
2025-06-08T17:16:41.674267,8.955337,10.6,0.0,62959.65625,51.8,63207.09375,0,0.0,148.265625,deepseek-r1:7b,-1
2025-06-08T17:16:41.779551,9.060621,11.8,0.0,62959.65625,51.8,63207.09375,0,0.0,148.265625,deepseek-r1:7b,-1
2025-06-08T17:16:41.884812,9.165882,15.1,0.0,62959.65625,51.8,63207.09375,0,0.0,148.265625,deepseek-r1:7b,-1
2025-06-08T17:16:41.990213,9.271283,16.5,0.0,62959.65625,51.8,63207.09375,0,0.0,148.265625,deepseek-r1:7b,-1
2025-06-08T17:16:44.128534,0.029214,15.5,0.0,61758.25,50.9,64408.453125,0,0.0,148.328125,deepseek-r1:7b,-1
2025-06-08T17:16:44.233658,0.134338,26.1,0.0,62083.5,51.1,64077.21875,0,0.0,148.328125,deepseek-r1:7b,-1
2025-06-08T17:16:44.338929,0.239609,18.8,0.0,62533.421875,51.5,63631.078125,0,0.0,148.328125,deepseek-r1:7b,-1
2025-06-08T17:16:44.444200,0.34488,17.4,0.0,62533.421875,51.5,63631.078125,0,0.0,148.328125,deepseek-r1:7b,-1
2025-06-08T17:16:44.549597,0.450277,18.6,0.0,62533.421875,51.5,63631.078125,0,0.0,148.328125,deepseek-r1:7b,-1
2025-06-08T17:16:44.650417,0.551097,44.7,0.0,62533.421875,51.5,63631.078125,0,0.2,148.328125,deepseek-r1:7b,-1
2025-06-08T17:16:44.754152,0.654832,20.7,0.0,62533.421875,51.5,63631.078125,0,0.0,148.328125,deepseek-r1:7b,-1
2025-06-08T17:16:44.858018,0.758698,0.0,0.0,62533.421875,51.5,63631.078125,0,0.0,148.328125,deepseek-r1:7b,-1
2025-06-08T17:16:44.961199,0.861879,0.0,0.0,62533.421875,51.5,63631.078125,0,0.0,148.328125,deepseek-r1:7b,-1
2025-06-08T17:16:45.061694,0.962374,0.0,0.0,62533.421875,51.5,63631.078125,0,0.0,148.328125,deepseek-r1:7b,-1
2025-06-08T17:16:45.166348,1.067028,26.5,0.0,62807.5,51.7,63359.921875,0,0.0,148.328125,deepseek-r1:7b,-1
2025-06-08T17:16:45.270331,1.171011,12.7,0.0,62807.5,51.7,63359.921875,0,0.0,148.328125,deepseek-r1:7b,-1
2025-06-08T17:16:45.375613,1.276293,19.5,0.0,62807.5,51.7,63359.921875,0,0.0,148.328125,deepseek-r1:7b,-1
2025-06-08T17:16:45.480756,1.381436,17.0,0.0,62807.5,51.7,63359.921875,0,0.0,148.328125,deepseek-r1:7b,-1
2025-06-08T17:16:45.584673,1.485353,15.6,0.0,62807.5,51.7,63359.921875,0,0.0,148.328125,deepseek-r1:7b,-1
2025-06-08T17:16:45.686770,1.58745,14.3,0.0,62807.5,51.7,63359.921875,0,0.0,148.328125,deepseek-r1:7b,-1
2025-06-08T17:16:45.791329,1.692009,0.0,0.0,62807.5,51.7,63359.921875,0,0.0,148.328125,deepseek-r1:7b,-1
2025-06-08T17:16:45.894998,1.795678,0.0,0.0,62807.5,51.7,63359.921875,0,0.0,148.328125,deepseek-r1:7b,-1
2025-06-08T17:16:45.997122,1.897802,0.0,0.0,62807.5,51.7,63359.921875,0,0.0,148.328125,deepseek-r1:7b,-1
2025-06-08T17:16:46.100103,2.000783,0.0,0.0,62807.5,51.7,63359.921875,0,0.0,148.328125,deepseek-r1:7b,-1
2025-06-08T17:16:46.204241,2.104921,13.8,0.0,62795.296875,51.7,63368.84375,0,0.0,148.328125,deepseek-r1:7b,-1
2025-06-08T17:16:46.309646,2.210326,11.5,0.0,62795.3125,51.7,63372.078125,0,0.0,148.328125,deepseek-r1:7b,-1
2025-06-08T17:16:46.413939,2.314619,11.2,0.0,62795.3125,51.7,63372.078125,0,0.0,148.328125,deepseek-r1:7b,-1
2025-06-08T17:16:46.517793,2.418473,12.0,0.0,62795.3125,51.7,63372.078125,0,0.0,148.328125,deepseek-r1:7b,-1
2025-06-08T17:16:46.620768,2.521448,13.4,0.0,62795.3125,51.7,63372.078125,0,0.0,148.328125,deepseek-r1:7b,-1
2025-06-08T17:16:46.721590,2.62227,11.8,0.0,62795.3125,51.7,63372.078125,0,0.0,148.328125,deepseek-r1:7b,-1
2025-06-08T17:16:46.826971,2.727651,0.0,0.0,62795.3125,51.7,63372.078125,0,0.0,148.328125,deepseek-r1:7b,-1
2025-06-08T17:16:46.932315,2.832995,0.0,0.0,62795.3125,51.7,63372.078125,0,0.0,148.328125,deepseek-r1:7b,-1
2025-06-08T17:16:47.034541,2.935221,0.0,0.0,62795.3125,51.7,63372.078125,0,0.0,148.328125,deepseek-r1:7b,-1
2025-06-08T17:16:47.139926,3.040606,0.0,0.0,62795.3125,51.7,63372.078125,0,0.0,148.328125,deepseek-r1:7b,-1
2025-06-08T17:16:47.244017,3.144697,12.2,0.0,62679.46875,51.6,63487.1875,0,0.0,148.328125,deepseek-r1:7b,-1
2025-06-08T17:16:47.347522,3.248202,11.0,0.0,62677.875,51.6,63488.109375,0,0.0,148.328125,deepseek-r1:7b,-1
2025-06-08T17:16:47.448333,3.349013,11.2,0.0,62677.796875,51.6,63488.8125,0,0.0,148.328125,deepseek-r1:7b,-1
2025-06-08T17:16:47.553695,3.454375,10.9,0.0,62677.796875,51.6,63488.8125,0,0.0,148.328125,deepseek-r1:7b,-1
2025-06-08T17:16:47.657906,3.558586,11.2,0.0,62677.796875,51.6,63488.8125,0,0.0,148.328125,deepseek-r1:7b,-1
2025-06-08T17:16:47.761596,3.662276,12.8,0.0,62677.796875,51.6,63488.8125,0,0.0,148.328125,deepseek-r1:7b,-1
2025-06-08T17:16:47.866991,3.767671,8.9,0.0,62677.796875,51.6,63488.8125,0,0.0,148.328125,deepseek-r1:7b,-1
2025-06-08T17:16:47.972074,3.872754,12.5,0.0,62677.796875,51.6,63488.8125,0,0.0,148.328125,deepseek-r1:7b,-1
2025-06-08T17:16:48.073545,3.974225,12.3,0.0,62677.796875,51.6,63488.8125,0,0.0,148.328125,deepseek-r1:7b,-1
2025-06-08T17:16:48.178851,4.079531,0.0,0.0,62677.796875,51.6,63488.8125,0,0.0,148.328125,deepseek-r1:7b,-1
2025-06-08T17:16:48.280579,4.181259,13.6,0.0,62671.53125,51.6,63497.125,0,0.0,148.328125,deepseek-r1:7b,-1
2025-06-08T17:16:48.382922,4.283602,10.1,0.0,62671.5625,51.6,63497.40625,0,0.0,148.328125,deepseek-r1:7b,-1
2025-06-08T17:16:48.487882,4.388562,0.0,0.0,62671.5625,51.6,63497.40625,0,0.0,148.328125,deepseek-r1:7b,-1
2025-06-08T17:16:48.593270,4.49395,0.0,0.0,62671.5625,51.6,63497.40625,0,0.0,148.328125,deepseek-r1:7b,-1
2025-06-08T17:16:48.697407,4.598087,0.0,0.0,62671.5625,51.6,63497.40625,0,0.0,148.328125,deepseek-r1:7b,-1
2025-06-08T17:16:48.802853,4.703533,0.0,0.0,62671.5625,51.6,63497.40625,0,0.0,148.328125,deepseek-r1:7b,-1
2025-06-08T17:16:48.905069,4.805749,0.0,0.0,62671.5625,51.6,63497.40625,0,0.0,148.328125,deepseek-r1:7b,-1
2025-06-08T17:16:49.010473,4.911153,0.0,0.0,62671.5625,51.6,63497.40625,0,0.0,148.328125,deepseek-r1:7b,-1
2025-06-08T17:16:49.112699,5.013379,0.0,0.0,62671.5625,51.6,63497.40625,0,0.0,148.328125,deepseek-r1:7b,-1
2025-06-08T17:16:49.213407,5.114087,0.0,0.0,62671.5625,51.6,63497.40625,0,0.0,148.328125,deepseek-r1:7b,-1
2025-06-08T17:16:49.316452,5.217132,12.2,0.0,62670.5,51.6,63497.875,0,0.0,148.328125,deepseek-r1:7b,-1
2025-06-08T17:16:49.421843,5.322523,11.8,0.0,62663.5625,51.6,63497.21875,0,0.0,148.328125,deepseek-r1:7b,-1
2025-06-08T17:16:49.527156,5.427836,10.8,0.0,62663.515625,51.6,63497.609375,0,0.0,148.328125,deepseek-r1:7b,-1
2025-06-08T17:16:49.628802,5.529482,0.0,0.0,62621.421875,51.5,63545.40625,0,0.0,148.328125,deepseek-r1:7b,-1
2025-06-08T17:16:49.734077,5.634757,0.0,0.0,62621.421875,51.5,63545.40625,0,0.1,148.3125,deepseek-r1:7b,-1
2025-06-08T17:16:49.836652,5.737332,0.0,0.0,62621.421875,51.5,63545.40625,0,0.0,148.3125,deepseek-r1:7b,-1
2025-06-08T17:16:49.938333,5.839013,0.0,0.0,62621.421875,51.5,63545.40625,0,0.0,148.3125,deepseek-r1:7b,-1
2025-06-08T17:16:50.038547,5.939227,0.0,0.0,62621.421875,51.5,63545.40625,0,0.0,148.3125,deepseek-r1:7b,-1
2025-06-08T17:16:50.143809,6.044489,0.0,0.0,62621.421875,51.5,63545.40625,0,0.0,148.3125,deepseek-r1:7b,-1
2025-06-08T17:16:50.249258,6.149938,0.0,0.0,62621.421875,51.5,63545.40625,0,0.0,148.3125,deepseek-r1:7b,-1
2025-06-08T17:16:50.354571,6.255251,12.8,0.0,62724.84375,51.6,63438.625,0,0.0,148.3125,deepseek-r1:7b,-1
2025-06-08T17:16:50.458966,6.359646,11.4,0.0,62724.71875,51.6,63439.1875,0,0.0,148.3125,deepseek-r1:7b,-1
2025-06-08T17:16:50.561516,6.462196,0.0,0.0,62724.71875,51.6,63439.1875,0,0.0,148.3125,deepseek-r1:7b,-1
2025-06-08T17:16:50.666895,6.567575,0.0,0.0,62724.71875,51.6,63439.1875,0,0.0,148.3125,deepseek-r1:7b,-1
2025-06-08T17:16:52.814229,0.041681,12.9,0.0,62121.921875,51.1,64052.21875,0,0.0,148.3125,deepseek-r1:7b,-1
2025-06-08T17:16:52.919386,0.146838,18.8,0.0,61542.53125,50.7,64630.640625,0,0.0,148.3125,deepseek-r1:7b,-1
2025-06-08T17:16:53.024791,0.252243,15.8,0.0,62292.984375,51.3,63879.484375,0,0.0,148.3125,deepseek-r1:7b,-1
2025-06-08T17:16:53.129326,0.356778,17.9,0.0,62292.984375,51.3,63879.484375,0,0.0,148.3125,deepseek-r1:7b,-1
2025-06-08T17:16:53.234466,0.461918,13.3,0.0,62292.984375,51.3,63879.484375,0,0.0,148.3125,deepseek-r1:7b,-1
2025-06-08T17:16:53.334709,0.562161,11.0,0.0,62292.984375,51.3,63879.484375,0,0.0,148.3125,deepseek-r1:7b,-1
2025-06-08T17:16:53.440145,0.667597,11.4,0.0,62292.984375,51.3,63879.484375,0,0.0,148.3125,deepseek-r1:7b,-1
2025-06-08T17:16:53.544746,0.772198,0.0,0.0,62292.984375,51.3,63879.484375,0,0.0,148.3125,deepseek-r1:7b,-1
2025-06-08T17:16:53.650190,0.877642,0.0,0.0,62292.984375,51.3,63879.484375,0,0.0,148.3125,deepseek-r1:7b,-1
2025-06-08T17:16:53.754046,0.981498,0.0,0.0,62292.984375,51.3,63879.484375,0,0.0,148.3125,deepseek-r1:7b,-1
2025-06-08T17:16:53.857127,1.084579,13.1,0.0,62736.40625,51.6,63434.203125,0,0.0,148.3125,deepseek-r1:7b,-1
2025-06-08T17:16:53.960054,1.187506,12.9,0.0,62733.21875,51.6,63433.78125,0,0.0,148.3125,deepseek-r1:7b,-1
2025-06-08T17:16:54.060791,1.288243,11.9,0.0,62731.828125,51.6,63436.21875,0,0.0,148.3125,deepseek-r1:7b,-1
2025-06-08T17:16:54.162383,1.389835,12.2,0.0,62611.625,51.5,63551.421875,0,0.0,148.3125,deepseek-r1:7b,-1
2025-06-08T17:16:54.264267,1.491719,0.0,0.0,62611.625,51.5,63551.421875,0,0.0,148.3125,deepseek-r1:7b,-1
2025-06-08T17:16:54.369165,1.596617,0.0,0.0,62611.625,51.5,63551.421875,0,0.0,148.3125,deepseek-r1:7b,-1
2025-06-08T17:16:54.470433,1.697885,0.0,0.0,62611.625,51.5,63551.421875,0,0.0,148.3125,deepseek-r1:7b,-1
2025-06-08T17:16:54.575792,1.803244,0.0,0.0,62611.625,51.5,63551.421875,0,0.0,148.3125,deepseek-r1:7b,-1
2025-06-08T17:16:54.678398,1.90585,0.0,0.0,62611.625,51.5,63551.421875,0,0.0,148.3125,deepseek-r1:7b,-1
2025-06-08T17:16:54.778628,2.00608,0.0,0.0,62611.625,51.5,63551.421875,0,0.0,148.3125,deepseek-r1:7b,-1
2025-06-08T17:16:54.882732,2.110184,11.8,0.0,62611.65625,51.5,63553.796875,0,0.0,148.3125,deepseek-r1:7b,-1
2025-06-08T17:16:54.983538,2.21099,13.1,0.0,62611.65625,51.5,63553.796875,0,0.0,148.3125,deepseek-r1:7b,-1
2025-06-08T17:16:55.084406,2.311858,14.5,0.0,62611.65625,51.5,63553.796875,0,0.0,148.3125,deepseek-r1:7b,-1
2025-06-08T17:16:55.187013,2.414465,12.0,0.0,62611.65625,51.5,63553.796875,0,0.0,148.3125,deepseek-r1:7b,-1
2025-06-08T17:16:55.292449,2.519901,12.7,0.0,62611.65625,51.5,63553.796875,0,0.0,148.3125,deepseek-r1:7b,-1
2025-06-08T17:16:55.394751,2.622203,10.9,0.0,62611.65625,51.5,63553.796875,0,0.0,148.3125,deepseek-r1:7b,-1
2025-06-08T17:16:55.499382,2.726834,10.9,0.0,62611.65625,51.5,63553.796875,0,0.0,148.3125,deepseek-r1:7b,-1
2025-06-08T17:16:55.600788,2.82824,11.6,0.0,62611.65625,51.5,63553.796875,0,0.0,148.3125,deepseek-r1:7b,-1
2025-06-08T17:16:55.703143,2.930595,11.2,0.0,62611.65625,51.5,63553.796875,0,0.0,148.3125,deepseek-r1:7b,-1
2025-06-08T17:16:55.803975,3.031427,0.0,0.0,62611.65625,51.5,63553.796875,0,0.0,148.3125,deepseek-r1:7b,-1
2025-06-08T17:16:55.904623,3.132075,10.8,0.0,62720.875,51.6,63440.546875,0,0.0,148.3125,deepseek-r1:7b,-1
2025-06-08T17:16:56.009969,3.237421,12.0,0.0,62720.875,51.6,63440.546875,0,0.0,148.3125,deepseek-r1:7b,-1
2025-06-08T17:16:56.112687,3.340139,14.0,0.0,62720.875,51.6,63440.546875,0,0.0,148.3125,deepseek-r1:7b,-1
2025-06-08T17:16:56.217470,3.444922,10.1,0.0,62720.875,51.6,63440.546875,0,0.0,148.3125,deepseek-r1:7b,-1
2025-06-08T17:16:56.322864,3.550316,0.0,0.0,62720.875,51.6,63440.546875,0,0.0,148.3125,deepseek-r1:7b,-1
2025-06-08T17:16:56.428268,3.65572,0.0,0.0,62720.875,51.6,63440.546875,0,0.0,148.3125,deepseek-r1:7b,-1
2025-06-08T17:16:56.532685,3.760137,0.0,0.0,62720.875,51.6,63440.546875,0,0.0,148.3125,deepseek-r1:7b,-1
2025-06-08T17:16:56.636707,3.864159,0.0,0.0,62720.875,51.6,63440.546875,0,0.0,148.3125,deepseek-r1:7b,-1
2025-06-08T17:16:56.737328,3.96478,0.0,0.0,62720.875,51.6,63440.546875,0,0.0,148.3125,deepseek-r1:7b,-1
2025-06-08T17:16:56.842715,4.070167,0.0,0.0,62720.875,51.6,63440.546875,0,0.0,148.3125,deepseek-r1:7b,-1
2025-06-08T17:16:56.948095,4.175547,11.6,0.0,62725.484375,51.6,63439.046875,0,0.0,148.3125,deepseek-r1:7b,-1
2025-06-08T17:16:57.053006,4.280458,14.8,0.0,62725.4375,51.6,63441.28125,0,0.0,148.3125,deepseek-r1:7b,-1
2025-06-08T17:16:57.153912,4.381364,0.0,0.0,62605.125,51.5,63560.09375,0,0.0,148.3125,deepseek-r1:7b,-1
2025-06-08T17:16:57.259294,4.486746,0.0,0.0,62605.125,51.5,63560.09375,0,0.0,148.3125,deepseek-r1:7b,-1
2025-06-08T17:16:57.361338,4.58879,0.0,0.0,62605.125,51.5,63560.09375,0,0.0,148.3125,deepseek-r1:7b,-1
2025-06-08T17:16:59.512024,0.041636,12.4,0.0,61002.765625,50.3,65169.390625,0,0.0,148.3125,deepseek-r1:7b,-1
2025-06-08T17:16:59.616429,0.146041,17.9,0.0,61543.09375,50.7,64625.921875,0,0.0,148.3125,deepseek-r1:7b,-1
2025-06-08T17:16:59.721919,0.251531,21.9,0.0,61543.09375,50.7,64625.921875,0,0.0,148.3125,deepseek-r1:7b,-1
2025-06-08T17:16:59.827074,0.356686,12.0,0.0,61543.09375,50.7,64625.921875,0,0.0,148.3125,deepseek-r1:7b,-1
2025-06-08T17:16:59.928391,0.458003,11.1,0.0,61543.09375,50.7,64625.921875,0,0.0,148.3125,deepseek-r1:7b,-1
2025-06-08T17:17:00.033026,0.562638,13.2,0.0,61543.09375,50.7,64625.921875,0,0.0,148.3125,deepseek-r1:7b,-1
2025-06-08T17:17:00.135336,0.664948,0.0,0.0,61543.09375,50.7,64625.921875,0,0.0,148.3125,deepseek-r1:7b,-1
2025-06-08T17:17:00.240712,0.770324,0.0,0.0,61543.09375,50.7,64625.921875,0,0.0,148.3125,deepseek-r1:7b,-1
2025-06-08T17:17:00.341372,0.870984,0.0,0.0,61543.09375,50.7,64625.921875,0,0.0,148.3125,deepseek-r1:7b,-1
2025-06-08T17:17:00.446741,0.976353,0.0,0.0,61543.09375,50.7,64625.921875,0,0.0,148.3125,deepseek-r1:7b,-1
2025-06-08T17:17:00.552118,1.08173,11.9,0.0,62741.6875,51.6,63431.53125,0,0.0,148.3125,deepseek-r1:7b,-1
2025-06-08T17:17:00.657516,1.187128,11.2,0.0,62741.640625,51.6,63431.90625,0,0.0,148.3125,deepseek-r1:7b,-1
2025-06-08T17:17:00.762883,1.292495,10.3,0.0,62741.625,51.6,63427.203125,0,0.0,148.3125,deepseek-r1:7b,-1
2025-06-08T17:17:00.868268,1.39788,12.7,0.0,62741.625,51.6,63427.203125,0,0.0,148.3125,deepseek-r1:7b,-1
2025-06-08T17:17:00.970045,1.499657,10.5,0.0,62741.625,51.6,63427.203125,0,0.0,148.3125,deepseek-r1:7b,-1
2025-06-08T17:17:01.074268,1.60388,13.4,0.0,62741.625,51.6,63427.203125,0,0.0,148.3125,deepseek-r1:7b,-1
2025-06-08T17:17:01.179595,1.709207,13.7,0.0,62741.625,51.6,63427.203125,0,0.0,148.3125,deepseek-r1:7b,-1
2025-06-08T17:17:01.280467,1.810079,0.0,0.0,62741.625,51.6,63427.203125,0,0.0,148.3125,deepseek-r1:7b,-1
2025-06-08T17:17:01.385084,1.914696,0.0,0.0,62741.625,51.6,63427.203125,0,0.0,148.3125,deepseek-r1:7b,-1
2025-06-08T17:17:01.490126,2.019738,0.0,0.0,62741.625,51.6,63427.203125,0,0.0,148.3125,deepseek-r1:7b,-1
2025-06-08T17:17:01.592281,2.121893,13.9,0.0,62734.078125,51.6,63435.171875,0,0.0,148.3125,deepseek-r1:7b,-1
2025-06-08T17:17:01.695734,2.225346,10.2,0.0,62734.078125,51.6,63435.171875,0,0.0,148.3125,deepseek-r1:7b,-1
2025-06-08T17:17:01.801097,2.330709,10.9,0.0,62734.078125,51.6,63435.171875,0,0.0,148.3125,deepseek-r1:7b,-1
2025-06-08T17:17:01.905352,2.434964,0.0,0.0,62734.078125,51.6,63435.171875,0,0.0,148.3125,deepseek-r1:7b,-1
2025-06-08T17:17:02.006299,2.535911,0.0,0.0,62734.078125,51.6,63435.171875,0,0.0,148.3125,deepseek-r1:7b,-1
2025-06-08T17:17:02.107698,2.63731,0.0,0.0,62734.078125,51.6,63435.171875,0,0.0,148.3125,deepseek-r1:7b,-1
2025-06-08T17:17:02.208388,2.738,0.0,0.0,62734.078125,51.6,63435.171875,0,0.0,148.3125,deepseek-r1:7b,-1
2025-06-08T17:17:02.313838,2.84345,0.0,0.0,62734.078125,51.6,63435.171875,0,0.0,148.3125,deepseek-r1:7b,-1
2025-06-08T17:17:02.415338,2.94495,0.0,0.0,62734.078125,51.6,63435.171875,0,0.0,148.3125,deepseek-r1:7b,-1
2025-06-08T17:17:02.515722,3.045334,0.0,0.0,62734.078125,51.6,63435.171875,0,0.0,148.3125,deepseek-r1:7b,-1
2025-06-08T17:17:02.621079,3.150691,11.5,0.0,62615.109375,51.5,63559.1875,0,0.0,148.3125,deepseek-r1:7b,-1
2025-06-08T17:17:02.723813,3.253425,10.0,0.0,62614.96875,51.5,63551.828125,0,0.0,148.3125,deepseek-r1:7b,-1
2025-06-08T17:17:02.829294,3.358906,11.6,0.0,62614.984375,51.5,63550.859375,0,0.0,148.3125,deepseek-r1:7b,-1
2025-06-08T17:17:02.934885,3.464497,0.0,0.0,62614.984375,51.5,63550.859375,0,0.0,148.3125,deepseek-r1:7b,-1
2025-06-08T17:17:03.038397,3.568009,0.0,0.0,62614.984375,51.5,63550.859375,0,0.0,148.3125,deepseek-r1:7b,-1
2025-06-08T17:17:03.138950,3.668562,0.0,0.0,62614.984375,51.5,63550.859375,0,0.0,148.3125,deepseek-r1:7b,-1
2025-06-08T17:17:03.244145,3.773757,0.0,0.0,62614.984375,51.5,63550.859375,0,0.0,148.3125,deepseek-r1:7b,-1
2025-06-08T17:17:03.349012,3.878624,0.0,0.0,62614.984375,51.5,63550.859375,0,0.0,148.3125,deepseek-r1:7b,-1
2025-06-08T17:17:03.454456,3.984068,0.0,0.0,62614.984375,51.5,63550.859375,0,0.0,148.3125,deepseek-r1:7b,-1
2025-06-08T17:17:03.558551,4.088163,0.0,0.0,62614.984375,51.5,63550.859375,0,0.0,148.3125,deepseek-r1:7b,-1
2025-06-08T17:17:03.663916,4.193528,12.0,0.0,62611.09375,51.5,63559.59375,0,0.0,148.3125,deepseek-r1:7b,-1
2025-06-08T17:17:03.765361,4.294973,10.5,0.0,62610.890625,51.5,63560.21875,0,0.0,148.3125,deepseek-r1:7b,-1
2025-06-08T17:17:03.870738,4.40035,10.5,0.0,62610.890625,51.5,63560.21875,0,0.0,148.3125,deepseek-r1:7b,-1
2025-06-08T17:17:06.026190,0.046112,13.4,0.0,61690.96875,50.8,64476.578125,0,0.0,148.328125,deepseek-r1:7b,-1
2025-06-08T17:17:06.131317,0.151239,20.9,0.0,61630.96875,50.8,64540.078125,0,0.0,148.328125,deepseek-r1:7b,-1
2025-06-08T17:17:06.236574,0.256496,16.3,0.0,61630.96875,50.8,64540.078125,0,0.0,148.328125,deepseek-r1:7b,-1
2025-06-08T17:17:06.340215,0.360137,12.3,0.0,61630.96875,50.8,64540.078125,0,0.0,148.328125,deepseek-r1:7b,-1
2025-06-08T17:17:06.441602,0.461524,11.5,0.0,61630.96875,50.8,64540.078125,0,0.0,148.328125,deepseek-r1:7b,-1
2025-06-08T17:17:06.546981,0.566903,11.4,0.0,61630.96875,50.8,64540.078125,0,0.0,148.328125,deepseek-r1:7b,-1
2025-06-08T17:17:06.647632,0.667554,10.6,0.0,61630.96875,50.8,64540.078125,0,0.0,148.328125,deepseek-r1:7b,-1
2025-06-08T17:17:06.748758,0.76868,12.4,0.0,61630.96875,50.8,64540.078125,0,0.0,148.328125,deepseek-r1:7b,-1
2025-06-08T17:17:06.853945,0.873867,0.0,0.0,61630.96875,50.8,64540.078125,0,0.0,148.328125,deepseek-r1:7b,-1
2025-06-08T17:17:06.955337,0.975259,0.0,0.0,61630.96875,50.8,64540.078125,0,0.0,148.328125,deepseek-r1:7b,-1
2025-06-08T17:17:07.056272,1.076194,10.6,0.0,62738.5625,51.6,63436.109375,0,0.0,148.328125,deepseek-r1:7b,-1
2025-06-08T17:17:07.161566,1.181488,15.1,0.0,62627.78125,51.5,63543.953125,0,0.0,148.328125,deepseek-r1:7b,-1
2025-06-08T17:17:07.266127,1.286049,9.6,0.0,62627.765625,51.5,63544.359375,0,0.0,148.328125,deepseek-r1:7b,-1
2025-06-08T17:17:07.366754,1.386676,11.3,0.0,62627.765625,51.5,63544.359375,0,0.0,148.328125,deepseek-r1:7b,-1
2025-06-08T17:17:07.472122,1.492044,11.8,0.0,62627.765625,51.5,63544.359375,0,0.0,148.328125,deepseek-r1:7b,-1
2025-06-08T17:17:07.573122,1.593044,9.4,0.0,62627.765625,51.5,63544.359375,0,0.0,148.328125,deepseek-r1:7b,-1
2025-06-08T17:17:07.678481,1.698403,11.4,0.0,62627.765625,51.5,63544.359375,0,0.0,148.328125,deepseek-r1:7b,-1
2025-06-08T17:17:07.783817,1.803739,0.0,0.0,62627.765625,51.5,63544.359375,0,0.0,148.328125,deepseek-r1:7b,-1
2025-06-08T17:17:07.888350,1.908272,0.0,0.0,62627.765625,51.5,63544.359375,0,0.0,148.328125,deepseek-r1:7b,-1
2025-06-08T17:17:07.993126,2.013048,0.0,0.0,62627.765625,51.5,63544.359375,0,0.0,148.328125,deepseek-r1:7b,-1
2025-06-08T17:17:08.098432,2.118354,12.2,0.0,62621.46875,51.5,63552.890625,0,0.7,148.328125,deepseek-r1:7b,-1
2025-06-08T17:17:08.198907,2.218829,16.5,0.0,62621.234375,51.5,63543.4375,0,0.0,148.328125,deepseek-r1:7b,-1
2025-06-08T17:17:08.304100,2.324022,11.2,0.0,62621.234375,51.5,63543.4375,0,0.0,148.328125,deepseek-r1:7b,-1
2025-06-08T17:17:08.408941,2.428863,10.2,0.0,62621.234375,51.5,63543.4375,0,0.0,148.328125,deepseek-r1:7b,-1
2025-06-08T17:17:08.514311,2.534233,10.8,0.0,62621.234375,51.5,63543.4375,0,0.0,148.328125,deepseek-r1:7b,-1
2025-06-08T17:17:08.614848,2.63477,10.6,0.0,62621.234375,51.5,63543.4375,0,0.0,148.328125,deepseek-r1:7b,-1
2025-06-08T17:17:08.720223,2.740145,10.7,0.0,62621.234375,51.5,63543.4375,0,0.0,148.328125,deepseek-r1:7b,-1
2025-06-08T17:17:08.825595,2.845517,11.1,0.0,62621.234375,51.5,63543.4375,0,0.0,148.328125,deepseek-r1:7b,-1
2025-06-08T17:17:08.928147,2.948069,10.4,0.0,62621.234375,51.5,63543.4375,0,0.0,148.328125,deepseek-r1:7b,-1
2025-06-08T17:17:09.033514,3.053436,14.7,0.0,62621.234375,51.5,63543.4375,0,0.0,148.328125,deepseek-r1:7b,-1
2025-06-08T17:17:09.138924,3.158846,12.5,0.0,62616.75,51.5,63548.75,0,0.0,148.328125,deepseek-r1:7b,-1
2025-06-08T17:17:09.244289,3.264211,10.1,0.0,62616.75,51.5,63551.703125,0,0.0,148.328125,deepseek-r1:7b,-1
2025-06-08T17:17:09.346285,3.366207,11.1,0.0,62616.734375,51.5,63552.171875,0,0.0,148.328125,deepseek-r1:7b,-1
2025-06-08T17:17:11.504588,0.04719,12.2,0.0,62123.921875,51.1,64040.640625,0,0.0,148.328125,deepseek-r1:7b,-1
2025-06-08T17:17:11.609724,0.152326,17.9,0.0,61616.15625,50.8,64546.484375,0,0.0,148.328125,deepseek-r1:7b,-1
2025-06-08T17:17:11.714944,0.257546,17.1,0.0,62282.359375,51.3,63881.9375,0,0.0,148.328125,deepseek-r1:7b,-1
2025-06-08T17:17:11.820218,0.36282,11.8,0.0,62282.359375,51.3,63881.9375,0,0.0,148.328125,deepseek-r1:7b,-1
2025-06-08T17:17:11.925271,0.467873,0.0,0.0,62282.359375,51.3,63881.9375,0,0.0,148.328125,deepseek-r1:7b,-1
2025-06-08T17:17:12.025877,0.568479,0.0,0.0,62282.359375,51.3,63881.9375,0,0.0,148.328125,deepseek-r1:7b,-1
2025-06-08T17:17:12.130976,0.673578,0.0,0.0,62282.359375,51.3,63881.9375,0,0.0,148.328125,deepseek-r1:7b,-1
2025-06-08T17:17:12.235903,0.778505,0.0,0.0,62282.359375,51.3,63881.9375,0,0.0,148.328125,deepseek-r1:7b,-1
2025-06-08T17:17:12.341272,0.883874,0.0,0.0,62282.359375,51.3,63881.9375,0,0.0,148.328125,deepseek-r1:7b,-1
2025-06-08T17:17:12.446124,0.988726,0.0,0.0,62282.359375,51.3,63881.9375,0,0.0,148.328125,deepseek-r1:7b,-1
2025-06-08T17:17:12.551172,1.093774,11.4,0.0,62734.171875,51.6,63427.578125,0,0.0,148.328125,deepseek-r1:7b,-1
2025-06-08T17:17:12.653476,1.196078,11.2,0.0,62735.515625,51.6,63426.5625,0,0.0,148.328125,deepseek-r1:7b,-1
2025-06-08T17:17:12.753973,1.296575,11.1,0.0,62735.515625,51.6,63426.5625,0,0.0,148.328125,deepseek-r1:7b,-1
2025-06-08T17:17:12.857208,1.39981,10.9,0.0,62735.515625,51.6,63426.5625,0,0.0,148.328125,deepseek-r1:7b,-1
2025-06-08T17:17:12.960017,1.502619,0.0,0.0,62735.515625,51.6,63426.5625,0,0.0,148.328125,deepseek-r1:7b,-1
2025-06-08T17:17:13.065031,1.607633,0.0,0.0,62735.515625,51.6,63426.5625,0,0.0,148.328125,deepseek-r1:7b,-1
2025-06-08T17:17:13.170375,1.712977,0.0,0.0,62735.515625,51.6,63426.5625,0,0.0,148.328125,deepseek-r1:7b,-1
2025-06-08T17:17:13.271238,1.81384,0.0,0.0,62735.515625,51.6,63426.5625,0,0.0,148.328125,deepseek-r1:7b,-1
2025-06-08T17:17:13.371335,1.913937,0.0,0.0,62735.515625,51.6,63426.5625,0,0.0,148.328125,deepseek-r1:7b,-1
2025-06-08T17:17:13.473067,2.015669,0.0,0.0,62735.515625,51.6,63426.5625,0,0.0,148.328125,deepseek-r1:7b,-1
2025-06-08T17:17:13.577539,2.120141,12.3,0.0,62615.109375,51.5,63545.21875,0,0.0,148.328125,deepseek-r1:7b,-1
2025-06-08T17:17:13.678436,2.221038,10.6,0.0,62615.109375,51.5,63545.21875,0,0.0,148.328125,deepseek-r1:7b,-1
2025-06-08T17:17:13.782170,2.324772,10.4,0.0,62615.109375,51.5,63545.21875,0,0.0,148.328125,deepseek-r1:7b,-1
2025-06-08T17:17:13.886857,2.429459,11.4,0.0,62615.109375,51.5,63545.21875,0,0.0,148.328125,deepseek-r1:7b,-1
2025-06-08T17:17:13.992212,2.534814,9.4,0.0,62615.109375,51.5,63545.21875,0,0.1,148.328125,deepseek-r1:7b,-1
2025-06-08T17:17:14.097670,2.640272,0.0,0.0,62615.109375,51.5,63545.21875,0,0.0,148.328125,deepseek-r1:7b,-1
2025-06-08T17:17:14.202473,2.745075,0.0,0.0,62615.109375,51.5,63545.21875,0,0.0,148.328125,deepseek-r1:7b,-1
2025-06-08T17:17:14.307167,2.849769,0.0,0.0,62615.109375,51.5,63545.21875,0,0.0,148.328125,deepseek-r1:7b,-1
2025-06-08T17:17:14.409475,2.952077,0.0,0.0,62615.109375,51.5,63545.21875,0,0.0,148.328125,deepseek-r1:7b,-1
2025-06-08T17:17:14.510619,3.053221,0.0,0.0,62615.109375,51.5,63545.21875,0,0.0,148.328125,deepseek-r1:7b,-1
2025-06-08T17:17:14.611490,3.154092,11.6,0.0,62612.046875,51.5,63548.796875,0,0.0,148.328125,deepseek-r1:7b,-1
2025-06-08T17:17:14.716884,3.259486,13.3,0.0,62612.0625,51.5,63551.8125,0,0.0,148.328125,deepseek-r1:7b,-1
2025-06-08T17:17:14.822251,3.364853,18.7,0.0,62612.0625,51.5,63551.8125,0,0.0,148.328125,deepseek-r1:7b,-1
2025-06-08T17:17:14.927488,3.47009,0.0,0.0,62612.0625,51.5,63551.8125,0,0.0,148.328125,deepseek-r1:7b,-1
2025-06-08T17:17:15.032947,3.575549,0.0,0.0,62612.0625,51.5,63551.8125,0,0.0,148.328125,deepseek-r1:7b,-1
2025-06-08T17:17:15.136707,3.679309,0.0,0.0,62612.0625,51.5,63551.8125,0,0.0,148.328125,deepseek-r1:7b,-1
2025-06-08T17:17:15.242030,3.784632,0.0,0.0,62612.0625,51.5,63551.8125,0,0.0,148.328125,deepseek-r1:7b,-1
2025-06-08T17:17:15.347350,3.889952,0.0,0.0,62612.0625,51.5,63551.8125,0,0.0,148.328125,deepseek-r1:7b,-1
2025-06-08T17:17:15.452714,3.995316,0.0,0.0,62612.0625,51.5,63551.8125,0,0.0,148.328125,deepseek-r1:7b,-1
2025-06-08T17:17:15.557830,4.100432,0.0,0.0,62612.0625,51.5,63551.8125,0,0.0,148.328125,deepseek-r1:7b,-1
2025-06-08T17:17:15.659757,4.202359,11.6,0.0,62567.375,51.5,63595.3125,0,0.0,148.328125,deepseek-r1:7b,-1
2025-06-08T17:17:15.765101,4.307703,12.7,0.0,62567.375,51.5,63595.3125,0,0.0,148.328125,deepseek-r1:7b,-1
2025-06-08T17:17:15.870461,4.413063,9.5,0.0,62567.375,51.5,63595.3125,0,0.0,148.328125,deepseek-r1:7b,-1
2025-06-08T17:17:15.975806,4.518408,11.9,0.0,62567.375,51.5,63595.3125,0,0.0,148.328125,deepseek-r1:7b,-1
2025-06-08T17:17:18.127587,0.045095,12.3,0.0,61203.703125,50.4,64962.875,0,0.0,148.328125,deepseek-r1:7b,-1
2025-06-08T17:17:18.228305,0.145813,19.9,0.0,61571.359375,50.7,64598.96875,0,0.0,148.328125,deepseek-r1:7b,-1
2025-06-08T17:17:18.333571,0.251079,17.1,0.0,61571.359375,50.7,64598.96875,0,0.0,148.328125,deepseek-r1:7b,-1
2025-06-08T17:17:18.438852,0.35636,10.7,0.0,61571.359375,50.7,64598.96875,0,0.0,148.328125,deepseek-r1:7b,-1
2025-06-08T17:17:18.543633,0.461141,10.7,0.0,61571.359375,50.7,64598.96875,0,0.0,148.328125,deepseek-r1:7b,-1
2025-06-08T17:17:18.648979,0.566487,11.5,0.0,61571.359375,50.7,64598.96875,0,0.0,148.328125,deepseek-r1:7b,-1
2025-06-08T17:17:18.754351,0.671859,0.0,0.0,61571.359375,50.7,64598.96875,0,0.0,148.328125,deepseek-r1:7b,-1
2025-06-08T17:17:18.859724,0.777232,0.0,0.0,61571.359375,50.7,64598.96875,0,0.0,148.328125,deepseek-r1:7b,-1
2025-06-08T17:17:18.964688,0.882196,0.0,0.0,61571.359375,50.7,64598.96875,0,0.0,148.328125,deepseek-r1:7b,-1
2025-06-08T17:17:19.069807,0.987315,0.0,0.0,61571.359375,50.7,64598.96875,0,0.0,148.328125,deepseek-r1:7b,-1
2025-06-08T17:17:19.175185,1.092693,11.5,0.0,62692.671875,51.6,63477.25,0,0.0,148.328125,deepseek-r1:7b,-1
2025-06-08T17:17:19.277619,1.195127,11.1,0.0,62693.984375,51.6,63480.234375,0,0.0,148.328125,deepseek-r1:7b,-1
2025-06-08T17:17:19.378436,1.295944,11.2,0.0,62693.984375,51.6,63480.234375,0,0.0,148.328125,deepseek-r1:7b,-1
2025-06-08T17:17:19.483743,1.401251,11.2,0.0,62693.984375,51.6,63480.234375,0,0.0,148.328125,deepseek-r1:7b,-1
2025-06-08T17:17:19.586134,1.503642,10.6,0.0,62693.984375,51.6,63480.234375,0,0.0,148.328125,deepseek-r1:7b,-1
2025-06-08T17:17:19.686680,1.604188,12.3,0.0,62693.984375,51.6,63480.234375,0,0.0,148.328125,deepseek-r1:7b,-1
2025-06-08T17:17:19.792055,1.709563,9.9,0.0,62693.984375,51.6,63480.234375,0,0.0,148.328125,deepseek-r1:7b,-1
2025-06-08T17:17:19.896008,1.813516,12.7,0.0,62693.984375,51.6,63480.234375,0,0.0,148.328125,deepseek-r1:7b,-1
2025-06-08T17:17:20.001330,1.918838,9.1,0.0,62693.984375,51.6,63480.234375,0,0.0,148.328125,deepseek-r1:7b,-1
2025-06-08T17:17:20.104485,2.021993,12.6,0.0,62693.984375,51.6,63480.234375,0,0.0,148.328125,deepseek-r1:7b,-1
2025-06-08T17:17:20.209723,2.127231,37.1,0.0,62574.953125,51.5,63601.109375,0,0.0,148.328125,deepseek-r1:7b,-1
2025-06-08T17:17:20.314907,2.232415,12.7,0.0,62574.953125,51.5,63601.109375,0,0.0,148.328125,deepseek-r1:7b,-1
2025-06-08T17:17:20.420065,2.337573,11.8,0.0,62574.953125,51.5,63601.109375,0,0.0,148.328125,deepseek-r1:7b,-1
2025-06-08T17:17:20.525516,2.443024,12.0,0.0,62574.953125,51.5,63601.109375,0,0.0,148.328125,deepseek-r1:7b,-1
2025-06-08T17:17:20.628276,2.545784,11.5,0.0,62574.953125,51.5,63601.109375,0,0.0,148.328125,deepseek-r1:7b,-1
2025-06-08T17:17:20.733674,2.651182,11.9,0.0,62574.953125,51.5,63601.109375,0,0.0,148.328125,deepseek-r1:7b,-1
2025-06-08T17:17:20.834511,2.752019,10.6,0.0,62574.953125,51.5,63601.109375,0,0.0,148.328125,deepseek-r1:7b,-1
2025-06-08T17:17:20.939869,2.857377,10.8,0.0,62574.953125,51.5,63601.109375,0,0.0,148.328125,deepseek-r1:7b,-1
2025-06-08T17:17:21.042722,2.96023,10.9,0.0,62574.953125,51.5,63601.109375,0,0.0,148.328125,deepseek-r1:7b,-1
2025-06-08T17:17:21.147701,3.065209,0.0,0.0,62574.953125,51.5,63601.109375,0,0.0,148.328125,deepseek-r1:7b,-1
2025-06-08T17:17:21.253061,3.170569,12.7,0.0,62563.453125,51.5,63613.765625,0,0.0,148.328125,deepseek-r1:7b,-1
2025-06-08T17:17:21.356950,3.274458,12.8,0.0,62563.1875,51.5,63609.375,0,0.0,148.328125,deepseek-r1:7b,-1
2025-06-08T17:17:21.460398,3.377906,12.1,0.0,62563.21875,51.5,63612.453125,0,0.0,148.328125,deepseek-r1:7b,-1
2025-06-08T17:17:21.560941,3.478449,0.0,0.0,62563.265625,51.5,63612.765625,0,0.0,148.328125,deepseek-r1:7b,-1
2025-06-08T17:17:21.666315,3.583823,0.0,0.0,62563.265625,51.5,63612.765625,0,0.0,148.328125,deepseek-r1:7b,-1
2025-06-08T17:17:21.771718,3.689226,0.0,0.0,62563.265625,51.5,63612.765625,0,0.0,148.328125,deepseek-r1:7b,-1
2025-06-08T17:17:21.877096,3.794604,0.0,0.0,62563.265625,51.5,63612.765625,0,0.0,148.328125,deepseek-r1:7b,-1
2025-06-08T17:17:21.982439,3.899947,0.0,0.0,62563.265625,51.5,63612.765625,0,0.0,148.328125,deepseek-r1:7b,-1
2025-06-08T17:17:22.087833,4.005341,0.0,0.0,62563.265625,51.5,63612.765625,0,0.0,148.328125,deepseek-r1:7b,-1
2025-06-08T17:17:22.191062,4.10857,0.0,0.0,62563.265625,51.5,63612.765625,0,0.0,148.328125,deepseek-r1:7b,-1
2025-06-08T17:17:24.337165,0.040449,12.3,0.0,62170.703125,51.2,63999.53125,0,0.0,148.328125,deepseek-r1:7b,-1
2025-06-08T17:17:24.442341,0.145625,19.6,0.0,61533.09375,50.7,64639.921875,0,0.0,148.328125,deepseek-r1:7b,-1
2025-06-08T17:17:24.542825,0.246109,16.1,0.0,62241.6875,51.2,63930.6875,0,0.0,148.328125,deepseek-r1:7b,-1
2025-06-08T17:17:24.648044,0.351328,13.1,0.0,62678.875,51.6,63490.921875,0,0.0,148.328125,deepseek-r1:7b,-1
2025-06-08T17:17:24.752694,0.455978,11.3,0.0,62678.875,51.6,63490.921875,0,0.0,148.328125,deepseek-r1:7b,-1
2025-06-08T17:17:24.858077,0.561361,10.9,0.0,62678.875,51.6,63490.921875,0,0.0,148.328125,deepseek-r1:7b,-1
2025-06-08T17:17:24.961917,0.665201,12.0,0.0,62678.875,51.6,63490.921875,0,0.0,148.328125,deepseek-r1:7b,-1
2025-06-08T17:17:25.063114,0.766398,11.2,0.0,62678.875,51.6,63490.921875,0,0.0,148.328125,deepseek-r1:7b,-1
2025-06-08T17:17:25.165344,0.868628,0.0,0.0,62678.875,51.6,63490.921875,0,0.0,148.328125,deepseek-r1:7b,-1
2025-06-08T17:17:25.270670,0.973954,0.0,0.0,62678.875,51.6,63490.921875,0,0.0,148.328125,deepseek-r1:7b,-1
2025-06-08T17:17:25.376034,1.079318,12.1,0.0,62666.171875,51.6,63504.359375,0,0.0,148.328125,deepseek-r1:7b,-1
2025-06-08T17:17:25.481331,1.184615,12.8,0.0,62667.5,51.6,63503.46875,0,0.0,148.328125,deepseek-r1:7b,-1
2025-06-08T17:17:25.584232,1.287516,10.4,0.0,62667.5,51.6,63503.46875,0,0.0,148.328125,deepseek-r1:7b,-1
2025-06-08T17:17:25.686329,1.389613,11.9,0.0,62667.5,51.6,63503.46875,0,0.0,148.328125,deepseek-r1:7b,-1
2025-06-08T17:17:25.787576,1.49086,10.4,0.0,62667.5,51.6,63503.46875,0,0.0,148.328125,deepseek-r1:7b,-1
2025-06-08T17:17:25.892991,1.596275,11.9,0.0,62667.5,51.6,63503.46875,0,0.0,148.328125,deepseek-r1:7b,-1
2025-06-08T17:17:25.998371,1.701655,10.2,0.0,62667.5,51.6,63503.46875,0,0.0,148.328125,deepseek-r1:7b,-1
2025-06-08T17:17:26.103731,1.807015,11.1,0.0,62667.5,51.6,63503.46875,0,0.0,148.328125,deepseek-r1:7b,-1
2025-06-08T17:17:26.209099,1.912383,0.0,0.0,62667.5,51.6,63503.46875,0,0.0,148.328125,deepseek-r1:7b,-1
2025-06-08T17:17:26.314147,2.017431,0.0,0.0,62667.5,51.6,63503.46875,0,0.0,148.328125,deepseek-r1:7b,-1
2025-06-08T17:17:26.419308,2.122592,12.2,0.0,62546.8125,51.5,63632.390625,0,0.0,148.328125,deepseek-r1:7b,-1
2025-06-08T17:17:26.524238,2.227522,11.6,0.0,62547.65625,51.5,63632.765625,0,0.0,148.328125,deepseek-r1:7b,-1
2025-06-08T17:17:26.629535,2.332819,10.9,0.0,62547.65625,51.5,63632.765625,0,0.0,148.328125,deepseek-r1:7b,-1
2025-06-08T17:17:26.732081,2.435365,10.4,0.0,62547.65625,51.5,63632.765625,0,0.0,148.328125,deepseek-r1:7b,-1
2025-06-08T17:17:26.833148,2.536432,10.6,0.0,62547.65625,51.5,63632.765625,0,0.0,148.328125,deepseek-r1:7b,-1
2025-06-08T17:17:26.934224,2.637508,11.0,0.0,62547.65625,51.5,63632.765625,0,0.0,148.328125,deepseek-r1:7b,-1
2025-06-08T17:17:27.039579,2.742863,0.0,0.0,62547.65625,51.5,63632.765625,0,0.0,148.328125,deepseek-r1:7b,-1
2025-06-08T17:17:27.140317,2.843601,0.0,0.0,62547.65625,51.5,63632.765625,0,0.0,148.328125,deepseek-r1:7b,-1
2025-06-08T17:17:27.245598,2.948882,0.0,0.0,62547.65625,51.5,63632.765625,0,0.0,148.328125,deepseek-r1:7b,-1
2025-06-08T17:17:27.346659,3.049943,0.0,0.0,62547.65625,51.5,63632.765625,0,0.0,148.328125,deepseek-r1:7b,-1
2025-06-08T17:17:27.452049,3.155333,11.8,0.0,62543.234375,51.5,63632.765625,0,0.0,148.328125,deepseek-r1:7b,-1
2025-06-08T17:17:27.556287,3.259571,9.8,0.0,62543.234375,51.5,63633.046875,0,0.0,148.328125,deepseek-r1:7b,-1
2025-06-08T17:17:27.661516,3.3648,11.3,0.0,62543.140625,51.5,63633.6875,0,0.0,148.328125,deepseek-r1:7b,-1
2025-06-08T17:17:27.764524,3.467808,11.7,0.0,62543.140625,51.5,63633.6875,0,0.0,148.328125,deepseek-r1:7b,-1
2025-06-08T17:17:27.869966,3.57325,11.4,0.0,62543.140625,51.5,63633.6875,0,0.0,148.328125,deepseek-r1:7b,-1
2025-06-08T17:17:27.975356,3.67864,17.5,0.0,62543.140625,51.5,63633.6875,0,0.0,148.328125,deepseek-r1:7b,-1
2025-06-08T17:17:28.080722,3.784006,14.1,0.0,62543.140625,51.5,63633.6875,0,0.0,148.328125,deepseek-r1:7b,-1
2025-06-08T17:17:28.186107,3.889391,16.1,0.0,62543.140625,51.5,63633.6875,0,0.0,148.328125,deepseek-r1:7b,-1
2025-06-08T17:17:28.291289,3.994573,0.0,0.0,62543.140625,51.5,63633.6875,0,0.0,148.328125,deepseek-r1:7b,-1
2025-06-08T17:17:28.396450,4.099734,0.0,0.0,62543.140625,51.5,63633.6875,0,0.0,148.328125,deepseek-r1:7b,-1
2025-06-08T17:17:28.501878,4.205162,11.3,0.0,62542.140625,51.5,63628.46875,0,0.0,148.328125,deepseek-r1:7b,-1
2025-06-08T17:17:28.606252,4.309536,11.4,0.0,62542.15625,51.5,63631.375,0,0.0,148.328125,deepseek-r1:7b,-1
2025-06-08T17:17:28.711234,4.414518,10.2,0.0,62542.140625,51.5,63631.859375,0,0.0,148.328125,deepseek-r1:7b,-1
2025-06-08T17:17:28.812034,4.515318,10.6,0.0,62542.140625,51.5,63631.859375,0,0.0,148.328125,deepseek-r1:7b,-1
2025-06-08T17:17:28.917412,4.620696,11.8,0.0,62542.140625,51.5,63631.859375,0,0.0,148.328125,deepseek-r1:7b,-1
2025-06-08T17:17:29.018287,4.721571,10.1,0.0,62542.140625,51.5,63631.859375,0,0.0,148.328125,deepseek-r1:7b,-1
2025-06-08T17:17:29.123652,4.826936,11.6,0.0,62542.140625,51.5,63631.859375,0,0.0,148.328125,deepseek-r1:7b,-1
2025-06-08T17:17:29.228998,4.932282,0.0,0.0,62542.140625,51.5,63631.859375,0,0.0,148.328125,deepseek-r1:7b,-1
2025-06-08T17:17:29.331255,5.034539,0.0,0.0,62542.140625,51.5,63631.859375,0,0.0,148.328125,deepseek-r1:7b,-1
2025-06-08T17:17:29.436626,5.13991,0.0,0.0,62542.140625,51.5,63631.859375,0,0.0,148.328125,deepseek-r1:7b,-1
2025-06-08T17:17:29.539250,5.242534,13.5,0.0,62536.875,51.4,63638.078125,0,0.0,148.328125,deepseek-r1:7b,-1
2025-06-08T17:17:29.640554,5.343838,11.7,0.0,62536.921875,51.4,63641.15625,0,0.0,148.328125,deepseek-r1:7b,-1
2025-06-08T17:17:29.745945,5.449229,9.6,0.0,62536.921875,51.4,63641.15625,0,0.0,148.328125,deepseek-r1:7b,-1
2025-06-08T17:17:29.847889,5.551173,11.5,0.0,62536.921875,51.4,63641.15625,0,0.0,148.328125,deepseek-r1:7b,-1
2025-06-08T17:17:29.953275,5.656559,9.6,0.0,62536.921875,51.4,63641.15625,0,0.0,148.328125,deepseek-r1:7b,-1
2025-06-08T17:17:30.057741,5.761025,10.8,0.0,62536.921875,51.4,63641.15625,0,0.0,148.328125,deepseek-r1:7b,-1
2025-06-08T17:17:30.163114,5.866398,0.0,0.0,62536.921875,51.4,63641.15625,0,0.0,148.328125,deepseek-r1:7b,-1
2025-06-08T17:17:30.264570,5.967854,0.0,0.0,62536.921875,51.4,63641.15625,0,0.0,148.328125,deepseek-r1:7b,-1
2025-06-08T17:17:30.369956,6.07324,0.0,0.0,62536.921875,51.4,63641.15625,0,0.0,148.328125,deepseek-r1:7b,-1
2025-06-08T17:17:30.474696,6.17798,0.0,0.0,62536.921875,51.4,63641.15625,0,0.0,148.328125,deepseek-r1:7b,-1
2025-06-08T17:17:30.575852,6.279136,11.9,0.0,62536.8125,51.4,63642.453125,0,0.0,148.328125,deepseek-r1:7b,-1
2025-06-08T17:17:30.678542,6.381826,13.1,0.0,62536.828125,51.4,63641.53125,0,0.0,148.328125,deepseek-r1:7b,-1
2025-06-08T17:17:32.828401,0.037281,12.4,0.0,62580.890625,51.5,63592.25,0,0.0,148.328125,deepseek-r1:7b,-1
2025-06-08T17:17:32.933586,0.142466,16.9,0.0,62543.875,51.5,63629.9375,0,0.0,148.328125,deepseek-r1:7b,-1
2025-06-08T17:17:33.035537,0.244417,16.0,0.0,62672.21875,51.6,63497.71875,0,0.0,148.328125,deepseek-r1:7b,-1
2025-06-08T17:17:33.138372,0.347252,0.0,0.0,62672.21875,51.6,63497.71875,0,0.0,148.328125,deepseek-r1:7b,-1
2025-06-08T17:17:33.243648,0.452528,0.0,0.0,62672.21875,51.6,63497.71875,0,0.0,148.328125,deepseek-r1:7b,-1
2025-06-08T17:17:33.348847,0.557727,0.0,0.0,62672.21875,51.6,63497.71875,0,0.0,148.328125,deepseek-r1:7b,-1
2025-06-08T17:17:33.452749,0.661629,0.0,0.0,62672.21875,51.6,63497.71875,0,0.0,148.328125,deepseek-r1:7b,-1
2025-06-08T17:17:33.558133,0.767013,0.0,0.0,62672.21875,51.6,63497.71875,0,0.0,148.328125,deepseek-r1:7b,-1
2025-06-08T17:17:33.662447,0.871327,0.0,0.0,62672.21875,51.6,63497.71875,0,0.0,148.328125,deepseek-r1:7b,-1
2025-06-08T17:17:33.767893,0.976773,0.0,0.0,62672.21875,51.6,63497.71875,0,0.0,148.328125,deepseek-r1:7b,-1
2025-06-08T17:17:33.872796,1.081676,12.2,0.0,62663.40625,51.5,63512.171875,0,0.0,148.328125,deepseek-r1:7b,-1
2025-06-08T17:17:33.975063,1.183943,11.1,0.0,62663.359375,51.5,63515.171875,0,0.0,148.328125,deepseek-r1:7b,-1
2025-06-08T17:17:34.078200,1.28708,11.0,0.0,62663.171875,51.5,63515.765625,0,0.0,148.328125,deepseek-r1:7b,-1
2025-06-08T17:17:34.181102,1.389982,13.8,0.0,62663.171875,51.5,63515.765625,0,0.0,148.328125,deepseek-r1:7b,-1
2025-06-08T17:17:34.284359,1.493239,12.1,0.0,62663.171875,51.5,63515.765625,0,0.0,148.328125,deepseek-r1:7b,-1
2025-06-08T17:17:34.389428,1.598308,10.2,0.0,62663.171875,51.5,63515.765625,0,0.0,148.328125,deepseek-r1:7b,-1
2025-06-08T17:17:34.490417,1.699297,11.3,0.0,62663.171875,51.5,63515.765625,0,0.0,148.328125,deepseek-r1:7b,-1
2025-06-08T17:17:34.595821,1.804701,0.0,0.0,62663.171875,51.5,63515.765625,0,0.0,148.328125,deepseek-r1:7b,-1
2025-06-08T17:17:34.698377,1.907257,0.0,0.0,62663.171875,51.5,63515.765625,0,0.0,148.328125,deepseek-r1:7b,-1
2025-06-08T17:17:34.802123,2.011003,0.0,0.0,62663.171875,51.5,63515.765625,0,0.0,148.328125,deepseek-r1:7b,-1
2025-06-08T17:17:34.904328,2.113208,10.8,0.0,62542.015625,51.5,63635.171875,0,0.0,148.328125,deepseek-r1:7b,-1
2025-06-08T17:17:35.007191,2.216071,12.1,0.0,62541.96875,51.5,63631.546875,0,0.0,148.328125,deepseek-r1:7b,-1
2025-06-08T17:17:35.110264,2.319144,10.6,0.0,62542.046875,51.5,63630.59375,0,0.0,148.328125,deepseek-r1:7b,-1
2025-06-08T17:17:35.215678,2.424558,0.0,0.0,62542.046875,51.5,63630.59375,0,0.0,148.328125,deepseek-r1:7b,-1
2025-06-08T17:17:35.319583,2.528463,0.0,0.0,62542.046875,51.5,63630.59375,0,0.0,148.328125,deepseek-r1:7b,-1
2025-06-08T17:17:35.424946,2.633826,0.0,0.0,62542.046875,51.5,63630.59375,0,0.0,148.328125,deepseek-r1:7b,-1
2025-06-08T17:17:35.527227,2.736107,0.0,0.0,62542.046875,51.5,63630.59375,0,0.0,148.328125,deepseek-r1:7b,-1
2025-06-08T17:17:35.632064,2.840944,0.0,0.0,62542.046875,51.5,63630.59375,0,0.0,148.328125,deepseek-r1:7b,-1
2025-06-08T17:17:35.733069,2.941949,0.0,0.0,62542.046875,51.5,63630.59375,0,0.0,148.328125,deepseek-r1:7b,-1
2025-06-08T17:17:35.838434,3.047314,0.0,0.0,62542.046875,51.5,63630.59375,0,0.0,148.328125,deepseek-r1:7b,-1
2025-06-08T17:17:35.939095,3.147975,11.2,0.0,62537.671875,51.5,63632.046875,0,0.0,148.328125,deepseek-r1:7b,-1
2025-06-08T17:17:36.042528,3.251408,10.4,0.0,62537.671875,51.5,63632.3125,0,0.0,148.328125,deepseek-r1:7b,-1
2025-06-08T17:17:36.147889,3.356769,11.9,0.0,62537.8125,51.5,63631.375,0,0.0,148.328125,deepseek-r1:7b,-1
2025-06-08T17:17:36.249813,3.458693,13.9,0.0,62537.8125,51.5,63631.375,0,0.0,148.328125,deepseek-r1:7b,-1
2025-06-08T17:17:36.352764,3.561644,9.8,0.0,62537.8125,51.5,63631.375,0,0.0,148.328125,deepseek-r1:7b,-1
2025-06-08T17:17:36.455742,3.664622,0.0,0.0,62537.8125,51.5,63631.375,0,0.0,148.328125,deepseek-r1:7b,-1
2025-06-08T17:17:36.557130,3.76601,0.0,0.0,62537.8125,51.5,63631.375,0,0.0,148.328125,deepseek-r1:7b,-1
2025-06-08T17:17:36.662476,3.871356,0.0,0.0,62537.8125,51.5,63631.375,0,0.0,148.328125,deepseek-r1:7b,-1
2025-06-08T17:17:36.764764,3.973644,0.0,0.0,62537.8125,51.5,63631.375,0,0.0,148.328125,deepseek-r1:7b,-1
2025-06-08T17:17:36.866511,4.075391,0.0,0.0,62537.8125,51.5,63631.375,0,0.0,148.328125,deepseek-r1:7b,-1
2025-06-08T17:17:36.969012,4.177892,11.1,0.0,62537.609375,51.4,63636.34375,0,0.0,148.328125,deepseek-r1:7b,-1
2025-06-08T17:17:37.073825,4.282705,11.2,0.0,62537.609375,51.4,63636.34375,0,0.0,148.328125,deepseek-r1:7b,-1
2025-06-08T17:17:37.179202,4.388082,0.0,0.0,62537.609375,51.4,63636.34375,0,0.0,148.328125,deepseek-r1:7b,-1
2025-06-08T17:17:37.284597,4.493477,0.0,0.0,62537.609375,51.4,63636.34375,0,0.0,148.328125,deepseek-r1:7b,-1
2025-06-08T17:17:37.387335,4.596215,0.0,0.0,62537.609375,51.4,63636.34375,0,0.0,148.328125,deepseek-r1:7b,-1
2025-06-08T17:17:37.492832,4.701712,0.0,0.0,62537.609375,51.4,63636.34375,0,0.0,148.328125,deepseek-r1:7b,-1
2025-06-08T17:17:37.598199,4.807079,0.0,0.0,62537.609375,51.4,63636.34375,0,0.0,148.328125,deepseek-r1:7b,-1
2025-06-08T17:17:37.702133,4.911013,0.0,0.0,62537.609375,51.4,63636.34375,0,0.0,148.328125,deepseek-r1:7b,-1
2025-06-08T17:17:37.802887,5.011767,0.0,0.0,62537.609375,51.4,63636.34375,0,0.0,148.328125,deepseek-r1:7b,-1
2025-06-08T17:17:37.906021,5.114901,0.0,0.0,62537.609375,51.4,63636.34375,0,0.0,148.328125,deepseek-r1:7b,-1
2025-06-08T17:17:38.011391,5.220271,11.0,0.0,62526.4375,51.4,63655.953125,0,0.0,148.328125,deepseek-r1:7b,-1
2025-06-08T17:17:38.116750,5.32563,11.2,0.0,62526.46875,51.4,63656.390625,0,0.0,148.328125,deepseek-r1:7b,-1
2025-06-08T17:17:38.222066,5.430946,16.1,0.0,62526.71875,51.4,63643.125,0,0.0,148.328125,deepseek-r1:7b,-1
2025-06-08T17:17:38.327282,5.536162,12.6,0.0,62526.71875,51.4,63643.125,0,0.0,148.328125,deepseek-r1:7b,-1
2025-06-08T17:17:38.430982,5.639862,0.0,0.0,62526.71875,51.4,63643.125,0,0.0,148.328125,deepseek-r1:7b,-1
2025-06-08T17:17:38.536353,5.745233,0.0,0.0,62526.71875,51.4,63643.125,0,0.0,148.328125,deepseek-r1:7b,-1
2025-06-08T17:17:38.641660,5.85054,0.0,0.0,62526.71875,51.4,63643.125,0,0.0,148.328125,deepseek-r1:7b,-1
2025-06-08T17:17:38.744523,5.953403,0.0,0.0,62526.71875,51.4,63643.125,0,0.0,148.328125,deepseek-r1:7b,-1
2025-06-08T17:17:38.847489,6.056369,0.0,0.0,62526.71875,51.4,63643.125,0,0.0,148.328125,deepseek-r1:7b,-1
2025-06-08T17:17:38.952869,6.161749,0.0,0.0,62526.71875,51.4,63643.125,0,0.0,148.328125,deepseek-r1:7b,-1
2025-06-08T17:17:39.058205,6.267085,10.8,0.0,62527.90625,51.4,63638.65625,0,0.0,148.328125,deepseek-r1:7b,-1
2025-06-08T17:17:39.163608,6.372488,11.7,0.0,62527.9375,51.4,63643.140625,0,0.0,148.328125,deepseek-r1:7b,-1
2025-06-08T17:17:39.264563,6.473443,13.2,0.0,62527.9375,51.4,63643.140625,0,0.0,148.328125,deepseek-r1:7b,-1
2025-06-08T17:17:39.369914,6.578794,9.6,0.0,62527.9375,51.4,63643.140625,0,0.0,148.328125,deepseek-r1:7b,-1
2025-06-08T17:17:39.470861,6.679741,11.0,0.0,62527.9375,51.4,63643.140625,0,0.0,148.328125,deepseek-r1:7b,-1
2025-06-08T17:17:39.576193,6.785073,12.0,0.0,62527.9375,51.4,63643.140625,0,0.0,148.328125,deepseek-r1:7b,-1
2025-06-08T17:17:39.680747,6.889627,0.0,0.0,62527.9375,51.4,63643.140625,0,0.0,148.328125,deepseek-r1:7b,-1
2025-06-08T17:17:39.781060,6.98994,0.0,0.0,62527.9375,51.4,63643.140625,0,0.0,148.328125,deepseek-r1:7b,-1
2025-06-08T17:17:39.886380,7.09526,0.0,0.0,62527.9375,51.4,63643.140625,0,0.0,148.328125,deepseek-r1:7b,-1
2025-06-08T17:17:39.989269,7.198149,0.0,0.0,62527.9375,51.4,63643.140625,0,0.0,148.328125,deepseek-r1:7b,-1
2025-06-08T17:17:40.094632,7.303512,11.3,0.0,62528.09375,51.4,63646.984375,0,0.0,148.328125,deepseek-r1:7b,-1
2025-06-08T17:17:40.199961,7.408841,13.4,0.0,62528.09375,51.4,63646.984375,0,0.0,148.328125,deepseek-r1:7b,-1
2025-06-08T17:17:42.352142,0.040534,12.2,0.0,62145.71875,51.2,64023.6875,0,0.0,148.34375,deepseek-r1:7b,-1
2025-06-08T17:17:42.452620,0.141012,18.1,0.0,61513.359375,50.7,64655.75,0,0.0,148.34375,deepseek-r1:7b,-1
2025-06-08T17:17:42.558144,0.246536,16.3,0.0,62223.9375,51.2,63944.8125,0,0.0,148.34375,deepseek-r1:7b,-1
2025-06-08T17:17:42.660923,0.349315,12.2,0.0,62661.046875,51.5,63504.90625,0,0.0,148.34375,deepseek-r1:7b,-1
2025-06-08T17:17:42.765215,0.453607,17.9,0.0,62661.046875,51.5,63504.90625,0,0.0,148.34375,deepseek-r1:7b,-1
2025-06-08T17:17:42.870623,0.559015,11.4,0.0,62661.046875,51.5,63504.90625,0,0.0,148.34375,deepseek-r1:7b,-1
2025-06-08T17:17:42.971476,0.659868,11.2,0.0,62661.046875,51.5,63504.90625,0,0.0,148.34375,deepseek-r1:7b,-1
2025-06-08T17:17:43.076840,0.765232,12.3,0.0,62661.046875,51.5,63504.90625,0,0.0,148.34375,deepseek-r1:7b,-1
2025-06-08T17:17:43.179057,0.867449,13.6,0.0,62661.046875,51.5,63504.90625,0,0.0,148.34375,deepseek-r1:7b,-1
2025-06-08T17:17:43.279886,0.968278,15.0,0.0,62661.046875,51.5,63504.90625,0,0.0,148.34375,deepseek-r1:7b,-1
2025-06-08T17:17:43.385121,1.073513,11.5,0.0,62665.46875,51.6,63504.0,0,0.0,148.34375,deepseek-r1:7b,-1
2025-06-08T17:17:43.488644,1.177036,9.9,0.0,62665.421875,51.5,63507.0625,0,0.0,148.34375,deepseek-r1:7b,-1
2025-06-08T17:17:43.593971,1.282363,12.5,0.0,62665.4375,51.5,63511.484375,0,0.0,148.34375,deepseek-r1:7b,-1
2025-06-08T17:17:43.699431,1.387823,11.9,0.0,62665.4375,51.5,63511.484375,0,0.0,148.34375,deepseek-r1:7b,-1
2025-06-08T17:17:43.800103,1.488495,11.2,0.0,62665.4375,51.5,63511.484375,0,0.0,148.34375,deepseek-r1:7b,-1
2025-06-08T17:17:43.902827,1.591219,9.3,0.0,62665.4375,51.5,63511.484375,0,0.0,148.34375,deepseek-r1:7b,-1
2025-06-08T17:17:44.003997,1.692389,12.3,0.0,62665.4375,51.5,63511.484375,0,0.0,148.34375,deepseek-r1:7b,-1
2025-06-08T17:17:44.109370,1.797762,0.0,0.0,62665.4375,51.5,63511.484375,0,0.0,148.34375,deepseek-r1:7b,-1
2025-06-08T17:17:44.211572,1.899964,0.0,0.0,62665.4375,51.5,63511.484375,0,0.0,148.34375,deepseek-r1:7b,-1
2025-06-08T17:17:44.312531,2.000923,0.0,0.0,62665.4375,51.5,63511.484375,0,0.0,148.34375,deepseek-r1:7b,-1
2025-06-08T17:17:44.414610,2.103002,11.6,0.0,62545.171875,51.5,63628.59375,0,0.0,148.34375,deepseek-r1:7b,-1
2025-06-08T17:17:44.519987,2.208379,11.0,0.0,62545.171875,51.5,63631.671875,0,0.0,148.34375,deepseek-r1:7b,-1
2025-06-08T17:17:44.622949,2.311341,14.1,0.0,62545.171875,51.5,63631.671875,0,0.0,148.34375,deepseek-r1:7b,-1
2025-06-08T17:17:44.726614,2.415006,12.2,0.0,62545.171875,51.5,63631.671875,0,0.0,148.34375,deepseek-r1:7b,-1
2025-06-08T17:17:44.831998,2.52039,12.6,0.0,62545.171875,51.5,63631.671875,0,0.0,148.34375,deepseek-r1:7b,-1
2025-06-08T17:17:44.936477,2.624869,10.7,0.0,62545.171875,51.5,63631.671875,0,0.0,148.34375,deepseek-r1:7b,-1
2025-06-08T17:17:45.041863,2.730255,11.4,0.0,62545.171875,51.5,63631.671875,0,0.0,148.34375,deepseek-r1:7b,-1
2025-06-08T17:17:45.143558,2.83195,0.0,0.0,62545.171875,51.5,63631.671875,0,0.0,148.34375,deepseek-r1:7b,-1
2025-06-08T17:17:45.245454,2.933846,0.0,0.0,62545.171875,51.5,63631.671875,0,0.0,148.34375,deepseek-r1:7b,-1
2025-06-08T17:17:45.350859,3.039251,0.0,0.0,62545.171875,51.5,63631.671875,0,0.0,148.34375,deepseek-r1:7b,-1
2025-06-08T17:17:45.453494,3.141886,11.6,0.0,62541.8125,51.5,63630.34375,0,0.0,148.34375,deepseek-r1:7b,-1
2025-06-08T17:17:45.556255,3.244647,10.9,0.0,62541.734375,51.5,63633.578125,0,0.0,148.34375,deepseek-r1:7b,-1
2025-06-08T17:17:45.660355,3.348747,11.5,0.0,62541.75,51.5,63629.890625,0,0.0,148.34375,deepseek-r1:7b,-1
2025-06-08T17:17:45.764521,3.452913,10.2,0.0,62541.75,51.5,63629.890625,0,0.0,148.34375,deepseek-r1:7b,-1
2025-06-08T17:17:45.869581,3.557973,14.7,0.0,62541.75,51.5,63629.890625,0,0.0,148.34375,deepseek-r1:7b,-1
2025-06-08T17:17:45.975024,3.663416,10.2,0.0,62541.75,51.5,63629.890625,0,0.0,148.34375,deepseek-r1:7b,-1
2025-06-08T17:17:46.075708,3.7641,10.6,0.0,62541.75,51.5,63629.890625,0,0.0,148.34375,deepseek-r1:7b,-1
2025-06-08T17:17:46.177473,3.865865,0.0,0.0,62541.75,51.5,63629.890625,0,0.0,148.34375,deepseek-r1:7b,-1
2025-06-08T17:17:46.278525,3.966917,0.0,0.0,62541.75,51.5,63629.890625,0,0.0,148.34375,deepseek-r1:7b,-1
2025-06-08T17:17:46.382191,4.070583,0.0,0.0,62541.75,51.5,63629.890625,0,0.0,148.34375,deepseek-r1:7b,-1
2025-06-08T17:17:46.485049,4.173441,11.8,0.0,62541.078125,51.4,63637.71875,0,0.0,148.34375,deepseek-r1:7b,-1
2025-06-08T17:17:46.586372,4.274764,11.1,0.0,62541.078125,51.4,63637.71875,0,0.0,148.34375,deepseek-r1:7b,-1
2025-06-08T17:17:46.691755,4.380147,11.2,0.0,62541.078125,51.4,63637.71875,0,0.0,148.34375,deepseek-r1:7b,-1
2025-06-08T17:17:46.794158,4.48255,11.0,0.0,62541.078125,51.4,63637.71875,0,0.0,148.34375,deepseek-r1:7b,-1
2025-06-08T17:17:46.899517,4.587909,10.8,0.0,62541.078125,51.4,63637.71875,0,0.0,148.34375,deepseek-r1:7b,-1
2025-06-08T17:17:47.003972,4.692364,10.7,0.0,62541.078125,51.4,63637.71875,0,0.0,148.34375,deepseek-r1:7b,-1
2025-06-08T17:17:47.109329,4.797721,11.5,0.0,62541.078125,51.4,63637.71875,0,0.0,148.34375,deepseek-r1:7b,-1
2025-06-08T17:17:47.210102,4.898494,13.5,0.0,62541.078125,51.4,63637.71875,0,0.0,148.34375,deepseek-r1:7b,-1
2025-06-08T17:17:47.315470,5.003862,0.0,0.0,62541.078125,51.4,63637.71875,0,0.0,148.34375,deepseek-r1:7b,-1
2025-06-08T17:17:47.420176,5.108568,0.0,0.0,62541.078125,51.4,63637.71875,0,0.0,148.34375,deepseek-r1:7b,-1
2025-06-08T17:17:47.525534,5.213926,10.7,0.0,62529.9375,51.4,63644.359375,0,0.0,148.34375,deepseek-r1:7b,-1
2025-06-08T17:17:47.628971,5.317363,12.8,0.0,62529.953125,51.4,63647.28125,0,0.0,148.34375,deepseek-r1:7b,-1
2025-06-08T17:17:49.776774,0.041804,14.6,0.0,61959.828125,51.0,64211.828125,0,0.0,148.34375,deepseek-r1:7b,-1
2025-06-08T17:17:49.877445,0.142475,17.7,0.0,61526.40625,50.7,64641.515625,0,0.0,148.34375,deepseek-r1:7b,-1
2025-06-08T17:17:49.982830,0.24786,0.0,0.0,62186.5,51.2,63987.265625,0,0.0,148.34375,deepseek-r1:7b,-1
2025-06-08T17:17:50.088211,0.353241,0.0,0.0,62623.625,51.5,63543.328125,0,0.0,148.34375,deepseek-r1:7b,-1
2025-06-08T17:17:50.190560,0.45559,0.0,0.0,62623.625,51.5,63543.328125,0,0.0,148.34375,deepseek-r1:7b,-1
2025-06-08T17:17:50.293344,0.558374,0.0,0.0,62623.625,51.5,63543.328125,0,0.0,148.34375,deepseek-r1:7b,-1
2025-06-08T17:17:50.394635,0.659665,0.0,0.0,62623.625,51.5,63543.328125,0,0.0,148.34375,deepseek-r1:7b,-1
2025-06-08T17:17:50.500025,0.765055,0.0,0.0,62623.625,51.5,63543.328125,0,0.0,148.34375,deepseek-r1:7b,-1
2025-06-08T17:17:50.604315,0.869345,0.0,0.0,62623.625,51.5,63543.328125,0,0.0,148.34375,deepseek-r1:7b,-1
2025-06-08T17:17:50.709695,0.974725,0.0,0.0,62623.625,51.5,63543.328125,0,0.0,148.34375,deepseek-r1:7b,-1
2025-06-08T17:17:50.815046,1.080076,12.0,0.0,62628.15625,51.5,63545.296875,0,0.0,148.34375,deepseek-r1:7b,-1
2025-06-08T17:17:50.917477,1.182507,11.1,0.0,62629.46875,51.5,63540.28125,0,0.0,148.34375,deepseek-r1:7b,-1
2025-06-08T17:17:51.023046,1.288076,12.4,0.0,62629.46875,51.5,63540.28125,0,0.0,148.34375,deepseek-r1:7b,-1
2025-06-08T17:17:51.126427,1.391457,13.1,0.0,62629.46875,51.5,63540.28125,0,0.0,148.34375,deepseek-r1:7b,-1
2025-06-08T17:17:51.231813,1.496843,11.0,0.0,62629.46875,51.5,63540.28125,0,0.0,148.34375,deepseek-r1:7b,-1
2025-06-08T17:17:51.332623,1.597653,11.1,0.0,62629.46875,51.5,63540.28125,0,0.0,148.34375,deepseek-r1:7b,-1
2025-06-08T17:17:51.435858,1.700888,12.7,0.0,62629.46875,51.5,63540.28125,0,0.0,148.34375,deepseek-r1:7b,-1
2025-06-08T17:17:51.540987,1.806017,12.1,0.0,62629.46875,51.5,63540.28125,0,0.0,148.34375,deepseek-r1:7b,-1
2025-06-08T17:17:51.641640,1.90667,13.0,0.0,62629.46875,51.5,63540.28125,0,0.0,148.34375,deepseek-r1:7b,-1
2025-06-08T17:17:51.744648,2.009678,11.8,0.0,62629.46875,51.5,63540.28125,0,0.0,148.34375,deepseek-r1:7b,-1
2025-06-08T17:17:51.850039,2.115069,10.3,0.0,62512.875,51.4,63657.515625,0,0.0,148.34375,deepseek-r1:7b,-1
2025-06-08T17:17:51.952941,2.217971,9.9,0.0,62512.875,51.4,63657.515625,0,0.0,148.34375,deepseek-r1:7b,-1
2025-06-08T17:17:52.053793,2.318823,13.6,0.0,62512.875,51.4,63657.515625,0,0.0,148.34375,deepseek-r1:7b,-1
2025-06-08T17:17:52.156056,2.421086,0.0,0.0,62512.875,51.4,63657.515625,0,0.0,148.34375,deepseek-r1:7b,-1
2025-06-08T17:17:52.260365,2.525395,0.0,0.0,62512.875,51.4,63657.515625,0,0.0,148.34375,deepseek-r1:7b,-1
2025-06-08T17:17:52.365551,2.630581,0.0,0.0,62512.875,51.4,63657.515625,0,0.0,148.34375,deepseek-r1:7b,-1
2025-06-08T17:17:52.470953,2.735983,0.0,0.0,62512.875,51.4,63657.515625,0,0.0,148.34375,deepseek-r1:7b,-1
2025-06-08T17:17:52.575056,2.840086,0.0,0.0,62512.875,51.4,63657.515625,0,0.0,148.34375,deepseek-r1:7b,-1
2025-06-08T17:17:52.680414,2.945444,0.0,0.0,62512.875,51.4,63657.515625,0,0.0,148.34375,deepseek-r1:7b,-1
2025-06-08T17:17:52.780921,3.045951,0.0,0.0,62512.875,51.4,63657.515625,0,0.0,148.34375,deepseek-r1:7b,-1
2025-06-08T17:17:52.884720,3.14975,11.5,0.0,62507.34375,51.4,63667.3125,0,0.0,148.34375,deepseek-r1:7b,-1
2025-06-08T17:17:52.989362,3.254392,9.1,0.0,62507.28125,51.4,63663.921875,0,0.0,148.34375,deepseek-r1:7b,-1
2025-06-08T17:17:53.094733,3.359763,11.1,0.0,62507.28125,51.4,63663.921875,0,0.0,148.34375,deepseek-r1:7b,-1
2025-06-08T17:17:53.200091,3.465121,16.0,0.0,62507.28125,51.4,63663.921875,0,0.0,148.34375,deepseek-r1:7b,-1
2025-06-08T17:17:53.305244,3.570274,0.0,0.0,62507.28125,51.4,63663.921875,0,0.0,148.34375,deepseek-r1:7b,-1
2025-06-08T17:17:53.410478,3.675508,0.0,0.0,62507.28125,51.4,63663.921875,0,0.0,148.34375,deepseek-r1:7b,-1
2025-06-08T17:17:53.511528,3.776558,0.0,0.0,62507.28125,51.4,63663.921875,0,0.0,148.34375,deepseek-r1:7b,-1
2025-06-08T17:17:55.661804,0.042652,12.6,0.0,62549.390625,51.5,63623.484375,0,0.0,148.34375,deepseek-r1:7b,-1
2025-06-08T17:17:55.767079,0.147927,17.4,0.0,62549.390625,51.5,63623.484375,0,0.0,148.34375,deepseek-r1:7b,-1
2025-06-08T17:17:55.867937,0.248785,15.9,0.0,62549.390625,51.5,63623.484375,0,0.0,148.34375,deepseek-r1:7b,-1
2025-06-08T17:17:55.973274,0.354122,10.0,0.0,62549.390625,51.5,63623.484375,0,0.0,148.34375,deepseek-r1:7b,-1
2025-06-08T17:17:56.075311,0.456159,0.0,0.0,62549.390625,51.5,63623.484375,0,0.0,148.34375,deepseek-r1:7b,-1
2025-06-08T17:17:56.180428,0.561276,0.0,0.0,62549.390625,51.5,63623.484375,0,0.0,148.34375,deepseek-r1:7b,-1
2025-06-08T17:17:56.282420,0.663268,0.0,0.0,62549.390625,51.5,63623.484375,0,0.0,148.34375,deepseek-r1:7b,-1
2025-06-08T17:17:56.383677,0.764525,0.0,0.0,62549.390625,51.5,63623.484375,0,0.0,148.34375,deepseek-r1:7b,-1
2025-06-08T17:17:56.489018,0.869866,0.0,0.0,62549.390625,51.5,63623.484375,0,0.0,148.34375,deepseek-r1:7b,-1
2025-06-08T17:17:56.591961,0.972809,0.0,0.0,62549.390625,51.5,63623.484375,0,0.0,148.34375,deepseek-r1:7b,-1
2025-06-08T17:17:56.697274,1.078122,12.4,0.0,62639.109375,51.5,63528.8125,0,0.0,148.34375,deepseek-r1:7b,-1
2025-06-08T17:17:56.797922,1.17877,13.0,0.0,62639.109375,51.5,63528.8125,0,0.0,148.34375,deepseek-r1:7b,-1
2025-06-08T17:17:56.903293,1.284141,0.0,0.0,62639.109375,51.5,63528.8125,0,0.0,148.34375,deepseek-r1:7b,-1
2025-06-08T17:17:57.005905,1.386753,0.0,0.0,62639.109375,51.5,63528.8125,0,0.0,148.34375,deepseek-r1:7b,-1
2025-06-08T17:17:57.109569,1.490417,0.0,0.0,62639.109375,51.5,63528.8125,0,0.0,148.34375,deepseek-r1:7b,-1
2025-06-08T17:17:57.214946,1.595794,0.0,0.0,62639.109375,51.5,63528.8125,0,0.0,148.34375,deepseek-r1:7b,-1
2025-06-08T17:17:57.316009,1.696857,0.0,0.0,62639.109375,51.5,63528.8125,0,0.0,148.34375,deepseek-r1:7b,-1
2025-06-08T17:17:57.421321,1.802169,0.0,0.0,62639.109375,51.5,63528.8125,0,0.0,148.34375,deepseek-r1:7b,-1
2025-06-08T17:17:57.526225,1.907073,0.0,0.0,62639.109375,51.5,63528.8125,0,0.0,148.34375,deepseek-r1:7b,-1
2025-06-08T17:17:57.627223,2.008071,0.0,0.0,62639.109375,51.5,63528.8125,0,0.0,148.34375,deepseek-r1:7b,-1
2025-06-08T17:17:57.730383,2.111231,11.6,0.0,62520.25,51.4,63647.171875,0,0.0,148.34375,deepseek-r1:7b,-1
2025-06-08T17:17:57.835773,2.216621,9.5,0.0,62520.25,51.4,63647.640625,0,0.0,148.34375,deepseek-r1:7b,-1
2025-06-08T17:17:57.939211,2.320059,17.3,0.0,62520.234375,51.4,63648.046875,0,0.0,148.34375,deepseek-r1:7b,-1
2025-06-08T17:17:58.044578,2.425426,0.0,0.0,62520.234375,51.4,63648.046875,0,0.0,148.34375,deepseek-r1:7b,-1
2025-06-08T17:17:58.146289,2.527137,0.0,0.0,62520.234375,51.4,63648.046875,0,0.0,148.34375,deepseek-r1:7b,-1
2025-06-08T17:17:58.251602,2.63245,0.0,0.0,62520.234375,51.4,63648.046875,0,0.0,148.34375,deepseek-r1:7b,-1
2025-06-08T17:17:58.356829,2.737677,0.0,0.0,62520.234375,51.4,63648.046875,0,0.0,148.34375,deepseek-r1:7b,-1
2025-06-08T17:17:58.462266,2.843114,0.0,0.0,62520.234375,51.4,63648.046875,0,0.0,148.34375,deepseek-r1:7b,-1
2025-06-08T17:17:58.567632,2.94848,0.0,0.0,62520.234375,51.4,63648.046875,0,0.0,148.34375,deepseek-r1:7b,-1
2025-06-08T17:17:58.671971,3.052819,0.0,0.0,62520.234375,51.4,63648.046875,0,0.0,148.34375,deepseek-r1:7b,-1
2025-06-08T17:17:58.772526,3.153374,12.5,0.0,62511.84375,51.4,63666.359375,0,0.0,148.34375,deepseek-r1:7b,-1
2025-06-08T17:17:58.877938,3.258786,11.2,0.0,62511.4375,51.4,63667.390625,0,0.0,148.34375,deepseek-r1:7b,-1
2025-06-08T17:17:58.983009,3.363857,11.7,0.0,62511.421875,51.4,63667.390625,0,0.0,148.34375,deepseek-r1:7b,-1
2025-06-08T17:17:59.087152,3.468,11.4,0.0,62511.421875,51.4,63667.390625,0,0.0,148.34375,deepseek-r1:7b,-1
2025-06-08T17:17:59.189170,3.570018,9.9,0.0,62511.421875,51.4,63667.390625,0,0.0,148.34375,deepseek-r1:7b,-1
2025-06-08T17:17:59.294508,3.675356,13.3,0.0,62511.421875,51.4,63667.390625,0,0.0,148.34375,deepseek-r1:7b,-1
2025-06-08T17:17:59.397507,3.778355,0.0,0.0,62511.421875,51.4,63667.390625,0,0.0,148.34375,deepseek-r1:7b,-1
2025-06-08T17:17:59.502868,3.883716,0.0,0.0,62511.421875,51.4,63667.390625,0,0.0,148.34375,deepseek-r1:7b,-1
2025-06-08T17:17:59.606967,3.987815,0.0,0.0,62511.421875,51.4,63667.390625,0,0.0,148.34375,deepseek-r1:7b,-1
2025-06-08T17:17:59.708135,4.088983,0.0,0.0,62511.421875,51.4,63667.390625,0,0.0,148.34375,deepseek-r1:7b,-1
2025-06-08T17:17:59.810803,4.191651,11.0,0.0,62511.109375,51.4,63664.015625,0,0.0,148.34375,deepseek-r1:7b,-1
2025-06-08T17:17:59.912095,4.292943,11.0,0.0,62511.109375,51.4,63664.015625,0,0.0,148.34375,deepseek-r1:7b,-1
2025-06-08T17:18:00.017470,4.398318,11.1,0.0,62511.109375,51.4,63664.015625,0,0.0,148.34375,deepseek-r1:7b,-1
2025-06-08T17:18:00.122477,4.503325,11.4,0.0,62511.109375,51.4,63664.015625,0,0.0,148.34375,deepseek-r1:7b,-1
2025-06-08T17:18:00.226156,4.607004,11.7,0.0,62511.109375,51.4,63664.015625,0,0.0,148.34375,deepseek-r1:7b,-1
2025-06-08T17:18:00.329195,4.710043,16.3,0.0,62511.109375,51.4,63664.015625,0,0.0,148.34375,deepseek-r1:7b,-1
2025-06-08T17:18:00.434558,4.815406,12.5,0.0,62511.109375,51.4,63664.015625,0,0.0,148.34375,deepseek-r1:7b,-1
2025-06-08T17:18:00.535524,4.916372,9.8,0.0,62511.109375,51.4,63664.015625,0,0.0,148.34375,deepseek-r1:7b,-1
2025-06-08T17:18:00.640928,5.021776,11.0,0.0,62511.109375,51.4,63664.015625,0,0.0,148.34375,deepseek-r1:7b,-1
2025-06-08T17:18:00.743080,5.123928,13.3,0.0,62511.109375,51.4,63664.015625,0,0.0,148.34375,deepseek-r1:7b,-1
2025-06-08T17:18:00.848463,5.229311,12.0,0.0,62501.0625,51.4,63669.265625,0,0.0,148.34375,deepseek-r1:7b,-1
2025-06-08T17:18:00.953848,5.334696,11.2,0.0,62501.1875,51.4,63664.203125,0,0.0,148.34375,deepseek-r1:7b,-1
2025-06-08T17:18:01.059254,5.440102,11.8,0.0,62501.1875,51.4,63664.203125,0,0.0,148.34375,deepseek-r1:7b,-1
2025-06-08T17:18:01.164119,5.544967,0.0,0.0,62501.1875,51.4,63664.203125,0,0.0,148.34375,deepseek-r1:7b,-1
2025-06-08T17:18:01.269476,5.650324,0.0,0.0,62501.1875,51.4,63664.203125,0,0.0,148.34375,deepseek-r1:7b,-1
2025-06-08T17:18:01.374830,5.755678,0.0,0.0,62501.1875,51.4,63664.203125,0,0.0,148.34375,deepseek-r1:7b,-1
2025-06-08T17:18:01.480196,5.861044,0.0,0.0,62501.1875,51.4,63664.203125,0,0.0,148.34375,deepseek-r1:7b,-1
2025-06-08T17:18:01.585566,5.966414,0.0,0.0,62501.1875,51.4,63664.203125,0,0.0,148.34375,deepseek-r1:7b,-1
2025-06-08T17:18:01.686127,6.066975,0.0,0.0,62501.1875,51.4,63664.203125,0,0.0,148.34375,deepseek-r1:7b,-1
2025-06-08T17:18:01.786704,6.167552,0.0,0.0,62501.1875,51.4,63664.203125,0,0.0,148.34375,deepseek-r1:7b,-1
2025-06-08T17:18:01.887773,6.268621,11.1,0.0,62501.453125,51.4,63666.0625,0,0.0,148.34375,deepseek-r1:7b,-1
2025-06-08T17:18:01.993159,6.374007,10.7,0.0,62501.453125,51.4,63666.0625,0,0.0,148.34375,deepseek-r1:7b,-1
2025-06-08T17:18:02.097424,6.478272,10.2,0.0,62501.453125,51.4,63666.0625,0,0.0,148.34375,deepseek-r1:7b,-1
2025-06-08T17:18:02.197924,6.578772,11.8,0.0,62501.453125,51.4,63666.0625,0,0.0,148.34375,deepseek-r1:7b,-1
2025-06-08T17:18:02.303327,6.684175,14.1,0.0,62501.453125,51.4,63666.0625,0,0.0,148.34375,deepseek-r1:7b,-1
2025-06-08T17:18:02.408733,6.789581,10.6,0.0,62501.453125,51.4,63666.0625,0,0.0,148.34375,deepseek-r1:7b,-1
2025-06-08T17:18:02.514077,6.894925,9.8,0.0,62501.453125,51.4,63666.0625,0,0.0,148.34375,deepseek-r1:7b,-1
2025-06-08T17:18:02.617762,6.99861,12.0,0.0,62501.453125,51.4,63666.0625,0,0.0,148.34375,deepseek-r1:7b,-1
2025-06-08T17:18:02.723128,7.103976,10.8,0.0,62501.453125,51.4,63666.0625,0,0.0,148.34375,deepseek-r1:7b,-1
2025-06-08T17:18:02.826085,7.206933,12.0,0.0,62501.453125,51.4,63666.0625,0,0.0,148.34375,deepseek-r1:7b,-1
2025-06-08T17:18:02.930728,7.311576,11.2,0.0,62501.8125,51.4,63666.09375,0,0.0,148.34375,deepseek-r1:7b,-1
2025-06-08T17:18:03.034470,7.415318,10.9,0.0,62501.828125,51.4,63666.515625,0,0.0,148.34375,deepseek-r1:7b,-1
2025-06-08T17:18:03.139852,7.5207,10.8,0.0,62501.84375,51.4,63669.484375,0,0.0,148.34375,deepseek-r1:7b,-1
2025-06-08T17:18:03.241570,7.622418,0.0,0.0,62501.84375,51.4,63669.484375,0,0.0,148.34375,deepseek-r1:7b,-1
2025-06-08T17:18:03.342738,7.723586,0.0,0.0,62501.84375,51.4,63669.484375,0,0.0,148.34375,deepseek-r1:7b,-1
2025-06-08T17:18:03.447379,7.828227,0.0,0.0,62501.84375,51.4,63669.484375,0,0.0,148.34375,deepseek-r1:7b,-1
2025-06-08T17:18:03.548578,7.929426,0.0,0.0,62501.84375,51.4,63669.484375,0,0.0,148.34375,deepseek-r1:7b,-1
2025-06-08T17:18:03.653903,8.034751,0.0,0.0,62501.84375,51.4,63669.484375,0,0.0,148.34375,deepseek-r1:7b,-1
2025-06-08T17:18:03.759297,8.140145,0.0,0.0,62501.84375,51.4,63669.484375,0,0.0,148.34375,deepseek-r1:7b,-1
2025-06-08T17:18:03.864691,8.245539,0.0,0.0,62501.84375,51.4,63669.484375,0,0.0,148.34375,deepseek-r1:7b,-1
2025-06-08T17:18:03.970104,8.350952,11.5,0.0,62502.828125,51.4,63670.609375,0,0.0,148.34375,deepseek-r1:7b,-1
2025-06-08T17:18:04.075031,8.455879,9.5,0.0,62502.84375,51.4,63669.6875,0,0.0,148.34375,deepseek-r1:7b,-1
2025-06-08T17:18:04.180432,8.56128,10.8,0.0,62502.84375,51.4,63669.6875,0,0.0,148.34375,deepseek-r1:7b,-1
2025-06-08T17:18:04.281817,8.662665,17.1,0.0,62502.84375,51.4,63669.6875,0,0.0,148.34375,deepseek-r1:7b,-1
2025-06-08T17:18:04.387210,8.768058,10.1,0.0,62502.84375,51.4,63669.6875,0,0.0,148.34375,deepseek-r1:7b,-1
2025-06-08T17:18:04.489066,8.869914,10.5,0.0,62502.84375,51.4,63669.6875,0,0.0,148.34375,deepseek-r1:7b,-1
2025-06-08T17:18:04.593492,8.97434,11.4,0.0,62502.84375,51.4,63669.6875,0,0.0,148.34375,deepseek-r1:7b,-1
2025-06-08T17:18:04.696963,9.077811,10.8,0.0,62502.84375,51.4,63669.6875,0,0.0,148.34375,deepseek-r1:7b,-1
2025-06-08T17:18:04.798039,9.178887,9.5,0.0,62502.84375,51.4,63669.6875,0,0.0,148.34375,deepseek-r1:7b,-1
2025-06-08T17:18:04.899061,9.279909,0.0,0.0,62502.84375,51.4,63669.6875,0,0.0,148.34375,deepseek-r1:7b,-1
2025-06-08T17:18:05.003846,9.384694,11.6,0.0,62501.984375,51.4,63677.671875,0,0.0,148.34375,deepseek-r1:7b,-1
2025-06-08T17:18:05.106732,9.48758,12.0,0.0,62501.8125,51.4,63670.28125,0,0.0,148.34375,deepseek-r1:7b,-1
2025-06-08T17:18:05.212143,9.592991,11.8,0.0,62501.875,51.4,63669.359375,0,0.0,148.34375,deepseek-r1:7b,-1
2025-06-08T17:18:05.317508,9.698356,12.6,0.0,62501.890625,51.4,63667.625,0,0.0,148.34375,deepseek-r1:7b,-1
2025-06-08T17:18:05.422749,9.803597,10.7,0.0,62501.890625,51.4,63667.625,0,0.0,148.34375,deepseek-r1:7b,-1
2025-06-08T17:18:05.526014,9.906862,11.6,0.0,62501.890625,51.4,63667.625,0,0.0,148.34375,deepseek-r1:7b,-1
2025-06-08T17:18:05.629154,10.010002,11.5,0.0,62501.890625,51.4,63667.625,0,0.0,148.34375,deepseek-r1:7b,-1
2025-06-08T17:18:05.733741,10.114589,0.0,0.0,62501.890625,51.4,63667.625,0,0.0,148.34375,deepseek-r1:7b,-1
2025-06-08T17:18:05.839277,10.220125,0.0,0.0,62501.890625,51.4,63667.625,0,0.0,148.34375,deepseek-r1:7b,-1
2025-06-08T17:18:07.995458,0.047403,12.1,0.0,62016.8125,51.1,64152.6875,0,0.0,148.34375,deepseek-r1:7b,-1
2025-06-08T17:18:08.100607,0.152552,20.5,0.0,62016.8125,51.1,64152.6875,0,1.0,148.34375,deepseek-r1:7b,-1
2025-06-08T17:18:08.205835,0.25778,16.1,0.0,62016.8125,51.1,64152.6875,0,0.0,148.34375,deepseek-r1:7b,-1
2025-06-08T17:18:08.308644,0.360589,0.0,0.0,62016.8125,51.1,64152.6875,0,0.0,148.34375,deepseek-r1:7b,-1
2025-06-08T17:18:08.411500,0.463445,0.0,0.0,62016.8125,51.1,64152.6875,0,0.0,148.34375,deepseek-r1:7b,-1
2025-06-08T17:18:08.516894,0.568839,0.0,0.0,62016.8125,51.1,64152.6875,0,0.0,148.34375,deepseek-r1:7b,-1
2025-06-08T17:18:08.622205,0.67415,0.0,0.0,62016.8125,51.1,64152.6875,0,0.0,148.34375,deepseek-r1:7b,-1
2025-06-08T17:18:08.727534,0.779479,0.0,0.0,62016.8125,51.1,64152.6875,0,0.0,148.34375,deepseek-r1:7b,-1
2025-06-08T17:18:08.830423,0.882368,0.0,0.0,62016.8125,51.1,64152.6875,0,0.0,148.34375,deepseek-r1:7b,-1
2025-06-08T17:18:08.935768,0.987713,0.0,0.0,62016.8125,51.1,64152.6875,0,0.0,148.34375,deepseek-r1:7b,-1
2025-06-08T17:18:09.037456,1.089401,11.4,0.0,62639.453125,51.5,63535.9375,0,0.0,148.34375,deepseek-r1:7b,-1
2025-06-08T17:18:09.140575,1.19252,12.9,0.0,62641.953125,51.5,63533.8125,0,0.0,148.34375,deepseek-r1:7b,-1
2025-06-08T17:18:09.245493,1.297438,12.5,0.0,62639.453125,51.5,63529.109375,0,0.0,148.34375,deepseek-r1:7b,-1
2025-06-08T17:18:09.346282,1.398227,11.7,0.0,62639.453125,51.5,63529.109375,0,0.0,148.34375,deepseek-r1:7b,-1
2025-06-08T17:18:09.451668,1.503613,13.0,0.0,62639.453125,51.5,63529.109375,0,0.0,148.34375,deepseek-r1:7b,-1
2025-06-08T17:18:09.557069,1.609014,10.2,0.0,62639.453125,51.5,63529.109375,0,0.0,148.34375,deepseek-r1:7b,-1
2025-06-08T17:18:09.662108,1.714053,10.8,0.0,62639.453125,51.5,63529.109375,0,0.0,148.34375,deepseek-r1:7b,-1
2025-06-08T17:18:09.763477,1.815422,10.6,0.0,62639.453125,51.5,63529.109375,0,0.0,148.34375,deepseek-r1:7b,-1
2025-06-08T17:18:09.868867,1.920812,0.0,0.0,62639.453125,51.5,63529.109375,0,0.0,148.34375,deepseek-r1:7b,-1
2025-06-08T17:18:09.969317,2.021262,0.0,0.0,62639.453125,51.5,63529.109375,0,0.0,148.34375,deepseek-r1:7b,-1
2025-06-08T17:18:10.074683,2.126628,10.6,0.0,62521.484375,51.4,63643.6875,0,0.0,148.34375,deepseek-r1:7b,-1
2025-06-08T17:18:10.179370,2.231315,10.4,0.0,62521.484375,51.4,63646.640625,0,0.0,148.34375,deepseek-r1:7b,-1
2025-06-08T17:18:10.280898,2.332843,0.0,0.0,62521.484375,51.4,63646.640625,0,0.0,148.34375,deepseek-r1:7b,-1
2025-06-08T17:18:10.385302,2.437247,0.0,0.0,62521.484375,51.4,63646.640625,0,0.0,148.34375,deepseek-r1:7b,-1
2025-06-08T17:18:10.490626,2.542571,0.0,0.0,62521.484375,51.4,63646.640625,0,0.0,148.34375,deepseek-r1:7b,-1
2025-06-08T17:18:10.594302,2.646247,0.0,0.0,62521.484375,51.4,63646.640625,0,0.0,148.34375,deepseek-r1:7b,-1
2025-06-08T17:18:10.699718,2.751663,0.0,0.0,62521.484375,51.4,63646.640625,0,0.0,148.34375,deepseek-r1:7b,-1
2025-06-08T17:18:10.801096,2.853041,0.0,0.0,62521.484375,51.4,63646.640625,0,0.0,148.34375,deepseek-r1:7b,-1
2025-06-08T17:18:10.905857,2.957802,0.0,0.0,62521.484375,51.4,63646.640625,0,0.0,148.34375,deepseek-r1:7b,-1
2025-06-08T17:18:11.011259,3.063204,0.0,0.0,62521.484375,51.4,63646.640625,0,0.0,148.34375,deepseek-r1:7b,-1
2025-06-08T17:18:11.114124,3.166069,12.4,0.0,62515.90625,51.4,63654.390625,0,0.0,148.34375,deepseek-r1:7b,-1
2025-06-08T17:18:11.219526,3.271471,11.3,0.0,62515.65625,51.4,63653.578125,0,0.0,148.34375,deepseek-r1:7b,-1
2025-06-08T17:18:11.321954,3.373899,13.3,0.0,62515.65625,51.4,63653.578125,0,0.0,148.34375,deepseek-r1:7b,-1
2025-06-08T17:18:11.423064,3.475009,11.0,0.0,62515.65625,51.4,63653.578125,0,0.0,148.34375,deepseek-r1:7b,-1
2025-06-08T17:18:11.528431,3.580376,10.8,0.0,62515.65625,51.4,63653.578125,0,0.0,148.34375,deepseek-r1:7b,-1
2025-06-08T17:18:11.632771,3.684716,10.7,0.0,62515.65625,51.4,63653.578125,0,0.0,148.34375,deepseek-r1:7b,-1
2025-06-08T17:18:11.733762,3.785707,10.1,0.0,62515.65625,51.4,63653.578125,0,0.0,148.34375,deepseek-r1:7b,-1
2025-06-08T17:18:11.838963,3.890908,0.0,0.0,62515.65625,51.4,63653.578125,0,0.0,148.34375,deepseek-r1:7b,-1
2025-06-08T17:18:11.944332,3.996277,0.0,0.0,62515.65625,51.4,63653.578125,0,0.0,148.34375,deepseek-r1:7b,-1
2025-06-08T17:18:12.044839,4.096784,0.0,0.0,62515.65625,51.4,63653.578125,0,0.0,148.34375,deepseek-r1:7b,-1
2025-06-08T17:18:12.150051,4.201996,11.7,0.0,62515.1875,51.4,63656.8125,0,0.0,148.34375,deepseek-r1:7b,-1
2025-06-08T17:18:12.252891,4.304836,12.7,0.0,62515.453125,51.4,63649.3125,0,0.0,148.34375,deepseek-r1:7b,-1
2025-06-08T17:18:12.354957,4.406902,0.0,0.0,62515.453125,51.4,63649.3125,0,0.0,148.34375,deepseek-r1:7b,-1
2025-06-08T17:18:12.460356,4.512301,0.0,0.0,62515.453125,51.4,63649.3125,0,0.0,148.34375,deepseek-r1:7b,-1
2025-06-08T17:18:12.565602,4.617547,0.0,0.0,62515.453125,51.4,63649.3125,0,0.0,148.34375,deepseek-r1:7b,-1
2025-06-08T17:18:12.668957,4.720902,0.0,0.0,62515.453125,51.4,63649.3125,0,0.0,148.34375,deepseek-r1:7b,-1
2025-06-08T17:18:12.769509,4.821454,0.0,0.0,62515.453125,51.4,63649.3125,0,0.0,148.34375,deepseek-r1:7b,-1
2025-06-08T17:18:12.874953,4.926898,0.0,0.0,62515.453125,51.4,63649.3125,0,0.0,148.34375,deepseek-r1:7b,-1
2025-06-08T17:18:12.975575,5.02752,0.0,0.0,62515.453125,51.4,63649.3125,0,0.0,148.34375,deepseek-r1:7b,-1
2025-06-08T17:18:13.078676,5.130621,0.0,0.0,62515.453125,51.4,63649.3125,0,0.0,148.34375,deepseek-r1:7b,-1
2025-06-08T17:18:13.179943,5.231888,10.9,0.0,62504.671875,51.4,63666.03125,0,0.0,148.34375,deepseek-r1:7b,-1
2025-06-08T17:18:13.285343,5.337288,13.8,0.0,62504.71875,51.4,63664.28125,0,0.0,148.34375,deepseek-r1:7b,-1
2025-06-08T17:18:13.390040,5.441985,11.2,0.0,62504.71875,51.4,63664.28125,0,0.0,148.34375,deepseek-r1:7b,-1
2025-06-08T17:18:13.495415,5.54736,10.7,0.0,62504.71875,51.4,63664.28125,0,0.0,148.34375,deepseek-r1:7b,-1
2025-06-08T17:18:13.596590,5.648535,10.2,0.0,62504.71875,51.4,63664.28125,0,0.0,148.34375,deepseek-r1:7b,-1
2025-06-08T17:18:13.697279,5.749224,11.2,0.0,62504.71875,51.4,63664.28125,0,0.0,148.34375,deepseek-r1:7b,-1
2025-06-08T17:18:13.802330,5.854275,10.1,0.0,62504.71875,51.4,63664.28125,0,0.0,148.34375,deepseek-r1:7b,-1
2025-06-08T17:18:13.906390,5.958335,12.6,0.0,62504.71875,51.4,63664.28125,0,0.0,148.34375,deepseek-r1:7b,-1
2025-06-08T17:18:14.011728,6.063673,9.0,0.0,62504.71875,51.4,63664.28125,0,0.0,148.34375,deepseek-r1:7b,-1
2025-06-08T17:18:14.113367,6.165312,0.0,0.0,62504.71875,51.4,63664.28125,0,0.0,148.34375,deepseek-r1:7b,-1
2025-06-08T17:18:14.218743,6.270688,10.7,0.0,62504.609375,51.4,63658.15625,0,0.0,148.34375,deepseek-r1:7b,-1
2025-06-08T17:18:14.321591,6.373536,13.8,0.0,62504.671875,51.4,63664.390625,0,0.0,148.34375,deepseek-r1:7b,-1
2025-06-08T17:18:14.426216,6.478161,13.2,0.0,62504.953125,51.4,63659.765625,0,0.0,148.34375,deepseek-r1:7b,-1
2025-06-08T17:18:14.528702,6.580647,12.2,0.0,62504.953125,51.4,63659.765625,0,0.0,148.34375,deepseek-r1:7b,-1
2025-06-08T17:18:14.634063,6.686008,12.0,0.0,62504.953125,51.4,63659.765625,0,0.0,148.34375,deepseek-r1:7b,-1
2025-06-08T17:18:14.739551,6.791496,11.2,0.0,62504.953125,51.4,63659.765625,0,0.0,148.34375,deepseek-r1:7b,-1
2025-06-08T17:18:14.844372,6.896317,0.0,0.0,62504.953125,51.4,63659.765625,0,0.0,148.34375,deepseek-r1:7b,-1
2025-06-08T17:18:14.949108,7.001053,0.0,0.0,62504.953125,51.4,63659.765625,0,0.0,148.34375,deepseek-r1:7b,-1
2025-06-08T17:18:15.054498,7.106443,0.0,0.0,62504.953125,51.4,63659.765625,0,0.0,148.34375,deepseek-r1:7b,-1
2025-06-08T17:18:15.157053,7.208998,0.0,0.0,62504.953125,51.4,63659.765625,0,0.0,148.34375,deepseek-r1:7b,-1
2025-06-08T17:18:15.262425,7.31437,11.5,0.0,62506.53125,51.4,63661.671875,0,0.0,148.34375,deepseek-r1:7b,-1
2025-06-08T17:18:15.367884,7.419829,11.9,0.0,62505.296875,51.4,63657.078125,0,0.0,148.34375,deepseek-r1:7b,-1
2025-06-08T17:18:15.469278,7.521223,11.7,0.0,62505.15625,51.4,63661.5,0,0.0,148.34375,deepseek-r1:7b,-1
2025-06-08T17:18:15.572351,7.624296,10.2,0.0,62505.15625,51.4,63661.5,0,0.0,148.34375,deepseek-r1:7b,-1
2025-06-08T17:18:15.676986,7.728931,0.0,0.0,62505.15625,51.4,63661.5,0,0.0,148.34375,deepseek-r1:7b,-1
2025-06-08T17:18:15.779914,7.831859,0.0,0.0,62505.15625,51.4,63661.5,0,0.0,148.34375,deepseek-r1:7b,-1
2025-06-08T17:18:15.880752,7.932697,0.0,0.0,62505.15625,51.4,63661.5,0,0.0,148.34375,deepseek-r1:7b,-1
2025-06-08T17:18:15.981231,8.033176,0.0,0.0,62505.15625,51.4,63661.5,0,0.0,148.34375,deepseek-r1:7b,-1
2025-06-08T17:18:16.085730,8.137675,0.0,0.0,62505.15625,51.4,63661.5,0,0.0,148.34375,deepseek-r1:7b,-1
2025-06-08T17:18:16.186902,8.238847,0.0,0.0,62505.15625,51.4,63661.5,0,0.0,148.34375,deepseek-r1:7b,-1
2025-06-08T17:18:16.292298,8.344243,11.1,0.0,62506.078125,51.4,63665.125,0,0.0,148.34375,deepseek-r1:7b,-1
2025-06-08T17:18:16.397661,8.449606,10.2,0.0,62506.078125,51.4,63665.125,0,0.0,148.34375,deepseek-r1:7b,-1
2025-06-08T17:18:16.499629,8.551574,11.0,0.0,62506.078125,51.4,63665.125,0,0.0,148.34375,deepseek-r1:7b,-1
2025-06-08T17:18:16.604986,8.656931,13.1,0.0,62506.078125,51.4,63665.125,0,0.0,148.34375,deepseek-r1:7b,-1
2025-06-08T17:18:16.710360,8.762305,11.4,0.0,62506.078125,51.4,63665.125,0,0.0,148.34375,deepseek-r1:7b,-1
2025-06-08T17:18:16.815836,8.867781,11.1,0.0,62506.078125,51.4,63665.125,0,0.0,148.34375,deepseek-r1:7b,-1
2025-06-08T17:18:16.917814,8.969759,10.0,0.0,62506.078125,51.4,63665.125,0,0.0,148.34375,deepseek-r1:7b,-1
2025-06-08T17:18:17.023196,9.075141,0.0,0.0,62506.078125,51.4,63665.125,0,0.0,148.34375,deepseek-r1:7b,-1
2025-06-08T17:18:17.128552,9.180497,0.0,0.0,62506.078125,51.4,63665.125,0,0.0,148.34375,deepseek-r1:7b,-1
2025-06-08T17:18:17.232715,9.28466,0.0,0.0,62506.078125,51.4,63665.125,0,0.0,148.34375,deepseek-r1:7b,-1
2025-06-08T17:18:17.338071,9.390016,12.5,0.0,62502.34375,51.4,63659.984375,0,0.0,148.34375,deepseek-r1:7b,-1
2025-06-08T17:18:17.440144,9.492089,10.9,0.0,62502.171875,51.4,63659.09375,0,0.0,148.34375,deepseek-r1:7b,-1
2025-06-08T17:18:17.545504,9.597449,10.7,0.0,62502.171875,51.4,63659.09375,0,0.0,148.34375,deepseek-r1:7b,-1
2025-06-08T17:18:17.650858,9.702803,10.8,0.0,62502.171875,51.4,63659.09375,0,0.0,148.34375,deepseek-r1:7b,-1
2025-06-08T17:18:17.753752,9.805697,10.9,0.0,62502.171875,51.4,63659.09375,0,0.0,148.34375,deepseek-r1:7b,-1
2025-06-08T17:18:17.858979,9.910924,9.8,0.0,62502.171875,51.4,63659.09375,0,0.0,148.34375,deepseek-r1:7b,-1
2025-06-08T17:18:17.959526,10.011471,11.8,0.0,62502.171875,51.4,63659.09375,0,0.0,148.34375,deepseek-r1:7b,-1
2025-06-08T17:18:18.063148,10.115093,9.6,0.0,62502.171875,51.4,63659.09375,0,0.0,148.34375,deepseek-r1:7b,-1
2025-06-08T17:18:18.165775,10.21772,0.0,0.0,62502.171875,51.4,63659.09375,0,0.0,148.34375,deepseek-r1:7b,-1
2025-06-08T17:18:18.266936,10.318881,0.0,0.0,62502.171875,51.4,63659.09375,0,0.0,148.34375,deepseek-r1:7b,-1
2025-06-08T17:18:18.372060,10.424005,11.9,0.0,62501.921875,51.4,63664.34375,0,0.0,148.34375,deepseek-r1:7b,-1
2025-06-08T17:18:18.472752,10.524697,11.8,0.0,62501.921875,51.4,63664.34375,0,0.0,148.34375,deepseek-r1:7b,-1
2025-06-08T17:18:18.578134,10.630079,0.0,0.0,62501.921875,51.4,63664.34375,0,0.0,148.34375,deepseek-r1:7b,-1
2025-06-08T17:18:18.680672,10.732617,0.0,0.0,62501.921875,51.4,63664.34375,0,0.0,148.34375,deepseek-r1:7b,-1
2025-06-08T17:18:18.786054,10.837999,0.0,0.0,62501.921875,51.4,63664.34375,0,0.0,148.34375,deepseek-r1:7b,-1
2025-06-08T17:18:18.891475,10.94342,0.0,0.0,62501.921875,51.4,63664.34375,0,0.0,148.34375,deepseek-r1:7b,-1
2025-06-08T17:18:18.996831,11.048776,0.0,0.0,62501.921875,51.4,63664.34375,0,0.0,148.34375,deepseek-r1:7b,-1
2025-06-08T17:18:19.102210,11.154155,0.0,0.0,62501.921875,51.4,63664.34375,0,0.0,148.34375,deepseek-r1:7b,-1
2025-06-08T17:18:19.203952,11.255897,0.0,0.0,62501.921875,51.4,63664.34375,0,0.0,148.34375,deepseek-r1:7b,-1
2025-06-08T17:18:21.357969,0.042839,12.4,0.0,62031.71875,51.1,64137.375,0,0.0,148.34375,deepseek-r1:7b,-1
2025-06-08T17:18:21.463167,0.148037,18.1,0.0,61526.6875,50.7,64645.453125,0,0.0,148.34375,deepseek-r1:7b,-1
2025-06-08T17:18:21.568422,0.253292,0.0,0.0,61526.6875,50.7,64645.453125,0,0.0,148.34375,deepseek-r1:7b,-1
2025-06-08T17:18:21.669235,0.354105,0.0,0.0,61526.6875,50.7,64645.453125,0,0.0,148.34375,deepseek-r1:7b,-1
2025-06-08T17:18:21.774631,0.459501,0.0,0.0,61526.6875,50.7,64645.453125,0,0.0,148.34375,deepseek-r1:7b,-1
2025-06-08T17:18:21.880031,0.564901,0.0,0.0,61526.6875,50.7,64645.453125,0,0.0,148.34375,deepseek-r1:7b,-1
2025-06-08T17:18:21.983832,0.668702,0.0,0.0,61526.6875,50.7,64645.453125,0,0.0,148.34375,deepseek-r1:7b,-1
2025-06-08T17:18:22.085790,0.77066,0.0,0.0,61526.6875,50.7,64645.453125,0,0.0,148.34375,deepseek-r1:7b,-1
2025-06-08T17:18:22.188904,0.873774,0.0,0.0,61526.6875,50.7,64645.453125,0,0.0,148.34375,deepseek-r1:7b,-1
2025-06-08T17:18:22.290775,0.975645,0.0,0.0,61526.6875,50.7,64645.453125,0,0.0,148.34375,deepseek-r1:7b,-1
2025-06-08T17:18:22.393576,1.078446,12.9,0.0,62636.515625,51.5,63528.5625,0,0.0,148.34375,deepseek-r1:7b,-1
2025-06-08T17:18:22.496357,1.181227,11.7,0.0,62636.515625,51.5,63528.5625,0,0.0,148.34375,deepseek-r1:7b,-1
2025-06-08T17:18:22.600971,1.285841,10.7,0.0,62636.515625,51.5,63528.5625,0,0.0,148.34375,deepseek-r1:7b,-1
2025-06-08T17:18:22.706047,1.390917,13.9,0.0,62636.515625,51.5,63528.5625,0,0.0,148.34375,deepseek-r1:7b,-1
2025-06-08T17:18:22.806923,1.491793,9.4,0.0,62636.515625,51.5,63528.5625,0,0.0,148.34375,deepseek-r1:7b,-1
2025-06-08T17:18:22.911758,1.596628,11.0,0.0,62636.515625,51.5,63528.5625,0,0.0,148.34375,deepseek-r1:7b,-1
2025-06-08T17:18:23.017104,1.701974,11.5,0.0,62636.515625,51.5,63528.5625,0,0.0,148.34375,deepseek-r1:7b,-1
2025-06-08T17:18:23.122504,1.807374,10.5,0.0,62636.515625,51.5,63528.5625,0,0.0,148.34375,deepseek-r1:7b,-1
2025-06-08T17:18:23.227895,1.912765,11.0,0.0,62636.515625,51.5,63528.5625,0,0.0,148.34375,deepseek-r1:7b,-1
2025-06-08T17:18:23.333276,2.018146,14.0,0.0,62636.515625,51.5,63528.5625,0,0.0,148.34375,deepseek-r1:7b,-1
2025-06-08T17:18:23.438678,2.123548,10.4,0.0,62517.59375,51.4,63646.96875,0,0.0,148.34375,deepseek-r1:7b,-1
2025-06-08T17:18:23.540977,2.225847,12.4,0.0,62517.59375,51.4,63646.96875,0,0.0,148.34375,deepseek-r1:7b,-1
2025-06-08T17:18:23.646337,2.331207,10.9,0.0,62517.59375,51.4,63646.96875,0,0.0,148.34375,deepseek-r1:7b,-1
2025-06-08T17:18:23.751694,2.436564,11.8,0.0,62517.59375,51.4,63646.96875,0,0.0,148.34375,deepseek-r1:7b,-1
2025-06-08T17:18:23.857057,2.541927,10.7,0.0,62517.59375,51.4,63646.96875,0,0.0,148.34375,deepseek-r1:7b,-1
2025-06-08T17:18:23.962408,2.647278,10.6,0.0,62517.59375,51.4,63646.96875,0,0.0,148.34375,deepseek-r1:7b,-1
2025-06-08T17:18:24.065859,2.750729,10.9,0.0,62517.59375,51.4,63646.96875,0,0.0,148.34375,deepseek-r1:7b,-1
2025-06-08T17:18:24.166592,2.851462,0.0,0.0,62517.59375,51.4,63646.96875,0,0.0,148.34375,deepseek-r1:7b,-1
2025-06-08T17:18:24.271256,2.956126,0.0,0.0,62517.59375,51.4,63646.96875,0,0.0,148.34375,deepseek-r1:7b,-1
2025-06-08T17:18:24.376668,3.061538,0.0,0.0,62517.59375,51.4,63646.96875,0,0.0,148.34375,deepseek-r1:7b,-1
2025-06-08T17:18:24.479776,3.164646,11.5,0.0,62512.921875,51.4,63650.40625,0,0.0,148.34375,deepseek-r1:7b,-1
2025-06-08T17:18:24.584027,3.268897,10.2,0.0,62512.921875,51.4,63653.46875,0,0.0,148.34375,deepseek-r1:7b,-1
2025-06-08T17:18:24.688911,3.373781,11.5,0.0,62512.921875,51.4,63653.46875,0,0.0,148.34375,deepseek-r1:7b,-1
2025-06-08T17:18:24.794295,3.479165,11.2,0.0,62512.921875,51.4,63653.46875,0,0.0,148.34375,deepseek-r1:7b,-1
2025-06-08T17:18:24.899759,3.584629,10.7,0.0,62512.921875,51.4,63653.46875,0,0.0,148.34375,deepseek-r1:7b,-1
2025-06-08T17:18:25.003699,3.688569,12.0,0.0,62512.921875,51.4,63653.46875,0,0.0,148.34375,deepseek-r1:7b,-1
2025-06-08T17:18:25.108731,3.793601,9.8,0.0,62512.921875,51.4,63653.46875,0,0.0,148.34375,deepseek-r1:7b,-1
2025-06-08T17:18:25.212282,3.897152,0.0,0.0,62512.921875,51.4,63653.46875,0,0.0,148.34375,deepseek-r1:7b,-1
2025-06-08T17:18:25.317662,4.002532,0.0,0.0,62512.921875,51.4,63653.46875,0,0.0,148.34375,deepseek-r1:7b,-1
2025-06-08T17:18:25.423001,4.107871,0.0,0.0,62512.921875,51.4,63653.46875,0,0.0,148.34375,deepseek-r1:7b,-1
2025-06-08T17:18:25.528204,4.213074,12.4,0.0,62512.75,51.4,63648.671875,0,0.0,148.34375,deepseek-r1:7b,-1
2025-06-08T17:18:25.632274,4.317144,10.7,0.0,62512.765625,51.4,63648.921875,0,0.0,148.34375,deepseek-r1:7b,-1
2025-06-08T17:18:25.737634,4.422504,10.8,0.0,62512.765625,51.4,63648.0,0,0.0,148.34375,deepseek-r1:7b,-1
2025-06-08T17:18:25.843004,4.527874,10.2,0.0,62512.765625,51.4,63648.25,0,0.0,148.34375,deepseek-r1:7b,-1
2025-06-08T17:18:25.946190,4.63106,11.5,0.0,62512.765625,51.4,63648.25,0,0.0,148.34375,deepseek-r1:7b,-1
2025-06-08T17:18:26.050874,4.735744,9.6,0.0,62512.765625,51.4,63648.25,0,0.0,148.34375,deepseek-r1:7b,-1
2025-06-08T17:18:26.151355,4.836225,11.7,0.0,62512.765625,51.4,63648.25,0,0.0,148.34375,deepseek-r1:7b,-1
2025-06-08T17:18:26.253691,4.938561,11.6,0.0,62512.765625,51.4,63648.25,0,0.0,148.34375,deepseek-r1:7b,-1
2025-06-08T17:18:26.359054,5.043924,12.7,0.0,62512.765625,51.4,63648.25,0,0.0,148.34375,deepseek-r1:7b,-1
2025-06-08T17:18:26.460882,5.145752,9.8,0.0,62512.765625,51.4,63648.25,0,0.0,148.34375,deepseek-r1:7b,-1
2025-06-08T17:18:26.563081,5.247951,12.6,0.0,62506.578125,51.4,63658.828125,0,0.0,148.34375,deepseek-r1:7b,-1
2025-06-08T17:18:26.664254,5.349124,9.6,0.0,62506.59375,51.4,63661.703125,0,0.0,148.34375,deepseek-r1:7b,-1
2025-06-08T17:18:26.767295,5.452165,11.6,0.0,62506.578125,51.4,63666.15625,0,0.0,148.34375,deepseek-r1:7b,-1
2025-06-08T17:18:26.868137,5.553007,11.1,0.0,62506.59375,51.4,63665.0625,0,0.0,148.34375,deepseek-r1:7b,-1
2025-06-08T17:18:26.970794,5.655664,10.9,0.0,62506.59375,51.4,63665.0625,0,0.0,148.34375,deepseek-r1:7b,-1
2025-06-08T17:18:27.071871,5.756741,9.9,0.0,62506.59375,51.4,63665.0625,0,0.0,148.34375,deepseek-r1:7b,-1
2025-06-08T17:18:27.175845,5.860715,12.0,0.0,62506.59375,51.4,63665.0625,0,0.0,148.34375,deepseek-r1:7b,-1
2025-06-08T17:18:27.277841,5.962711,10.0,0.0,62506.59375,51.4,63665.0625,0,0.0,148.34375,deepseek-r1:7b,-1
2025-06-08T17:18:27.380978,6.065848,12.6,0.0,62506.59375,51.4,63665.0625,0,0.0,148.34375,deepseek-r1:7b,-1
2025-06-08T17:18:27.486345,6.171215,0.0,0.0,62506.59375,51.4,63665.0625,0,0.0,148.34375,deepseek-r1:7b,-1
2025-06-08T17:18:29.640892,0.046181,12.8,0.0,62017.265625,51.1,64155.21875,0,0.0,148.359375,deepseek-r1:7b,-1
2025-06-08T17:18:29.742858,0.148147,17.8,0.0,61516.375,50.7,64657.5625,0,0.0,148.359375,deepseek-r1:7b,-1
2025-06-08T17:18:29.848111,0.2534,16.8,0.0,62187.125,51.2,63986.015625,0,0.0,148.359375,deepseek-r1:7b,-1
2025-06-08T17:18:29.953467,0.358756,12.9,0.0,62624.25,51.5,63546.234375,0,0.0,148.359375,deepseek-r1:7b,-1
2025-06-08T17:18:30.056430,0.461719,11.0,0.0,62624.25,51.5,63546.234375,0,0.0,148.359375,deepseek-r1:7b,-1
2025-06-08T17:18:30.161843,0.567132,11.2,0.0,62624.25,51.5,63546.234375,0,0.0,148.359375,deepseek-r1:7b,-1
2025-06-08T17:18:30.266930,0.672219,0.0,0.0,62624.25,51.5,63546.234375,0,0.0,148.359375,deepseek-r1:7b,-1
2025-06-08T17:18:30.372306,0.777595,0.0,0.0,62624.25,51.5,63546.234375,0,0.0,148.359375,deepseek-r1:7b,-1
2025-06-08T17:18:30.473041,0.87833,0.0,0.0,62624.25,51.5,63546.234375,0,0.0,148.359375,deepseek-r1:7b,-1
2025-06-08T17:18:30.576086,0.981375,0.0,0.0,62624.25,51.5,63546.234375,0,0.0,148.359375,deepseek-r1:7b,-1
2025-06-08T17:18:30.681586,1.086875,11.9,0.0,62637.9375,51.5,63533.15625,0,0.0,148.359375,deepseek-r1:7b,-1
2025-06-08T17:18:30.785393,1.190682,12.1,0.0,62639.8125,51.5,63531.75,0,0.0,148.359375,deepseek-r1:7b,-1
2025-06-08T17:18:30.888235,1.293524,9.9,0.0,62639.8125,51.5,63531.75,0,0.0,148.359375,deepseek-r1:7b,-1
2025-06-08T17:18:30.993627,1.398916,12.2,0.0,62639.8125,51.5,63531.75,0,0.0,148.359375,deepseek-r1:7b,-1
2025-06-08T17:18:31.096563,1.501852,9.3,0.0,62639.8125,51.5,63531.75,0,0.0,148.359375,deepseek-r1:7b,-1
2025-06-08T17:18:31.200437,1.605726,12.5,0.0,62639.8125,51.5,63531.75,0,0.0,148.359375,deepseek-r1:7b,-1
2025-06-08T17:18:31.305803,1.711092,0.0,0.0,62639.8125,51.5,63531.75,0,0.0,148.359375,deepseek-r1:7b,-1
2025-06-08T17:18:31.409829,1.815118,0.0,0.0,62639.8125,51.5,63531.75,0,0.0,148.359375,deepseek-r1:7b,-1
2025-06-08T17:18:31.515190,1.920479,0.0,0.0,62639.8125,51.5,63531.75,0,0.0,148.359375,deepseek-r1:7b,-1
2025-06-08T17:18:31.618716,2.024005,0.0,0.0,62639.8125,51.5,63531.75,0,0.0,148.359375,deepseek-r1:7b,-1
2025-06-08T17:18:31.720687,2.125976,11.5,0.0,62520.0,51.4,63649.921875,0,0.0,148.359375,deepseek-r1:7b,-1
2025-06-08T17:18:31.824636,2.229925,10.8,0.0,62519.96875,51.4,63642.34375,0,0.0,148.359375,deepseek-r1:7b,-1
2025-06-08T17:18:31.929872,2.335161,11.4,0.0,62519.984375,51.4,63642.671875,0,0.0,148.359375,deepseek-r1:7b,-1
2025-06-08T17:18:32.033545,2.438834,10.2,0.0,62519.984375,51.4,63645.703125,0,0.0,148.359375,deepseek-r1:7b,-1
2025-06-08T17:18:32.138926,2.544215,0.0,0.0,62519.984375,51.4,63645.703125,0,0.0,148.359375,deepseek-r1:7b,-1
2025-06-08T17:18:32.244306,2.649595,0.0,0.0,62519.984375,51.4,63645.703125,0,0.0,148.359375,deepseek-r1:7b,-1
2025-06-08T17:18:32.349690,2.754979,0.0,0.0,62519.984375,51.4,63645.703125,0,0.0,148.359375,deepseek-r1:7b,-1
2025-06-08T17:18:32.453487,2.858776,0.0,0.0,62519.984375,51.4,63645.703125,0,0.0,148.359375,deepseek-r1:7b,-1
2025-06-08T17:18:32.558537,2.963826,0.0,0.0,62519.984375,51.4,63645.703125,0,0.0,148.359375,deepseek-r1:7b,-1
2025-06-08T17:18:32.663915,3.069204,0.0,0.0,62519.984375,51.4,63645.703125,0,0.0,148.359375,deepseek-r1:7b,-1
2025-06-08T17:18:32.767095,3.172384,11.3,0.0,62515.46875,51.4,63654.453125,0,0.0,148.359375,deepseek-r1:7b,-1
2025-06-08T17:18:32.872486,3.277775,10.1,0.0,62515.46875,51.4,63654.453125,0,0.0,148.359375,deepseek-r1:7b,-1
2025-06-08T17:18:32.977843,3.383132,10.8,0.0,62515.46875,51.4,63654.453125,0,0.0,148.359375,deepseek-r1:7b,-1
2025-06-08T17:18:33.083222,3.488511,9.6,0.0,62515.46875,51.4,63654.453125,0,0.0,148.359375,deepseek-r1:7b,-1
2025-06-08T17:18:33.188607,3.593896,10.8,0.0,62515.46875,51.4,63654.453125,0,0.0,148.359375,deepseek-r1:7b,-1
2025-06-08T17:18:33.289461,3.69475,11.5,0.0,62515.46875,51.4,63654.453125,0,0.0,148.359375,deepseek-r1:7b,-1
2025-06-08T17:18:33.394773,3.800062,12.0,0.0,62515.46875,51.4,63654.453125,0,0.0,148.359375,deepseek-r1:7b,-1
2025-06-08T17:18:33.499258,3.904547,11.4,0.0,62515.46875,51.4,63654.453125,0,0.0,148.359375,deepseek-r1:7b,-1
2025-06-08T17:18:33.604351,4.00964,11.3,0.0,62515.46875,51.4,63654.453125,0,0.0,148.359375,deepseek-r1:7b,-1
2025-06-08T17:18:33.709009,4.114298,0.0,0.0,62515.46875,51.4,63654.453125,0,0.0,148.359375,deepseek-r1:7b,-1
2025-06-08T17:18:33.814386,4.219675,10.9,0.0,62515.640625,51.4,63655.09375,0,0.0,148.359375,deepseek-r1:7b,-1
2025-06-08T17:18:33.915033,4.320322,10.6,0.0,62515.640625,51.4,63655.09375,0,0.0,148.359375,deepseek-r1:7b,-1
2025-06-08T17:18:34.017405,4.422694,11.9,0.0,62515.640625,51.4,63655.09375,0,0.0,148.359375,deepseek-r1:7b,-1
2025-06-08T17:18:34.120038,4.525327,10.8,0.0,62515.640625,51.4,63655.09375,0,0.0,148.359375,deepseek-r1:7b,-1
2025-06-08T17:18:34.225174,4.630463,10.8,0.0,62515.640625,51.4,63655.09375,0,0.0,148.359375,deepseek-r1:7b,-1
2025-06-08T17:18:34.327006,4.732295,16.7,0.0,62515.640625,51.4,63655.09375,0,0.0,148.359375,deepseek-r1:7b,-1
2025-06-08T17:18:34.428650,4.833939,13.7,0.0,62515.640625,51.4,63655.09375,0,0.0,148.359375,deepseek-r1:7b,-1
2025-06-08T17:18:34.531477,4.936766,10.8,0.0,62515.640625,51.4,63655.09375,0,0.0,148.359375,deepseek-r1:7b,-1
2025-06-08T17:18:34.633523,5.038812,0.0,0.0,62515.640625,51.4,63655.09375,0,0.0,148.359375,deepseek-r1:7b,-1
2025-06-08T17:18:34.735190,5.140479,0.0,0.0,62515.640625,51.4,63655.09375,0,0.0,148.359375,deepseek-r1:7b,-1
2025-06-08T17:18:36.892847,0.04579,12.5,0.0,62029.8125,51.1,64132.03125,0,0.0,148.359375,deepseek-r1:7b,-1
2025-06-08T17:18:36.997962,0.150905,19.3,0.0,61536.375,50.7,64627.390625,0,0.0,148.359375,deepseek-r1:7b,-1
2025-06-08T17:18:37.103198,0.256141,17.5,0.0,62198.734375,51.2,63962.71875,0,0.0,148.359375,deepseek-r1:7b,-1
2025-06-08T17:18:37.204927,0.35787,13.0,0.0,62198.734375,51.2,63962.71875,0,0.0,148.359375,deepseek-r1:7b,-1
2025-06-08T17:18:37.305885,0.458828,10.0,0.0,62198.734375,51.2,63962.71875,0,0.0,148.359375,deepseek-r1:7b,-1
2025-06-08T17:18:37.407063,0.560006,12.7,0.0,62198.734375,51.2,63962.71875,0,0.0,148.359375,deepseek-r1:7b,-1
2025-06-08T17:18:37.512444,0.665387,11.0,0.0,62198.734375,51.2,63962.71875,0,0.0,148.359375,deepseek-r1:7b,-1
2025-06-08T17:18:37.617638,0.770581,10.9,0.0,62198.734375,51.2,63962.71875,0,0.0,148.359375,deepseek-r1:7b,-1
2025-06-08T17:18:37.719000,0.871943,0.0,0.0,62198.734375,51.2,63962.71875,0,0.0,148.359375,deepseek-r1:7b,-1
2025-06-08T17:18:37.819674,0.972617,0.0,0.0,62198.734375,51.2,63962.71875,0,0.0,148.359375,deepseek-r1:7b,-1
2025-06-08T17:18:37.920472,1.073415,11.0,0.0,62639.984375,51.5,63529.609375,0,0.0,148.359375,deepseek-r1:7b,-1
2025-06-08T17:18:38.025335,1.178278,10.7,0.0,62639.953125,51.5,63532.703125,0,0.0,148.359375,deepseek-r1:7b,-1
2025-06-08T17:18:38.129973,1.282916,12.5,0.0,62639.890625,51.5,63529.078125,0,0.0,148.359375,deepseek-r1:7b,-1
2025-06-08T17:18:38.235352,1.388295,0.0,0.0,62639.890625,51.5,63529.078125,0,0.0,148.359375,deepseek-r1:7b,-1
2025-06-08T17:18:38.338025,1.490968,0.0,0.0,62639.890625,51.5,63529.078125,0,0.0,148.359375,deepseek-r1:7b,-1
2025-06-08T17:18:38.443391,1.596334,0.0,0.0,62639.890625,51.5,63529.078125,0,0.0,148.359375,deepseek-r1:7b,-1
2025-06-08T17:18:38.547272,1.700215,0.0,0.0,62639.890625,51.5,63529.078125,0,0.0,148.359375,deepseek-r1:7b,-1
2025-06-08T17:18:38.652639,1.805582,0.0,0.0,62639.890625,51.5,63529.078125,0,0.0,148.359375,deepseek-r1:7b,-1
2025-06-08T17:18:38.753053,1.905996,0.0,0.0,62639.890625,51.5,63529.078125,0,0.0,148.359375,deepseek-r1:7b,-1
2025-06-08T17:18:38.858397,2.01134,0.0,0.0,62639.890625,51.5,63529.078125,0,0.0,148.359375,deepseek-r1:7b,-1
2025-06-08T17:18:38.958857,2.1118,11.4,0.0,62519.625,51.4,63646.171875,0,0.0,148.359375,deepseek-r1:7b,-1
2025-06-08T17:18:39.063401,2.216344,10.1,0.0,62519.609375,51.4,63645.234375,0,0.0,148.359375,deepseek-r1:7b,-1
2025-06-08T17:18:39.168784,2.321727,10.7,0.0,62519.625,51.4,63645.5,0,0.0,148.359375,deepseek-r1:7b,-1
2025-06-08T17:18:39.274149,2.427092,11.8,0.0,62519.625,51.4,63645.5,0,0.0,148.359375,deepseek-r1:7b,-1
2025-06-08T17:18:39.379528,2.532471,13.5,0.0,62519.625,51.4,63645.5,0,0.0,148.359375,deepseek-r1:7b,-1
2025-06-08T17:18:39.484746,2.637689,9.6,0.0,62519.625,51.4,63645.5,0,0.0,148.359375,deepseek-r1:7b,-1
2025-06-08T17:18:39.585647,2.73859,10.6,0.0,62519.625,51.4,63645.5,0,0.0,148.359375,deepseek-r1:7b,-1
2025-06-08T17:18:39.688510,2.841453,12.6,0.0,62519.625,51.4,63645.5,0,0.0,148.359375,deepseek-r1:7b,-1
2025-06-08T17:18:39.793868,2.946811,10.1,0.0,62519.625,51.4,63645.5,0,0.0,148.359375,deepseek-r1:7b,-1
2025-06-08T17:18:39.899199,3.052142,11.0,0.0,62519.625,51.4,63645.5,0,0.0,148.359375,deepseek-r1:7b,-1
2025-06-08T17:18:39.999996,3.152939,10.5,0.0,62514.9375,51.4,63650.8125,0,0.0,148.359375,deepseek-r1:7b,-1
2025-06-08T17:18:40.103120,3.256063,12.7,0.0,62516.171875,51.4,63654.03125,0,0.0,148.359375,deepseek-r1:7b,-1
2025-06-08T17:18:40.208484,3.361427,10.8,0.0,62516.171875,51.4,63654.03125,0,0.0,148.359375,deepseek-r1:7b,-1
2025-06-08T17:18:40.310053,3.462996,9.9,0.0,62516.171875,51.4,63654.03125,0,0.0,148.359375,deepseek-r1:7b,-1
2025-06-08T17:18:40.415436,3.568379,0.0,0.0,62516.171875,51.4,63654.03125,0,0.0,148.359375,deepseek-r1:7b,-1
2025-06-08T17:18:40.517611,3.670554,0.0,0.0,62516.171875,51.4,63654.03125,0,0.0,148.359375,deepseek-r1:7b,-1
2025-06-08T17:18:40.622927,3.77587,0.0,0.0,62516.171875,51.4,63654.03125,0,0.0,148.359375,deepseek-r1:7b,-1
2025-06-08T17:18:40.723869,3.876812,0.0,0.0,62516.171875,51.4,63654.03125,0,0.0,148.359375,deepseek-r1:7b,-1
2025-06-08T17:18:40.829243,3.982186,0.0,0.0,62516.171875,51.4,63654.03125,0,0.0,148.359375,deepseek-r1:7b,-1
2025-06-08T17:18:40.934601,4.087544,0.0,0.0,62516.171875,51.4,63654.03125,0,0.0,148.359375,deepseek-r1:7b,-1
2025-06-08T17:18:41.039995,4.192938,11.5,0.0,62516.3125,51.4,63653.875,0,0.0,148.359375,deepseek-r1:7b,-1
2025-06-08T17:18:41.145627,4.29857,14.8,0.0,62516.65625,51.4,63657.453125,0,0.0,148.359375,deepseek-r1:7b,-1
2025-06-08T17:18:41.247051,4.399994,10.4,0.0,62516.765625,51.4,63656.515625,0,0.0,148.359375,deepseek-r1:7b,-1
2025-06-08T17:18:41.352455,4.505398,10.3,0.0,62516.765625,51.4,63656.78125,0,0.0,148.359375,deepseek-r1:7b,-1
2025-06-08T17:18:41.454616,4.607559,12.8,0.0,62516.765625,51.4,63656.78125,0,0.0,148.359375,deepseek-r1:7b,-1
2025-06-08T17:18:41.559133,4.712076,10.1,0.0,62516.765625,51.4,63656.78125,0,0.0,148.359375,deepseek-r1:7b,-1
2025-06-08T17:18:41.664464,4.817407,10.8,0.0,62516.765625,51.4,63656.78125,0,0.0,148.359375,deepseek-r1:7b,-1
2025-06-08T17:18:41.769860,4.922803,0.0,0.0,62516.765625,51.4,63656.78125,0,0.0,148.359375,deepseek-r1:7b,-1
2025-06-08T17:18:41.875206,5.028149,0.0,0.0,62516.765625,51.4,63656.78125,0,0.0,148.359375,deepseek-r1:7b,-1
2025-06-08T17:18:41.980347,5.13329,0.0,0.0,62516.765625,51.4,63656.78125,0,0.0,148.359375,deepseek-r1:7b,-1
2025-06-08T17:18:42.085099,5.238042,10.8,0.0,62504.921875,51.4,63665.0,0,0.0,148.359375,deepseek-r1:7b,-1
2025-06-08T17:18:42.186065,5.339008,11.1,0.0,62504.8125,51.4,63665.40625,0,0.0,148.359375,deepseek-r1:7b,-1
2025-06-08T17:18:42.288979,5.441922,10.9,0.0,62504.796875,51.4,63664.46875,0,0.0,148.359375,deepseek-r1:7b,-1
2025-06-08T17:18:42.393899,5.546842,12.5,0.0,62504.796875,51.4,63664.46875,0,0.0,148.359375,deepseek-r1:7b,-1
2025-06-08T17:18:42.499073,5.652016,10.7,0.0,62504.796875,51.4,63664.46875,0,0.0,148.359375,deepseek-r1:7b,-1
2025-06-08T17:18:42.602211,5.755154,11.0,0.0,62504.796875,51.4,63664.46875,0,0.0,148.359375,deepseek-r1:7b,-1
2025-06-08T17:18:42.704570,5.857513,11.0,0.0,62504.796875,51.4,63664.46875,0,0.0,148.359375,deepseek-r1:7b,-1
2025-06-08T17:18:42.805530,5.958473,8.9,0.0,62504.796875,51.4,63664.46875,0,0.0,148.359375,deepseek-r1:7b,-1
2025-06-08T17:18:42.906359,6.059302,12.3,0.0,62504.796875,51.4,63664.46875,0,0.0,148.359375,deepseek-r1:7b,-1
2025-06-08T17:18:43.008253,6.161196,10.4,0.0,62504.796875,51.4,63664.46875,0,0.0,148.359375,deepseek-r1:7b,-1
2025-06-08T17:18:43.113611,6.266554,11.8,0.0,62504.953125,51.4,63660.90625,0,0.0,148.359375,deepseek-r1:7b,-1
2025-06-08T17:18:43.218997,6.37194,11.4,0.0,62504.96875,51.4,63661.25,0,0.0,148.359375,deepseek-r1:7b,-1
2025-06-08T17:18:43.323714,6.476657,10.7,0.0,62504.96875,51.4,63664.296875,0,0.0,148.359375,deepseek-r1:7b,-1
2025-06-08T17:18:43.429074,6.582017,11.4,0.0,62504.953125,51.4,63666.46875,0,0.0,148.359375,deepseek-r1:7b,-1
2025-06-08T17:18:43.533255,6.686198,12.4,0.0,62504.953125,51.4,63666.46875,0,0.0,148.359375,deepseek-r1:7b,-1
2025-06-08T17:18:43.638622,6.791565,9.8,0.0,62504.953125,51.4,63666.46875,0,0.0,148.359375,deepseek-r1:7b,-1
2025-06-08T17:18:43.742937,6.89588,11.9,0.0,62504.953125,51.4,63666.46875,0,0.0,148.359375,deepseek-r1:7b,-1
2025-06-08T17:18:43.848318,7.001261,0.0,0.0,62504.953125,51.4,63666.46875,0,0.0,148.359375,deepseek-r1:7b,-1
2025-06-08T17:18:43.949887,7.10283,0.0,0.0,62504.953125,51.4,63666.46875,0,0.0,148.359375,deepseek-r1:7b,-1
2025-06-08T17:18:44.054701,7.207644,0.0,0.0,62504.953125,51.4,63666.46875,0,0.0,148.359375,deepseek-r1:7b,-1
2025-06-08T17:18:44.160062,7.313005,10.5,0.0,62504.859375,51.4,63665.078125,0,0.0,148.359375,deepseek-r1:7b,-1
2025-06-08T17:18:44.262863,7.415806,12.4,0.0,62504.84375,51.4,63665.5,0,0.0,148.359375,deepseek-r1:7b,-1
2025-06-08T17:18:44.365542,7.518485,11.2,0.0,62504.84375,51.4,63665.5,0,0.0,148.359375,deepseek-r1:7b,-1
2025-06-08T17:18:44.470898,7.623841,11.2,0.0,62504.84375,51.4,63665.5,0,0.0,148.359375,deepseek-r1:7b,-1
2025-06-08T17:18:44.574902,7.727845,11.4,0.0,62504.84375,51.4,63665.5,0,0.0,148.359375,deepseek-r1:7b,-1
2025-06-08T17:18:44.680271,7.833214,11.9,0.0,62504.84375,51.4,63665.5,0,0.0,148.359375,deepseek-r1:7b,-1
2025-06-08T17:18:44.782969,7.935912,10.4,0.0,62504.84375,51.4,63665.5,0,0.0,148.359375,deepseek-r1:7b,-1
2025-06-08T17:18:44.886929,8.039872,0.0,0.0,62504.84375,51.4,63665.5,0,0.0,148.359375,deepseek-r1:7b,-1
2025-06-08T17:18:44.988263,8.141206,0.0,0.0,62504.84375,51.4,63665.5,0,0.0,148.359375,deepseek-r1:7b,-1
2025-06-08T17:18:45.090580,8.243523,0.0,0.0,62504.84375,51.4,63665.5,0,0.0,148.359375,deepseek-r1:7b,-1
2025-06-08T17:18:45.192419,8.345362,10.7,0.0,62504.734375,51.4,63661.265625,0,0.0,148.359375,deepseek-r1:7b,-1
2025-06-08T17:18:45.296161,8.449104,11.8,0.0,62504.71875,51.4,63657.6875,0,0.0,148.359375,deepseek-r1:7b,-1
2025-06-08T17:18:45.399845,8.552788,11.7,0.0,62504.71875,51.4,63657.6875,0,0.0,148.359375,deepseek-r1:7b,-1
2025-06-08T17:18:45.503578,8.656521,10.7,0.0,62504.71875,51.4,63657.6875,0,0.0,148.359375,deepseek-r1:7b,-1
2025-06-08T17:18:45.608182,8.761125,13.1,0.0,62504.71875,51.4,63657.6875,0,0.0,148.359375,deepseek-r1:7b,-1
2025-06-08T17:18:45.712821,8.865764,10.2,0.0,62504.71875,51.4,63657.6875,0,0.0,148.359375,deepseek-r1:7b,-1
2025-06-08T17:18:45.818180,8.971123,10.1,0.0,62504.71875,51.4,63657.6875,0,0.0,148.359375,deepseek-r1:7b,-1
2025-06-08T17:18:45.923539,9.076482,10.7,0.0,62504.71875,51.4,63657.6875,0,0.0,148.359375,deepseek-r1:7b,-1
2025-06-08T17:18:46.024830,9.177773,10.6,0.0,62504.71875,51.4,63657.6875,0,0.0,148.359375,deepseek-r1:7b,-1
2025-06-08T17:18:46.129465,9.282408,11.8,0.0,62504.71875,51.4,63657.6875,0,0.0,148.359375,deepseek-r1:7b,-1
2025-06-08T17:18:46.230945,9.383888,10.6,0.0,62504.75,51.4,63661.640625,0,0.0,148.359375,deepseek-r1:7b,-1
2025-06-08T17:18:46.331717,9.48466,11.1,0.0,62505.65625,51.4,63661.03125,0,0.0,148.359375,deepseek-r1:7b,-1
2025-06-08T17:18:46.437093,9.590036,12.7,0.0,62505.71875,51.4,63657.796875,0,0.0,148.359375,deepseek-r1:7b,-1
2025-06-08T17:18:46.539469,9.692412,10.2,0.0,62505.71875,51.4,63657.796875,0,0.0,148.359375,deepseek-r1:7b,-1
2025-06-08T17:18:46.642388,9.795331,11.0,0.0,62505.71875,51.4,63657.796875,0,0.0,148.359375,deepseek-r1:7b,-1
2025-06-08T17:18:46.747777,9.90072,0.0,0.0,62505.71875,51.4,63657.796875,0,0.0,148.359375,deepseek-r1:7b,-1
2025-06-08T17:18:46.853266,10.006209,0.0,0.0,62505.71875,51.4,63657.796875,0,0.0,148.359375,deepseek-r1:7b,-1
2025-06-08T17:18:46.958639,10.111582,0.0,0.0,62505.71875,51.4,63657.796875,0,0.0,148.359375,deepseek-r1:7b,-1
2025-06-08T17:18:47.063964,10.216907,0.0,0.0,62505.71875,51.4,63657.796875,0,0.0,148.359375,deepseek-r1:7b,-1
2025-06-08T17:18:47.166489,10.319432,0.0,0.0,62505.71875,51.4,63657.796875,0,0.0,148.359375,deepseek-r1:7b,-1
2025-06-08T17:18:49.314006,0.040933,12.4,0.0,62015.828125,51.0,64161.984375,0,0.0,148.359375,deepseek-r1:7b,-1
2025-06-08T17:18:49.419129,0.146056,34.9,0.0,62015.828125,51.0,64161.984375,0,0.0,148.359375,deepseek-r1:7b,-1
2025-06-08T17:18:49.524293,0.25122,14.9,0.0,62015.828125,51.0,64161.984375,0,0.0,148.359375,deepseek-r1:7b,-1
2025-06-08T17:18:49.629570,0.356497,9.1,0.0,62015.828125,51.0,64161.984375,0,0.0,148.359375,deepseek-r1:7b,-1
2025-06-08T17:18:49.734548,0.461475,12.9,0.0,62015.828125,51.0,64161.984375,0,0.0,148.359375,deepseek-r1:7b,-1
2025-06-08T17:18:49.839324,0.566251,10.8,0.0,62015.828125,51.0,64161.984375,0,0.0,148.359375,deepseek-r1:7b,-1
2025-06-08T17:18:49.941388,0.668315,11.4,0.0,62015.828125,51.0,64161.984375,0,0.0,148.359375,deepseek-r1:7b,-1
2025-06-08T17:18:50.042404,0.769331,0.0,0.0,62015.828125,51.0,64161.984375,0,0.0,148.359375,deepseek-r1:7b,-1
2025-06-08T17:18:50.147823,0.87475,0.0,0.0,62015.828125,51.0,64161.984375,0,0.0,148.359375,deepseek-r1:7b,-1
2025-06-08T17:18:50.253178,0.980105,0.0,0.0,62015.828125,51.0,64161.984375,0,0.0,148.359375,deepseek-r1:7b,-1
2025-06-08T17:18:50.358547,1.085474,11.0,0.0,62632.28125,51.5,63545.671875,0,0.0,148.359375,deepseek-r1:7b,-1
2025-06-08T17:18:50.463932,1.190859,14.0,0.0,62632.28125,51.5,63546.421875,0,0.0,148.359375,deepseek-r1:7b,-1
2025-06-08T17:18:50.569318,1.296245,9.6,0.0,62632.25,51.5,63546.828125,0,0.0,148.359375,deepseek-r1:7b,-1
2025-06-08T17:18:50.674717,1.401644,13.1,0.0,62632.25,51.5,63546.828125,0,0.0,148.359375,deepseek-r1:7b,-1
2025-06-08T17:18:50.780069,1.506996,0.0,0.0,62632.25,51.5,63546.828125,0,0.0,148.359375,deepseek-r1:7b,-1
2025-06-08T17:18:50.885449,1.612376,0.0,0.0,62632.25,51.5,63546.828125,0,0.0,148.359375,deepseek-r1:7b,-1
2025-06-08T17:18:50.990798,1.717725,0.0,0.0,62632.25,51.5,63546.828125,0,0.0,148.359375,deepseek-r1:7b,-1
2025-06-08T17:18:51.095860,1.822787,0.0,0.0,62632.25,51.5,63546.828125,0,0.0,148.359375,deepseek-r1:7b,-1
2025-06-08T17:18:51.201256,1.928183,0.0,0.0,62632.25,51.5,63546.828125,0,0.0,148.359375,deepseek-r1:7b,-1
2025-06-08T17:18:51.306630,2.033557,0.0,0.0,62632.25,51.5,63546.828125,0,0.0,148.359375,deepseek-r1:7b,-1
2025-06-08T17:18:51.408030,2.134957,11.3,0.0,62512.109375,51.4,63663.921875,0,0.0,148.359375,deepseek-r1:7b,-1
2025-06-08T17:18:51.512992,2.239919,10.7,0.0,62512.203125,51.4,63661.6875,0,0.0,148.359375,deepseek-r1:7b,-1
2025-06-08T17:18:51.617321,2.344248,12.0,0.0,62512.203125,51.4,63661.6875,0,0.0,148.359375,deepseek-r1:7b,-1
2025-06-08T17:18:51.722707,2.449634,0.0,0.0,62512.203125,51.4,63661.6875,0,0.0,148.359375,deepseek-r1:7b,-1
2025-06-08T17:18:51.828094,2.555021,0.0,0.0,62512.203125,51.4,63661.6875,0,0.0,148.359375,deepseek-r1:7b,-1
2025-06-08T17:18:51.931362,2.658289,0.0,0.0,62512.203125,51.4,63661.6875,0,0.0,148.359375,deepseek-r1:7b,-1
2025-06-08T17:18:52.036834,2.763761,0.0,0.0,62512.203125,51.4,63661.6875,0,0.0,148.359375,deepseek-r1:7b,-1
2025-06-08T17:18:52.141332,2.868259,0.0,0.0,62512.203125,51.4,63661.6875,0,0.0,148.359375,deepseek-r1:7b,-1
2025-06-08T17:18:52.246596,2.973523,0.0,0.0,62512.203125,51.4,63661.6875,0,0.0,148.359375,deepseek-r1:7b,-1
2025-06-08T17:18:52.352048,3.078975,0.0,0.0,62512.203125,51.4,63661.6875,0,0.0,148.359375,deepseek-r1:7b,-1
2025-06-08T17:18:52.457427,3.184354,10.9,0.0,62508.84375,51.4,63661.90625,0,0.0,148.359375,deepseek-r1:7b,-1
2025-06-08T17:18:52.558698,3.285625,10.0,0.0,62508.84375,51.4,63662.28125,0,0.0,148.359375,deepseek-r1:7b,-1
2025-06-08T17:18:52.662293,3.38922,10.8,0.0,62508.84375,51.4,63665.203125,0,0.0,148.359375,deepseek-r1:7b,-1
2025-06-08T17:18:52.766316,3.493243,10.4,0.0,62508.84375,51.4,63665.203125,0,0.0,148.359375,deepseek-r1:7b,-1
2025-06-08T17:18:52.866984,3.593911,10.4,0.0,62508.84375,51.4,63665.203125,0,0.0,148.359375,deepseek-r1:7b,-1
2025-06-08T17:18:52.971954,3.698881,10.2,0.0,62508.84375,51.4,63665.203125,0,0.0,148.359375,deepseek-r1:7b,-1
2025-06-08T17:18:53.076396,3.803323,0.0,0.0,62508.84375,51.4,63665.203125,0,0.0,148.359375,deepseek-r1:7b,-1
2025-06-08T17:18:53.179275,3.906202,0.0,0.0,62508.84375,51.4,63665.203125,0,0.0,148.359375,deepseek-r1:7b,-1
2025-06-08T17:18:53.280639,4.007566,0.0,0.0,62508.84375,51.4,63665.203125,0,0.0,148.359375,deepseek-r1:7b,-1
2025-06-08T17:18:53.383500,4.110427,0.0,0.0,62508.84375,51.4,63665.203125,0,0.0,148.359375,deepseek-r1:7b,-1
2025-06-08T17:18:53.488701,4.215628,12.5,0.0,62508.859375,51.4,63665.609375,0,0.0,148.359375,deepseek-r1:7b,-1
2025-06-08T17:18:53.594117,4.321044,10.1,0.0,62508.875,51.4,63669.859375,0,0.0,148.359375,deepseek-r1:7b,-1
2025-06-08T17:18:53.695927,4.422854,11.7,0.0,62508.875,51.4,63669.859375,0,0.0,148.359375,deepseek-r1:7b,-1
2025-06-08T17:18:53.801314,4.528241,10.0,0.0,62508.875,51.4,63669.859375,0,0.0,148.359375,deepseek-r1:7b,-1
2025-06-08T17:18:53.901907,4.628834,10.1,0.0,62508.875,51.4,63669.859375,0,0.0,148.359375,deepseek-r1:7b,-1
2025-06-08T17:18:54.007135,4.734062,12.0,0.0,62508.875,51.4,63669.859375,0,0.0,148.359375,deepseek-r1:7b,-1
2025-06-08T17:18:54.109414,4.836341,9.9,0.0,62508.875,51.4,63669.859375,0,0.0,148.359375,deepseek-r1:7b,-1
2025-06-08T17:18:54.209946,4.936873,11.5,0.0,62508.875,51.4,63669.859375,0,0.0,148.359375,deepseek-r1:7b,-1
2025-06-08T17:18:54.315317,5.042244,0.0,0.0,62508.875,51.4,63669.859375,0,0.0,148.359375,deepseek-r1:7b,-1
2025-06-08T17:18:54.420692,5.147619,0.0,0.0,62508.875,51.4,63669.859375,0,0.0,148.359375,deepseek-r1:7b,-1
2025-06-08T17:18:54.524575,5.251502,11.8,0.0,62503.15625,51.4,63671.8125,0,0.0,148.359375,deepseek-r1:7b,-1
2025-06-08T17:18:54.625496,5.352423,11.9,0.0,62503.15625,51.4,63671.8125,0,0.0,148.359375,deepseek-r1:7b,-1
2025-06-08T17:18:54.727592,5.454519,12.2,0.0,62503.15625,51.4,63671.8125,0,0.0,148.359375,deepseek-r1:7b,-1
2025-06-08T17:18:54.831389,5.558316,13.5,0.0,62503.15625,51.4,63671.8125,0,0.0,148.359375,deepseek-r1:7b,-1
2025-06-08T17:18:54.936629,5.663556,10.9,0.0,62503.15625,51.4,63671.8125,0,0.0,148.359375,deepseek-r1:7b,-1
2025-06-08T17:18:55.041972,5.768899,11.2,0.0,62503.15625,51.4,63671.8125,0,0.0,148.359375,deepseek-r1:7b,-1
2025-06-08T17:18:55.147329,5.874256,11.9,0.0,62503.15625,51.4,63671.8125,0,0.0,148.359375,deepseek-r1:7b,-1
2025-06-08T17:18:55.252700,5.979627,10.0,0.0,62503.15625,51.4,63671.8125,0,0.0,148.359375,deepseek-r1:7b,-1
2025-06-08T17:18:55.358061,6.084988,11.0,0.0,62503.15625,51.4,63671.8125,0,0.0,148.359375,deepseek-r1:7b,-1
2025-06-08T17:18:55.459693,6.18662,0.0,0.0,62503.15625,51.4,63671.8125,0,0.0,148.359375,deepseek-r1:7b,-1
2025-06-08T17:18:55.565024,6.291951,12.0,0.0,62503.703125,51.4,63670.296875,0,0.0,148.359375,deepseek-r1:7b,-1
2025-06-08T17:18:55.667003,6.39393,10.6,0.0,62503.703125,51.4,63670.296875,0,0.0,148.359375,deepseek-r1:7b,-1
2025-06-08T17:18:55.772393,6.49932,11.1,0.0,62503.703125,51.4,63670.296875,0,0.0,148.359375,deepseek-r1:7b,-1
2025-06-08T17:18:55.874597,6.601524,0.0,0.0,62503.703125,51.4,63670.296875,0,0.0,148.359375,deepseek-r1:7b,-1
2025-06-08T17:18:55.977176,6.704103,0.0,0.0,62503.703125,51.4,63670.296875,0,0.0,148.359375,deepseek-r1:7b,-1
2025-06-08T17:18:56.082527,6.809454,0.0,0.0,62503.703125,51.4,63670.296875,0,0.0,148.359375,deepseek-r1:7b,-1
2025-06-08T17:18:58.235351,0.040148,12.8,0.0,60923.953125,50.2,65253.921875,0,0.0,148.359375,deepseek-r1:7b,-1
2025-06-08T17:18:58.337880,0.142677,22.4,0.0,61468.125,50.6,64703.09375,0,0.0,148.359375,deepseek-r1:7b,-1
2025-06-08T17:18:58.443084,0.247881,19.0,0.0,61468.125,50.6,64703.09375,0,0.0,148.359375,deepseek-r1:7b,-1
2025-06-08T17:18:58.548255,0.353052,11.7,0.0,61468.125,50.6,64703.09375,0,0.0,148.359375,deepseek-r1:7b,-1
2025-06-08T17:18:58.653751,0.458548,10.7,0.0,61468.125,50.6,64703.09375,0,0.0,148.359375,deepseek-r1:7b,-1
2025-06-08T17:18:58.756004,0.560801,9.9,0.0,61468.125,50.6,64703.09375,0,0.0,148.359375,deepseek-r1:7b,-1
2025-06-08T17:18:58.858383,0.66318,9.8,0.0,61468.125,50.6,64703.09375,0,0.0,148.359375,deepseek-r1:7b,-1
2025-06-08T17:18:58.963322,0.768119,13.5,0.0,61468.125,50.6,64703.09375,0,0.0,148.359375,deepseek-r1:7b,-1
2025-06-08T17:18:59.068732,0.873529,0.0,0.0,61468.125,50.6,64703.09375,0,0.0,148.359375,deepseek-r1:7b,-1
2025-06-08T17:18:59.172647,0.977444,0.0,0.0,61468.125,50.6,64703.09375,0,0.0,148.359375,deepseek-r1:7b,-1
2025-06-08T17:18:59.278019,1.082816,11.0,0.0,62640.546875,51.5,63531.671875,0,0.0,148.359375,deepseek-r1:7b,-1
2025-06-08T17:18:59.383337,1.188134,11.2,0.0,62641.875,51.5,63534.890625,0,0.0,148.359375,deepseek-r1:7b,-1
2025-06-08T17:18:59.488822,1.293619,13.3,0.0,62641.875,51.5,63534.890625,0,0.0,148.359375,deepseek-r1:7b,-1
2025-06-08T17:18:59.590036,1.394833,12.9,0.0,62641.875,51.5,63534.890625,0,0.0,148.359375,deepseek-r1:7b,-1
2025-06-08T17:18:59.695429,1.500226,10.9,0.0,62641.875,51.5,63534.890625,0,0.0,148.359375,deepseek-r1:7b,-1
2025-06-08T17:18:59.800834,1.605631,10.1,0.0,62641.875,51.5,63534.890625,0,0.0,148.359375,deepseek-r1:7b,-1
2025-06-08T17:18:59.904590,1.709387,0.0,0.0,62641.875,51.5,63534.890625,0,0.0,148.359375,deepseek-r1:7b,-1
2025-06-08T17:19:00.009630,1.814427,0.0,0.0,62641.875,51.5,63534.890625,0,0.0,148.359375,deepseek-r1:7b,-1
2025-06-08T17:19:00.112536,1.917333,0.0,0.0,62641.875,51.5,63534.890625,0,0.0,148.359375,deepseek-r1:7b,-1
2025-06-08T17:19:00.213307,2.018104,0.0,0.0,62641.875,51.5,63534.890625,0,0.0,148.359375,deepseek-r1:7b,-1
2025-06-08T17:19:00.318666,2.123463,11.2,0.0,62521.140625,51.4,63649.078125,0,0.0,148.359375,deepseek-r1:7b,-1
2025-06-08T17:19:00.424170,2.228967,12.6,0.0,62519.5,51.4,63647.515625,0,0.0,148.359375,deepseek-r1:7b,-1
2025-06-08T17:19:00.526291,2.331088,12.8,0.0,62519.5,51.4,63647.515625,0,0.0,148.359375,deepseek-r1:7b,-1
2025-06-08T17:19:00.629296,2.434093,9.9,0.0,62519.5,51.4,63647.515625,0,0.0,148.359375,deepseek-r1:7b,-1
2025-06-08T17:19:00.734139,2.538936,10.7,0.0,62519.5,51.4,63647.515625,0,0.0,148.359375,deepseek-r1:7b,-1
2025-06-08T17:19:00.837115,2.641912,11.7,0.0,62519.5,51.4,63647.515625,0,0.0,148.359375,deepseek-r1:7b,-1
2025-06-08T17:19:00.938219,2.743016,9.3,0.0,62519.5,51.4,63647.515625,0,0.0,148.359375,deepseek-r1:7b,-1
2025-06-08T17:19:01.039016,2.843813,12.3,0.0,62519.5,51.4,63647.515625,0,0.0,148.359375,deepseek-r1:7b,-1
2025-06-08T17:19:01.139446,2.944243,10.6,0.0,62519.5,51.4,63647.515625,0,0.0,148.359375,deepseek-r1:7b,-1
2025-06-08T17:19:01.240387,3.045184,11.7,0.0,62519.5,51.4,63647.515625,0,0.0,148.359375,deepseek-r1:7b,-1
2025-06-08T17:19:01.341265,3.146062,9.9,0.0,62515.90625,51.4,63657.828125,0,0.0,148.359375,deepseek-r1:7b,-1
2025-06-08T17:19:01.445217,3.250014,12.7,0.0,62516.046875,51.4,63655.875,0,0.0,148.359375,deepseek-r1:7b,-1
2025-06-08T17:19:01.549874,3.354671,10.8,0.0,62516.046875,51.4,63655.875,0,0.0,148.359375,deepseek-r1:7b,-1
2025-06-08T17:19:01.654473,3.45927,10.2,0.0,62516.046875,51.4,63655.875,0,0.0,148.359375,deepseek-r1:7b,-1
2025-06-08T17:19:01.759855,3.564652,12.4,0.0,62516.046875,51.4,63655.875,0,0.0,148.359375,deepseek-r1:7b,-1
2025-06-08T17:19:01.861681,3.666478,9.9,0.0,62516.046875,51.4,63655.875,0,0.0,148.359375,deepseek-r1:7b,-1
2025-06-08T17:19:01.967073,3.77187,9.7,0.0,62516.046875,51.4,63655.875,0,0.0,148.359375,deepseek-r1:7b,-1
2025-06-08T17:19:02.072451,3.877248,11.3,0.0,62516.046875,51.4,63655.875,0,0.0,148.359375,deepseek-r1:7b,-1
2025-06-08T17:19:02.177787,3.982584,0.0,0.0,62516.046875,51.4,63655.875,0,0.0,148.359375,deepseek-r1:7b,-1
2025-06-08T17:19:02.281191,4.085988,0.0,0.0,62516.046875,51.4,63655.875,0,0.0,148.359375,deepseek-r1:7b,-1
2025-06-08T17:19:02.381903,4.1867,11.4,0.0,62515.921875,51.4,63649.84375,0,0.0,148.359375,deepseek-r1:7b,-1
2025-06-08T17:19:02.486672,4.291469,13.3,0.0,62515.9375,51.4,63655.921875,0,0.0,148.359375,deepseek-r1:7b,-1
2025-06-08T17:19:02.588150,4.392947,0.0,0.0,62515.953125,51.4,63652.265625,0,0.0,148.359375,deepseek-r1:7b,-1
2025-06-08T17:19:02.693663,4.49846,0.0,0.0,62515.953125,51.4,63655.1875,0,0.0,148.359375,deepseek-r1:7b,-1
2025-06-08T17:19:02.798851,4.603648,0.0,0.0,62515.953125,51.4,63655.1875,0,0.0,148.359375,deepseek-r1:7b,-1
2025-06-08T17:19:02.904230,4.709027,0.0,0.0,62515.953125,51.4,63655.1875,0,0.0,148.359375,deepseek-r1:7b,-1
2025-06-08T17:19:03.008168,4.812965,0.0,0.0,62515.953125,51.4,63655.1875,0,0.0,148.359375,deepseek-r1:7b,-1
2025-06-08T17:19:03.112840,4.917637,0.0,0.0,62515.953125,51.4,63655.1875,0,0.0,148.359375,deepseek-r1:7b,-1
2025-06-08T17:19:03.218202,5.022999,0.0,0.0,62515.953125,51.4,63655.1875,0,0.0,148.359375,deepseek-r1:7b,-1
2025-06-08T17:19:03.323547,5.128344,0.0,0.0,62515.953125,51.4,63655.1875,0,0.0,148.359375,deepseek-r1:7b,-1
2025-06-08T17:19:03.428687,5.233484,11.1,0.0,62500.78125,51.4,63668.78125,0,0.0,148.359375,deepseek-r1:7b,-1
2025-06-08T17:19:03.533893,5.33869,17.8,0.0,62500.296875,51.4,63668.078125,0,0.0,148.359375,deepseek-r1:7b,-1
2025-06-08T17:19:03.637706,5.442503,11.0,0.0,62500.34375,51.4,63672.46875,0,0.0,148.359375,deepseek-r1:7b,-1
2025-06-08T17:19:03.743156,5.547953,10.7,0.0,62500.296875,51.4,63671.515625,0,0.0,148.359375,deepseek-r1:7b,-1
2025-06-08T17:19:03.846573,5.65137,12.0,0.0,62500.296875,51.4,63671.515625,0,0.0,148.359375,deepseek-r1:7b,-1
2025-06-08T17:19:03.951947,5.756744,9.5,0.0,62500.296875,51.4,63671.515625,0,0.0,148.359375,deepseek-r1:7b,-1
2025-06-08T17:19:04.052954,5.857751,9.4,0.0,62500.296875,51.4,63671.515625,0,0.0,148.359375,deepseek-r1:7b,-1
2025-06-08T17:19:04.158304,5.963101,12.8,0.0,62500.296875,51.4,63671.515625,0,0.0,148.359375,deepseek-r1:7b,-1
2025-06-08T17:19:04.261182,6.065979,8.8,0.0,62500.296875,51.4,63671.515625,0,0.0,148.359375,deepseek-r1:7b,-1
2025-06-08T17:19:04.362025,6.166822,0.0,0.0,62500.296875,51.4,63671.515625,0,0.0,148.359375,deepseek-r1:7b,-1
2025-06-08T17:19:04.466440,6.271237,13.0,0.0,62500.359375,51.4,63671.609375,0,0.0,148.359375,deepseek-r1:7b,-1
2025-06-08T17:19:04.568198,6.372995,9.8,0.0,62500.328125,51.4,63670.703125,0,0.0,148.359375,deepseek-r1:7b,-1
2025-06-08T17:19:04.670138,6.474935,13.4,0.0,62501.578125,51.4,63671.203125,0,0.0,148.359375,deepseek-r1:7b,-1
2025-06-08T17:19:04.775513,6.58031,10.7,0.0,62501.625,51.4,63670.265625,0,0.0,148.359375,deepseek-r1:7b,-1
2025-06-08T17:19:04.880910,6.685707,9.6,0.0,62501.625,51.4,63670.265625,0,0.0,148.359375,deepseek-r1:7b,-1
2025-06-08T17:19:04.983697,6.788494,11.4,0.0,62501.625,51.4,63670.265625,0,0.0,148.359375,deepseek-r1:7b,-1
2025-06-08T17:19:05.085744,6.890541,11.1,0.0,62501.625,51.4,63670.265625,0,0.0,148.359375,deepseek-r1:7b,-1
2025-06-08T17:19:05.190968,6.995765,10.6,0.0,62501.625,51.4,63670.265625,0,0.0,148.359375,deepseek-r1:7b,-1
2025-06-08T17:19:05.292971,7.097768,9.2,0.0,62501.625,51.4,63670.265625,0,0.0,148.359375,deepseek-r1:7b,-1
2025-06-08T17:19:05.398387,7.203184,10.3,0.0,62501.625,51.4,63670.265625,0,0.0,148.359375,deepseek-r1:7b,-1
2025-06-08T17:19:05.503423,7.30822,13.5,0.0,62501.3125,51.4,63670.859375,0,0.0,148.359375,deepseek-r1:7b,-1
2025-06-08T17:19:05.608738,7.413535,10.8,0.0,62501.328125,51.4,63669.90625,0,0.0,148.359375,deepseek-r1:7b,-1
2025-06-08T17:19:05.712754,7.517551,12.7,0.0,62501.328125,51.4,63669.90625,0,0.0,148.359375,deepseek-r1:7b,-1
2025-06-08T17:19:05.818108,7.622905,10.7,0.0,62501.328125,51.4,63669.90625,0,0.0,148.359375,deepseek-r1:7b,-1
2025-06-08T17:19:05.923489,7.728286,9.6,0.0,62501.328125,51.4,63669.90625,0,0.0,148.359375,deepseek-r1:7b,-1
2025-06-08T17:19:06.027923,7.83272,12.0,0.0,62501.328125,51.4,63669.90625,0,0.0,148.359375,deepseek-r1:7b,-1
2025-06-08T17:19:06.129342,7.934139,10.5,0.0,62501.328125,51.4,63669.90625,0,0.0,148.359375,deepseek-r1:7b,-1
2025-06-08T17:19:06.231120,8.035917,11.0,0.0,62501.328125,51.4,63669.90625,0,0.0,148.359375,deepseek-r1:7b,-1
2025-06-08T17:19:06.334349,8.139146,10.2,0.0,62501.328125,51.4,63669.90625,0,0.0,148.359375,deepseek-r1:7b,-1
2025-06-08T17:19:06.439704,8.244501,0.0,0.0,62501.328125,51.4,63669.90625,0,0.0,148.359375,deepseek-r1:7b,-1
2025-06-08T17:19:06.544960,8.349757,12.2,0.0,62499.953125,51.4,63665.796875,0,0.0,148.359375,deepseek-r1:7b,-1
2025-06-08T17:19:06.650324,8.455121,10.3,0.0,62499.953125,51.4,63666.203125,0,0.0,148.359375,deepseek-r1:7b,-1
2025-06-08T17:19:06.755171,8.559968,10.7,0.0,62499.828125,51.4,63669.25,0,0.0,148.359375,deepseek-r1:7b,-1
2025-06-08T17:19:06.856078,8.660875,11.0,0.0,62499.828125,51.4,63669.25,0,0.0,148.359375,deepseek-r1:7b,-1
2025-06-08T17:19:06.960241,8.765038,11.9,0.0,62499.828125,51.4,63669.25,0,0.0,148.359375,deepseek-r1:7b,-1
2025-06-08T17:19:07.061729,8.866526,9.3,0.0,62499.828125,51.4,63669.25,0,0.0,148.359375,deepseek-r1:7b,-1
2025-06-08T17:19:07.162633,8.96743,11.7,0.0,62499.828125,51.4,63669.25,0,0.0,148.359375,deepseek-r1:7b,-1
2025-06-08T17:19:07.267989,9.072786,10.8,0.0,62499.828125,51.4,63669.25,0,0.0,148.359375,deepseek-r1:7b,-1
2025-06-08T17:19:07.373364,9.178161,0.0,0.0,62499.828125,51.4,63669.25,0,0.0,148.359375,deepseek-r1:7b,-1
2025-06-08T17:19:07.478395,9.283192,0.0,0.0,62499.828125,51.4,63669.25,0,0.0,148.359375,deepseek-r1:7b,-1
2025-06-08T17:19:07.582539,9.387336,11.1,0.0,62500.265625,51.4,63673.78125,0,0.0,148.359375,deepseek-r1:7b,-1
2025-06-08T17:19:07.684234,9.489031,11.7,0.0,62498.90625,51.4,63678.015625,0,0.0,148.359375,deepseek-r1:7b,-1
2025-06-08T17:19:07.789604,9.594401,9.7,0.0,62498.90625,51.4,63678.015625,0,0.0,148.359375,deepseek-r1:7b,-1
2025-06-08T17:19:07.894963,9.69976,11.1,0.0,62498.90625,51.4,63678.015625,0,0.0,148.359375,deepseek-r1:7b,-1
2025-06-08T17:19:07.996577,9.801374,9.4,0.0,62498.90625,51.4,63678.015625,0,0.0,148.359375,deepseek-r1:7b,-1
2025-06-08T17:19:08.102005,9.906802,12.4,0.0,62498.90625,51.4,63678.015625,0,0.8,148.359375,deepseek-r1:7b,-1
2025-06-08T17:19:08.207417,10.012214,13.2,0.0,62498.90625,51.4,63678.015625,0,0.0,148.359375,deepseek-r1:7b,-1
2025-06-08T17:19:08.312770,10.117567,18.7,0.0,62498.90625,51.4,63678.015625,0,0.0,148.359375,deepseek-r1:7b,-1
2025-06-08T17:19:08.415260,10.220057,10.5,0.0,62498.90625,51.4,63678.015625,0,0.0,148.359375,deepseek-r1:7b,-1
2025-06-08T17:19:08.520048,10.324845,14.1,0.0,62498.90625,51.4,63678.015625,0,0.0,148.359375,deepseek-r1:7b,-1
2025-06-08T17:19:08.625335,10.430132,10.7,0.0,62501.75,51.4,63671.59375,0,0.0,148.359375,deepseek-r1:7b,-1
2025-06-08T17:19:08.729250,10.534047,12.1,0.0,62501.75,51.4,63671.59375,0,0.0,148.359375,deepseek-r1:7b,-1
2025-06-08T17:19:08.834638,10.639435,10.1,0.0,62501.75,51.4,63671.59375,0,0.0,148.359375,deepseek-r1:7b,-1
2025-06-08T17:19:08.935225,10.740022,10.4,0.0,62501.75,51.4,63671.59375,0,0.0,148.359375,deepseek-r1:7b,-1
2025-06-08T17:19:09.037950,10.842747,10.7,0.0,62501.75,51.4,63671.59375,0,0.0,148.359375,deepseek-r1:7b,-1
2025-06-08T17:19:09.143324,10.948121,10.5,0.0,62501.75,51.4,63671.59375,0,0.0,148.359375,deepseek-r1:7b,-1
2025-06-08T17:19:09.245177,11.049974,11.1,0.0,62501.75,51.4,63671.59375,0,0.3,148.375,deepseek-r1:7b,-1
2025-06-08T17:19:11.403249,0.046601,13.2,0.0,62015.6875,51.1,64154.484375,0,0.0,148.375,deepseek-r1:7b,-1
2025-06-08T17:19:11.504190,0.147542,24.5,0.0,62015.6875,51.1,64154.484375,0,0.0,148.375,deepseek-r1:7b,-1
2025-06-08T17:19:11.609419,0.252771,23.1,0.0,62015.6875,51.1,64154.484375,0,0.0,148.375,deepseek-r1:7b,-1
2025-06-08T17:19:11.710748,0.3541,12.9,0.0,62015.6875,51.1,64154.484375,0,0.0,148.375,deepseek-r1:7b,-1
2025-06-08T17:19:11.816061,0.459413,14.3,0.0,62015.6875,51.1,64154.484375,0,0.0,148.375,deepseek-r1:7b,-1
2025-06-08T17:19:11.917968,0.56132,10.4,0.0,62015.6875,51.1,64154.484375,0,0.0,148.375,deepseek-r1:7b,-1
2025-06-08T17:19:12.019597,0.662949,10.4,0.0,62015.6875,51.1,64154.484375,0,0.0,148.375,deepseek-r1:7b,-1
2025-06-08T17:19:12.124971,0.768323,0.0,0.0,62015.6875,51.1,64154.484375,0,0.0,148.375,deepseek-r1:7b,-1
2025-06-08T17:19:12.229297,0.872649,0.0,0.0,62015.6875,51.1,64154.484375,0,0.0,148.375,deepseek-r1:7b,-1
2025-06-08T17:19:12.334679,0.978031,0.0,0.0,62015.6875,51.1,64154.484375,0,0.0,148.375,deepseek-r1:7b,-1
2025-06-08T17:19:12.440042,1.083394,12.1,0.0,62636.609375,51.5,63527.84375,0,0.0,148.375,deepseek-r1:7b,-1
2025-06-08T17:19:12.544994,1.188346,13.9,0.0,62636.078125,51.5,63529.171875,0,0.0,148.375,deepseek-r1:7b,-1
2025-06-08T17:19:12.646192,1.289544,0.0,0.0,62635.921875,51.5,63533.734375,0,0.0,148.375,deepseek-r1:7b,-1
2025-06-08T17:19:12.749127,1.392479,0.0,0.0,62635.921875,51.5,63533.734375,0,0.0,148.375,deepseek-r1:7b,-1
2025-06-08T17:19:12.851690,1.495042,0.0,0.0,62635.921875,51.5,63533.734375,0,0.0,148.375,deepseek-r1:7b,-1
2025-06-08T17:19:12.952540,1.595892,0.0,0.0,62635.921875,51.5,63533.734375,0,0.0,148.375,deepseek-r1:7b,-1
2025-06-08T17:19:13.058020,1.701372,0.0,0.0,62635.921875,51.5,63533.734375,0,0.0,148.375,deepseek-r1:7b,-1
2025-06-08T17:19:13.159934,1.803286,0.0,0.0,62635.921875,51.5,63533.734375,0,0.0,148.375,deepseek-r1:7b,-1
2025-06-08T17:19:13.265404,1.908756,0.0,0.0,62635.921875,51.5,63533.734375,0,0.0,148.375,deepseek-r1:7b,-1
2025-06-08T17:19:13.367632,2.010984,0.0,0.0,62635.921875,51.5,63533.734375,0,0.0,148.375,deepseek-r1:7b,-1
2025-06-08T17:19:13.471028,2.11438,11.3,0.0,62515.90625,51.4,63650.609375,0,0.0,148.375,deepseek-r1:7b,-1
2025-06-08T17:19:13.575455,2.218807,11.5,0.0,62514.703125,51.4,63651.046875,0,0.0,148.375,deepseek-r1:7b,-1
2025-06-08T17:19:13.679139,2.322491,21.4,0.0,62526.90625,51.4,63641.546875,0,0.0,148.375,deepseek-r1:7b,-1
2025-06-08T17:19:13.784540,2.427892,12.0,0.0,62526.90625,51.4,63641.546875,0,0.0,148.375,deepseek-r1:7b,-1
2025-06-08T17:19:13.885125,2.528477,10.7,0.0,62526.90625,51.4,63641.546875,0,0.0,148.375,deepseek-r1:7b,-1
2025-06-08T17:19:13.990561,2.633913,10.0,0.0,62526.90625,51.4,63641.546875,0,0.0,148.375,deepseek-r1:7b,-1
2025-06-08T17:19:14.095242,2.738594,11.4,0.0,62526.90625,51.4,63641.546875,0,0.0,148.375,deepseek-r1:7b,-1
2025-06-08T17:19:14.200629,2.843981,10.7,0.0,62526.90625,51.4,63641.546875,0,0.0,148.375,deepseek-r1:7b,-1
2025-06-08T17:19:14.306000,2.949352,11.3,0.0,62526.90625,51.4,63641.546875,0,0.0,148.375,deepseek-r1:7b,-1
2025-06-08T17:19:14.411328,3.05468,10.7,0.0,62526.90625,51.4,63641.546875,0,0.0,148.375,deepseek-r1:7b,-1
2025-06-08T17:19:14.516430,3.159782,13.7,0.0,62522.78125,51.4,63643.984375,0,0.0,148.375,deepseek-r1:7b,-1
2025-06-08T17:19:14.620768,3.26412,11.8,0.0,62522.796875,51.4,63647.046875,0,0.0,148.375,deepseek-r1:7b,-1
2025-06-08T17:19:14.726148,3.3695,10.9,0.0,62522.796875,51.4,63647.046875,0,0.0,148.375,deepseek-r1:7b,-1
2025-06-08T17:19:14.827235,3.470587,10.5,0.0,62522.796875,51.4,63647.046875,0,0.0,148.375,deepseek-r1:7b,-1
2025-06-08T17:19:14.932370,3.575722,11.8,0.0,62522.796875,51.4,63647.046875,0,0.0,148.375,deepseek-r1:7b,-1
2025-06-08T17:19:15.034442,3.677794,0.0,0.0,62522.796875,51.4,63647.046875,0,0.0,148.375,deepseek-r1:7b,-1
2025-06-08T17:19:15.139855,3.783207,0.0,0.0,62522.796875,51.4,63647.046875,0,0.0,148.375,deepseek-r1:7b,-1
2025-06-08T17:19:15.245211,3.888563,0.0,0.0,62522.796875,51.4,63647.046875,0,0.0,148.375,deepseek-r1:7b,-1
2025-06-08T17:19:15.350534,3.993886,0.0,0.0,62522.796875,51.4,63647.046875,0,0.0,148.375,deepseek-r1:7b,-1
2025-06-08T17:19:15.453165,4.096517,0.0,0.0,62522.796875,51.4,63647.046875,0,0.0,148.375,deepseek-r1:7b,-1
2025-06-08T17:19:15.558355,4.201707,12.7,0.0,62522.828125,51.4,63643.1875,0,0.0,148.375,deepseek-r1:7b,-1
2025-06-08T17:19:15.661369,4.304721,11.9,0.0,62522.859375,51.4,63646.203125,0,0.0,148.375,deepseek-r1:7b,-1
2025-06-08T17:19:15.766787,4.410139,9.7,0.0,62522.84375,51.4,63646.515625,0,0.0,148.375,deepseek-r1:7b,-1
2025-06-08T17:19:15.872192,4.515544,10.1,0.0,62522.84375,51.4,63646.515625,0,0.0,148.375,deepseek-r1:7b,-1
2025-06-08T17:19:15.976204,4.619556,12.0,0.0,62522.84375,51.4,63646.515625,0,0.0,148.375,deepseek-r1:7b,-1
2025-06-08T17:19:16.077190,4.720542,10.7,0.0,62522.84375,51.4,63646.515625,0,0.0,148.375,deepseek-r1:7b,-1
2025-06-08T17:19:16.182329,4.825681,11.1,0.0,62522.84375,51.4,63646.515625,0,0.0,148.375,deepseek-r1:7b,-1
2025-06-08T17:19:16.287086,4.930438,11.6,0.0,62522.84375,51.4,63646.515625,0,0.0,148.375,deepseek-r1:7b,-1
2025-06-08T17:19:16.392445,5.035797,11.1,0.0,62522.84375,51.4,63646.515625,0,0.0,148.375,deepseek-r1:7b,-1
2025-06-08T17:19:16.492897,5.136249,13.0,0.0,62522.84375,51.4,63646.515625,0,0.0,148.375,deepseek-r1:7b,-1
2025-06-08T17:19:16.595813,5.239165,11.7,0.0,62517.34375,51.4,63656.59375,0,0.0,148.375,deepseek-r1:7b,-1
2025-06-08T17:19:16.701211,5.344563,11.1,0.0,62517.328125,51.4,63655.671875,0,0.0,148.375,deepseek-r1:7b,-1
2025-06-08T17:19:16.806562,5.449914,12.2,0.0,62517.328125,51.4,63655.671875,0,0.0,148.375,deepseek-r1:7b,-1
2025-06-08T17:19:16.911468,5.55482,11.6,0.0,62517.328125,51.4,63655.671875,0,0.0,148.375,deepseek-r1:7b,-1
2025-06-08T17:19:17.016852,5.660204,10.9,0.0,62517.328125,51.4,63655.671875,0,0.0,148.375,deepseek-r1:7b,-1
2025-06-08T17:19:17.117629,5.760981,12.3,0.0,62517.328125,51.4,63655.671875,0,0.0,148.375,deepseek-r1:7b,-1
2025-06-08T17:19:17.218492,5.861844,8.9,0.0,62517.328125,51.4,63655.671875,0,0.0,148.375,deepseek-r1:7b,-1
2025-06-08T17:19:17.319779,5.963131,0.0,0.0,62517.328125,51.4,63655.671875,0,0.0,148.375,deepseek-r1:7b,-1
2025-06-08T17:19:17.425182,6.068534,0.0,0.0,62517.328125,51.4,63655.671875,0,0.0,148.375,deepseek-r1:7b,-1
2025-06-08T17:19:17.530564,6.173916,0.0,0.0,62517.328125,51.4,63655.671875,0,0.0,148.375,deepseek-r1:7b,-1
2025-06-08T17:19:17.631786,6.275138,11.4,0.0,62518.8125,51.4,63653.125,0,0.0,148.375,deepseek-r1:7b,-1
2025-06-08T17:19:17.734526,6.377878,11.1,0.0,62518.78125,51.4,63656.125,0,0.0,148.375,deepseek-r1:7b,-1
2025-06-08T17:19:17.837567,6.480919,10.5,0.0,62518.78125,51.4,63656.125,0,0.0,148.375,deepseek-r1:7b,-1
2025-06-08T17:19:17.942963,6.586315,13.8,0.0,62518.78125,51.4,63656.125,0,0.0,148.375,deepseek-r1:7b,-1
2025-06-08T17:19:18.048354,6.691706,10.4,0.0,62518.78125,51.4,63656.125,0,0.0,148.375,deepseek-r1:7b,-1
2025-06-08T17:19:18.153094,6.796446,0.0,0.0,62518.78125,51.4,63656.125,0,0.0,148.375,deepseek-r1:7b,-1
2025-06-08T17:19:18.254882,6.898234,0.0,0.0,62518.78125,51.4,63656.125,0,0.0,148.375,deepseek-r1:7b,-1
2025-06-08T17:19:18.355895,6.999247,0.0,0.0,62518.78125,51.4,63656.125,0,0.0,148.375,deepseek-r1:7b,-1
2025-06-08T17:19:18.457745,7.101097,0.0,0.0,62518.78125,51.4,63656.125,0,0.0,148.375,deepseek-r1:7b,-1
2025-06-08T17:19:18.559012,7.202364,0.0,0.0,62518.78125,51.4,63656.125,0,0.0,148.375,deepseek-r1:7b,-1
2025-06-08T17:19:18.661735,7.305087,11.6,0.0,62517.65625,51.4,63652.203125,0,0.0,148.375,deepseek-r1:7b,-1
2025-06-08T17:19:18.767114,7.410466,10.7,0.0,62517.234375,51.4,63647.53125,0,0.0,148.375,deepseek-r1:7b,-1
2025-06-08T17:19:18.871338,7.51469,10.2,0.0,62517.234375,51.4,63647.53125,0,0.0,148.375,deepseek-r1:7b,-1
2025-06-08T17:19:18.974401,7.617753,9.8,0.0,62517.234375,51.4,63647.53125,0,0.0,148.375,deepseek-r1:7b,-1
2025-06-08T17:19:19.079174,7.722526,12.4,0.0,62517.234375,51.4,63647.53125,0,0.0,148.375,deepseek-r1:7b,-1
2025-06-08T17:19:19.183982,7.827334,12.0,0.0,62517.234375,51.4,63647.53125,0,0.0,148.375,deepseek-r1:7b,-1
2025-06-08T17:19:19.289339,7.932691,0.0,0.0,62517.234375,51.4,63647.53125,0,0.0,148.375,deepseek-r1:7b,-1
2025-06-08T17:19:19.391051,8.034403,0.0,0.0,62517.234375,51.4,63647.53125,0,0.0,148.375,deepseek-r1:7b,-1
2025-06-08T17:19:19.496379,8.139731,0.0,0.0,62517.234375,51.4,63647.53125,0,0.0,148.375,deepseek-r1:7b,-1
2025-06-08T17:19:19.601734,8.245086,0.0,0.0,62517.234375,51.4,63647.53125,0,0.0,148.375,deepseek-r1:7b,-1
2025-06-08T17:19:19.703963,8.347315,11.3,0.0,62516.53125,51.4,63650.078125,0,0.0,148.375,deepseek-r1:7b,-1
2025-06-08T17:19:19.809357,8.452709,9.5,0.0,62516.421875,51.4,63653.0625,0,0.0,148.375,deepseek-r1:7b,-1
2025-06-08T17:19:19.913521,8.556873,10.8,0.0,62516.421875,51.4,63653.0625,0,0.0,148.375,deepseek-r1:7b,-1
2025-06-08T17:19:20.018886,8.662238,0.0,0.0,62516.421875,51.4,63653.0625,0,0.0,148.375,deepseek-r1:7b,-1
2025-06-08T17:19:20.119712,8.763064,0.0,0.0,62516.421875,51.4,63653.0625,0,0.0,148.375,deepseek-r1:7b,-1
2025-06-08T17:19:20.222027,8.865379,0.0,0.0,62516.421875,51.4,63653.0625,0,0.0,148.375,deepseek-r1:7b,-1
2025-06-08T17:19:20.322850,8.966202,0.0,0.0,62516.421875,51.4,63653.0625,0,0.0,148.375,deepseek-r1:7b,-1
2025-06-08T17:19:20.425440,9.068792,0.0,0.0,62516.421875,51.4,63653.0625,0,0.0,148.375,deepseek-r1:7b,-1
2025-06-08T17:19:20.526489,9.169841,0.0,0.0,62516.421875,51.4,63653.0625,0,0.0,148.375,deepseek-r1:7b,-1
2025-06-08T17:19:20.631813,9.275165,0.0,0.0,62516.421875,51.4,63653.0625,0,0.0,148.375,deepseek-r1:7b,-1
2025-06-08T17:19:20.736369,9.379721,11.3,0.0,62516.53125,51.4,63650.1875,0,0.0,148.375,deepseek-r1:7b,-1
2025-06-08T17:19:20.841747,9.485099,11.6,0.0,62516.578125,51.4,63649.375,0,0.0,148.375,deepseek-r1:7b,-1
2025-06-08T17:19:20.947118,9.59047,10.8,0.0,62516.59375,51.4,63649.640625,0,0.0,148.375,deepseek-r1:7b,-1
2025-06-08T17:19:21.052267,9.695619,9.5,0.0,62516.59375,51.4,63649.640625,0,0.0,148.375,deepseek-r1:7b,-1
2025-06-08T17:19:21.157857,9.801209,11.4,0.0,62516.59375,51.4,63649.640625,0,0.0,148.375,deepseek-r1:7b,-1
2025-06-08T17:19:21.263123,9.906475,11.7,0.0,62516.59375,51.4,63649.640625,0,0.0,148.375,deepseek-r1:7b,-1
2025-06-08T17:19:21.364029,10.007381,11.2,0.0,62516.59375,51.4,63649.640625,0,0.0,148.375,deepseek-r1:7b,-1
2025-06-08T17:19:21.469399,10.112751,12.0,0.0,62516.59375,51.4,63649.640625,0,0.0,148.375,deepseek-r1:7b,-1
2025-06-08T17:19:21.574732,10.218084,11.2,0.0,62516.59375,51.4,63649.640625,0,0.0,148.375,deepseek-r1:7b,-1
2025-06-08T17:19:21.680072,10.323424,10.8,0.0,62516.59375,51.4,63649.640625,0,0.0,148.375,deepseek-r1:7b,-1
2025-06-08T17:19:21.783023,10.426375,10.8,0.0,62510.703125,51.4,63652.140625,0,0.0,148.375,deepseek-r1:7b,-1
2025-06-08T17:19:21.888438,10.53179,11.0,0.0,62510.703125,51.4,63655.15625,0,0.0,148.375,deepseek-r1:7b,-1
2025-06-08T17:19:21.990806,10.634158,10.4,0.0,62510.703125,51.4,63655.15625,0,0.0,148.375,deepseek-r1:7b,-1
2025-06-08T17:19:22.096080,10.739432,10.6,0.0,62510.703125,51.4,63655.15625,0,0.0,148.375,deepseek-r1:7b,-1
2025-06-08T17:19:22.201450,10.844802,11.2,0.0,62510.703125,51.4,63655.15625,0,0.0,148.375,deepseek-r1:7b,-1
2025-06-08T17:19:22.306862,10.950214,0.0,0.0,62510.703125,51.4,63655.15625,0,0.0,148.375,deepseek-r1:7b,-1
2025-06-08T17:19:22.412213,11.055565,0.0,0.0,62510.703125,51.4,63655.15625,0,0.0,148.375,deepseek-r1:7b,-1
2025-06-08T17:19:22.517569,11.160921,0.0,0.0,62510.703125,51.4,63655.15625,0,0.0,148.375,deepseek-r1:7b,-1
2025-06-08T17:19:22.619742,11.263094,0.0,0.0,62510.703125,51.4,63655.15625,0,0.0,148.375,deepseek-r1:7b,-1
2025-06-08T17:19:24.771480,0.043719,13.8,0.0,61185.265625,50.4,64989.390625,0,0.0,148.375,deepseek-r1:7b,-1
2025-06-08T17:19:24.876606,0.148845,29.3,0.0,61568.328125,50.7,64603.140625,0,0.0,148.375,deepseek-r1:7b,-1
2025-06-08T17:19:24.981807,0.254046,27.3,0.0,61568.328125,50.7,64603.140625,0,0.0,148.375,deepseek-r1:7b,-1
2025-06-08T17:19:25.082824,0.355063,17.6,0.0,61568.328125,50.7,64603.140625,0,0.0,148.375,deepseek-r1:7b,-1
2025-06-08T17:19:25.187245,0.459484,17.0,0.0,61568.328125,50.7,64603.140625,0,0.0,148.375,deepseek-r1:7b,-1
2025-06-08T17:19:25.292616,0.564855,10.7,0.0,61568.328125,50.7,64603.140625,0,0.0,148.375,deepseek-r1:7b,-1
2025-06-08T17:19:25.398050,0.670289,11.2,0.0,61568.328125,50.7,64603.140625,0,0.0,148.375,deepseek-r1:7b,-1
2025-06-08T17:19:25.499988,0.772227,0.0,0.0,61568.328125,50.7,64603.140625,0,0.0,148.375,deepseek-r1:7b,-1
2025-06-08T17:19:25.601836,0.874075,0.0,0.0,61568.328125,50.7,64603.140625,0,0.0,148.375,deepseek-r1:7b,-1
2025-06-08T17:19:25.707287,0.979526,0.0,0.0,61568.328125,50.7,64603.140625,0,0.0,148.375,deepseek-r1:7b,-1
2025-06-08T17:19:25.812629,1.084868,11.6,0.0,62672.328125,51.6,63496.640625,0,0.0,148.375,deepseek-r1:7b,-1
2025-06-08T17:19:25.918017,1.190256,11.4,0.0,62673.5,51.6,63494.53125,0,0.0,148.375,deepseek-r1:7b,-1
2025-06-08T17:19:26.021206,1.293445,0.0,0.0,62673.515625,51.6,63494.828125,0,0.0,148.375,deepseek-r1:7b,-1
2025-06-08T17:19:26.124212,1.396451,0.0,0.0,62673.703125,51.6,63499.96875,0,0.0,148.375,deepseek-r1:7b,-1
2025-06-08T17:19:26.229575,1.501814,0.0,0.0,62673.703125,51.6,63499.96875,0,0.0,148.375,deepseek-r1:7b,-1
2025-06-08T17:19:26.334923,1.607162,0.0,0.0,62673.703125,51.6,63499.96875,0,0.0,148.375,deepseek-r1:7b,-1
2025-06-08T17:19:26.436214,1.708453,0.0,0.0,62673.703125,51.6,63499.96875,0,0.0,148.375,deepseek-r1:7b,-1
2025-06-08T17:19:26.539939,1.812178,0.0,0.0,62673.703125,51.6,63499.96875,0,0.0,148.375,deepseek-r1:7b,-1
2025-06-08T17:19:26.644784,1.917023,0.0,0.0,62673.703125,51.6,63499.96875,0,0.0,148.375,deepseek-r1:7b,-1
2025-06-08T17:19:26.750159,2.022398,0.0,0.0,62673.703125,51.6,63499.96875,0,0.0,148.375,deepseek-r1:7b,-1
2025-06-08T17:19:26.855515,2.127754,11.7,0.0,62553.515625,51.5,63616.34375,0,0.0,148.375,deepseek-r1:7b,-1
2025-06-08T17:19:26.960886,2.233125,10.0,0.0,62553.5,51.5,63612.78125,0,0.0,148.375,deepseek-r1:7b,-1
2025-06-08T17:19:27.061964,2.334203,11.8,0.0,62553.5,51.5,63615.6875,0,0.0,148.375,deepseek-r1:7b,-1
2025-06-08T17:19:27.167354,2.439593,10.8,0.0,62553.515625,51.5,63612.125,0,0.0,148.375,deepseek-r1:7b,-1
2025-06-08T17:19:27.272757,2.544996,11.8,0.0,62553.515625,51.5,63612.125,0,0.0,148.375,deepseek-r1:7b,-1
2025-06-08T17:19:27.377857,2.650096,10.9,0.0,62553.515625,51.5,63612.125,0,0.0,148.375,deepseek-r1:7b,-1
2025-06-08T17:19:27.482502,2.754741,10.6,0.0,62553.515625,51.5,63612.125,0,0.0,148.375,deepseek-r1:7b,-1
2025-06-08T17:19:27.585061,2.8573,13.9,0.0,62553.515625,51.5,63612.125,0,0.0,148.375,deepseek-r1:7b,-1
2025-06-08T17:19:27.690474,2.962713,0.0,0.0,62553.515625,51.5,63612.125,0,0.0,148.375,deepseek-r1:7b,-1
2025-06-08T17:19:27.791222,3.063461,0.0,0.0,62553.515625,51.5,63612.125,0,0.0,148.375,deepseek-r1:7b,-1
2025-06-08T17:19:27.896591,3.16883,11.9,0.0,62549.046875,51.5,63621.140625,0,0.0,148.375,deepseek-r1:7b,-1
2025-06-08T17:19:27.998854,3.271093,16.8,0.0,62549.046875,51.5,63617.40625,0,0.0,148.375,deepseek-r1:7b,-1
2025-06-08T17:19:28.099828,3.372067,0.0,0.0,62549.046875,51.5,63620.484375,0,0.0,148.375,deepseek-r1:7b,-1
2025-06-08T17:19:28.200770,3.473009,0.0,0.0,62549.0625,51.5,63616.71875,0,0.0,148.375,deepseek-r1:7b,-1
2025-06-08T17:19:28.302819,3.575058,0.0,0.0,62549.0625,51.5,63616.71875,0,0.0,148.375,deepseek-r1:7b,-1
2025-06-08T17:19:28.408154,3.680393,0.0,0.0,62549.0625,51.5,63616.71875,0,0.0,148.375,deepseek-r1:7b,-1
2025-06-08T17:19:28.511524,3.783763,0.0,0.0,62549.0625,51.5,63616.71875,0,0.0,148.375,deepseek-r1:7b,-1
2025-06-08T17:19:28.612050,3.884289,0.0,0.0,62549.0625,51.5,63616.71875,0,0.0,148.375,deepseek-r1:7b,-1
2025-06-08T17:19:28.716882,3.989121,0.0,0.0,62549.0625,51.5,63616.71875,0,0.0,148.375,deepseek-r1:7b,-1
2025-06-08T17:19:28.822273,4.094512,0.0,0.0,62549.0625,51.5,63616.71875,0,0.0,148.375,deepseek-r1:7b,-1
2025-06-08T17:19:28.927478,4.199717,11.7,0.0,62549.296875,51.5,63616.203125,0,0.0,148.375,deepseek-r1:7b,-1
2025-06-08T17:19:29.029044,4.301283,11.2,0.0,62549.328125,51.5,63619.140625,0,0.0,148.375,deepseek-r1:7b,-1
2025-06-08T17:19:29.129791,4.40203,11.2,0.0,62549.34375,51.5,63615.59375,0,0.0,148.375,deepseek-r1:7b,-1
2025-06-08T17:19:29.234281,4.50652,10.2,0.0,62549.34375,51.5,63615.59375,0,0.0,148.375,deepseek-r1:7b,-1
2025-06-08T17:19:29.335861,4.6081,11.1,0.0,62549.34375,51.5,63615.59375,0,0.0,148.375,deepseek-r1:7b,-1
2025-06-08T17:19:29.437445,4.709684,11.6,0.0,62549.34375,51.5,63615.59375,0,0.0,148.375,deepseek-r1:7b,-1
2025-06-08T17:19:29.542825,4.815064,18.0,0.0,62549.34375,51.5,63615.59375,0,0.0,148.375,deepseek-r1:7b,-1
2025-06-08T17:19:29.648278,4.920517,0.0,0.0,62549.34375,51.5,63615.59375,0,0.0,148.375,deepseek-r1:7b,-1
2025-06-08T17:19:29.753425,5.025664,0.0,0.0,62549.34375,51.5,63615.59375,0,0.0,148.375,deepseek-r1:7b,-1
2025-06-08T17:19:29.855918,5.128157,0.0,0.0,62549.34375,51.5,63615.59375,0,0.0,148.375,deepseek-r1:7b,-1
2025-06-08T17:19:29.958456,5.230695,11.4,0.0,62538.828125,51.5,63627.859375,0,0.0,148.375,deepseek-r1:7b,-1
2025-06-08T17:19:30.063852,5.336091,9.0,0.0,62538.78125,51.5,63630.84375,0,0.0,148.375,deepseek-r1:7b,-1
2025-06-08T17:19:30.169208,5.441447,12.2,0.0,62538.78125,51.5,63630.84375,0,0.0,148.375,deepseek-r1:7b,-1
2025-06-08T17:19:30.274572,5.546811,11.6,0.0,62538.78125,51.5,63630.84375,0,0.0,148.375,deepseek-r1:7b,-1
2025-06-08T17:19:30.379229,5.651468,10.7,0.0,62538.78125,51.5,63630.84375,0,0.0,148.375,deepseek-r1:7b,-1
2025-06-08T17:19:30.484667,5.756906,10.2,0.0,62538.78125,51.5,63630.84375,0,0.0,148.375,deepseek-r1:7b,-1
2025-06-08T17:19:30.586992,5.859231,16.0,0.0,62538.78125,51.5,63630.84375,0,0.0,148.375,deepseek-r1:7b,-1
2025-06-08T17:19:30.692359,5.964598,0.0,0.0,62538.78125,51.5,63630.84375,0,0.0,148.375,deepseek-r1:7b,-1
2025-06-08T17:19:30.792948,6.065187,0.0,0.0,62538.78125,51.5,63630.84375,0,0.0,148.375,deepseek-r1:7b,-1
2025-06-08T17:19:30.898338,6.170577,0.0,0.0,62538.78125,51.5,63630.84375,0,0.0,148.375,deepseek-r1:7b,-1
2025-06-08T17:19:31.002749,6.274988,10.7,0.0,62537.890625,51.5,63632.0625,0,0.0,148.375,deepseek-r1:7b,-1
2025-06-08T17:19:31.108131,6.38037,12.0,0.0,62537.71875,51.4,63636.71875,0,0.0,148.375,deepseek-r1:7b,-1
2025-06-08T17:19:31.211811,6.48405,10.3,0.0,62537.71875,51.4,63636.71875,0,0.0,148.375,deepseek-r1:7b,-1
2025-06-08T17:19:31.312256,6.584495,11.8,0.0,62537.71875,51.4,63636.71875,0,0.0,148.375,deepseek-r1:7b,-1
2025-06-08T17:19:31.413624,6.685863,11.2,0.0,62537.71875,51.4,63636.71875,0,0.0,148.375,deepseek-r1:7b,-1
2025-06-08T17:19:31.514604,6.786843,11.8,0.0,62537.71875,51.4,63636.71875,0,0.0,148.375,deepseek-r1:7b,-1
2025-06-08T17:19:31.615411,6.88765,12.3,0.0,62537.71875,51.4,63636.71875,0,0.0,148.375,deepseek-r1:7b,-1
2025-06-08T17:19:31.719400,6.991639,0.0,0.0,62537.71875,51.4,63636.71875,0,0.0,148.375,deepseek-r1:7b,-1
2025-06-08T17:19:31.824052,7.096291,0.0,0.0,62537.71875,51.4,63636.71875,0,0.0,148.375,deepseek-r1:7b,-1
2025-06-08T17:19:31.929436,7.201675,0.0,0.0,62537.71875,51.4,63636.71875,0,0.0,148.375,deepseek-r1:7b,-1
2025-06-08T17:19:32.032380,7.304619,11.1,0.0,62537.53125,51.5,63632.53125,0,0.0,148.375,deepseek-r1:7b,-1
2025-06-08T17:19:32.134662,7.406901,11.1,0.0,62537.53125,51.5,63632.53125,0,0.0,148.375,deepseek-r1:7b,-1
2025-06-08T17:19:32.240067,7.512306,10.1,0.0,62537.53125,51.5,63632.53125,0,0.0,148.375,deepseek-r1:7b,-1
2025-06-08T17:19:32.342801,7.61504,10.8,0.0,62537.53125,51.5,63632.53125,0,0.0,148.375,deepseek-r1:7b,-1
2025-06-08T17:19:32.444383,7.716622,11.3,0.0,62537.53125,51.5,63632.53125,0,0.0,148.375,deepseek-r1:7b,-1
2025-06-08T17:19:32.548595,7.820834,11.5,0.0,62537.53125,51.5,63632.53125,0,0.0,148.375,deepseek-r1:7b,-1
2025-06-08T17:19:32.650710,7.922949,0.0,0.0,62537.53125,51.5,63632.53125,0,0.0,148.375,deepseek-r1:7b,-1
2025-06-08T17:19:32.756087,8.028326,0.0,0.0,62537.53125,51.5,63632.53125,0,0.0,148.375,deepseek-r1:7b,-1
2025-06-08T17:19:32.860770,8.133009,0.0,0.0,62537.53125,51.5,63632.53125,0,0.0,148.375,deepseek-r1:7b,-1
2025-06-08T17:19:32.966106,8.238345,0.0,0.0,62537.53125,51.5,63632.53125,0,0.0,148.375,deepseek-r1:7b,-1
2025-06-08T17:19:33.071460,8.343699,10.8,0.0,62537.765625,51.5,63632.296875,0,0.0,148.375,deepseek-r1:7b,-1
2025-06-08T17:19:33.174759,8.446998,10.9,0.0,62537.78125,51.5,63635.28125,0,0.0,148.375,deepseek-r1:7b,-1
2025-06-08T17:19:33.280083,8.552322,11.2,0.0,62537.53125,51.5,63628.09375,0,0.0,148.375,deepseek-r1:7b,-1
2025-06-08T17:19:33.381088,8.653327,10.1,0.0,62537.53125,51.5,63628.09375,0,0.0,148.375,deepseek-r1:7b,-1
2025-06-08T17:19:33.486467,8.758706,11.3,0.0,62537.53125,51.5,63628.09375,0,0.0,148.375,deepseek-r1:7b,-1
2025-06-08T17:19:33.591837,8.864076,12.5,0.0,62537.53125,51.5,63628.09375,0,0.0,148.375,deepseek-r1:7b,-1
2025-06-08T17:19:33.695270,8.967509,0.0,0.0,62537.53125,51.5,63628.09375,0,0.0,148.375,deepseek-r1:7b,-1
2025-06-08T17:19:33.800611,9.07285,0.0,0.0,62537.53125,51.5,63628.09375,0,0.0,148.375,deepseek-r1:7b,-1
2025-06-08T17:19:33.905254,9.177493,0.0,0.0,62537.53125,51.5,63628.09375,0,0.0,148.375,deepseek-r1:7b,-1
2025-06-08T17:19:34.009107,9.281346,0.0,0.0,62537.53125,51.5,63628.09375,0,0.0,148.375,deepseek-r1:7b,-1
2025-06-08T17:19:34.111003,9.383242,10.8,0.0,62537.484375,51.4,63636.65625,0,0.0,148.375,deepseek-r1:7b,-1
2025-06-08T17:19:34.214751,9.48699,10.5,0.0,62537.484375,51.4,63636.65625,0,0.0,148.375,deepseek-r1:7b,-1
2025-06-08T17:19:34.320126,9.592365,10.5,0.0,62537.484375,51.4,63636.65625,0,0.0,148.375,deepseek-r1:7b,-1
2025-06-08T17:19:34.425480,9.697719,10.7,0.0,62537.484375,51.4,63636.65625,0,0.0,148.375,deepseek-r1:7b,-1
2025-06-08T17:19:34.529113,9.801352,13.3,0.0,62537.484375,51.4,63636.65625,0,0.0,148.375,deepseek-r1:7b,-1
2025-06-08T17:19:34.633676,9.905915,12.4,0.0,62537.484375,51.4,63636.65625,0,0.0,148.375,deepseek-r1:7b,-1
2025-06-08T17:19:34.734390,10.006629,11.8,0.0,62537.484375,51.4,63636.65625,0,0.0,148.375,deepseek-r1:7b,-1
2025-06-08T17:19:34.838460,10.110699,9.1,0.0,62537.484375,51.4,63636.65625,0,0.0,148.375,deepseek-r1:7b,-1
2025-06-08T17:19:34.940397,10.212636,11.4,0.0,62537.484375,51.4,63636.65625,0,0.0,148.375,deepseek-r1:7b,-1
2025-06-08T17:19:35.045736,10.317975,10.4,0.0,62537.484375,51.4,63636.65625,0,0.0,148.375,deepseek-r1:7b,-1
2025-06-08T17:19:35.151133,10.423372,10.6,0.0,62537.515625,51.4,63636.484375,0,0.0,148.375,deepseek-r1:7b,-1
2025-06-08T17:19:35.252808,10.525047,9.3,0.0,62537.515625,51.4,63636.484375,0,0.0,148.375,deepseek-r1:7b,-1
2025-06-08T17:19:35.358167,10.630406,13.3,0.0,62537.515625,51.4,63636.484375,0,0.0,148.375,deepseek-r1:7b,-1
2025-06-08T17:19:35.460357,10.732596,10.2,0.0,62537.515625,51.4,63636.484375,0,0.0,148.375,deepseek-r1:7b,-1
2025-06-08T17:19:35.561209,10.833448,12.5,0.0,62537.515625,51.4,63636.484375,0,0.0,148.375,deepseek-r1:7b,-1
2025-06-08T17:19:35.666576,10.938815,0.0,0.0,62537.515625,51.4,63636.484375,0,0.0,148.375,deepseek-r1:7b,-1
2025-06-08T17:19:35.771022,11.043261,0.0,0.0,62537.515625,51.4,63636.484375,0,0.0,148.375,deepseek-r1:7b,-1
2025-06-08T17:19:37.915511,0.032487,12.5,0.0,62579.4375,51.5,63589.21875,0,0.0,148.375,deepseek-r1:7b,-1
2025-06-08T17:19:38.020674,0.13765,17.5,0.0,62555.171875,51.5,63612.5625,0,0.0,148.375,deepseek-r1:7b,-1
2025-06-08T17:19:38.124780,0.241756,0.0,0.0,62555.0625,51.5,63615.75,0,0.0,148.375,deepseek-r1:7b,-1
2025-06-08T17:19:38.230145,0.347121,0.0,0.0,62555.0625,51.5,63615.75,0,0.0,148.375,deepseek-r1:7b,-1
2025-06-08T17:19:38.332101,0.449077,0.0,0.0,62555.0625,51.5,63615.75,0,0.0,148.375,deepseek-r1:7b,-1
2025-06-08T17:19:38.437502,0.554478,0.0,0.0,62555.0625,51.5,63615.75,0,0.0,148.375,deepseek-r1:7b,-1
2025-06-08T17:19:38.541865,0.658841,0.0,0.0,62555.0625,51.5,63615.75,0,0.0,148.375,deepseek-r1:7b,-1
2025-06-08T17:19:38.647298,0.764274,0.0,0.0,62555.0625,51.5,63615.75,0,0.0,148.375,deepseek-r1:7b,-1
2025-06-08T17:19:38.752765,0.869741,0.0,0.0,62555.0625,51.5,63615.75,0,0.0,148.375,deepseek-r1:7b,-1
2025-06-08T17:19:38.857487,0.974463,0.0,0.0,62555.0625,51.5,63615.75,0,0.0,148.375,deepseek-r1:7b,-1
2025-06-08T17:19:38.958513,1.075489,12.3,0.0,62673.453125,51.6,63498.84375,0,0.0,148.375,deepseek-r1:7b,-1
2025-06-08T17:19:39.063909,1.180885,11.6,0.0,62673.453125,51.6,63498.84375,0,0.0,148.375,deepseek-r1:7b,-1
2025-06-08T17:19:39.165953,1.282929,11.5,0.0,62673.453125,51.6,63498.84375,0,0.0,148.375,deepseek-r1:7b,-1
2025-06-08T17:19:39.270077,1.387053,11.6,0.0,62673.453125,51.6,63498.84375,0,0.0,148.375,deepseek-r1:7b,-1
2025-06-08T17:19:39.375450,1.492426,10.8,0.0,62673.453125,51.6,63498.84375,0,0.0,148.375,deepseek-r1:7b,-1
2025-06-08T17:19:39.476187,1.593163,10.0,0.0,62673.453125,51.6,63498.84375,0,0.0,148.375,deepseek-r1:7b,-1
2025-06-08T17:19:39.576571,1.693547,12.5,0.0,62673.453125,51.6,63498.84375,0,0.0,148.375,deepseek-r1:7b,-1
2025-06-08T17:19:39.679320,1.796296,11.0,0.0,62673.453125,51.6,63498.84375,0,0.0,148.375,deepseek-r1:7b,-1
2025-06-08T17:19:39.780423,1.897399,0.0,0.0,62673.453125,51.6,63498.84375,0,0.0,148.375,deepseek-r1:7b,-1
2025-06-08T17:19:39.885474,2.00245,0.0,0.0,62673.453125,51.6,63498.84375,0,0.0,148.375,deepseek-r1:7b,-1
2025-06-08T17:19:39.986382,2.103358,11.6,0.0,62554.46875,51.5,63613.71875,0,0.0,148.375,deepseek-r1:7b,-1
2025-06-08T17:19:40.091748,2.208724,10.7,0.0,62554.46875,51.5,63613.71875,0,0.0,148.375,deepseek-r1:7b,-1
2025-06-08T17:19:40.197085,2.314061,0.0,0.0,62554.46875,51.5,63613.71875,0,0.0,148.375,deepseek-r1:7b,-1
2025-06-08T17:19:40.302435,2.419411,0.0,0.0,62554.46875,51.5,63613.71875,0,0.0,148.375,deepseek-r1:7b,-1
2025-06-08T17:19:40.405072,2.522048,0.0,0.0,62554.46875,51.5,63613.71875,0,0.0,148.375,deepseek-r1:7b,-1
2025-06-08T17:19:40.507685,2.624661,0.0,0.0,62554.46875,51.5,63613.71875,0,0.0,148.375,deepseek-r1:7b,-1
2025-06-08T17:19:40.609689,2.726665,0.0,0.0,62554.46875,51.5,63613.71875,0,0.0,148.375,deepseek-r1:7b,-1
2025-06-08T17:19:40.711128,2.828104,0.0,0.0,62554.46875,51.5,63613.71875,0,0.0,148.375,deepseek-r1:7b,-1
2025-06-08T17:19:40.816477,2.933453,0.0,0.0,62554.46875,51.5,63613.71875,0,0.0,148.375,deepseek-r1:7b,-1
2025-06-08T17:19:40.918383,3.035359,0.0,0.0,62554.46875,51.5,63613.71875,0,0.0,148.375,deepseek-r1:7b,-1
2025-06-08T17:19:41.023727,3.140703,11.0,0.0,62550.03125,51.5,63617.921875,0,0.0,148.375,deepseek-r1:7b,-1
2025-06-08T17:19:41.129131,3.246107,12.7,0.0,62550.0625,51.5,63622.140625,0,0.0,148.375,deepseek-r1:7b,-1
2025-06-08T17:19:41.234513,3.351489,9.9,0.0,62550.0625,51.5,63622.140625,0,0.0,148.375,deepseek-r1:7b,-1
2025-06-08T17:19:41.339337,3.456313,11.5,0.0,62550.0625,51.5,63622.140625,0,0.0,148.375,deepseek-r1:7b,-1
2025-06-08T17:19:41.441640,3.558616,0.0,0.0,62550.0625,51.5,63622.140625,0,0.0,148.375,deepseek-r1:7b,-1
2025-06-08T17:19:41.544630,3.661606,0.0,0.0,62550.0625,51.5,63622.140625,0,0.0,148.375,deepseek-r1:7b,-1
2025-06-08T17:19:41.650013,3.766989,0.0,0.0,62550.0625,51.5,63622.140625,0,0.0,148.375,deepseek-r1:7b,-1
2025-06-08T17:19:41.752783,3.869759,0.0,0.0,62550.0625,51.5,63622.140625,0,0.0,148.375,deepseek-r1:7b,-1
2025-06-08T17:19:41.855966,3.972942,0.0,0.0,62550.0625,51.5,63622.140625,0,0.0,148.375,deepseek-r1:7b,-1
2025-06-08T17:19:41.958492,4.075468,0.0,0.0,62550.0625,51.5,63622.140625,0,0.0,148.375,deepseek-r1:7b,-1
2025-06-08T17:19:42.063667,4.180643,11.6,0.0,62550.890625,51.5,63616.75,0,0.0,148.375,deepseek-r1:7b,-1
2025-06-08T17:19:42.165865,4.282841,10.6,0.0,62550.890625,51.5,63616.75,0,0.0,148.375,deepseek-r1:7b,-1
2025-06-08T17:19:42.266857,4.383833,12.7,0.0,62550.890625,51.5,63616.75,0,0.0,148.375,deepseek-r1:7b,-1
2025-06-08T17:19:42.369603,4.486579,10.4,0.0,62550.890625,51.5,63616.75,0,0.0,148.375,deepseek-r1:7b,-1
2025-06-08T17:19:42.472228,4.589204,0.0,0.0,62550.890625,51.5,63616.75,0,0.0,148.375,deepseek-r1:7b,-1
2025-06-08T17:19:42.577609,4.694585,0.0,0.0,62550.890625,51.5,63616.75,0,0.0,148.375,deepseek-r1:7b,-1
2025-06-08T17:19:42.682614,4.79959,0.0,0.0,62550.890625,51.5,63616.75,0,0.0,148.375,deepseek-r1:7b,-1
2025-06-08T17:19:42.786073,4.903049,0.0,0.0,62550.890625,51.5,63616.75,0,0.0,148.375,deepseek-r1:7b,-1
2025-06-08T17:19:42.889925,5.006901,0.0,0.0,62550.890625,51.5,63616.75,0,0.0,148.375,deepseek-r1:7b,-1
2025-06-08T17:19:42.995204,5.11218,0.0,0.0,62550.890625,51.5,63616.75,0,0.0,148.375,deepseek-r1:7b,-1
2025-06-08T17:19:43.098364,5.21534,11.4,0.0,62540.65625,51.5,63625.359375,0,0.0,148.375,deepseek-r1:7b,-1
2025-06-08T17:19:43.199174,5.31615,10.6,0.0,62540.375,51.5,63624.65625,0,0.0,148.375,deepseek-r1:7b,-1
2025-06-08T17:19:43.301240,5.418216,10.4,0.0,62540.1875,51.5,63625.09375,0,0.0,148.375,deepseek-r1:7b,-1
2025-06-08T17:19:43.402055,5.519031,0.0,0.0,62540.1875,51.5,63625.09375,0,0.0,148.375,deepseek-r1:7b,-1
2025-06-08T17:19:43.503177,5.620153,0.0,0.0,62540.1875,51.5,63625.09375,0,0.0,148.375,deepseek-r1:7b,-1
2025-06-08T17:19:43.607576,5.724552,0.0,0.0,62540.1875,51.5,63625.09375,0,0.0,148.375,deepseek-r1:7b,-1
2025-06-08T17:19:43.712947,5.829923,0.0,0.0,62540.1875,51.5,63625.09375,0,0.0,148.375,deepseek-r1:7b,-1
2025-06-08T17:19:43.818353,5.935329,0.0,0.0,62540.1875,51.5,63625.09375,0,0.0,148.375,deepseek-r1:7b,-1
2025-06-08T17:19:43.919237,6.036213,0.0,0.0,62540.1875,51.5,63625.09375,0,0.0,148.375,deepseek-r1:7b,-1
2025-06-08T17:19:44.020270,6.137246,0.0,0.0,62540.1875,51.5,63625.09375,0,0.0,148.375,deepseek-r1:7b,-1
2025-06-08T17:19:44.125636,6.242612,12.0,0.0,62540.03125,51.5,63628.359375,0,0.0,148.375,deepseek-r1:7b,-1
2025-06-08T17:19:44.231010,6.347986,11.6,0.0,62539.984375,51.5,63628.890625,0,0.0,148.375,deepseek-r1:7b,-1
2025-06-08T17:19:44.336378,6.453354,10.8,0.0,62539.984375,51.5,63628.890625,0,0.0,148.375,deepseek-r1:7b,-1
2025-06-08T17:19:44.441298,6.558274,10.7,0.0,62539.984375,51.5,63628.890625,0,0.0,148.375,deepseek-r1:7b,-1
2025-06-08T17:19:44.546733,6.663709,12.0,0.0,62539.984375,51.5,63628.890625,0,0.0,148.375,deepseek-r1:7b,-1
2025-06-08T17:19:44.648181,6.765157,12.9,0.0,62539.984375,51.5,63628.890625,0,0.0,148.375,deepseek-r1:7b,-1
2025-06-08T17:19:44.753553,6.870529,12.4,0.0,62539.984375,51.5,63628.890625,0,0.0,148.375,deepseek-r1:7b,-1
2025-06-08T17:19:44.858234,6.97521,10.8,0.0,62539.984375,51.5,63628.890625,0,0.0,148.375,deepseek-r1:7b,-1
2025-06-08T17:19:44.961201,7.078177,0.0,0.0,62539.984375,51.5,63628.890625,0,0.0,148.375,deepseek-r1:7b,-1
2025-06-08T17:19:45.066022,7.182998,0.0,0.0,62539.984375,51.5,63628.890625,0,0.0,148.375,deepseek-r1:7b,-1
2025-06-08T17:19:45.168736,7.285712,11.1,0.0,62540.34375,51.5,63632.90625,0,0.0,148.375,deepseek-r1:7b,-1
2025-06-08T17:19:45.273620,7.390596,11.8,0.0,62540.34375,51.5,63633.421875,0,0.0,148.375,deepseek-r1:7b,-1
2025-06-08T17:19:45.378926,7.495902,10.2,0.0,62540.34375,51.5,63633.421875,0,0.0,148.375,deepseek-r1:7b,-1
2025-06-08T17:19:45.481892,7.598868,10.2,0.0,62540.34375,51.5,63633.421875,0,0.0,148.375,deepseek-r1:7b,-1
2025-06-08T17:19:45.584292,7.701268,13.0,0.0,62540.34375,51.5,63633.421875,0,0.0,148.375,deepseek-r1:7b,-1
2025-06-08T17:19:45.689015,7.805991,11.0,0.0,62540.34375,51.5,63633.421875,0,0.0,148.375,deepseek-r1:7b,-1
2025-06-08T17:19:45.794010,7.910986,0.0,0.0,62540.34375,51.5,63633.421875,0,0.0,148.375,deepseek-r1:7b,-1
2025-06-08T17:19:45.898179,8.015155,0.0,0.0,62540.34375,51.5,63633.421875,0,0.0,148.375,deepseek-r1:7b,-1
2025-06-08T17:19:46.003511,8.120487,0.0,0.0,62540.34375,51.5,63633.421875,0,0.0,148.375,deepseek-r1:7b,-1
2025-06-08T17:19:46.104208,8.221184,0.0,0.0,62540.34375,51.5,63633.421875,0,0.0,148.375,deepseek-r1:7b,-1
2025-06-08T17:19:46.206898,8.323874,10.8,0.0,62540.234375,51.5,63625.109375,0,0.0,148.375,deepseek-r1:7b,-1
2025-06-08T17:19:46.312291,8.429267,10.7,0.0,62540.296875,51.5,63621.359375,0,0.0,148.375,deepseek-r1:7b,-1
2025-06-08T17:19:46.416025,8.533001,0.0,0.0,62540.296875,51.5,63625.796875,0,0.0,148.375,deepseek-r1:7b,-1
2025-06-08T17:19:46.517120,8.634096,0.0,0.0,62540.296875,51.5,63625.796875,0,0.0,148.375,deepseek-r1:7b,-1
2025-06-08T17:19:46.619495,8.736471,0.0,0.0,62540.296875,51.5,63625.796875,0,0.0,148.375,deepseek-r1:7b,-1
2025-06-08T17:19:46.722773,8.839749,0.0,0.0,62540.296875,51.5,63625.796875,0,0.0,148.375,deepseek-r1:7b,-1
2025-06-08T17:19:46.827818,8.944794,0.0,0.0,62540.296875,51.5,63625.796875,0,0.0,148.375,deepseek-r1:7b,-1
2025-06-08T17:19:46.932913,9.049889,0.0,0.0,62540.296875,51.5,63625.796875,0,0.0,148.375,deepseek-r1:7b,-1
2025-06-08T17:19:47.038268,9.155244,0.0,0.0,62540.296875,51.5,63625.796875,0,0.0,148.375,deepseek-r1:7b,-1
2025-06-08T17:19:47.143661,9.260637,0.0,0.0,62540.296875,51.5,63625.796875,0,0.0,148.375,deepseek-r1:7b,-1
2025-06-08T17:19:47.249045,9.366021,11.2,0.0,62540.421875,51.5,63625.234375,0,0.0,148.375,deepseek-r1:7b,-1
2025-06-08T17:19:47.354425,9.471401,9.5,0.0,62540.4375,51.5,63621.453125,0,0.0,148.375,deepseek-r1:7b,-1
2025-06-08T17:19:47.454931,9.571907,10.6,0.0,62540.4375,51.5,63621.453125,0,0.0,148.375,deepseek-r1:7b,-1
2025-06-08T17:19:47.556751,9.673727,11.7,0.0,62540.4375,51.5,63621.453125,0,0.0,148.375,deepseek-r1:7b,-1
2025-06-08T17:19:47.658284,9.77526,0.0,0.0,62540.4375,51.5,63621.453125,0,0.0,148.375,deepseek-r1:7b,-1
2025-06-08T17:19:47.761838,9.878814,0.0,0.0,62540.4375,51.5,63621.453125,0,0.0,148.375,deepseek-r1:7b,-1
2025-06-08T17:19:47.864915,9.981891,0.0,0.0,62540.4375,51.5,63621.453125,0,0.0,148.375,deepseek-r1:7b,-1
2025-06-08T17:19:47.965476,10.082452,0.0,0.0,62540.4375,51.5,63621.453125,0,0.0,148.375,deepseek-r1:7b,-1
2025-06-08T17:19:50.117639,0.041238,12.0,0.0,62584.875,51.5,63589.109375,0,0.0,148.375,deepseek-r1:7b,-1
2025-06-08T17:19:50.219841,0.14344,18.2,0.0,62584.875,51.5,63589.109375,0,0.0,148.375,deepseek-r1:7b,-1
2025-06-08T17:19:50.323555,0.247154,16.5,0.0,62584.875,51.5,63589.109375,0,0.0,148.375,deepseek-r1:7b,-1
2025-06-08T17:19:50.425397,0.348996,10.7,0.0,62584.875,51.5,63589.109375,0,0.0,148.375,deepseek-r1:7b,-1
2025-06-08T17:19:50.530750,0.454349,10.1,0.0,62584.875,51.5,63589.109375,0,0.0,148.375,deepseek-r1:7b,-1
2025-06-08T17:19:50.636097,0.559696,14.8,0.0,62584.875,51.5,63589.109375,0,0.0,148.375,deepseek-r1:7b,-1
2025-06-08T17:19:50.741482,0.665081,0.0,0.0,62584.875,51.5,63589.109375,0,0.0,148.375,deepseek-r1:7b,-1
2025-06-08T17:19:50.846928,0.770527,0.0,0.0,62584.875,51.5,63589.109375,0,0.0,148.375,deepseek-r1:7b,-1
2025-06-08T17:19:50.952348,0.875947,0.0,0.0,62584.875,51.5,63589.109375,0,0.0,148.375,deepseek-r1:7b,-1
2025-06-08T17:19:51.057887,0.981486,0.0,0.0,62584.875,51.5,63589.109375,0,0.0,148.375,deepseek-r1:7b,-1
2025-06-08T17:19:51.163227,1.086826,11.4,0.0,62673.4375,51.6,63496.921875,0,0.0,148.375,deepseek-r1:7b,-1
2025-06-08T17:19:51.263556,1.187155,11.2,0.0,62673.953125,51.6,63498.140625,0,0.0,148.375,deepseek-r1:7b,-1
2025-06-08T17:19:51.368886,1.292485,11.3,0.0,62673.953125,51.6,63498.390625,0,0.0,148.375,deepseek-r1:7b,-1
2025-06-08T17:19:51.474237,1.397836,9.6,0.0,62673.953125,51.6,63498.390625,0,0.0,148.375,deepseek-r1:7b,-1
2025-06-08T17:19:51.576392,1.499991,12.2,0.0,62673.953125,51.6,63498.390625,0,0.0,148.375,deepseek-r1:7b,-1
2025-06-08T17:19:51.677579,1.601178,13.0,0.0,62673.953125,51.6,63498.390625,0,0.0,148.375,deepseek-r1:7b,-1
2025-06-08T17:19:51.778662,1.702261,11.1,0.0,62673.953125,51.6,63498.390625,0,0.0,148.375,deepseek-r1:7b,-1
2025-06-08T17:19:51.881846,1.805445,10.9,0.0,62673.953125,51.6,63498.390625,0,0.0,148.375,deepseek-r1:7b,-1
2025-06-08T17:19:51.982619,1.906218,11.1,0.0,62673.953125,51.6,63498.390625,0,0.0,148.375,deepseek-r1:7b,-1
2025-06-08T17:19:52.085637,2.009236,0.0,0.0,62673.953125,51.6,63498.390625,0,0.0,148.375,deepseek-r1:7b,-1
2025-06-08T17:19:52.188073,2.111672,10.2,0.0,62553.640625,51.5,63611.75,0,0.0,148.375,deepseek-r1:7b,-1
2025-06-08T17:19:52.293468,2.217067,12.2,0.0,62553.640625,51.5,63611.75,0,0.0,148.375,deepseek-r1:7b,-1
2025-06-08T17:19:52.398502,2.322101,0.0,0.0,62553.640625,51.5,63611.75,0,0.0,148.375,deepseek-r1:7b,-1
2025-06-08T17:19:52.500052,2.423651,0.0,0.0,62553.640625,51.5,63611.75,0,0.0,148.375,deepseek-r1:7b,-1
2025-06-08T17:19:52.603221,2.52682,0.0,0.0,62553.640625,51.5,63611.75,0,0.0,148.375,deepseek-r1:7b,-1
2025-06-08T17:19:52.706099,2.629698,0.0,0.0,62553.640625,51.5,63611.75,0,0.0,148.375,deepseek-r1:7b,-1
2025-06-08T17:19:52.810840,2.734439,0.0,0.0,62553.640625,51.5,63611.75,0,0.0,148.375,deepseek-r1:7b,-1
2025-06-08T17:19:52.916210,2.839809,0.0,0.0,62553.640625,51.5,63611.75,0,0.0,148.375,deepseek-r1:7b,-1
2025-06-08T17:19:53.016758,2.940357,0.0,0.0,62553.640625,51.5,63611.75,0,0.0,148.375,deepseek-r1:7b,-1
2025-06-08T17:19:53.122127,3.045726,0.0,0.0,62553.640625,51.5,63611.75,0,0.0,148.375,deepseek-r1:7b,-1
2025-06-08T17:19:53.227483,3.151082,11.0,0.0,62549.15625,51.5,63620.15625,0,0.0,148.375,deepseek-r1:7b,-1
2025-06-08T17:19:53.329097,3.252696,12.3,0.0,62549.234375,51.5,63619.078125,0,0.0,148.375,deepseek-r1:7b,-1
2025-06-08T17:19:53.433983,3.357582,10.0,0.0,62549.1875,51.5,63619.46875,0,0.0,148.375,deepseek-r1:7b,-1
2025-06-08T17:19:53.535480,3.459079,10.5,0.0,62549.1875,51.5,63619.46875,0,0.0,148.375,deepseek-r1:7b,-1
2025-06-08T17:19:53.640859,3.564458,12.0,0.0,62549.1875,51.5,63619.46875,0,0.0,148.375,deepseek-r1:7b,-1
2025-06-08T17:19:53.741732,3.665331,11.7,0.0,62549.1875,51.5,63619.46875,0,0.0,148.375,deepseek-r1:7b,-1
2025-06-08T17:19:53.843822,3.767421,12.3,0.0,62549.1875,51.5,63619.46875,0,0.0,148.375,deepseek-r1:7b,-1
2025-06-08T17:19:53.949239,3.872838,10.7,0.0,62549.1875,51.5,63619.46875,0,0.0,148.375,deepseek-r1:7b,-1
2025-06-08T17:19:54.054592,3.978191,0.0,0.0,62549.1875,51.5,63619.46875,0,0.0,148.375,deepseek-r1:7b,-1
2025-06-08T17:19:54.159062,4.082661,0.0,0.0,62549.1875,51.5,63619.46875,0,0.0,148.375,deepseek-r1:7b,-1
2025-06-08T17:19:54.264233,4.187832,11.9,0.0,62550.390625,51.5,63616.90625,0,0.0,148.375,deepseek-r1:7b,-1
2025-06-08T17:19:54.369581,4.29318,10.2,0.0,62550.390625,51.5,63616.90625,0,0.0,148.375,deepseek-r1:7b,-1
2025-06-08T17:19:54.473447,4.397046,11.3,0.0,62550.390625,51.5,63616.90625,0,0.0,148.375,deepseek-r1:7b,-1
2025-06-08T17:19:54.576147,4.499746,10.5,0.0,62550.390625,51.5,63616.90625,0,0.0,148.375,deepseek-r1:7b,-1
2025-06-08T17:19:54.677167,4.600766,11.8,0.0,62550.390625,51.5,63616.90625,0,0.0,148.375,deepseek-r1:7b,-1
2025-06-08T17:19:54.778104,4.701703,14.2,0.0,62550.390625,51.5,63616.90625,0,0.0,148.375,deepseek-r1:7b,-1
2025-06-08T17:19:54.879891,4.80349,0.0,0.0,62550.390625,51.5,63616.90625,0,0.0,148.375,deepseek-r1:7b,-1
2025-06-08T17:19:54.983670,4.907269,0.0,0.0,62550.390625,51.5,63616.90625,0,0.0,148.375,deepseek-r1:7b,-1
2025-06-08T17:19:55.085441,5.00904,0.0,0.0,62550.390625,51.5,63616.90625,0,0.0,148.375,deepseek-r1:7b,-1
2025-06-08T17:19:55.187282,5.110881,0.0,0.0,62550.390625,51.5,63616.90625,0,0.0,148.375,deepseek-r1:7b,-1
2025-06-08T17:19:55.292627,5.216226,11.1,0.0,62544.796875,51.5,63625.75,0,0.0,148.375,deepseek-r1:7b,-1
2025-06-08T17:19:55.393526,5.317125,11.2,0.0,62544.515625,51.5,63624.875,0,0.0,148.375,deepseek-r1:7b,-1
2025-06-08T17:19:55.498919,5.422518,11.4,0.0,62544.328125,51.5,63625.453125,0,0.0,148.375,deepseek-r1:7b,-1
2025-06-08T17:19:55.603500,5.527099,12.0,0.0,62544.125,51.5,63626.484375,0,0.0,148.375,deepseek-r1:7b,-1
2025-06-08T17:19:55.708446,5.632045,10.9,0.0,62544.125,51.5,63626.484375,0,0.0,148.375,deepseek-r1:7b,-1
2025-06-08T17:19:55.809416,5.733015,11.2,0.0,62544.125,51.5,63626.484375,0,0.0,148.375,deepseek-r1:7b,-1
2025-06-08T17:19:55.910361,5.83396,9.9,0.0,62544.125,51.5,63626.484375,0,0.0,148.375,deepseek-r1:7b,-1
2025-06-08T17:19:56.015716,5.939315,0.0,0.0,62544.125,51.5,63626.484375,0,0.0,148.375,deepseek-r1:7b,-1
2025-06-08T17:19:56.121093,6.044692,0.0,0.0,62544.125,51.5,63626.484375,0,0.0,148.375,deepseek-r1:7b,-1
2025-06-08T17:19:56.226455,6.150054,0.0,0.0,62544.125,51.5,63626.484375,0,0.0,148.375,deepseek-r1:7b,-1
2025-06-08T17:19:56.331732,6.255331,11.1,0.0,62543.984375,51.5,63629.28125,0,0.0,148.375,deepseek-r1:7b,-1
2025-06-08T17:19:56.434807,6.358406,11.5,0.0,62543.984375,51.5,63632.296875,0,0.0,148.375,deepseek-r1:7b,-1
2025-06-08T17:19:56.540160,6.463759,9.4,0.0,62543.78125,51.5,63628.765625,0,0.0,148.375,deepseek-r1:7b,-1
2025-06-08T17:19:56.643974,6.567573,17.7,0.0,62543.78125,51.5,63628.765625,0,0.0,148.375,deepseek-r1:7b,-1
2025-06-08T17:19:56.745120,6.668719,12.4,0.0,62543.78125,51.5,63628.765625,0,0.0,148.375,deepseek-r1:7b,-1
2025-06-08T17:19:56.850535,6.774134,12.2,0.0,62543.78125,51.5,63628.765625,0,0.0,148.375,deepseek-r1:7b,-1
2025-06-08T17:19:56.952057,6.875656,11.3,0.0,62543.78125,51.5,63628.765625,0,0.0,148.375,deepseek-r1:7b,-1
2025-06-08T17:19:57.055413,6.979012,11.0,0.0,62543.78125,51.5,63628.765625,0,0.0,148.375,deepseek-r1:7b,-1
2025-06-08T17:19:57.160775,7.084374,0.0,0.0,62543.78125,51.5,63628.765625,0,0.0,148.375,deepseek-r1:7b,-1
2025-06-08T17:19:57.265047,7.188646,0.0,0.0,62543.78125,51.5,63628.765625,0,0.0,148.375,deepseek-r1:7b,-1
2025-06-08T17:19:57.368705,7.292304,11.0,0.0,62544.140625,51.5,63625.203125,0,0.0,148.375,deepseek-r1:7b,-1
2025-06-08T17:19:57.474082,7.397681,10.4,0.0,62544.140625,51.5,63624.1875,0,0.0,148.375,deepseek-r1:7b,-1
2025-06-08T17:19:57.577038,7.500637,11.7,0.0,62544.15625,51.5,63624.4375,0,0.0,148.375,deepseek-r1:7b,-1
2025-06-08T17:19:57.681696,7.605295,12.5,0.0,62544.15625,51.5,63624.4375,0,0.0,148.375,deepseek-r1:7b,-1
2025-06-08T17:19:57.787075,7.710674,11.3,0.0,62544.15625,51.5,63624.4375,0,0.0,148.375,deepseek-r1:7b,-1
2025-06-08T17:19:57.887564,7.811163,13.8,0.0,62544.15625,51.5,63624.4375,0,0.0,148.375,deepseek-r1:7b,-1
2025-06-08T17:19:57.992457,7.916056,16.8,0.0,62544.15625,51.5,63624.4375,0,0.0,148.375,deepseek-r1:7b,-1
2025-06-08T17:19:58.093105,8.016704,13.0,0.0,62544.15625,51.5,63624.4375,0,0.0,148.375,deepseek-r1:7b,-1
2025-06-08T17:19:58.194611,8.11821,12.3,0.0,62544.15625,51.5,63624.4375,0,0.0,148.375,deepseek-r1:7b,-1
2025-06-08T17:19:58.300024,8.223623,11.2,0.0,62544.15625,51.5,63624.4375,0,0.0,148.375,deepseek-r1:7b,-1
2025-06-08T17:19:58.405477,8.329076,9.6,0.0,62543.96875,51.5,63631.828125,0,0.0,148.375,deepseek-r1:7b,-1
2025-06-08T17:19:58.510409,8.434008,11.9,0.0,62543.96875,51.5,63631.828125,0,0.0,148.375,deepseek-r1:7b,-1
2025-06-08T17:19:58.615123,8.538722,13.3,0.0,62543.96875,51.5,63631.828125,0,0.0,148.375,deepseek-r1:7b,-1
2025-06-08T17:19:58.717644,8.641243,11.0,0.0,62543.96875,51.5,63631.828125,0,0.0,148.375,deepseek-r1:7b,-1
2025-06-08T17:19:58.819228,8.742827,11.3,0.0,62543.96875,51.5,63631.828125,0,0.0,148.375,deepseek-r1:7b,-1
2025-06-08T17:19:58.923271,8.84687,9.5,0.0,62543.96875,51.5,63631.828125,0,0.0,148.375,deepseek-r1:7b,-1
2025-06-08T17:20:01.073810,0.040994,12.8,0.0,62060.46875,51.1,64100.1875,0,0.0,148.375,deepseek-r1:7b,-1
2025-06-08T17:20:01.178953,0.146137,18.3,0.0,62060.46875,51.1,64100.1875,0,0.0,148.375,deepseek-r1:7b,-1
2025-06-08T17:20:01.281599,0.248783,16.7,0.0,62060.46875,51.1,64100.1875,0,0.0,148.375,deepseek-r1:7b,-1
2025-06-08T17:20:01.383591,0.350775,10.5,0.0,62060.46875,51.1,64100.1875,0,0.0,148.375,deepseek-r1:7b,-1
2025-06-08T17:20:01.487176,0.45436,11.7,0.0,62060.46875,51.1,64100.1875,0,0.0,148.375,deepseek-r1:7b,-1
2025-06-08T17:20:01.591973,0.559157,11.3,0.0,62060.46875,51.1,64100.1875,0,0.0,148.375,deepseek-r1:7b,-1
2025-06-08T17:20:01.693428,0.660612,0.0,0.0,62060.46875,51.1,64100.1875,0,0.0,148.375,deepseek-r1:7b,-1
2025-06-08T17:20:01.798771,0.765955,0.0,0.0,62060.46875,51.1,64100.1875,0,0.0,148.375,deepseek-r1:7b,-1
2025-06-08T17:20:01.899574,0.866758,0.0,0.0,62060.46875,51.1,64100.1875,0,0.0,148.375,deepseek-r1:7b,-1
2025-06-08T17:20:02.004464,0.971648,0.0,0.0,62060.46875,51.1,64100.1875,0,0.0,148.375,deepseek-r1:7b,-1
2025-06-08T17:20:02.109056,1.07624,12.1,0.0,62677.71875,51.6,63491.578125,0,0.0,148.375,deepseek-r1:7b,-1
2025-06-08T17:20:02.214463,1.181647,10.1,0.0,62677.6875,51.6,63490.53125,0,0.0,148.375,deepseek-r1:7b,-1
2025-06-08T17:20:02.314911,1.282095,0.0,0.0,62677.6875,51.6,63490.953125,0,0.0,148.375,deepseek-r1:7b,-1
2025-06-08T17:20:02.418186,1.38537,0.0,0.0,62677.6875,51.6,63490.953125,0,0.0,148.375,deepseek-r1:7b,-1
2025-06-08T17:20:02.523236,1.49042,0.0,0.0,62677.6875,51.6,63490.953125,0,0.0,148.375,deepseek-r1:7b,-1
2025-06-08T17:20:02.628612,1.595796,0.0,0.0,62677.6875,51.6,63490.953125,0,0.0,148.375,deepseek-r1:7b,-1
2025-06-08T17:20:02.734050,1.701234,0.0,0.0,62677.6875,51.6,63490.953125,0,0.0,148.375,deepseek-r1:7b,-1
2025-06-08T17:20:02.836462,1.803646,0.0,0.0,62677.6875,51.6,63490.953125,0,0.0,148.375,deepseek-r1:7b,-1
2025-06-08T17:20:02.941850,1.909034,0.0,0.0,62677.6875,51.6,63490.953125,0,0.0,148.375,deepseek-r1:7b,-1
2025-06-08T17:20:03.043552,2.010736,0.0,0.0,62677.6875,51.6,63490.953125,0,0.0,148.375,deepseek-r1:7b,-1
2025-06-08T17:20:03.148902,2.116086,11.5,0.0,62557.203125,51.5,63610.96875,0,0.0,148.375,deepseek-r1:7b,-1
2025-06-08T17:20:03.254262,2.221446,12.3,0.0,62557.203125,51.5,63610.96875,0,0.0,148.375,deepseek-r1:7b,-1
2025-06-08T17:20:03.356516,2.3237,9.4,0.0,62557.203125,51.5,63610.96875,0,0.0,148.375,deepseek-r1:7b,-1
2025-06-08T17:20:03.461840,2.429024,11.5,0.0,62557.203125,51.5,63610.96875,0,0.0,148.375,deepseek-r1:7b,-1
2025-06-08T17:20:03.567148,2.534332,9.8,0.0,62557.203125,51.5,63610.96875,0,0.0,148.375,deepseek-r1:7b,-1
2025-06-08T17:20:03.668949,2.636133,13.0,0.0,62557.203125,51.5,63610.96875,0,0.0,148.375,deepseek-r1:7b,-1
2025-06-08T17:20:03.773790,2.740974,11.2,0.0,62557.203125,51.5,63610.96875,0,0.0,148.375,deepseek-r1:7b,-1
2025-06-08T17:20:03.876868,2.844052,12.1,0.0,62557.203125,51.5,63610.96875,0,0.0,148.375,deepseek-r1:7b,-1
2025-06-08T17:20:03.982229,2.949413,9.5,0.0,62557.203125,51.5,63610.96875,0,0.0,148.375,deepseek-r1:7b,-1
2025-06-08T17:20:04.084501,3.051685,0.0,0.0,62557.203125,51.5,63610.96875,0,0.0,148.375,deepseek-r1:7b,-1
2025-06-08T17:20:04.185308,3.152492,10.9,0.0,62552.703125,51.5,63624.5,0,0.0,148.375,deepseek-r1:7b,-1
2025-06-08T17:20:04.290694,3.257878,10.7,0.0,62552.71875,51.5,63623.515625,0,0.0,148.375,deepseek-r1:7b,-1
2025-06-08T17:20:04.396085,3.363269,10.7,0.0,62552.71875,51.5,63619.765625,0,0.0,148.375,deepseek-r1:7b,-1
2025-06-08T17:20:04.499684,3.466868,9.9,0.0,62552.75,51.5,63618.75,0,0.0,148.375,deepseek-r1:7b,-1
2025-06-08T17:20:04.600354,3.567538,11.7,0.0,62552.75,51.5,63618.75,0,0.0,148.375,deepseek-r1:7b,-1
2025-06-08T17:20:04.702760,3.669944,13.2,0.0,62552.75,51.5,63618.75,0,0.0,148.375,deepseek-r1:7b,-1
2025-06-08T17:20:04.808120,3.775304,12.1,0.0,62552.75,51.5,63618.75,0,0.0,148.375,deepseek-r1:7b,-1
2025-06-08T17:20:04.913211,3.880395,9.9,0.0,62552.75,51.5,63618.75,0,0.0,148.375,deepseek-r1:7b,-1
2025-06-08T17:20:05.018508,3.985692,12.6,0.0,62552.75,51.5,63618.75,0,0.0,148.375,deepseek-r1:7b,-1
2025-06-08T17:20:05.123173,4.090357,12.7,0.0,62552.75,51.5,63618.75,0,0.0,148.375,deepseek-r1:7b,-1
2025-06-08T17:20:05.225468,4.192652,11.5,0.0,62551.75,51.5,63618.359375,0,0.0,148.375,deepseek-r1:7b,-1
2025-06-08T17:20:05.330811,4.297995,9.1,0.0,62551.75,51.5,63618.359375,0,0.0,148.375,deepseek-r1:7b,-1
2025-06-08T17:20:05.435162,4.402346,12.9,0.0,62551.75,51.5,63618.359375,0,0.0,148.375,deepseek-r1:7b,-1
2025-06-08T17:20:05.540545,4.507729,10.1,0.0,62551.75,51.5,63618.359375,0,0.0,148.375,deepseek-r1:7b,-1
2025-06-08T17:20:05.643242,4.610426,12.3,0.0,62551.75,51.5,63618.359375,0,0.0,148.375,deepseek-r1:7b,-1
2025-06-08T17:20:05.748159,4.715343,9.8,0.0,62551.75,51.5,63618.359375,0,0.0,148.375,deepseek-r1:7b,-1
2025-06-08T17:20:05.853517,4.820701,0.0,0.0,62551.75,51.5,63618.359375,0,0.0,148.375,deepseek-r1:7b,-1
2025-06-08T17:20:05.958863,4.926047,0.0,0.0,62551.75,51.5,63618.359375,0,0.0,148.375,deepseek-r1:7b,-1
2025-06-08T17:20:06.060134,5.027318,0.0,0.0,62551.75,51.5,63618.359375,0,0.0,148.375,deepseek-r1:7b,-1
2025-06-08T17:20:06.165204,5.132388,0.0,0.0,62551.75,51.5,63618.359375,0,0.0,148.375,deepseek-r1:7b,-1
2025-06-08T17:20:06.270564,5.237748,11.0,0.0,62543.15625,51.5,63625.21875,0,0.0,148.375,deepseek-r1:7b,-1
2025-06-08T17:20:06.370974,5.338158,10.6,0.0,62543.15625,51.5,63628.21875,0,0.0,148.375,deepseek-r1:7b,-1
2025-06-08T17:20:06.476346,5.44353,10.5,0.0,62543.15625,51.5,63628.453125,0,0.0,148.375,deepseek-r1:7b,-1
2025-06-08T17:20:06.581658,5.548842,10.6,0.0,62543.15625,51.5,63628.453125,0,0.0,148.375,deepseek-r1:7b,-1
2025-06-08T17:20:06.685002,5.652186,14.0,0.0,62543.15625,51.5,63628.453125,0,0.0,148.375,deepseek-r1:7b,-1
2025-06-08T17:20:06.789789,5.756973,9.3,0.0,62543.15625,51.5,63628.453125,0,0.0,148.375,deepseek-r1:7b,-1
2025-06-08T17:20:06.893454,5.860638,11.6,0.0,62543.15625,51.5,63628.453125,0,0.0,148.375,deepseek-r1:7b,-1
2025-06-08T17:20:06.995380,5.962564,11.3,0.0,62543.15625,51.5,63628.453125,0,0.0,148.375,deepseek-r1:7b,-1
2025-06-08T17:20:07.098114,6.065298,14.3,0.0,62543.15625,51.5,63628.453125,0,0.0,148.375,deepseek-r1:7b,-1
2025-06-08T17:20:07.202750,6.169934,9.5,0.0,62543.15625,51.5,63628.453125,0,0.0,148.375,deepseek-r1:7b,-1
2025-06-08T17:20:07.303773,6.270957,11.7,0.0,62516.46875,51.4,63658.09375,0,0.0,148.375,deepseek-r1:7b,-1
2025-06-08T17:20:07.406441,6.373625,11.0,0.0,62516.46875,51.4,63653.015625,0,0.0,148.375,deepseek-r1:7b,-1
2025-06-08T17:20:07.507663,6.474847,11.0,0.0,62516.46875,51.4,63653.015625,0,0.0,148.375,deepseek-r1:7b,-1
2025-06-08T17:20:07.611870,6.579054,11.9,0.0,62516.46875,51.4,63653.015625,0,0.0,148.375,deepseek-r1:7b,-1
2025-06-08T17:20:07.716193,6.683377,13.1,0.0,62516.46875,51.4,63653.015625,0,0.0,148.375,deepseek-r1:7b,-1
2025-06-08T17:20:07.818711,6.785895,10.0,0.0,62516.46875,51.4,63653.015625,0,0.0,148.375,deepseek-r1:7b,-1
2025-06-08T17:20:07.923105,6.890289,10.8,0.0,62516.46875,51.4,63653.015625,0,0.0,148.375,deepseek-r1:7b,-1
2025-06-08T17:20:08.028545,6.995729,11.2,0.0,62516.46875,51.4,63653.015625,0,0.0,148.375,deepseek-r1:7b,-1
2025-06-08T17:20:08.133859,7.101043,10.8,0.0,62516.46875,51.4,63653.015625,0,0.8,148.375,deepseek-r1:7b,-1
2025-06-08T17:20:08.239340,7.206524,11.8,0.0,62516.46875,51.4,63653.015625,0,0.0,148.375,deepseek-r1:7b,-1
2025-06-08T17:20:08.343421,7.310605,10.3,0.0,62515.4375,51.4,63655.1875,0,0.0,148.375,deepseek-r1:7b,-1
2025-06-08T17:20:08.448800,7.415984,9.6,0.0,62515.4375,51.4,63658.0625,0,0.0,148.375,deepseek-r1:7b,-1
2025-06-08T17:20:08.552067,7.519251,12.4,0.0,62515.4375,51.4,63658.0625,0,0.0,148.375,deepseek-r1:7b,-1
2025-06-08T17:20:08.657443,7.624627,11.4,0.0,62515.4375,51.4,63658.0625,0,0.0,148.375,deepseek-r1:7b,-1
2025-06-08T17:20:08.761480,7.728664,11.0,0.0,62515.4375,51.4,63658.0625,0,0.0,148.375,deepseek-r1:7b,-1
2025-06-08T17:20:08.863289,7.830473,11.6,0.0,62515.4375,51.4,63658.0625,0,0.0,148.375,deepseek-r1:7b,-1
2025-06-08T17:20:08.968654,7.935838,9.0,0.0,62515.4375,51.4,63658.0625,0,0.0,148.375,deepseek-r1:7b,-1
2025-06-08T17:20:09.073063,8.040247,12.0,0.0,62515.4375,51.4,63658.0625,0,0.0,148.375,deepseek-r1:7b,-1
2025-06-08T17:20:09.175115,8.142299,10.5,0.0,62515.4375,51.4,63658.0625,0,0.0,148.375,deepseek-r1:7b,-1
2025-06-08T17:20:09.280502,8.247686,10.5,0.0,62515.4375,51.4,63658.0625,0,0.0,148.375,deepseek-r1:7b,-1
2025-06-08T17:20:09.385469,8.352653,10.8,0.0,62515.015625,51.4,63659.265625,0,0.0,148.375,deepseek-r1:7b,-1
2025-06-08T17:20:09.490832,8.458016,10.5,0.0,62515.015625,51.4,63659.46875,0,0.0,148.375,deepseek-r1:7b,-1
2025-06-08T17:20:09.593386,8.56057,10.5,0.0,62515.046875,51.4,63662.46875,0,0.0,148.375,deepseek-r1:7b,-1
2025-06-08T17:20:09.693944,8.661128,18.9,0.0,62515.140625,51.4,63652.59375,0,0.0,148.375,deepseek-r1:7b,-1
2025-06-08T17:20:09.799300,8.766484,0.0,0.0,62515.140625,51.4,63652.59375,0,0.0,148.375,deepseek-r1:7b,-1
2025-06-08T17:20:09.901426,8.86861,0.0,0.0,62515.140625,51.4,63652.59375,0,0.0,148.375,deepseek-r1:7b,-1
2025-06-08T17:20:10.002885,8.970069,0.0,0.0,62515.140625,51.4,63652.59375,0,0.0,148.375,deepseek-r1:7b,-1
2025-06-08T17:20:10.107406,9.07459,0.0,0.0,62515.140625,51.4,63652.59375,0,0.0,148.375,deepseek-r1:7b,-1
2025-06-08T17:20:10.212762,9.179946,0.0,0.0,62515.140625,51.4,63652.59375,0,0.0,148.375,deepseek-r1:7b,-1
2025-06-08T17:20:10.316779,9.283963,0.0,0.0,62515.140625,51.4,63652.59375,0,0.0,148.375,deepseek-r1:7b,-1
2025-06-08T17:20:10.420180,9.387364,11.1,0.0,62515.234375,51.4,63655.03125,0,0.0,148.375,deepseek-r1:7b,-1
2025-06-08T17:20:12.569892,0.04052,12.2,0.0,62038.796875,51.1,64132.125,0,0.0,148.390625,deepseek-r1:7b,-1
2025-06-08T17:20:12.674684,0.145312,18.1,0.0,62038.796875,51.1,64132.125,0,0.0,148.390625,deepseek-r1:7b,-1
2025-06-08T17:20:12.780108,0.250736,17.1,0.0,62038.796875,51.1,64132.125,0,0.0,148.390625,deepseek-r1:7b,-1
2025-06-08T17:20:12.880503,0.351131,10.1,0.0,62038.796875,51.1,64132.125,0,0.0,148.390625,deepseek-r1:7b,-1
2025-06-08T17:20:12.981003,0.451631,11.3,0.0,62038.796875,51.1,64132.125,0,0.0,148.390625,deepseek-r1:7b,-1
2025-06-08T17:20:13.084965,0.555593,0.0,0.0,62038.796875,51.1,64132.125,0,0.0,148.390625,deepseek-r1:7b,-1
2025-06-08T17:20:13.185675,0.656303,0.0,0.0,62038.796875,51.1,64132.125,0,0.0,148.390625,deepseek-r1:7b,-1
2025-06-08T17:20:13.290710,0.761338,0.0,0.0,62038.796875,51.1,64132.125,0,0.0,148.390625,deepseek-r1:7b,-1
2025-06-08T17:20:13.396090,0.866718,0.0,0.0,62038.796875,51.1,64132.125,0,0.0,148.390625,deepseek-r1:7b,-1
2025-06-08T17:20:13.499943,0.970571,0.0,0.0,62038.796875,51.1,64132.125,0,0.0,148.390625,deepseek-r1:7b,-1
2025-06-08T17:20:13.600903,1.071531,11.7,0.0,62651.15625,51.5,63515.15625,0,0.0,148.390625,deepseek-r1:7b,-1
2025-06-08T17:20:13.703415,1.174043,12.3,0.0,62655.578125,51.5,63510.390625,0,0.0,148.390625,deepseek-r1:7b,-1
2025-06-08T17:20:13.804355,1.274983,13.0,0.0,62655.578125,51.5,63510.390625,0,0.0,148.390625,deepseek-r1:7b,-1
2025-06-08T17:20:13.909683,1.380311,9.6,0.0,62655.578125,51.5,63510.390625,0,0.0,148.390625,deepseek-r1:7b,-1
2025-06-08T17:20:14.014605,1.485233,11.4,0.0,62655.578125,51.5,63510.390625,0,0.0,148.390625,deepseek-r1:7b,-1
2025-06-08T17:20:14.119187,1.589815,11.4,0.0,62655.578125,51.5,63510.390625,0,0.0,148.390625,deepseek-r1:7b,-1
2025-06-08T17:20:14.222930,1.693558,9.1,0.0,62655.578125,51.5,63510.390625,0,0.0,148.390625,deepseek-r1:7b,-1
2025-06-08T17:20:14.328284,1.798912,0.0,0.0,62655.578125,51.5,63510.390625,0,0.0,148.390625,deepseek-r1:7b,-1
2025-06-08T17:20:14.433698,1.904326,0.0,0.0,62655.578125,51.5,63510.390625,0,0.0,148.390625,deepseek-r1:7b,-1
2025-06-08T17:20:14.539070,2.009698,0.0,0.0,62655.578125,51.5,63510.390625,0,0.0,148.390625,deepseek-r1:7b,-1
2025-06-08T17:20:14.644432,2.11506,11.6,0.0,62536.296875,51.5,63633.5625,0,0.0,148.390625,deepseek-r1:7b,-1
2025-06-08T17:20:14.749610,2.220238,12.4,0.0,62536.296875,51.5,63630.421875,0,0.0,148.390625,deepseek-r1:7b,-1
2025-06-08T17:20:14.855017,2.325645,10.2,0.0,62536.296875,51.5,63634.640625,0,0.0,148.390625,deepseek-r1:7b,-1
2025-06-08T17:20:14.958055,2.428683,11.5,0.0,62536.296875,51.5,63634.640625,0,0.0,148.390625,deepseek-r1:7b,-1
2025-06-08T17:20:15.059903,2.530531,10.9,0.0,62536.296875,51.5,63634.640625,0,0.0,148.390625,deepseek-r1:7b,-1
2025-06-08T17:20:15.160384,2.631012,10.8,0.0,62536.296875,51.5,63634.640625,0,0.0,148.390625,deepseek-r1:7b,-1
2025-06-08T17:20:15.262382,2.73301,12.2,0.0,62536.296875,51.5,63634.640625,0,0.0,148.390625,deepseek-r1:7b,-1
2025-06-08T17:20:15.364825,2.835453,13.0,0.0,62536.296875,51.5,63634.640625,0,0.0,148.390625,deepseek-r1:7b,-1
2025-06-08T17:20:15.470275,2.940903,10.6,0.0,62536.296875,51.5,63634.640625,0,0.0,148.390625,deepseek-r1:7b,-1
2025-06-08T17:20:15.575652,3.04628,11.4,0.0,62536.296875,51.5,63634.640625,0,0.0,148.390625,deepseek-r1:7b,-1
2025-06-08T17:20:15.676942,3.14757,13.6,0.0,62532.359375,51.4,63643.90625,0,0.0,148.390625,deepseek-r1:7b,-1
2025-06-08T17:20:15.777898,3.248526,10.6,0.0,62532.359375,51.4,63643.90625,0,0.0,148.390625,deepseek-r1:7b,-1
2025-06-08T17:20:15.881219,3.351847,11.4,0.0,62532.359375,51.4,63643.90625,0,0.0,148.390625,deepseek-r1:7b,-1
2025-06-08T17:20:15.984351,3.454979,11.0,0.0,62532.359375,51.4,63643.90625,0,0.0,148.390625,deepseek-r1:7b,-1
2025-06-08T17:20:16.085192,3.55582,9.9,0.0,62532.359375,51.4,63643.90625,0,0.0,148.390625,deepseek-r1:7b,-1
2025-06-08T17:20:16.190648,3.661276,12.2,0.0,62532.359375,51.4,63643.90625,0,0.0,148.390625,deepseek-r1:7b,-1
2025-06-08T17:20:16.295198,3.765826,10.2,0.0,62532.359375,51.4,63643.90625,0,0.0,148.390625,deepseek-r1:7b,-1
2025-06-08T17:20:16.397305,3.867933,11.0,0.0,62532.359375,51.4,63643.90625,0,0.0,148.390625,deepseek-r1:7b,-1
2025-06-08T17:20:16.502684,3.973312,0.0,0.0,62532.359375,51.4,63643.90625,0,0.0,148.390625,deepseek-r1:7b,-1
2025-06-08T17:20:16.605314,4.075942,0.0,0.0,62532.359375,51.4,63643.90625,0,0.0,148.390625,deepseek-r1:7b,-1
2025-06-08T17:20:16.707885,4.178513,11.8,0.0,62531.03125,51.4,63638.421875,0,0.0,148.390625,deepseek-r1:7b,-1
2025-06-08T17:20:16.809097,4.279725,11.0,0.0,62531.03125,51.4,63638.421875,0,0.0,148.390625,deepseek-r1:7b,-1
2025-06-08T17:20:16.914190,4.384818,9.6,0.0,62531.03125,51.4,63638.421875,0,0.0,148.390625,deepseek-r1:7b,-1
2025-06-08T17:20:17.019592,4.49022,14.0,0.0,62531.03125,51.4,63638.421875,0,0.0,148.390625,deepseek-r1:7b,-1
2025-06-08T17:20:17.124949,4.595577,11.4,0.0,62531.03125,51.4,63638.421875,0,0.0,148.390625,deepseek-r1:7b,-1
2025-06-08T17:20:17.230407,4.701035,10.1,0.0,62531.03125,51.4,63638.421875,0,0.0,148.390625,deepseek-r1:7b,-1
2025-06-08T17:20:17.330823,4.801451,0.0,0.0,62531.03125,51.4,63638.421875,0,0.0,148.390625,deepseek-r1:7b,-1
2025-06-08T17:20:17.436200,4.906828,0.0,0.0,62531.03125,51.4,63638.421875,0,0.0,148.390625,deepseek-r1:7b,-1
2025-06-08T17:20:17.541610,5.012238,0.0,0.0,62531.03125,51.4,63638.421875,0,0.0,148.390625,deepseek-r1:7b,-1
2025-06-08T17:20:17.647006,5.117634,0.0,0.0,62531.03125,51.4,63638.421875,0,0.0,148.390625,deepseek-r1:7b,-1
2025-06-08T17:20:17.748346,5.218974,11.4,0.0,62521.359375,51.4,63646.65625,0,0.0,148.390625,deepseek-r1:7b,-1
2025-06-08T17:20:17.851526,5.322154,10.3,0.0,62521.203125,51.4,63643.046875,0,0.0,148.390625,deepseek-r1:7b,-1
2025-06-08T17:20:17.956937,5.427565,11.4,0.0,62521.203125,51.4,63643.046875,0,0.0,148.390625,deepseek-r1:7b,-1
2025-06-08T17:20:18.062315,5.532943,12.1,0.0,62521.203125,51.4,63643.046875,0,0.0,148.390625,deepseek-r1:7b,-1
2025-06-08T17:20:18.167051,5.637679,9.8,0.0,62521.203125,51.4,63643.046875,0,0.0,148.390625,deepseek-r1:7b,-1
2025-06-08T17:20:18.272308,5.742936,0.0,0.0,62521.203125,51.4,63643.046875,0,0.0,148.390625,deepseek-r1:7b,-1
2025-06-08T17:20:18.377474,5.848102,0.0,0.0,62521.203125,51.4,63643.046875,0,0.0,148.390625,deepseek-r1:7b,-1
2025-06-08T17:20:18.478568,5.949196,0.0,0.0,62521.203125,51.4,63643.046875,0,0.0,148.390625,deepseek-r1:7b,-1
2025-06-08T17:20:18.583920,6.054548,0.0,0.0,62521.203125,51.4,63643.046875,0,0.0,148.390625,deepseek-r1:7b,-1
2025-06-08T17:20:18.689278,6.159906,0.0,0.0,62521.203125,51.4,63643.046875,0,0.0,148.390625,deepseek-r1:7b,-1
2025-06-08T17:20:18.793288,6.263916,11.3,0.0,62522.484375,51.4,63650.75,0,0.0,148.390625,deepseek-r1:7b,-1
2025-06-08T17:20:18.896651,6.367279,11.0,0.0,62522.484375,51.4,63650.75,0,0.0,148.390625,deepseek-r1:7b,-1
2025-06-08T17:20:19.002019,6.472647,12.1,0.0,62522.484375,51.4,63650.75,0,0.0,148.390625,deepseek-r1:7b,-1
2025-06-08T17:20:19.104370,6.574998,11.7,0.0,62522.484375,51.4,63650.75,0,0.0,148.390625,deepseek-r1:7b,-1
2025-06-08T17:20:19.207210,6.677838,10.6,0.0,62522.484375,51.4,63650.75,0,0.0,148.390625,deepseek-r1:7b,-1
2025-06-08T17:20:19.312160,6.782788,12.2,0.0,62522.484375,51.4,63650.75,0,0.0,148.390625,deepseek-r1:7b,-1
2025-06-08T17:20:19.413119,6.883747,11.9,0.0,62522.484375,51.4,63650.75,0,0.0,148.390625,deepseek-r1:7b,-1
2025-06-08T17:20:19.513747,6.984375,11.3,0.0,62522.484375,51.4,63650.75,0,0.0,148.390625,deepseek-r1:7b,-1
2025-06-08T17:20:19.619094,7.089722,11.8,0.0,62522.484375,51.4,63650.75,0,0.0,148.390625,deepseek-r1:7b,-1
2025-06-08T17:20:19.721226,7.191854,13.6,0.0,62522.484375,51.4,63650.75,0,0.0,148.390625,deepseek-r1:7b,-1
2025-06-08T17:20:19.826459,7.297087,10.2,0.0,62522.28125,51.4,63650.296875,0,0.0,148.390625,deepseek-r1:7b,-1
2025-06-08T17:20:19.931841,7.402469,11.7,0.0,62521.9375,51.4,63654.875,0,0.0,148.390625,deepseek-r1:7b,-1
2025-06-08T17:20:20.034801,7.505429,11.7,0.0,62521.5,51.4,63654.484375,0,0.0,148.390625,deepseek-r1:7b,-1
2025-06-08T17:20:20.140209,7.610837,11.3,0.0,62521.328125,51.4,63650.875,0,0.0,148.390625,deepseek-r1:7b,-1
2025-06-08T17:20:20.245621,7.716249,0.0,0.0,62521.328125,51.4,63650.875,0,0.0,148.390625,deepseek-r1:7b,-1
2025-06-08T17:20:20.351044,7.821672,0.0,0.0,62521.328125,51.4,63650.875,0,0.0,148.390625,deepseek-r1:7b,-1
2025-06-08T17:20:20.456100,7.926728,0.0,0.0,62521.328125,51.4,63650.875,0,0.0,148.390625,deepseek-r1:7b,-1
2025-06-08T17:20:20.561471,8.032099,0.0,0.0,62521.328125,51.4,63650.875,0,0.0,148.390625,deepseek-r1:7b,-1
2025-06-08T17:20:20.662951,8.133579,0.0,0.0,62521.328125,51.4,63650.875,0,0.0,148.390625,deepseek-r1:7b,-1
2025-06-08T17:20:20.768221,8.238849,0.0,0.0,62521.328125,51.4,63650.875,0,0.0,148.390625,deepseek-r1:7b,-1
2025-06-08T17:20:20.870927,8.341555,11.1,0.0,62520.796875,51.4,63651.59375,0,0.0,148.390625,deepseek-r1:7b,-1
2025-06-08T17:20:20.975130,8.445758,11.5,0.0,62520.65625,51.4,63652.171875,0,0.0,148.390625,deepseek-r1:7b,-1
2025-06-08T17:20:21.080569,8.551197,11.7,0.0,62520.65625,51.4,63651.03125,0,0.0,148.390625,deepseek-r1:7b,-1
2025-06-08T17:20:21.183435,8.654063,0.0,0.0,62520.65625,51.4,63651.03125,0,0.0,148.390625,deepseek-r1:7b,-1
2025-06-08T17:20:21.284790,8.755418,0.0,0.0,62520.65625,51.4,63651.03125,0,0.0,148.390625,deepseek-r1:7b,-1
2025-06-08T17:20:21.385224,8.855852,0.0,0.0,62520.65625,51.4,63651.03125,0,0.0,148.390625,deepseek-r1:7b,-1
2025-06-08T17:20:21.490578,8.961206,0.0,0.0,62520.65625,51.4,63651.03125,0,0.0,148.390625,deepseek-r1:7b,-1
2025-06-08T17:20:21.595947,9.066575,0.0,0.0,62520.65625,51.4,63651.03125,0,0.0,148.390625,deepseek-r1:7b,-1
2025-06-08T17:20:21.701440,9.172068,0.0,0.0,62520.65625,51.4,63651.03125,0,0.0,148.390625,deepseek-r1:7b,-1
2025-06-08T17:20:21.806284,9.276912,0.0,0.0,62520.65625,51.4,63651.03125,0,0.0,148.390625,deepseek-r1:7b,-1
2025-06-08T17:20:21.911648,9.382276,13.0,0.0,62533.375,51.4,63639.328125,0,0.0,148.390625,deepseek-r1:7b,-1
2025-06-08T17:20:22.014399,9.485027,10.9,0.0,62533.375,51.4,63639.734375,0,0.0,148.390625,deepseek-r1:7b,-1
2025-06-08T17:20:22.115262,9.58589,10.0,0.0,62533.375,51.4,63639.734375,0,0.0,148.390625,deepseek-r1:7b,-1
2025-06-08T17:20:22.215983,9.686611,0.0,0.0,62533.375,51.4,63639.734375,0,0.0,148.390625,deepseek-r1:7b,-1
2025-06-08T17:20:22.317040,9.787668,0.0,0.0,62533.375,51.4,63639.734375,0,0.0,148.390625,deepseek-r1:7b,-1
2025-06-08T17:20:22.418193,9.888821,0.0,0.0,62533.375,51.4,63639.734375,0,0.0,148.390625,deepseek-r1:7b,-1
2025-06-08T17:20:22.523529,9.994157,0.0,0.0,62533.375,51.4,63639.734375,0,0.0,148.390625,deepseek-r1:7b,-1
2025-06-08T17:20:22.627890,10.098518,0.0,0.0,62533.375,51.4,63639.734375,0,0.0,148.390625,deepseek-r1:7b,-1
2025-06-08T17:20:22.733257,10.203885,0.0,0.0,62533.375,51.4,63639.734375,0,0.0,148.390625,deepseek-r1:7b,-1
2025-06-08T17:20:22.838704,10.309332,0.0,0.0,62533.375,51.4,63639.734375,0,0.0,148.390625,deepseek-r1:7b,-1
2025-06-08T17:20:24.994097,0.044755,12.4,0.0,62143.875,51.2,64027.390625,0,0.0,148.390625,deepseek-r1:7b,-1
2025-06-08T17:20:25.099229,0.149887,17.8,0.0,61538.3125,50.7,64631.859375,0,0.0,148.390625,deepseek-r1:7b,-1
2025-06-08T17:20:25.204471,0.255129,17.9,0.0,61538.3125,50.7,64631.859375,0,0.0,148.390625,deepseek-r1:7b,-1
2025-06-08T17:20:25.308332,0.35899,12.2,0.0,61538.3125,50.7,64631.859375,0,0.0,148.390625,deepseek-r1:7b,-1
2025-06-08T17:20:25.413718,0.464376,10.1,0.0,61538.3125,50.7,64631.859375,0,0.0,148.390625,deepseek-r1:7b,-1
2025-06-08T17:20:25.519134,0.569792,0.0,0.0,61538.3125,50.7,64631.859375,0,0.0,148.390625,deepseek-r1:7b,-1
2025-06-08T17:20:25.624308,0.674966,0.0,0.0,61538.3125,50.7,64631.859375,0,0.0,148.390625,deepseek-r1:7b,-1
2025-06-08T17:20:25.729782,0.78044,0.0,0.0,61538.3125,50.7,64631.859375,0,0.0,148.390625,deepseek-r1:7b,-1
2025-06-08T17:20:25.830489,0.881147,0.0,0.0,61538.3125,50.7,64631.859375,0,0.0,148.390625,deepseek-r1:7b,-1
2025-06-08T17:20:25.934624,0.985282,0.0,0.0,61538.3125,50.7,64631.859375,0,0.0,148.390625,deepseek-r1:7b,-1
2025-06-08T17:20:26.040184,1.090842,12.0,0.0,62657.625,51.5,63515.390625,0,0.0,148.390625,deepseek-r1:7b,-1
2025-06-08T17:20:26.141168,1.191826,12.9,0.0,62657.625,51.5,63515.390625,0,0.0,148.390625,deepseek-r1:7b,-1
2025-06-08T17:20:26.241965,1.292623,10.0,0.0,62657.625,51.5,63515.390625,0,0.0,148.390625,deepseek-r1:7b,-1
2025-06-08T17:20:26.347318,1.397976,10.6,0.0,62657.625,51.5,63515.390625,0,0.0,148.390625,deepseek-r1:7b,-1
2025-06-08T17:20:26.452652,1.50331,9.0,0.0,62657.625,51.5,63515.390625,0,0.0,148.390625,deepseek-r1:7b,-1
2025-06-08T17:20:26.553482,1.60414,0.0,0.0,62657.625,51.5,63515.390625,0,0.0,148.390625,deepseek-r1:7b,-1
2025-06-08T17:20:26.655936,1.706594,0.0,0.0,62657.625,51.5,63515.390625,0,0.0,148.390625,deepseek-r1:7b,-1
2025-06-08T17:20:26.761287,1.811945,0.0,0.0,62657.625,51.5,63515.390625,0,0.0,148.390625,deepseek-r1:7b,-1
2025-06-08T17:20:26.864264,1.914922,0.0,0.0,62657.625,51.5,63515.390625,0,0.0,148.390625,deepseek-r1:7b,-1
2025-06-08T17:20:26.966547,2.017205,0.0,0.0,62657.625,51.5,63515.390625,0,0.0,148.390625,deepseek-r1:7b,-1
2025-06-08T17:20:27.070110,2.120768,11.7,0.0,62536.75,51.4,63636.03125,0,0.0,148.390625,deepseek-r1:7b,-1
2025-06-08T17:20:27.175485,2.226143,10.8,0.0,62536.75,51.4,63636.03125,0,0.0,148.390625,deepseek-r1:7b,-1
2025-06-08T17:20:27.280841,2.331499,11.6,0.0,62536.75,51.4,63636.03125,0,0.0,148.390625,deepseek-r1:7b,-1
2025-06-08T17:20:27.384591,2.435249,11.4,0.0,62536.75,51.4,63636.03125,0,0.0,148.390625,deepseek-r1:7b,-1
2025-06-08T17:20:27.489971,2.540629,10.7,0.0,62536.75,51.4,63636.03125,0,0.0,148.390625,deepseek-r1:7b,-1
2025-06-08T17:20:27.595428,2.646086,10.4,0.0,62536.75,51.4,63636.03125,0,0.0,148.390625,deepseek-r1:7b,-1
2025-06-08T17:20:27.700740,2.751398,0.0,0.0,62536.75,51.4,63636.03125,0,0.0,148.390625,deepseek-r1:7b,-1
2025-06-08T17:20:27.801356,2.852014,0.0,0.0,62536.75,51.4,63636.03125,0,0.0,148.390625,deepseek-r1:7b,-1
2025-06-08T17:20:27.902833,2.953491,0.0,0.0,62536.75,51.4,63636.03125,0,0.0,148.390625,deepseek-r1:7b,-1
2025-06-08T17:20:28.005962,3.05662,0.0,0.0,62536.75,51.4,63636.03125,0,0.0,148.390625,deepseek-r1:7b,-1
2025-06-08T17:20:28.110524,3.161182,13.8,0.0,62532.375,51.4,63636.078125,0,0.0,148.390625,deepseek-r1:7b,-1
2025-06-08T17:20:28.215938,3.266596,10.8,0.0,62532.25,51.5,63635.28125,0,0.0,148.390625,deepseek-r1:7b,-1
2025-06-08T17:20:28.318107,3.368765,9.9,0.0,62532.25,51.5,63635.28125,0,0.0,148.390625,deepseek-r1:7b,-1
2025-06-08T17:20:28.422895,3.473553,11.1,0.0,62532.25,51.5,63635.28125,0,0.0,148.390625,deepseek-r1:7b,-1
2025-06-08T17:20:28.528249,3.578907,12.0,0.0,62532.25,51.5,63635.28125,0,0.0,148.390625,deepseek-r1:7b,-1
2025-06-08T17:20:28.633582,3.68424,9.5,0.0,62532.25,51.5,63635.28125,0,0.0,148.390625,deepseek-r1:7b,-1
2025-06-08T17:20:28.735797,3.786455,14.1,0.0,62532.25,51.5,63635.28125,0,0.0,148.390625,deepseek-r1:7b,-1
2025-06-08T17:20:28.837984,3.888642,0.0,0.0,62532.25,51.5,63635.28125,0,0.0,148.390625,deepseek-r1:7b,-1
2025-06-08T17:20:28.942878,3.993536,0.0,0.0,62532.25,51.5,63635.28125,0,0.0,148.390625,deepseek-r1:7b,-1
2025-06-08T17:20:29.044345,4.095003,0.0,0.0,62532.25,51.5,63635.28125,0,0.0,148.390625,deepseek-r1:7b,-1
2025-06-08T17:20:29.149552,4.20021,11.7,0.0,62532.03125,51.4,63639.234375,0,0.0,148.390625,deepseek-r1:7b,-1
2025-06-08T17:20:29.252837,4.303495,10.8,0.0,62531.96875,51.4,63639.671875,0,0.0,148.390625,deepseek-r1:7b,-1
2025-06-08T17:20:29.356670,4.407328,0.0,0.0,62531.984375,51.4,63635.875,0,0.0,148.390625,deepseek-r1:7b,-1
2025-06-08T17:20:29.458152,4.50881,0.0,0.0,62531.984375,51.4,63635.875,0,0.0,148.390625,deepseek-r1:7b,-1
2025-06-08T17:20:29.562984,4.613642,0.0,0.0,62531.984375,51.4,63635.875,0,0.0,148.390625,deepseek-r1:7b,-1
2025-06-08T17:20:29.667928,4.718586,0.0,0.0,62531.984375,51.4,63635.875,0,0.0,148.390625,deepseek-r1:7b,-1
2025-06-08T17:20:29.773488,4.824146,0.0,0.0,62531.984375,51.4,63635.875,0,0.0,148.390625,deepseek-r1:7b,-1
2025-06-08T17:20:29.877832,4.92849,0.0,0.0,62531.984375,51.4,63635.875,0,0.0,148.390625,deepseek-r1:7b,-1
2025-06-08T17:20:29.980855,5.031513,0.0,0.0,62531.984375,51.4,63635.875,0,0.0,148.390625,deepseek-r1:7b,-1
2025-06-08T17:20:30.084551,5.135209,0.0,0.0,62531.984375,51.4,63635.875,0,0.0,148.390625,deepseek-r1:7b,-1
2025-06-08T17:20:30.189894,5.240552,11.2,0.0,62526.578125,51.4,63642.921875,0,0.0,148.390625,deepseek-r1:7b,-1
2025-06-08T17:20:30.295251,5.345909,10.8,0.0,62526.546875,51.4,63639.34375,0,0.0,148.390625,deepseek-r1:7b,-1
2025-06-08T17:20:30.400610,5.451268,10.2,0.0,62526.546875,51.4,63639.34375,0,0.0,148.390625,deepseek-r1:7b,-1
2025-06-08T17:20:30.505837,5.556495,0.0,0.0,62526.546875,51.4,63639.34375,0,0.0,148.390625,deepseek-r1:7b,-1
2025-06-08T17:20:30.610439,5.661097,0.0,0.0,62526.546875,51.4,63639.34375,0,0.0,148.390625,deepseek-r1:7b,-1
2025-06-08T17:20:30.715793,5.766451,0.0,0.0,62526.546875,51.4,63639.34375,0,0.0,148.390625,deepseek-r1:7b,-1
2025-06-08T17:20:30.816885,5.867543,0.0,0.0,62526.546875,51.4,63639.34375,0,0.0,148.390625,deepseek-r1:7b,-1
2025-06-08T17:20:30.922005,5.972663,0.0,0.0,62526.546875,51.4,63639.34375,0,0.0,148.390625,deepseek-r1:7b,-1
2025-06-08T17:20:31.026179,6.076837,0.0,0.0,62526.546875,51.4,63639.34375,0,0.0,148.390625,deepseek-r1:7b,-1
2025-06-08T17:20:31.127819,6.178477,0.0,0.0,62526.546875,51.4,63639.34375,0,0.0,148.390625,deepseek-r1:7b,-1
2025-06-08T17:20:31.233180,6.283838,11.4,0.0,62527.9375,51.4,63639.4375,0,0.0,148.390625,deepseek-r1:7b,-1
2025-06-08T17:20:31.338653,6.389311,10.2,0.0,62527.9375,51.4,63642.3125,0,0.0,148.390625,deepseek-r1:7b,-1
2025-06-08T17:20:31.444136,6.494794,10.7,0.0,62527.9375,51.4,63642.75,0,0.0,148.390625,deepseek-r1:7b,-1
2025-06-08T17:20:31.547481,6.598139,9.9,0.0,62527.9375,51.4,63642.75,0,0.0,148.390625,deepseek-r1:7b,-1
2025-06-08T17:20:31.652852,6.70351,15.4,0.0,62527.9375,51.4,63642.75,0,0.0,148.390625,deepseek-r1:7b,-1
2025-06-08T17:20:31.756472,6.80713,0.0,0.0,62527.9375,51.4,63642.75,0,0.0,148.390625,deepseek-r1:7b,-1
2025-06-08T17:20:31.857484,6.908142,0.0,0.0,62527.9375,51.4,63642.75,0,0.0,148.390625,deepseek-r1:7b,-1
2025-06-08T17:20:31.962995,7.013653,0.0,0.0,62527.9375,51.4,63642.75,0,0.0,148.390625,deepseek-r1:7b,-1
2025-06-08T17:20:32.068357,7.119015,0.0,0.0,62527.9375,51.4,63642.75,0,0.0,148.390625,deepseek-r1:7b,-1
2025-06-08T17:20:32.173719,7.224377,0.0,0.0,62527.9375,51.4,63642.75,0,0.0,148.390625,deepseek-r1:7b,-1
2025-06-08T17:20:32.279065,7.329723,11.0,0.0,62527.109375,51.4,63647.625,0,0.0,148.390625,deepseek-r1:7b,-1
2025-06-08T17:20:32.384413,7.435071,11.0,0.0,62526.84375,51.4,63644.109375,0,0.0,148.390625,deepseek-r1:7b,-1
2025-06-08T17:20:32.489131,7.539789,11.0,0.0,62526.65625,51.4,63643.296875,0,0.0,148.390625,deepseek-r1:7b,-1
2025-06-08T17:20:32.592793,7.643451,10.2,0.0,62526.6875,51.4,63643.53125,0,0.0,148.390625,deepseek-r1:7b,-1
2025-06-08T17:20:32.697449,7.748107,12.0,0.0,62526.6875,51.4,63643.53125,0,0.0,148.390625,deepseek-r1:7b,-1
2025-06-08T17:20:32.801122,7.85178,12.4,0.0,62526.6875,51.4,63643.53125,0,0.0,148.390625,deepseek-r1:7b,-1
2025-06-08T17:20:34.956548,0.043056,12.6,0.0,60981.984375,50.3,65185.875,0,0.0,148.390625,deepseek-r1:7b,-1
2025-06-08T17:20:35.061725,0.148233,18.7,0.0,61522.203125,50.7,64642.015625,0,0.0,148.390625,deepseek-r1:7b,-1
2025-06-08T17:20:35.163208,0.249716,16.3,0.0,62228.0625,51.2,63933.796875,0,0.0,148.390625,deepseek-r1:7b,-1
2025-06-08T17:20:35.268252,0.35476,13.2,0.0,62665.109375,51.6,63502.21875,0,0.0,148.390625,deepseek-r1:7b,-1
2025-06-08T17:20:35.371893,0.458401,0.0,0.0,62665.109375,51.6,63502.21875,0,0.0,148.390625,deepseek-r1:7b,-1
2025-06-08T17:20:35.477267,0.563775,0.0,0.0,62665.109375,51.6,63502.21875,0,0.0,148.390625,deepseek-r1:7b,-1
2025-06-08T17:20:35.581172,0.66768,0.0,0.0,62665.109375,51.6,63502.21875,0,0.0,148.390625,deepseek-r1:7b,-1
2025-06-08T17:20:35.686633,0.773141,0.0,0.0,62665.109375,51.6,63502.21875,0,0.0,148.390625,deepseek-r1:7b,-1
2025-06-08T17:20:35.788984,0.875492,0.0,0.0,62665.109375,51.6,63502.21875,0,0.0,148.390625,deepseek-r1:7b,-1
2025-06-08T17:20:35.893654,0.980162,0.0,0.0,62665.109375,51.6,63502.21875,0,0.0,148.390625,deepseek-r1:7b,-1
2025-06-08T17:20:35.996863,1.083371,11.0,0.0,62663.671875,51.6,63502.484375,0,0.0,148.390625,deepseek-r1:7b,-1
2025-06-08T17:20:36.102254,1.188762,14.6,0.0,62552.859375,51.5,63609.890625,0,0.0,148.390625,deepseek-r1:7b,-1
2025-06-08T17:20:36.207491,1.293999,10.7,0.0,62544.828125,51.5,63619.5,0,0.0,148.390625,deepseek-r1:7b,-1
2025-06-08T17:20:36.310306,1.396814,0.0,0.0,62544.828125,51.5,63619.5,0,0.0,148.390625,deepseek-r1:7b,-1
2025-06-08T17:20:36.415260,1.501768,0.0,0.0,62544.828125,51.5,63619.5,0,0.0,148.390625,deepseek-r1:7b,-1
2025-06-08T17:20:36.518225,1.604733,0.0,0.0,62544.828125,51.5,63619.5,0,0.0,148.390625,deepseek-r1:7b,-1
2025-06-08T17:20:36.621865,1.708373,0.0,0.0,62544.828125,51.5,63619.5,0,0.0,148.390625,deepseek-r1:7b,-1
2025-06-08T17:20:36.724217,1.810725,0.0,0.0,62544.828125,51.5,63619.5,0,0.0,148.390625,deepseek-r1:7b,-1
2025-06-08T17:20:36.826521,1.913029,0.0,0.0,62544.828125,51.5,63619.5,0,0.0,148.390625,deepseek-r1:7b,-1
2025-06-08T17:20:36.930184,2.016692,0.0,0.0,62544.828125,51.5,63619.5,0,0.0,148.390625,deepseek-r1:7b,-1
2025-06-08T17:20:37.035545,2.122053,12.1,0.0,62545.546875,51.5,63616.171875,0,0.0,148.390625,deepseek-r1:7b,-1
2025-06-08T17:20:37.140064,2.226572,10.8,0.0,62545.546875,51.5,63616.546875,0,0.0,148.390625,deepseek-r1:7b,-1
2025-06-08T17:20:37.245462,2.33197,9.9,0.0,62545.546875,51.5,63619.46875,0,0.0,148.390625,deepseek-r1:7b,-1
2025-06-08T17:20:37.349267,2.435775,12.3,0.0,62545.546875,51.5,63619.46875,0,0.0,148.390625,deepseek-r1:7b,-1
2025-06-08T17:20:37.452082,2.53859,10.2,0.0,62545.546875,51.5,63619.46875,0,0.0,148.390625,deepseek-r1:7b,-1
2025-06-08T17:20:37.555252,2.64176,10.2,0.0,62545.546875,51.5,63619.46875,0,0.0,148.390625,deepseek-r1:7b,-1
2025-06-08T17:20:37.657823,2.744331,12.3,0.0,62545.546875,51.5,63619.46875,0,0.0,148.390625,deepseek-r1:7b,-1
2025-06-08T17:20:37.759815,2.846323,14.3,0.0,62545.546875,51.5,63619.46875,0,0.0,148.390625,deepseek-r1:7b,-1
2025-06-08T17:20:37.861492,2.948,11.0,0.0,62545.546875,51.5,63619.46875,0,0.0,148.390625,deepseek-r1:7b,-1
2025-06-08T17:20:37.963542,3.05005,0.0,0.0,62545.546875,51.5,63619.46875,0,0.0,148.390625,deepseek-r1:7b,-1
2025-06-08T17:20:38.064854,3.151362,10.8,0.0,62541.1875,51.5,63622.0625,0,0.0,148.390625,deepseek-r1:7b,-1
2025-06-08T17:20:38.170271,3.256779,10.2,0.0,62541.515625,51.5,63626.34375,0,0.0,148.390625,deepseek-r1:7b,-1
2025-06-08T17:20:38.275683,3.362191,12.4,0.0,62541.5,51.5,63629.453125,0,0.0,148.390625,deepseek-r1:7b,-1
2025-06-08T17:20:38.380140,3.466648,10.9,0.0,62541.21875,51.5,63625.96875,0,0.0,148.390625,deepseek-r1:7b,-1
2025-06-08T17:20:38.484809,3.571317,10.0,0.0,62541.21875,51.5,63625.96875,0,0.0,148.390625,deepseek-r1:7b,-1
2025-06-08T17:20:38.590179,3.676687,11.4,0.0,62541.21875,51.5,63625.96875,0,0.0,148.390625,deepseek-r1:7b,-1
2025-06-08T17:20:38.692227,3.778735,11.0,0.0,62541.21875,51.5,63625.96875,0,0.0,148.390625,deepseek-r1:7b,-1
2025-06-08T17:20:38.796933,3.883441,0.0,0.0,62541.21875,51.5,63625.96875,0,0.0,148.390625,deepseek-r1:7b,-1
2025-06-08T17:20:38.897868,3.984376,0.0,0.0,62541.21875,51.5,63625.96875,0,0.0,148.390625,deepseek-r1:7b,-1
2025-06-08T17:20:39.003251,4.089759,0.0,0.0,62541.21875,51.5,63625.96875,0,0.0,148.390625,deepseek-r1:7b,-1
2025-06-08T17:20:39.106012,4.19252,12.3,0.0,62541.28125,51.5,63629.046875,0,0.0,148.390625,deepseek-r1:7b,-1
2025-06-08T17:20:39.211300,4.297808,11.4,0.0,62541.265625,51.5,63629.28125,0,0.0,148.390625,deepseek-r1:7b,-1
2025-06-08T17:20:39.316763,4.403271,9.5,0.0,62541.265625,51.5,63629.28125,0,0.0,148.390625,deepseek-r1:7b,-1
2025-06-08T17:20:39.421775,4.508283,10.8,0.0,62541.265625,51.5,63629.28125,0,0.0,148.390625,deepseek-r1:7b,-1
2025-06-08T17:20:39.526441,4.612949,11.4,0.0,62541.265625,51.5,63629.28125,0,0.0,148.390625,deepseek-r1:7b,-1
2025-06-08T17:20:39.631962,4.71847,0.0,0.0,62541.265625,51.5,63629.28125,0,0.0,148.390625,deepseek-r1:7b,-1
2025-06-08T17:20:39.737323,4.823831,0.0,0.0,62541.265625,51.5,63629.28125,0,0.0,148.390625,deepseek-r1:7b,-1
2025-06-08T17:20:39.842596,4.929104,0.0,0.0,62541.265625,51.5,63629.28125,0,0.0,148.390625,deepseek-r1:7b,-1
2025-06-08T17:20:39.944884,5.031392,0.0,0.0,62541.265625,51.5,63629.28125,0,0.0,148.390625,deepseek-r1:7b,-1
2025-06-08T17:20:40.046819,5.133327,0.0,0.0,62541.265625,51.5,63629.28125,0,0.0,148.390625,deepseek-r1:7b,-1
2025-06-08T17:20:40.151220,5.237728,11.6,0.0,62530.703125,51.4,63640.125,0,0.0,148.390625,deepseek-r1:7b,-1
2025-06-08T17:20:40.256317,5.342825,11.2,0.0,62530.71875,51.4,63636.375,0,0.0,148.390625,deepseek-r1:7b,-1
2025-06-08T17:20:40.361735,5.448243,10.7,0.0,62530.71875,51.4,63636.375,0,0.0,148.390625,deepseek-r1:7b,-1
2025-06-08T17:20:40.463612,5.55012,11.0,0.0,62530.71875,51.4,63636.375,0,0.0,148.390625,deepseek-r1:7b,-1
2025-06-08T17:20:40.568079,5.654587,0.0,0.0,62530.71875,51.4,63636.375,0,0.0,148.390625,deepseek-r1:7b,-1
2025-06-08T17:20:40.672004,5.758512,0.0,0.0,62530.71875,51.4,63636.375,0,0.0,148.390625,deepseek-r1:7b,-1
2025-06-08T17:20:40.774990,5.861498,0.0,0.0,62530.71875,51.4,63636.375,0,0.0,148.390625,deepseek-r1:7b,-1
2025-06-08T17:20:40.880327,5.966835,0.0,0.0,62530.71875,51.4,63636.375,0,0.0,148.390625,deepseek-r1:7b,-1
2025-06-08T17:20:40.985625,6.072133,0.0,0.0,62530.71875,51.4,63636.375,0,0.0,148.390625,deepseek-r1:7b,-1
2025-06-08T17:20:41.090315,6.176823,0.0,0.0,62530.71875,51.4,63636.375,0,0.0,148.390625,deepseek-r1:7b,-1
2025-06-08T17:20:41.195681,6.282189,11.5,0.0,62530.421875,51.4,63636.0,0,0.0,148.390625,deepseek-r1:7b,-1
2025-06-08T17:20:41.300901,6.387409,12.5,0.0,62530.421875,51.4,63636.421875,0,0.0,148.390625,deepseek-r1:7b,-1
2025-06-08T17:20:41.402657,6.489165,9.7,0.0,62530.421875,51.4,63640.625,0,0.0,148.390625,deepseek-r1:7b,-1
2025-06-08T17:20:41.503305,6.589813,10.0,0.0,62530.421875,51.4,63640.625,0,0.0,148.390625,deepseek-r1:7b,-1
2025-06-08T17:20:41.604252,6.69076,12.4,0.0,62530.421875,51.4,63640.625,0,0.0,148.390625,deepseek-r1:7b,-1
2025-06-08T17:20:41.709616,6.796124,0.0,0.0,62530.421875,51.4,63640.625,0,0.0,148.390625,deepseek-r1:7b,-1
2025-06-08T17:20:41.813497,6.900005,0.0,0.0,62530.421875,51.4,63640.625,0,0.0,148.390625,deepseek-r1:7b,-1
2025-06-08T17:20:41.918786,7.005294,0.0,0.0,62530.421875,51.4,63640.625,0,0.0,148.390625,deepseek-r1:7b,-1
2025-06-08T17:20:42.021714,7.108222,0.0,0.0,62530.421875,51.4,63640.625,0,0.0,148.390625,deepseek-r1:7b,-1
2025-06-08T17:20:42.122155,7.208663,0.0,0.0,62530.421875,51.4,63640.625,0,0.0,148.390625,deepseek-r1:7b,-1
2025-06-08T17:20:42.227575,7.314083,11.7,0.0,62530.375,51.4,63639.796875,0,0.0,148.390625,deepseek-r1:7b,-1
2025-06-08T17:20:42.328831,7.415339,11.2,0.0,62530.375,51.4,63640.15625,0,0.0,148.390625,deepseek-r1:7b,-1
2025-06-08T17:20:42.429441,7.515949,10.6,0.0,62530.359375,51.4,63643.0625,0,0.0,148.390625,deepseek-r1:7b,-1
2025-06-08T17:20:42.534702,7.62121,0.0,0.0,62530.359375,51.4,63643.0625,0,0.0,148.390625,deepseek-r1:7b,-1
2025-06-08T17:20:42.640139,7.726647,0.0,0.0,62530.359375,51.4,63643.0625,0,0.0,148.390625,deepseek-r1:7b,-1
2025-06-08T17:20:42.745194,7.831702,0.0,0.0,62530.359375,51.4,63643.0625,0,0.0,148.390625,deepseek-r1:7b,-1
2025-06-08T17:20:42.850563,7.937071,0.0,0.0,62530.359375,51.4,63643.0625,0,0.0,148.390625,deepseek-r1:7b,-1
2025-06-08T17:20:42.951427,8.037935,0.0,0.0,62530.359375,51.4,63643.0625,0,0.0,148.390625,deepseek-r1:7b,-1
2025-06-08T17:20:43.055037,8.141545,0.0,0.0,62530.359375,51.4,63643.0625,0,0.0,148.390625,deepseek-r1:7b,-1
2025-06-08T17:20:43.159689,8.246197,0.0,0.0,62530.359375,51.4,63643.0625,0,0.0,148.390625,deepseek-r1:7b,-1
2025-06-08T17:20:43.263193,8.349701,11.7,0.0,62528.859375,51.4,63638.921875,0,0.0,148.390625,deepseek-r1:7b,-1
2025-06-08T17:20:43.368502,8.45501,10.4,0.0,62528.78125,51.4,63639.359375,0,0.0,148.390625,deepseek-r1:7b,-1
2025-06-08T17:20:43.473893,8.560401,11.6,0.0,62518.421875,51.4,63653.015625,0,0.0,148.390625,deepseek-r1:7b,-1
2025-06-08T17:20:43.574938,8.661446,10.6,0.0,62518.421875,51.4,63653.015625,0,0.0,148.390625,deepseek-r1:7b,-1
2025-06-08T17:20:43.679993,8.766501,12.7,0.0,62518.421875,51.4,63653.015625,0,0.0,148.390625,deepseek-r1:7b,-1
2025-06-08T17:20:43.781491,8.867999,12.5,0.0,62518.421875,51.4,63653.015625,0,0.0,148.390625,deepseek-r1:7b,-1
2025-06-08T17:20:43.886976,8.973484,0.0,0.0,62518.421875,51.4,63653.015625,0,0.0,148.390625,deepseek-r1:7b,-1
2025-06-08T17:20:43.988417,9.074925,0.0,0.0,62518.421875,51.4,63653.015625,0,0.0,148.390625,deepseek-r1:7b,-1
2025-06-08T17:20:44.093796,9.180304,0.0,0.0,62518.421875,51.4,63653.015625,0,0.0,148.390625,deepseek-r1:7b,-1
2025-06-08T17:20:44.197664,9.284172,0.0,0.0,62518.421875,51.4,63653.015625,0,0.0,148.390625,deepseek-r1:7b,-1
2025-06-08T17:20:44.298760,9.385268,12.8,0.0,62525.078125,51.4,63643.84375,0,0.0,148.390625,deepseek-r1:7b,-1
2025-06-08T17:20:44.399606,9.486114,11.3,0.0,62525.078125,51.4,63643.84375,0,0.0,148.390625,deepseek-r1:7b,-1
2025-06-08T17:20:44.504958,9.591466,11.6,0.0,62525.078125,51.4,63643.84375,0,0.0,148.390625,deepseek-r1:7b,-1
2025-06-08T17:20:44.607049,9.693557,12.3,0.0,62525.078125,51.4,63643.84375,0,0.0,148.390625,deepseek-r1:7b,-1
2025-06-08T17:20:44.712430,9.798938,12.7,0.0,62525.078125,51.4,63643.84375,0,0.0,148.390625,deepseek-r1:7b,-1
2025-06-08T17:20:44.814022,9.90053,13.4,0.0,62525.078125,51.4,63643.84375,0,0.0,148.390625,deepseek-r1:7b,-1
2025-06-08T17:20:44.919409,10.005917,12.6,0.0,62525.078125,51.4,63643.84375,0,0.0,148.390625,deepseek-r1:7b,-1
2025-06-08T17:20:45.023772,10.11028,9.1,0.0,62525.078125,51.4,63643.84375,0,0.0,148.390625,deepseek-r1:7b,-1
2025-06-08T17:20:45.127726,10.214234,12.0,0.0,62525.078125,51.4,63643.84375,0,0.0,148.390625,deepseek-r1:7b,-1
2025-06-08T17:20:45.233116,10.319624,11.2,0.0,62525.078125,51.4,63643.84375,0,0.0,148.390625,deepseek-r1:7b,-1
2025-06-08T17:20:45.338279,10.424787,11.4,0.0,62520.9375,51.4,63638.6875,0,0.0,148.390625,deepseek-r1:7b,-1
2025-06-08T17:20:45.439062,10.52557,10.5,0.0,62520.96875,51.4,63641.625,0,0.0,148.390625,deepseek-r1:7b,-1
2025-06-08T17:20:45.539892,10.6264,11.2,0.0,62520.921875,51.4,63642.140625,0,0.0,148.390625,deepseek-r1:7b,-1
2025-06-08T17:20:45.645242,10.73175,11.2,0.0,62520.921875,51.4,63642.140625,0,0.0,148.390625,deepseek-r1:7b,-1
2025-06-08T17:20:45.745950,10.832458,10.6,0.0,62520.921875,51.4,63642.140625,0,0.0,148.390625,deepseek-r1:7b,-1
2025-06-08T17:20:45.846630,10.933138,13.0,0.0,62520.921875,51.4,63642.140625,0,0.0,148.390625,deepseek-r1:7b,-1
2025-06-08T17:20:45.951954,11.038462,9.6,0.0,62520.921875,51.4,63642.140625,0,0.0,148.390625,deepseek-r1:7b,-1
2025-06-08T17:20:46.057119,11.143627,0.0,0.0,62520.921875,51.4,63642.140625,0,0.0,148.390625,deepseek-r1:7b,-1
2025-06-08T17:20:46.159414,11.245922,0.0,0.0,62520.921875,51.4,63642.140625,0,0.0,148.390625,deepseek-r1:7b,-1
2025-06-08T17:20:46.260544,11.347052,0.0,0.0,62520.921875,51.4,63642.140625,0,0.0,148.390625,deepseek-r1:7b,-1
2025-06-08T17:20:46.365902,11.45241,11.4,0.0,62515.203125,51.4,63647.453125,0,0.0,148.390625,deepseek-r1:7b,-1
2025-06-08T17:20:46.466530,11.553038,11.2,0.0,62515.203125,51.4,63647.453125,0,0.0,148.390625,deepseek-r1:7b,-1
2025-06-08T17:20:46.571868,11.658376,10.2,0.0,62515.203125,51.4,63647.453125,0,0.0,148.390625,deepseek-r1:7b,-1
2025-06-08T17:20:46.676334,11.762842,10.1,0.0,62515.203125,51.4,63647.453125,0,0.0,148.390625,deepseek-r1:7b,-1
2025-06-08T17:20:46.781705,11.868213,13.6,0.0,62515.203125,51.4,63647.453125,0,0.0,148.390625,deepseek-r1:7b,-1
2025-06-08T17:20:46.882647,11.969155,9.4,0.0,62515.203125,51.4,63647.453125,0,0.0,148.390625,deepseek-r1:7b,-1
2025-06-08T17:20:46.983394,12.069902,11.7,0.0,62515.203125,51.4,63647.453125,0,0.0,148.390625,deepseek-r1:7b,-1
2025-06-08T17:20:47.084900,12.171408,11.3,0.0,62515.203125,51.4,63647.453125,0,0.0,148.390625,deepseek-r1:7b,-1
2025-06-08T17:20:47.190292,12.2768,11.9,0.0,62515.203125,51.4,63647.453125,0,0.0,148.390625,deepseek-r1:7b,-1
2025-06-08T17:20:47.291794,12.378302,0.0,0.0,62515.203125,51.4,63647.453125,0,0.0,148.390625,deepseek-r1:7b,-1
2025-06-08T17:20:47.392997,12.479505,13.3,0.0,62512.890625,51.4,63650.625,0,0.0,148.390625,deepseek-r1:7b,-1
2025-06-08T17:20:47.494816,12.581324,27.5,0.0,62508.875,51.4,63654.90625,0,0.0,148.390625,deepseek-r1:7b,-1
2025-06-08T17:20:47.597126,12.683634,24.5,0.0,62502.421875,51.4,63667.625,0,0.0,148.390625,deepseek-r1:7b,-1
2025-06-08T17:20:47.698171,12.784679,28.9,0.0,62502.421875,51.4,63667.625,0,0.0,148.390625,deepseek-r1:7b,-1
2025-06-08T17:20:47.803048,12.889556,18.3,0.0,62502.421875,51.4,63667.625,0,0.0,148.390625,deepseek-r1:7b,-1
2025-06-08T17:20:47.908061,12.994569,10.8,0.0,62502.421875,51.4,63667.625,0,0.0,148.390625,deepseek-r1:7b,-1
2025-06-08T17:20:48.013218,13.099726,12.5,0.0,62502.421875,51.4,63667.625,0,0.0,148.390625,deepseek-r1:7b,-1
2025-06-08T17:20:48.118598,13.205106,12.0,0.0,62502.421875,51.4,63667.625,0,0.0,148.390625,deepseek-r1:7b,-1
2025-06-08T17:20:48.220679,13.307187,14.6,0.0,62502.421875,51.4,63667.625,0,0.0,148.390625,deepseek-r1:7b,-1
2025-06-08T17:20:48.325703,13.412211,11.0,0.0,62502.421875,51.4,63667.625,0,0.0,148.390625,deepseek-r1:7b,-1
2025-06-08T17:20:48.426706,13.513214,12.9,0.0,62542.046875,51.5,63629.46875,0,0.0,148.390625,deepseek-r1:7b,-1
2025-06-08T17:20:48.532078,13.618586,17.8,0.0,62542.046875,51.5,63629.46875,0,0.0,148.390625,deepseek-r1:7b,-1
2025-06-08T17:20:48.632939,13.719447,0.0,0.0,62542.046875,51.5,63629.46875,0,0.0,148.390625,deepseek-r1:7b,-1
2025-06-08T17:20:48.736590,13.823098,0.0,0.0,62542.046875,51.5,63629.46875,0,0.0,148.390625,deepseek-r1:7b,-1
2025-06-08T17:20:48.837067,13.923575,0.0,0.0,62542.046875,51.5,63629.46875,0,0.0,148.390625,deepseek-r1:7b,-1
2025-06-08T17:20:50.990775,0.043584,12.2,0.0,60993.859375,50.3,65188.875,0,0.0,148.390625,deepseek-r1:7b,-1
2025-06-08T17:20:51.095955,0.148764,17.8,0.0,61529.765625,50.7,64654.4375,0,0.0,148.390625,deepseek-r1:7b,-1
2025-06-08T17:20:51.198762,0.251571,17.1,0.0,61529.765625,50.7,64654.4375,0,0.0,148.390625,deepseek-r1:7b,-1
2025-06-08T17:20:51.304120,0.356929,10.1,0.0,61529.765625,50.7,64654.4375,0,0.0,148.390625,deepseek-r1:7b,-1
2025-06-08T17:20:51.408970,0.461779,11.5,0.0,61529.765625,50.7,64654.4375,0,0.0,148.390625,deepseek-r1:7b,-1
2025-06-08T17:20:51.509553,0.562362,10.4,0.0,61529.765625,50.7,64654.4375,0,0.0,148.390625,deepseek-r1:7b,-1
2025-06-08T17:20:51.613636,0.666445,0.0,0.0,61529.765625,50.7,64654.4375,0,0.0,148.390625,deepseek-r1:7b,-1
2025-06-08T17:20:51.719000,0.771809,0.0,0.0,61529.765625,50.7,64654.4375,0,0.0,148.390625,deepseek-r1:7b,-1
2025-06-08T17:20:51.824465,0.877274,0.0,0.0,61529.765625,50.7,64654.4375,0,0.0,148.390625,deepseek-r1:7b,-1
2025-06-08T17:20:51.929772,0.982581,0.0,0.0,61529.765625,50.7,64654.4375,0,0.0,148.390625,deepseek-r1:7b,-1
2025-06-08T17:20:52.035214,1.088023,10.9,0.0,62689.03125,51.6,63491.875,0,0.0,148.390625,deepseek-r1:7b,-1
2025-06-08T17:20:52.138615,1.191424,11.8,0.0,62576.890625,51.5,63604.375,0,0.0,148.390625,deepseek-r1:7b,-1
2025-06-08T17:20:52.241825,1.294634,10.4,0.0,62568.8125,51.5,63608.828125,0,0.0,148.390625,deepseek-r1:7b,-1
2025-06-08T17:20:52.346944,1.399753,13.2,0.0,62568.859375,51.5,63607.125,0,0.0,148.390625,deepseek-r1:7b,-1
2025-06-08T17:20:52.448625,1.501434,0.0,0.0,62568.859375,51.5,63607.125,0,0.0,148.390625,deepseek-r1:7b,-1
2025-06-08T17:20:52.549256,1.602065,0.0,0.0,62568.859375,51.5,63607.125,0,0.0,148.390625,deepseek-r1:7b,-1
2025-06-08T17:20:52.652939,1.705748,0.0,0.0,62568.859375,51.5,63607.125,0,0.0,148.390625,deepseek-r1:7b,-1
2025-06-08T17:20:52.758311,1.81112,0.0,0.0,62568.859375,51.5,63607.125,0,0.0,148.390625,deepseek-r1:7b,-1
2025-06-08T17:20:52.858964,1.911773,0.0,0.0,62568.859375,51.5,63607.125,0,0.0,148.390625,deepseek-r1:7b,-1
2025-06-08T17:20:52.964342,2.017151,0.0,0.0,62568.859375,51.5,63607.125,0,0.0,148.390625,deepseek-r1:7b,-1
2025-06-08T17:20:53.067267,2.120076,10.4,0.0,62567.734375,51.5,63606.78125,0,0.0,148.390625,deepseek-r1:7b,-1
2025-06-08T17:20:53.172640,2.225449,10.6,0.0,62566.703125,51.5,63604.34375,0,0.0,148.390625,deepseek-r1:7b,-1
2025-06-08T17:20:53.277994,2.330803,17.6,0.0,62566.703125,51.5,63604.546875,0,0.0,148.390625,deepseek-r1:7b,-1
2025-06-08T17:20:53.378968,2.431777,13.8,0.0,62566.703125,51.5,63604.546875,0,0.0,148.390625,deepseek-r1:7b,-1
2025-06-08T17:20:53.479986,2.532795,0.0,0.0,62566.703125,51.5,63604.546875,0,0.0,148.390625,deepseek-r1:7b,-1
2025-06-08T17:20:53.585365,2.638174,0.0,0.0,62566.703125,51.5,63604.546875,0,0.0,148.390625,deepseek-r1:7b,-1
2025-06-08T17:20:53.689951,2.74276,0.0,0.0,62566.703125,51.5,63604.546875,0,0.0,148.390625,deepseek-r1:7b,-1
2025-06-08T17:20:53.790836,2.843645,0.0,0.0,62566.703125,51.5,63604.546875,0,0.0,148.390625,deepseek-r1:7b,-1
2025-06-08T17:20:53.896167,2.948976,0.0,0.0,62566.703125,51.5,63604.546875,0,0.0,148.390625,deepseek-r1:7b,-1
2025-06-08T17:20:53.996888,3.049697,0.0,0.0,62566.703125,51.5,63604.546875,0,0.0,148.390625,deepseek-r1:7b,-1
2025-06-08T17:20:54.101484,3.154293,10.0,0.0,62562.03125,51.5,63613.15625,0,0.0,148.390625,deepseek-r1:7b,-1
2025-06-08T17:20:54.206873,3.259682,11.4,0.0,62561.5,51.5,63613.984375,0,0.0,148.390625,deepseek-r1:7b,-1
2025-06-08T17:20:54.307636,3.360445,8.8,0.0,62561.484375,51.5,63614.140625,0,0.0,148.390625,deepseek-r1:7b,-1
2025-06-08T17:20:54.413215,3.466024,11.8,0.0,62561.484375,51.5,63614.140625,0,0.0,148.390625,deepseek-r1:7b,-1
2025-06-08T17:20:54.518027,3.570836,10.8,0.0,62561.484375,51.5,63614.140625,0,0.0,148.390625,deepseek-r1:7b,-1
2025-06-08T17:20:54.619138,3.671947,10.4,0.0,62561.484375,51.5,63614.140625,0,0.0,148.390625,deepseek-r1:7b,-1
2025-06-08T17:20:54.724462,3.777271,10.2,0.0,62561.484375,51.5,63614.140625,0,0.0,148.390625,deepseek-r1:7b,-1
2025-06-08T17:20:54.827314,3.880123,14.1,0.0,62561.484375,51.5,63614.140625,0,0.0,148.390625,deepseek-r1:7b,-1
2025-06-08T17:20:54.932676,3.985485,0.0,0.0,62561.484375,51.5,63614.140625,0,0.0,148.390625,deepseek-r1:7b,-1
2025-06-08T17:20:55.038030,4.090839,0.0,0.0,62561.484375,51.5,63614.140625,0,0.0,148.390625,deepseek-r1:7b,-1
2025-06-08T17:20:55.143175,4.195984,13.1,0.0,62562.484375,51.5,63612.125,0,0.0,148.390625,deepseek-r1:7b,-1
2025-06-08T17:20:55.248530,4.301339,12.2,0.0,62562.484375,51.5,63612.453125,0,0.0,148.390625,deepseek-r1:7b,-1
2025-06-08T17:20:55.354086,4.406895,10.8,0.0,62562.484375,51.5,63612.453125,0,0.0,148.390625,deepseek-r1:7b,-1
2025-06-08T17:20:55.456514,4.509323,0.0,0.0,62562.484375,51.5,63612.453125,0,0.0,148.390625,deepseek-r1:7b,-1
2025-06-08T17:20:55.557668,4.610477,0.0,0.0,62562.484375,51.5,63612.453125,0,0.0,148.390625,deepseek-r1:7b,-1
2025-06-08T17:20:55.663041,4.71585,0.0,0.0,62562.484375,51.5,63612.453125,0,0.0,148.390625,deepseek-r1:7b,-1
2025-06-08T17:20:55.768520,4.821329,0.0,0.0,62562.484375,51.5,63612.453125,0,0.0,148.390625,deepseek-r1:7b,-1
2025-06-08T17:20:55.870843,4.923652,0.0,0.0,62562.484375,51.5,63612.453125,0,0.0,148.390625,deepseek-r1:7b,-1
2025-06-08T17:20:55.972134,5.024943,0.0,0.0,62562.484375,51.5,63612.453125,0,0.0,148.390625,deepseek-r1:7b,-1
2025-06-08T17:20:56.077703,5.130512,0.0,0.0,62562.484375,51.5,63612.453125,0,0.0,148.390625,deepseek-r1:7b,-1
2025-06-08T17:20:56.180006,5.232815,10.7,0.0,62551.75,51.5,63624.03125,0,0.0,148.390625,deepseek-r1:7b,-1
2025-06-08T17:20:56.285372,5.338181,11.4,0.0,62551.75,51.5,63624.03125,0,0.0,148.390625,deepseek-r1:7b,-1
2025-06-08T17:20:56.390734,5.443543,0.0,0.0,62551.75,51.5,63624.03125,0,0.0,148.390625,deepseek-r1:7b,-1
2025-06-08T17:20:56.492985,5.545794,0.0,0.0,62551.75,51.5,63624.03125,0,0.0,148.390625,deepseek-r1:7b,-1
2025-06-08T17:20:56.598352,5.651161,0.0,0.0,62551.75,51.5,63624.03125,0,0.0,148.390625,deepseek-r1:7b,-1
2025-06-08T17:20:56.702210,5.755019,0.0,0.0,62551.75,51.5,63624.03125,0,0.0,148.390625,deepseek-r1:7b,-1
2025-06-08T17:20:56.805285,5.858094,0.0,0.0,62551.75,51.5,63624.03125,0,0.0,148.390625,deepseek-r1:7b,-1
2025-06-08T17:20:56.907580,5.960389,0.0,0.0,62551.75,51.5,63624.03125,0,0.0,148.390625,deepseek-r1:7b,-1
2025-06-08T17:20:57.012988,6.065797,0.0,0.0,62551.75,51.5,63624.03125,0,0.0,148.390625,deepseek-r1:7b,-1
2025-06-08T17:20:57.118083,6.170892,0.0,0.0,62551.75,51.5,63624.03125,0,0.0,148.390625,deepseek-r1:7b,-1
2025-06-08T17:20:57.221833,6.274642,10.4,0.0,62551.203125,51.5,63625.640625,0,0.0,148.390625,deepseek-r1:7b,-1
2025-06-08T17:20:57.327202,6.380011,11.2,0.0,62551.21875,51.5,63625.765625,0,0.0,148.390625,deepseek-r1:7b,-1
2025-06-08T17:20:57.431904,6.484713,0.0,0.0,62551.140625,51.5,63624.765625,0,0.0,148.390625,deepseek-r1:7b,-1
2025-06-08T17:20:57.534237,6.587046,0.0,0.0,62551.0,51.5,63624.984375,0,0.0,148.390625,deepseek-r1:7b,-1
2025-06-08T17:20:57.634760,6.687569,0.0,0.0,62551.0,51.5,63624.984375,0,0.0,148.390625,deepseek-r1:7b,-1
2025-06-08T17:20:57.740010,6.792819,0.0,0.0,62551.0,51.5,63624.984375,0,0.0,148.390625,deepseek-r1:7b,-1
2025-06-08T17:20:57.840816,6.893625,0.0,0.0,62551.0,51.5,63624.984375,0,0.0,148.390625,deepseek-r1:7b,-1
2025-06-08T17:20:57.946203,6.999012,0.0,0.0,62551.0,51.5,63624.984375,0,0.0,148.390625,deepseek-r1:7b,-1
2025-06-08T17:20:58.049065,7.101874,0.0,0.0,62551.0,51.5,63624.984375,0,0.0,148.390625,deepseek-r1:7b,-1
2025-06-08T17:20:58.154576,7.207385,0.0,0.0,62551.0,51.5,63624.984375,0,0.0,148.390625,deepseek-r1:7b,-1
2025-06-08T17:20:58.259977,7.312786,11.9,0.0,62550.6875,51.5,63623.203125,0,0.0,148.390625,deepseek-r1:7b,-1
2025-06-08T17:20:58.363096,7.415905,13.4,0.0,62550.6875,51.5,63623.203125,0,0.0,148.390625,deepseek-r1:7b,-1
2025-06-08T17:20:58.468473,7.521282,10.2,0.0,62550.6875,51.5,63623.203125,0,0.0,148.390625,deepseek-r1:7b,-1
2025-06-08T17:20:58.569098,7.621907,9.9,0.0,62550.6875,51.5,63623.203125,0,0.0,148.390625,deepseek-r1:7b,-1
2025-06-08T17:20:58.674433,7.727242,0.0,0.0,62550.6875,51.5,63623.203125,0,0.0,148.390625,deepseek-r1:7b,-1
2025-06-08T17:20:58.776905,7.829714,0.0,0.0,62550.6875,51.5,63623.203125,0,0.0,148.390625,deepseek-r1:7b,-1
2025-06-08T17:20:58.877626,7.930435,0.0,0.0,62550.6875,51.5,63623.203125,0,0.0,148.390625,deepseek-r1:7b,-1
2025-06-08T17:20:58.980545,8.033354,0.0,0.0,62550.6875,51.5,63623.203125,0,0.0,148.390625,deepseek-r1:7b,-1
2025-06-08T17:20:59.084876,8.137685,0.0,0.0,62550.6875,51.5,63623.203125,0,0.0,148.390625,deepseek-r1:7b,-1
2025-06-08T17:20:59.188733,8.241542,0.0,0.0,62550.6875,51.5,63623.203125,0,0.0,148.390625,deepseek-r1:7b,-1
2025-06-08T17:20:59.292101,8.34491,11.0,0.0,62551.125,51.5,63620.484375,0,0.0,148.390625,deepseek-r1:7b,-1
2025-06-08T17:20:59.397462,8.450271,13.1,0.0,62551.1875,51.5,63622.765625,0,0.0,148.390625,deepseek-r1:7b,-1
2025-06-08T17:20:59.498455,8.551264,10.4,0.0,62551.1875,51.5,63622.765625,0,0.0,148.390625,deepseek-r1:7b,-1
2025-06-08T17:20:59.602151,8.65496,10.8,0.0,62551.1875,51.5,63622.765625,0,0.0,148.390625,deepseek-r1:7b,-1
2025-06-08T17:20:59.703316,8.756125,10.6,0.0,62551.1875,51.5,63622.765625,0,0.0,148.390625,deepseek-r1:7b,-1
2025-06-08T17:20:59.804253,8.857062,11.8,0.0,62551.1875,51.5,63622.765625,0,0.0,148.390625,deepseek-r1:7b,-1
2025-06-08T17:20:59.909378,8.962187,9.6,0.0,62551.1875,51.5,63622.765625,0,0.0,148.390625,deepseek-r1:7b,-1
2025-06-08T17:21:00.010543,9.063352,12.2,0.0,62551.1875,51.5,63622.765625,0,0.0,148.390625,deepseek-r1:7b,-1
2025-06-08T17:21:00.115992,9.168801,0.0,0.0,62551.1875,51.5,63622.765625,0,0.0,148.390625,deepseek-r1:7b,-1
2025-06-08T17:21:00.221399,9.274208,0.0,0.0,62551.1875,51.5,63622.765625,0,0.0,148.390625,deepseek-r1:7b,-1
2025-06-08T17:21:00.327694,9.380503,13.9,0.0,62571.765625,51.5,63607.671875,0,0.0,148.390625,deepseek-r1:7b,-1
2025-06-08T17:21:00.433015,9.485824,27.5,0.0,62600.515625,51.5,63580.84375,0,0.0,148.390625,deepseek-r1:7b,-1
2025-06-08T17:21:00.538474,9.591283,25.4,0.0,62600.515625,51.5,63580.84375,0,0.0,148.390625,deepseek-r1:7b,-1
2025-06-08T17:21:00.643006,9.695815,17.0,0.0,62600.515625,51.5,63580.84375,0,0.0,148.390625,deepseek-r1:7b,-1
2025-06-08T17:21:00.748370,9.801179,11.1,0.0,62600.515625,51.5,63580.84375,0,0.0,148.390625,deepseek-r1:7b,-1
2025-06-08T17:21:00.853369,9.906178,9.5,0.0,62600.515625,51.5,63580.84375,0,0.0,148.390625,deepseek-r1:7b,-1
2025-06-08T17:21:00.958808,10.011617,0.0,0.0,62600.515625,51.5,63580.84375,0,0.0,148.390625,deepseek-r1:7b,-1
2025-06-08T17:21:01.063888,10.116697,0.0,0.0,62600.515625,51.5,63580.84375,0,0.0,148.390625,deepseek-r1:7b,-1
2025-06-08T17:21:01.164403,10.217212,0.0,0.0,62600.515625,51.5,63580.84375,0,0.0,148.390625,deepseek-r1:7b,-1
2025-06-08T17:21:01.266499,10.319308,0.0,0.0,62600.515625,51.5,63580.84375,0,0.0,148.390625,deepseek-r1:7b,-1
2025-06-08T17:21:01.371862,10.424671,10.8,0.0,62630.4375,51.5,63546.6875,0,0.0,148.390625,deepseek-r1:7b,-1
2025-06-08T17:21:01.472242,10.525051,10.7,0.0,62630.484375,51.5,63547.015625,0,0.0,148.390625,deepseek-r1:7b,-1
2025-06-08T17:21:01.574010,10.626819,10.4,0.0,62630.53125,51.5,63547.203125,0,0.0,148.390625,deepseek-r1:7b,-1
2025-06-08T17:21:01.676289,10.729098,11.1,0.0,62630.578125,51.5,63543.515625,0,0.0,148.390625,deepseek-r1:7b,-1
2025-06-08T17:21:01.781659,10.834468,8.9,0.0,62630.578125,51.5,63543.515625,0,0.0,148.390625,deepseek-r1:7b,-1
2025-06-08T17:21:01.883052,10.935861,10.4,0.0,62630.578125,51.5,63543.515625,0,0.0,148.390625,deepseek-r1:7b,-1
2025-06-08T17:21:01.986696,11.039505,10.4,0.0,62630.578125,51.5,63543.515625,0,0.0,148.390625,deepseek-r1:7b,-1
2025-06-08T17:21:02.090495,11.143304,9.0,0.0,62630.578125,51.5,63543.515625,0,0.0,148.390625,deepseek-r1:7b,-1
2025-06-08T17:21:02.192954,11.245763,0.0,0.0,62630.578125,51.5,63543.515625,0,0.0,148.390625,deepseek-r1:7b,-1
2025-06-08T17:21:02.298360,11.351169,0.0,0.0,62630.578125,51.5,63543.515625,0,0.0,148.390625,deepseek-r1:7b,-1
2025-06-08T17:21:02.401186,11.453995,11.6,0.0,62624.609375,51.5,63549.203125,0,0.0,148.390625,deepseek-r1:7b,-1
2025-06-08T17:21:02.506154,11.558963,10.9,0.0,62624.578125,51.5,63549.828125,0,0.0,148.390625,deepseek-r1:7b,-1
2025-06-08T17:21:02.611581,11.66439,0.0,0.0,62624.5625,51.5,63550.1875,0,0.0,148.390625,deepseek-r1:7b,-1
2025-06-08T17:21:02.712426,11.765235,0.0,0.0,62624.5625,51.5,63550.1875,0,0.0,148.390625,deepseek-r1:7b,-1
2025-06-08T17:21:02.817793,11.870602,0.0,0.0,62624.5625,51.5,63550.1875,0,0.0,148.390625,deepseek-r1:7b,-1
2025-06-08T17:21:02.922180,11.974989,0.0,0.0,62624.5625,51.5,63550.1875,0,0.0,148.390625,deepseek-r1:7b,-1
2025-06-08T17:21:03.023320,12.076129,0.0,0.0,62624.5625,51.5,63550.1875,0,0.0,148.390625,deepseek-r1:7b,-1
2025-06-08T17:21:03.128238,12.181047,0.0,0.0,62624.5625,51.5,63550.1875,0,0.0,148.390625,deepseek-r1:7b,-1
2025-06-08T17:21:03.231466,12.284275,0.0,0.0,62624.5625,51.5,63550.1875,0,0.0,148.390625,deepseek-r1:7b,-1
2025-06-08T17:21:03.332174,12.384983,0.0,0.0,62624.5625,51.5,63550.1875,0,0.0,148.390625,deepseek-r1:7b,-1
2025-06-08T17:21:03.433514,12.486323,10.8,0.0,62616.3125,51.5,63563.4375,0,0.0,148.390625,deepseek-r1:7b,-1
2025-06-08T17:21:03.538826,12.591635,10.6,0.0,62616.34375,51.5,63559.609375,0,0.0,148.390625,deepseek-r1:7b,-1
2025-06-08T17:21:03.641029,12.693838,11.1,0.0,62616.34375,51.5,63559.609375,0,0.0,148.390625,deepseek-r1:7b,-1
2025-06-08T17:21:03.746147,12.798956,11.2,0.0,62616.34375,51.5,63559.609375,0,0.0,148.390625,deepseek-r1:7b,-1
2025-06-08T17:21:03.850316,12.903125,10.2,0.0,62616.34375,51.5,63559.609375,0,0.0,148.390625,deepseek-r1:7b,-1
2025-06-08T17:21:03.952152,13.004961,9.9,0.0,62616.34375,51.5,63559.609375,0,0.0,148.390625,deepseek-r1:7b,-1
2025-06-08T17:21:04.056438,13.109247,10.7,0.0,62616.34375,51.5,63559.609375,0,0.0,148.390625,deepseek-r1:7b,-1
2025-06-08T17:21:04.161859,13.214668,9.6,0.0,62616.34375,51.5,63559.609375,0,0.0,148.390625,deepseek-r1:7b,-1
2025-06-08T17:21:04.264803,13.317612,10.8,0.0,62616.34375,51.5,63559.609375,0,0.0,148.390625,deepseek-r1:7b,-1
2025-06-08T17:21:04.368496,13.421305,0.0,0.0,62616.34375,51.5,63559.609375,0,0.0,148.390625,deepseek-r1:7b,-1
2025-06-08T17:21:04.473557,13.526366,11.1,0.0,62616.46875,51.5,63564.421875,0,0.0,148.390625,deepseek-r1:7b,-1
2025-06-08T17:21:04.575251,13.62806,9.9,0.0,62616.46875,51.5,63564.640625,0,0.0,148.390625,deepseek-r1:7b,-1
2025-06-08T17:21:04.676221,13.72903,11.9,0.0,62616.46875,51.5,63564.640625,0,0.0,148.390625,deepseek-r1:7b,-1
2025-06-08T17:21:04.779012,13.831821,0.0,0.0,62616.46875,51.5,63564.640625,0,0.0,148.390625,deepseek-r1:7b,-1
2025-06-08T17:21:04.883955,13.936764,0.0,0.0,62616.46875,51.5,63564.640625,0,0.0,148.390625,deepseek-r1:7b,-1
2025-06-08T17:21:04.988293,14.041102,0.0,0.0,62616.46875,51.5,63564.640625,0,0.0,148.390625,deepseek-r1:7b,-1
2025-06-08T17:21:05.092830,14.145639,0.0,0.0,62616.46875,51.5,63564.640625,0,0.0,148.390625,deepseek-r1:7b,-1
2025-06-08T17:21:05.196161,14.24897,0.0,0.0,62616.46875,51.5,63564.640625,0,0.0,148.390625,deepseek-r1:7b,-1
2025-06-08T17:21:05.297952,14.350761,0.0,0.0,62616.46875,51.5,63564.640625,0,0.0,148.390625,deepseek-r1:7b,-1
2025-06-08T17:21:05.400723,14.453532,0.0,0.0,62616.46875,51.5,63564.640625,0,0.0,148.390625,deepseek-r1:7b,-1
2025-06-08T17:21:05.502599,14.555408,11.7,0.0,62616.046875,51.5,63559.53125,0,0.0,148.390625,deepseek-r1:7b,-1
2025-06-08T17:21:05.604702,14.657511,9.3,0.0,62616.046875,51.5,63559.6875,0,0.0,148.390625,deepseek-r1:7b,-1
2025-06-08T17:21:05.709684,14.762493,11.0,0.0,62614.671875,51.5,63561.515625,0,0.0,148.390625,deepseek-r1:7b,-1
2025-06-08T17:21:05.813271,14.86608,0.0,0.0,62614.671875,51.5,63561.515625,0,0.0,148.390625,deepseek-r1:7b,-1
2025-06-08T17:21:05.918629,14.971438,0.0,0.0,62614.671875,51.5,63561.515625,0,0.0,148.390625,deepseek-r1:7b,-1
2025-06-08T17:21:06.024025,15.076834,0.0,0.0,62614.671875,51.5,63561.515625,0,0.0,148.390625,deepseek-r1:7b,-1
2025-06-08T17:21:06.127652,15.180461,0.0,0.0,62614.671875,51.5,63561.515625,0,0.0,148.390625,deepseek-r1:7b,-1
2025-06-08T17:21:06.230602,15.283411,0.0,0.0,62614.671875,51.5,63561.515625,0,0.0,148.390625,deepseek-r1:7b,-1
2025-06-08T17:21:06.331119,15.383928,0.0,0.0,62614.671875,51.5,63561.515625,0,0.0,148.390625,deepseek-r1:7b,-1
2025-06-08T17:21:06.432835,15.485644,0.0,0.0,62614.671875,51.5,63561.515625,0,0.0,148.390625,deepseek-r1:7b,-1
2025-06-08T17:21:06.538207,15.591016,10.7,0.0,62614.671875,51.5,63553.84375,0,0.0,148.390625,deepseek-r1:7b,-1
2025-06-08T17:21:06.641838,15.694647,10.2,0.0,62614.71875,51.5,63554.140625,0,0.0,148.390625,deepseek-r1:7b,-1
2025-06-08T17:21:06.746584,15.799393,10.4,0.0,62614.71875,51.5,63554.140625,0,0.0,148.390625,deepseek-r1:7b,-1
2025-06-08T17:21:06.850414,15.903223,9.5,0.0,62614.71875,51.5,63554.140625,0,0.0,148.390625,deepseek-r1:7b,-1
2025-06-08T17:21:06.956172,16.008981,12.7,0.0,62614.71875,51.5,63554.140625,0,0.0,148.390625,deepseek-r1:7b,-1
2025-06-08T17:21:07.061755,16.114564,0.0,0.0,62614.71875,51.5,63554.140625,0,0.0,148.390625,deepseek-r1:7b,-1
2025-06-08T17:21:07.167112,16.219921,0.0,0.0,62614.71875,51.5,63554.140625,0,0.0,148.390625,deepseek-r1:7b,-1
2025-06-08T17:21:07.272477,16.325286,0.0,0.0,62614.71875,51.5,63554.140625,0,0.0,148.390625,deepseek-r1:7b,-1
2025-06-08T17:21:07.377575,16.430384,0.0,0.0,62614.71875,51.5,63554.140625,0,0.0,148.390625,deepseek-r1:7b,-1
2025-06-08T17:21:07.479682,16.532491,0.0,0.0,62614.71875,51.5,63554.140625,0,0.0,148.390625,deepseek-r1:7b,-1
2025-06-08T17:21:07.584099,16.636908,11.0,0.0,62614.75,51.5,63556.390625,0,0.0,148.390625,deepseek-r1:7b,-1
2025-06-08T17:21:07.689249,16.742058,10.6,0.0,62614.75,51.5,63556.390625,0,0.0,148.390625,deepseek-r1:7b,-1
2025-06-08T17:21:07.794601,16.84741,11.2,0.0,62614.75,51.5,63556.390625,0,0.0,148.390625,deepseek-r1:7b,-1
2025-06-08T17:21:07.896548,16.949357,8.8,0.0,62614.75,51.5,63556.390625,0,0.0,148.390625,deepseek-r1:7b,-1
2025-06-08T17:21:08.000363,17.053172,10.2,0.0,62614.75,51.5,63556.390625,0,0.0,148.390625,deepseek-r1:7b,-1
2025-06-08T17:21:08.101136,17.153945,11.8,0.0,62614.75,51.5,63556.390625,0,1.0,148.390625,deepseek-r1:7b,-1
2025-06-08T17:21:08.206509,17.259318,10.8,0.0,62614.75,51.5,63556.390625,0,0.0,148.390625,deepseek-r1:7b,-1
2025-06-08T17:21:08.308851,17.36166,0.0,0.0,62614.75,51.5,63556.390625,0,0.0,148.390625,deepseek-r1:7b,-1
2025-06-08T17:21:08.410022,17.462831,0.0,0.0,62614.75,51.5,63556.390625,0,0.0,148.390625,deepseek-r1:7b,-1
2025-06-08T17:21:08.510789,17.563598,0.0,0.0,62614.75,51.5,63556.390625,0,0.0,148.390625,deepseek-r1:7b,-1
2025-06-08T17:21:08.611781,17.66459,10.5,0.0,62614.234375,51.5,63562.234375,0,0.0,148.390625,deepseek-r1:7b,-1
2025-06-08T17:21:08.712824,17.765633,10.0,0.0,62614.234375,51.5,63562.546875,0,0.0,148.390625,deepseek-r1:7b,-1
2025-06-08T17:21:08.813693,17.866502,11.1,0.0,62614.078125,51.5,63562.984375,0,0.0,148.390625,deepseek-r1:7b,-1
2025-06-08T17:21:08.918300,17.971109,9.6,0.0,62614.078125,51.5,63562.984375,0,0.0,148.390625,deepseek-r1:7b,-1
2025-06-08T17:21:09.021517,18.074326,0.0,0.0,62614.078125,51.5,63562.984375,0,0.0,148.390625,deepseek-r1:7b,-1
2025-06-08T17:21:09.126286,18.179095,0.0,0.0,62614.078125,51.5,63562.984375,0,0.0,148.390625,deepseek-r1:7b,-1
2025-06-08T17:21:09.231063,18.283872,0.0,0.0,62614.078125,51.5,63562.984375,0,0.0,148.390625,deepseek-r1:7b,-1
2025-06-08T17:21:09.331755,18.384564,0.0,0.0,62614.078125,51.5,63562.984375,0,0.0,148.390625,deepseek-r1:7b,-1
2025-06-08T17:21:09.437230,18.490039,0.0,0.0,62614.078125,51.5,63562.984375,0,0.0,148.390625,deepseek-r1:7b,-1
2025-06-08T17:21:09.539864,18.592673,0.0,0.0,62614.078125,51.5,63562.984375,0,0.0,148.390625,deepseek-r1:7b,-1
2025-06-08T17:21:09.645306,18.698115,10.8,0.0,62614.09375,51.5,63563.375,0,0.0,148.390625,deepseek-r1:7b,-1
2025-06-08T17:21:11.798239,0.043074,11.5,0.0,61193.28125,50.4,64981.15625,0,0.0,148.40625,deepseek-r1:7b,-1
2025-06-08T17:21:11.901036,0.145871,16.4,0.0,61564.8125,50.7,64611.265625,0,0.0,148.40625,deepseek-r1:7b,-1
2025-06-08T17:21:12.006302,0.251137,15.3,0.0,62317.28125,51.3,63857.71875,0,0.0,148.40625,deepseek-r1:7b,-1
2025-06-08T17:21:12.108434,0.353269,11.2,0.0,62754.421875,51.6,63421.875,0,0.0,148.40625,deepseek-r1:7b,-1
2025-06-08T17:21:12.213783,0.458618,10.7,0.0,62754.421875,51.6,63421.875,0,0.0,148.40625,deepseek-r1:7b,-1
2025-06-08T17:21:12.317742,0.562577,10.4,0.0,62754.421875,51.6,63421.875,0,0.0,148.40625,deepseek-r1:7b,-1
2025-06-08T17:21:12.423125,0.66796,13.5,0.0,62754.421875,51.6,63421.875,0,0.0,148.40625,deepseek-r1:7b,-1
2025-06-08T17:21:12.525446,0.770281,9.3,0.0,62754.421875,51.6,63421.875,0,0.0,148.40625,deepseek-r1:7b,-1
2025-06-08T17:21:12.628297,0.873132,0.0,0.0,62754.421875,51.6,63421.875,0,0.0,148.40625,deepseek-r1:7b,-1
2025-06-08T17:21:12.732853,0.977688,0.0,0.0,62754.421875,51.6,63421.875,0,0.0,148.40625,deepseek-r1:7b,-1
2025-06-08T17:21:12.838247,1.083082,10.4,0.0,62758.640625,51.6,63421.53125,0,0.0,148.40625,deepseek-r1:7b,-1
2025-06-08T17:21:12.943587,1.188422,10.2,0.0,62758.6875,51.6,63421.9375,0,0.0,148.40625,deepseek-r1:7b,-1
2025-06-08T17:21:13.045407,1.290242,19.8,0.0,62765.28125,51.6,63412.296875,0,0.0,148.40625,deepseek-r1:7b,-1
2025-06-08T17:21:13.150742,1.395577,13.2,0.0,62765.28125,51.6,63412.296875,0,0.0,148.40625,deepseek-r1:7b,-1
2025-06-08T17:21:13.253013,1.497848,12.7,0.0,62765.28125,51.6,63412.296875,0,0.0,148.40625,deepseek-r1:7b,-1
2025-06-08T17:21:13.353996,1.598831,26.6,0.0,62765.28125,51.6,63412.296875,0,0.0,148.40625,deepseek-r1:7b,-1
2025-06-08T17:21:13.455025,1.69986,25.6,0.0,62765.28125,51.6,63412.296875,0,0.0,148.40625,deepseek-r1:7b,-1
2025-06-08T17:21:13.556355,1.80119,32.5,0.0,62765.28125,51.6,63412.296875,0,0.0,148.40625,deepseek-r1:7b,-1
2025-06-08T17:21:13.660105,1.90494,24.6,0.0,62765.28125,51.6,63412.296875,0,0.0,148.40625,deepseek-r1:7b,-1
2025-06-08T17:21:13.761171,2.006006,26.5,0.0,62765.28125,51.6,63412.296875,0,0.0,148.40625,deepseek-r1:7b,-1
2025-06-08T17:21:13.863569,2.108404,19.0,0.0,62780.828125,51.6,63394.609375,0,0.0,148.40625,deepseek-r1:7b,-1
2025-06-08T17:21:13.968841,2.213676,16.7,0.0,62786.671875,51.6,63395.125,0,0.0,148.40625,deepseek-r1:7b,-1
2025-06-08T17:21:14.074205,2.31904,11.6,0.0,62786.671875,51.6,63395.125,0,0.0,148.40625,deepseek-r1:7b,-1
2025-06-08T17:21:14.179191,2.424026,12.1,0.0,62786.671875,51.6,63395.125,0,0.0,148.40625,deepseek-r1:7b,-1
2025-06-08T17:21:14.283362,2.528197,0.0,0.0,62786.671875,51.6,63395.125,0,0.0,148.40625,deepseek-r1:7b,-1
2025-06-08T17:21:14.384910,2.629745,0.0,0.0,62786.671875,51.6,63395.125,0,0.0,148.40625,deepseek-r1:7b,-1
2025-06-08T17:21:14.490214,2.735049,0.0,0.0,62786.671875,51.6,63395.125,0,0.0,148.40625,deepseek-r1:7b,-1
2025-06-08T17:21:14.591720,2.836555,0.0,0.0,62786.671875,51.6,63395.125,0,0.0,148.40625,deepseek-r1:7b,-1
2025-06-08T17:21:14.696372,2.941207,0.0,0.0,62786.671875,51.6,63395.125,0,0.0,148.40625,deepseek-r1:7b,-1
2025-06-08T17:21:14.797972,3.042807,0.0,0.0,62786.671875,51.6,63395.125,0,0.0,148.40625,deepseek-r1:7b,-1
2025-06-08T17:21:14.901811,3.146646,13.4,0.0,62787.140625,51.6,63382.609375,0,0.0,148.40625,deepseek-r1:7b,-1
2025-06-08T17:21:15.006106,3.250941,13.3,0.0,62787.140625,51.6,63382.609375,0,0.0,148.40625,deepseek-r1:7b,-1
2025-06-08T17:21:15.111189,3.356024,11.0,0.0,62787.140625,51.6,63382.609375,0,0.0,148.40625,deepseek-r1:7b,-1
2025-06-08T17:21:15.216533,3.461368,13.5,0.0,62787.140625,51.6,63382.609375,0,0.0,148.40625,deepseek-r1:7b,-1
2025-06-08T17:21:15.321935,3.56677,0.0,0.0,62787.140625,51.6,63382.609375,0,0.0,148.40625,deepseek-r1:7b,-1
2025-06-08T17:21:15.425838,3.670673,0.0,0.0,62787.140625,51.6,63382.609375,0,0.0,148.40625,deepseek-r1:7b,-1
2025-06-08T17:21:15.531174,3.776009,0.0,0.0,62787.140625,51.6,63382.609375,0,0.0,148.40625,deepseek-r1:7b,-1
2025-06-08T17:21:15.634062,3.878897,0.0,0.0,62787.140625,51.6,63382.609375,0,0.0,148.40625,deepseek-r1:7b,-1
2025-06-08T17:21:15.738219,3.983054,0.0,0.0,62787.140625,51.6,63382.609375,0,0.0,148.40625,deepseek-r1:7b,-1
2025-06-08T17:21:15.839444,4.084279,0.0,0.0,62787.140625,51.6,63382.609375,0,0.0,148.40625,deepseek-r1:7b,-1
2025-06-08T17:21:15.944643,4.189478,12.3,0.0,62739.5625,51.6,63424.03125,0,0.0,148.40625,deepseek-r1:7b,-1
2025-06-08T17:21:16.046451,4.291286,16.8,0.0,62739.671875,51.6,63426.265625,0,0.0,148.40625,deepseek-r1:7b,-1
2025-06-08T17:21:16.148014,4.392849,17.1,0.0,62740.03125,51.6,63430.28125,0,0.0,148.40625,deepseek-r1:7b,-1
2025-06-08T17:21:16.248650,4.493485,16.1,0.0,62740.03125,51.6,63430.28125,0,0.0,148.40625,deepseek-r1:7b,-1
2025-06-08T17:21:16.351055,4.59589,17.3,0.0,62740.03125,51.6,63430.28125,0,0.0,148.40625,deepseek-r1:7b,-1
2025-06-08T17:21:16.453176,4.698011,16.5,0.0,62740.03125,51.6,63430.28125,0,0.0,148.40625,deepseek-r1:7b,-1
2025-06-08T17:21:16.558519,4.803354,16.7,0.0,62740.03125,51.6,63430.28125,0,0.0,148.40625,deepseek-r1:7b,-1
2025-06-08T17:21:16.660824,4.905659,16.5,0.0,62740.03125,51.6,63430.28125,0,0.0,148.40625,deepseek-r1:7b,-1
2025-06-08T17:21:16.764073,5.008908,17.0,0.0,62740.03125,51.6,63430.28125,0,0.0,148.40625,deepseek-r1:7b,-1
2025-06-08T17:21:16.869203,5.114038,16.8,0.0,62740.03125,51.6,63430.28125,0,0.0,148.40625,deepseek-r1:7b,-1
2025-06-08T17:21:16.974141,5.218976,19.3,0.0,62731.28125,51.6,63442.234375,0,0.0,148.40625,deepseek-r1:7b,-1
2025-06-08T17:21:17.075251,5.320086,15.5,0.0,62729.15625,51.6,63446.765625,0,0.0,148.40625,deepseek-r1:7b,-1
2025-06-08T17:21:17.179643,5.424478,12.7,0.0,62729.15625,51.6,63446.765625,0,0.0,148.40625,deepseek-r1:7b,-1
2025-06-08T17:21:17.280361,5.525196,11.2,0.0,62729.15625,51.6,63446.765625,0,0.0,148.40625,deepseek-r1:7b,-1
2025-06-08T17:21:19.433233,0.043181,12.4,0.0,61305.375,50.5,64868.578125,0,0.0,148.421875,deepseek-r1:7b,-1
2025-06-08T17:21:19.538407,0.148355,17.6,0.0,61625.828125,50.8,64549.796875,0,0.0,148.421875,deepseek-r1:7b,-1
2025-06-08T17:21:19.643859,0.253807,16.9,0.0,62412.34375,51.4,63762.265625,0,0.0,148.421875,deepseek-r1:7b,-1
2025-06-08T17:21:19.747832,0.35778,10.8,0.0,62412.34375,51.4,63762.265625,0,0.0,148.421875,deepseek-r1:7b,-1
2025-06-08T17:21:19.853196,0.463144,11.2,0.0,62412.34375,51.4,63762.265625,0,0.0,148.421875,deepseek-r1:7b,-1
2025-06-08T17:21:19.955831,0.565779,11.0,0.0,62412.34375,51.4,63762.265625,0,0.0,148.421875,deepseek-r1:7b,-1
2025-06-08T17:21:20.058739,0.668687,0.0,0.0,62412.34375,51.4,63762.265625,0,0.0,148.421875,deepseek-r1:7b,-1
2025-06-08T17:21:20.163314,0.773262,0.0,0.0,62412.34375,51.4,63762.265625,0,0.0,148.421875,deepseek-r1:7b,-1
2025-06-08T17:21:20.268754,0.878702,0.0,0.0,62412.34375,51.4,63762.265625,0,0.0,148.421875,deepseek-r1:7b,-1
2025-06-08T17:21:20.371108,0.981056,0.0,0.0,62412.34375,51.4,63762.265625,0,0.0,148.421875,deepseek-r1:7b,-1
2025-06-08T17:21:20.475717,1.085665,11.6,0.0,62859.03125,51.7,63315.171875,0,0.0,148.421875,deepseek-r1:7b,-1
2025-06-08T17:21:20.579065,1.189013,12.6,0.0,62859.03125,51.7,63307.53125,0,0.0,148.421875,deepseek-r1:7b,-1
2025-06-08T17:21:20.679968,1.289916,11.4,0.0,62859.03125,51.7,63307.53125,0,0.0,148.421875,deepseek-r1:7b,-1
2025-06-08T17:21:20.785138,1.395086,13.2,0.0,62859.03125,51.7,63307.53125,0,0.0,148.421875,deepseek-r1:7b,-1
2025-06-08T17:21:20.886641,1.496589,14.2,0.0,62859.03125,51.7,63307.53125,0,0.0,148.421875,deepseek-r1:7b,-1
2025-06-08T17:21:20.991547,1.601495,18.3,0.0,62859.03125,51.7,63307.53125,0,0.0,148.421875,deepseek-r1:7b,-1
2025-06-08T17:21:21.095581,1.705529,0.0,0.0,62859.03125,51.7,63307.53125,0,0.0,148.421875,deepseek-r1:7b,-1
2025-06-08T17:21:21.200391,1.810339,0.0,0.0,62859.03125,51.7,63307.53125,0,0.0,148.421875,deepseek-r1:7b,-1
2025-06-08T17:21:21.302584,1.912532,0.0,0.0,62859.03125,51.7,63307.53125,0,0.0,148.421875,deepseek-r1:7b,-1
2025-06-08T17:21:21.408023,2.017971,0.0,0.0,62859.03125,51.7,63307.53125,0,0.0,148.421875,deepseek-r1:7b,-1
2025-06-08T17:21:21.513438,2.123386,11.7,0.0,62736.46875,51.6,63438.765625,0,0.0,148.421875,deepseek-r1:7b,-1
2025-06-08T17:21:21.618541,2.228489,10.8,0.0,62736.46875,51.6,63438.765625,0,0.0,148.421875,deepseek-r1:7b,-1
2025-06-08T17:21:21.719498,2.329446,11.6,0.0,62736.46875,51.6,63438.765625,0,0.0,148.421875,deepseek-r1:7b,-1
2025-06-08T17:21:21.824544,2.434492,11.4,0.0,62736.46875,51.6,63438.765625,0,0.0,148.421875,deepseek-r1:7b,-1
2025-06-08T17:21:21.929903,2.539851,9.6,0.0,62736.46875,51.6,63438.765625,0,0.0,148.421875,deepseek-r1:7b,-1
2025-06-08T17:21:22.035263,2.645211,0.0,0.0,62736.46875,51.6,63438.765625,0,0.0,148.421875,deepseek-r1:7b,-1
2025-06-08T17:21:22.139242,2.74919,0.0,0.0,62736.46875,51.6,63438.765625,0,0.0,148.421875,deepseek-r1:7b,-1
2025-06-08T17:21:22.242013,2.851961,0.0,0.0,62736.46875,51.6,63438.765625,0,0.0,148.421875,deepseek-r1:7b,-1
2025-06-08T17:21:22.342904,2.952852,0.0,0.0,62736.46875,51.6,63438.765625,0,0.0,148.421875,deepseek-r1:7b,-1
2025-06-08T17:21:22.443262,3.05321,0.0,0.0,62736.46875,51.6,63438.765625,0,0.0,148.421875,deepseek-r1:7b,-1
2025-06-08T17:21:22.548643,3.158591,12.2,0.0,62733.890625,51.6,63443.109375,0,0.0,148.421875,deepseek-r1:7b,-1
2025-06-08T17:21:22.649781,3.259729,10.1,0.0,62733.765625,51.6,63435.75,0,0.0,148.421875,deepseek-r1:7b,-1
2025-06-08T17:21:22.752505,3.362453,12.3,0.0,62733.765625,51.6,63435.75,0,0.0,148.421875,deepseek-r1:7b,-1
2025-06-08T17:21:22.855945,3.465893,12.9,0.0,62733.765625,51.6,63435.75,0,0.0,148.421875,deepseek-r1:7b,-1
2025-06-08T17:21:22.961351,3.571299,10.4,0.0,62733.765625,51.6,63435.75,0,0.0,148.421875,deepseek-r1:7b,-1
2025-06-08T17:21:23.066680,3.676628,14.5,0.0,62733.765625,51.6,63435.75,0,0.0,148.421875,deepseek-r1:7b,-1
2025-06-08T17:21:23.170672,3.78062,13.3,0.0,62733.765625,51.6,63435.75,0,0.0,148.421875,deepseek-r1:7b,-1
2025-06-08T17:21:23.276041,3.885989,12.4,0.0,62733.765625,51.6,63435.75,0,0.0,148.421875,deepseek-r1:7b,-1
2025-06-08T17:21:23.380813,3.990761,13.4,0.0,62733.765625,51.6,63435.75,0,0.0,148.421875,deepseek-r1:7b,-1
2025-06-08T17:21:23.486165,4.096113,11.8,0.0,62733.765625,51.6,63435.75,0,0.0,148.421875,deepseek-r1:7b,-1
2025-06-08T17:21:23.591521,4.201469,13.0,0.0,62730.640625,51.6,63442.21875,0,0.0,148.421875,deepseek-r1:7b,-1
2025-06-08T17:21:23.694377,4.304325,12.3,0.0,62730.109375,51.6,63443.078125,0,0.0,148.421875,deepseek-r1:7b,-1
2025-06-08T17:21:23.797245,4.407193,12.0,0.0,62730.09375,51.6,63446.25,0,0.0,148.421875,deepseek-r1:7b,-1
2025-06-08T17:21:23.902627,4.512575,13.3,0.0,62730.09375,51.6,63446.25,0,0.0,148.421875,deepseek-r1:7b,-1
2025-06-08T17:21:24.007126,4.617074,14.5,0.0,62730.09375,51.6,63446.25,0,0.0,148.421875,deepseek-r1:7b,-1
2025-06-08T17:21:24.112199,4.722147,13.8,0.0,62730.09375,51.6,63446.25,0,0.0,148.421875,deepseek-r1:7b,-1
2025-06-08T17:21:24.215088,4.825036,11.7,0.0,62730.09375,51.6,63446.25,0,0.0,148.421875,deepseek-r1:7b,-1
2025-06-08T17:21:24.320335,4.930283,11.5,0.0,62730.09375,51.6,63446.25,0,0.0,148.421875,deepseek-r1:7b,-1
2025-06-08T17:21:24.421120,5.031068,12.4,0.0,62730.09375,51.6,63446.25,0,0.0,148.421875,deepseek-r1:7b,-1
2025-06-08T17:21:24.526512,5.13646,0.0,0.0,62730.09375,51.6,63446.25,0,0.0,148.421875,deepseek-r1:7b,-1
2025-06-08T17:21:24.627409,5.237357,12.5,0.0,62717.578125,51.6,63456.1875,0,0.0,148.421875,deepseek-r1:7b,-1
2025-06-08T17:21:24.729639,5.339587,15.0,0.0,62717.578125,51.6,63455.296875,0,0.0,148.421875,deepseek-r1:7b,-1
2025-06-08T17:21:24.830367,5.440315,13.1,0.0,62717.578125,51.6,63455.296875,0,0.0,148.421875,deepseek-r1:7b,-1
2025-06-08T17:21:24.935291,5.545239,0.0,0.0,62717.578125,51.6,63455.296875,0,0.0,148.421875,deepseek-r1:7b,-1
2025-06-08T17:21:25.038966,5.648914,0.0,0.0,62717.578125,51.6,63455.296875,0,0.0,148.421875,deepseek-r1:7b,-1
2025-06-08T17:21:25.140850,5.750798,0.0,0.0,62717.578125,51.6,63455.296875,0,0.0,148.421875,deepseek-r1:7b,-1
2025-06-08T17:21:25.241698,5.851646,0.0,0.0,62717.578125,51.6,63455.296875,0,0.0,148.421875,deepseek-r1:7b,-1
2025-06-08T17:21:25.343642,5.95359,0.0,0.0,62717.578125,51.6,63455.296875,0,0.0,148.421875,deepseek-r1:7b,-1
2025-06-08T17:21:25.448950,6.058898,0.0,0.0,62717.578125,51.6,63455.296875,0,0.0,148.421875,deepseek-r1:7b,-1
2025-06-08T17:21:25.553940,6.163888,0.0,0.0,62717.578125,51.6,63455.296875,0,0.0,148.421875,deepseek-r1:7b,-1
2025-06-08T17:21:25.655648,6.265596,12.7,0.0,62714.125,51.6,63456.75,0,0.0,148.421875,deepseek-r1:7b,-1
2025-06-08T17:21:25.760364,6.370312,12.5,0.0,62714.109375,51.6,63459.90625,0,0.0,148.421875,deepseek-r1:7b,-1
2025-06-08T17:21:25.865643,6.475591,12.0,0.0,62714.109375,51.6,63460.21875,0,0.0,148.421875,deepseek-r1:7b,-1
2025-06-08T17:21:25.969639,6.579587,12.7,0.0,62714.109375,51.6,63463.46875,0,0.0,148.421875,deepseek-r1:7b,-1
2025-06-08T17:21:26.072235,6.682183,13.2,0.0,62714.109375,51.6,63463.46875,0,0.0,148.421875,deepseek-r1:7b,-1
2025-06-08T17:21:26.175248,6.785196,12.3,0.0,62714.109375,51.6,63463.46875,0,0.0,148.421875,deepseek-r1:7b,-1
2025-06-08T17:21:26.278901,6.888849,15.7,0.0,62714.109375,51.6,63463.46875,0,0.0,148.421875,deepseek-r1:7b,-1
2025-06-08T17:21:26.383645,6.993593,0.0,0.0,62714.109375,51.6,63463.46875,0,0.0,148.421875,deepseek-r1:7b,-1
2025-06-08T17:21:26.489030,7.098978,0.0,0.0,62714.109375,51.6,63463.46875,0,0.0,148.421875,deepseek-r1:7b,-1
2025-06-08T17:21:26.590058,7.200006,0.0,0.0,62714.109375,51.6,63463.46875,0,0.0,148.421875,deepseek-r1:7b,-1
2025-06-08T17:21:26.694903,7.304851,12.4,0.0,62719.046875,51.6,63456.15625,0,0.0,148.421875,deepseek-r1:7b,-1
2025-06-08T17:21:26.800182,7.41013,13.1,0.0,62719.015625,51.6,63456.640625,0,0.0,148.421875,deepseek-r1:7b,-1
2025-06-08T17:21:26.903897,7.513845,12.2,0.0,62719.0625,51.6,63456.859375,0,0.0,148.421875,deepseek-r1:7b,-1
2025-06-08T17:21:27.008561,7.618509,12.0,0.0,62719.0625,51.6,63456.859375,0,0.0,148.421875,deepseek-r1:7b,-1
2025-06-08T17:21:27.112238,7.722186,32.0,0.0,62719.0625,51.6,63456.859375,0,0.0,148.421875,deepseek-r1:7b,-1
2025-06-08T17:21:29.260621,0.036801,14.5,0.0,61045.25,50.3,65132.65625,0,0.0,148.421875,deepseek-r1:7b,-1
2025-06-08T17:21:29.364375,0.140555,19.1,0.0,61582.328125,50.7,64593.4375,0,0.0,148.421875,deepseek-r1:7b,-1
2025-06-08T17:21:29.467394,0.243574,17.9,0.0,61582.328125,50.7,64593.4375,0,0.0,148.421875,deepseek-r1:7b,-1
2025-06-08T17:21:29.572638,0.348818,11.5,0.0,61582.328125,50.7,64593.4375,0,0.0,148.421875,deepseek-r1:7b,-1
2025-06-08T17:21:29.676613,0.452793,12.7,0.0,61582.328125,50.7,64593.4375,0,0.0,148.421875,deepseek-r1:7b,-1
2025-06-08T17:21:29.781981,0.558161,11.4,0.0,61582.328125,50.7,64593.4375,0,0.0,148.421875,deepseek-r1:7b,-1
2025-06-08T17:21:29.884190,0.66037,12.8,0.0,61582.328125,50.7,64593.4375,0,0.0,148.421875,deepseek-r1:7b,-1
2025-06-08T17:21:29.985204,0.761384,0.0,0.0,61582.328125,50.7,64593.4375,0,0.0,148.421875,deepseek-r1:7b,-1
2025-06-08T17:21:30.090038,0.866218,0.0,0.0,61582.328125,50.7,64593.4375,0,0.0,148.421875,deepseek-r1:7b,-1
2025-06-08T17:21:30.195457,0.971637,0.0,0.0,61582.328125,50.7,64593.4375,0,0.0,148.421875,deepseek-r1:7b,-1
2025-06-08T17:21:30.300785,1.076965,13.4,0.0,62856.6875,51.7,63317.640625,0,0.0,148.421875,deepseek-r1:7b,-1
2025-06-08T17:21:30.406149,1.182329,12.5,0.0,62856.671875,51.7,63317.640625,0,0.0,148.421875,deepseek-r1:7b,-1
2025-06-08T17:21:30.511085,1.287265,13.6,0.0,62856.671875,51.7,63317.640625,0,0.0,148.421875,deepseek-r1:7b,-1
2025-06-08T17:21:30.614829,1.391009,12.8,0.0,62856.671875,51.7,63317.640625,0,0.0,148.421875,deepseek-r1:7b,-1
2025-06-08T17:21:30.720197,1.496377,11.8,0.0,62856.671875,51.7,63317.640625,0,0.0,148.421875,deepseek-r1:7b,-1
2025-06-08T17:21:30.822082,1.598262,12.9,0.0,62856.671875,51.7,63317.640625,0,0.0,148.421875,deepseek-r1:7b,-1
2025-06-08T17:21:30.924972,1.701152,11.7,0.0,62856.671875,51.7,63317.640625,0,0.0,148.421875,deepseek-r1:7b,-1
2025-06-08T17:21:31.028094,1.804274,14.4,0.0,62856.671875,51.7,63317.640625,0,0.0,148.421875,deepseek-r1:7b,-1
2025-06-08T17:21:31.128789,1.904969,0.0,0.0,62856.671875,51.7,63317.640625,0,0.0,148.421875,deepseek-r1:7b,-1
2025-06-08T17:21:31.233686,2.009866,0.0,0.0,62856.671875,51.7,63317.640625,0,0.0,148.421875,deepseek-r1:7b,-1
2025-06-08T17:21:31.338950,2.11513,12.5,0.0,62732.171875,51.6,63438.875,0,0.0,148.421875,deepseek-r1:7b,-1
2025-06-08T17:21:31.444319,2.220499,12.7,0.0,62732.109375,51.6,63439.421875,0,0.0,148.421875,deepseek-r1:7b,-1
2025-06-08T17:21:31.548086,2.324266,13.4,0.0,62732.109375,51.6,63439.421875,0,0.0,148.421875,deepseek-r1:7b,-1
2025-06-08T17:21:31.649972,2.426152,11.9,0.0,62732.109375,51.6,63439.421875,0,0.0,148.421875,deepseek-r1:7b,-1
2025-06-08T17:21:31.755348,2.531528,13.0,0.0,62732.109375,51.6,63439.421875,0,0.0,148.421875,deepseek-r1:7b,-1
2025-06-08T17:21:31.858104,2.634284,10.4,0.0,62732.109375,51.6,63439.421875,0,0.0,148.421875,deepseek-r1:7b,-1
2025-06-08T17:21:31.959866,2.736046,13.0,0.0,62732.109375,51.6,63439.421875,0,0.0,148.421875,deepseek-r1:7b,-1
2025-06-08T17:21:32.062749,2.838929,13.3,0.0,62732.109375,51.6,63439.421875,0,0.0,148.421875,deepseek-r1:7b,-1
2025-06-08T17:21:32.163912,2.940092,13.1,0.0,62732.109375,51.6,63439.421875,0,0.0,148.421875,deepseek-r1:7b,-1
2025-06-08T17:21:32.268870,3.04505,0.0,0.0,62732.109375,51.6,63439.421875,0,0.0,148.421875,deepseek-r1:7b,-1
2025-06-08T17:21:32.374158,3.150338,12.5,0.0,62727.90625,51.6,63444.046875,0,0.0,148.421875,deepseek-r1:7b,-1
2025-06-08T17:21:32.474823,3.251003,12.6,0.0,62729.734375,51.6,63444.59375,0,0.0,148.421875,deepseek-r1:7b,-1
2025-06-08T17:21:32.575423,3.351603,18.1,0.0,62729.734375,51.6,63444.59375,0,0.0,148.421875,deepseek-r1:7b,-1
2025-06-08T17:21:32.678326,3.454506,17.9,0.0,62729.734375,51.6,63444.59375,0,0.0,148.421875,deepseek-r1:7b,-1
2025-06-08T17:21:32.781424,3.557604,12.3,0.0,62729.734375,51.6,63444.59375,0,0.0,148.421875,deepseek-r1:7b,-1
2025-06-08T17:21:32.883892,3.660072,13.3,0.0,62729.734375,51.6,63444.59375,0,0.0,148.421875,deepseek-r1:7b,-1
2025-06-08T17:21:32.989163,3.765343,11.3,0.0,62729.734375,51.6,63444.59375,0,0.0,148.421875,deepseek-r1:7b,-1
2025-06-08T17:21:33.089984,3.866164,12.6,0.0,62729.734375,51.6,63444.59375,0,0.0,148.421875,deepseek-r1:7b,-1
2025-06-08T17:21:33.191240,3.96742,0.0,0.0,62729.734375,51.6,63444.59375,0,0.0,148.421875,deepseek-r1:7b,-1
2025-06-08T17:21:33.296644,4.072824,0.0,0.0,62729.734375,51.6,63444.59375,0,0.0,148.421875,deepseek-r1:7b,-1
2025-06-08T17:21:33.396840,4.17302,14.2,0.0,62734.078125,51.6,63439.171875,0,0.0,148.421875,deepseek-r1:7b,-1
2025-06-08T17:21:33.497561,4.273741,11.9,0.0,62734.078125,51.6,63439.171875,0,0.0,148.421875,deepseek-r1:7b,-1
2025-06-08T17:21:33.602489,4.378669,13.5,0.0,62734.078125,51.6,63439.171875,0,0.0,148.421875,deepseek-r1:7b,-1
2025-06-08T17:21:33.703418,4.479598,11.9,0.0,62734.078125,51.6,63439.171875,0,0.0,148.421875,deepseek-r1:7b,-1
2025-06-08T17:21:33.808785,4.584965,10.8,0.0,62734.078125,51.6,63439.171875,0,0.0,148.421875,deepseek-r1:7b,-1
2025-06-08T17:21:33.913572,4.689752,13.7,0.0,62734.078125,51.6,63439.171875,0,0.0,148.421875,deepseek-r1:7b,-1
2025-06-08T17:21:34.016239,4.792419,12.3,0.0,62734.078125,51.6,63439.171875,0,0.0,148.421875,deepseek-r1:7b,-1
2025-06-08T17:21:34.117136,4.893316,13.0,0.0,62734.078125,51.6,63439.171875,0,0.0,148.421875,deepseek-r1:7b,-1
2025-06-08T17:21:34.222541,4.998721,12.9,0.0,62734.078125,51.6,63439.171875,0,0.0,148.421875,deepseek-r1:7b,-1
2025-06-08T17:21:34.324534,5.100714,0.0,0.0,62734.078125,51.6,63439.171875,0,0.0,148.421875,deepseek-r1:7b,-1
2025-06-08T17:21:34.429841,5.206021,16.5,0.0,62726.4375,51.6,63448.890625,0,0.0,148.421875,deepseek-r1:7b,-1
2025-06-08T17:21:34.531089,5.307269,11.7,0.0,62725.140625,51.6,63450.4375,0,0.0,148.421875,deepseek-r1:7b,-1
2025-06-08T17:21:34.636098,5.412278,12.0,0.0,62725.140625,51.6,63450.4375,0,0.0,148.421875,deepseek-r1:7b,-1
2025-06-08T17:21:34.741340,5.51752,11.9,0.0,62725.140625,51.6,63450.4375,0,0.0,148.421875,deepseek-r1:7b,-1
2025-06-08T17:21:34.846711,5.622891,12.6,0.0,62725.140625,51.6,63450.4375,0,0.0,148.421875,deepseek-r1:7b,-1
2025-06-08T17:21:34.952072,5.728252,12.9,0.0,62725.140625,51.6,63450.4375,0,0.0,148.421875,deepseek-r1:7b,-1
2025-06-08T17:21:35.057330,5.83351,12.5,0.0,62725.140625,51.6,63450.4375,0,0.0,148.421875,deepseek-r1:7b,-1
2025-06-08T17:21:35.162523,5.938703,0.0,0.0,62725.140625,51.6,63450.4375,0,0.0,148.421875,deepseek-r1:7b,-1
2025-06-08T17:21:35.267873,6.044053,0.0,0.0,62725.140625,51.6,63450.4375,0,0.0,148.421875,deepseek-r1:7b,-1
2025-06-08T17:21:35.372528,6.148708,0.0,0.0,62725.140625,51.6,63450.4375,0,0.0,148.421875,deepseek-r1:7b,-1
2025-06-08T17:21:35.477940,6.25412,12.5,0.0,62729.0,51.6,63440.890625,0,0.0,148.421875,deepseek-r1:7b,-1
2025-06-08T17:21:35.582216,6.358396,12.7,0.0,62729.0625,51.6,63441.265625,0,0.0,148.421875,deepseek-r1:7b,-1
2025-06-08T17:21:35.687490,6.46367,11.9,0.0,62729.109375,51.6,63441.5,0,0.0,148.421875,deepseek-r1:7b,-1
2025-06-08T17:21:35.787996,6.564176,18.7,0.0,62729.109375,51.6,63441.5,0,0.0,148.421875,deepseek-r1:7b,-1
2025-06-08T17:21:35.888823,6.665003,18.8,0.0,62729.109375,51.6,63441.5,0,0.0,148.421875,deepseek-r1:7b,-1
2025-06-08T17:21:35.989612,6.765792,0.0,0.0,62729.109375,51.6,63441.5,0,0.0,148.421875,deepseek-r1:7b,-1
2025-06-08T17:21:36.090374,6.866554,0.0,0.0,62729.109375,51.6,63441.5,0,0.0,148.421875,deepseek-r1:7b,-1
2025-06-08T17:21:36.195322,6.971502,0.0,0.0,62729.109375,51.6,63441.5,0,0.0,148.421875,deepseek-r1:7b,-1
2025-06-08T17:21:36.299899,7.076079,0.0,0.0,62729.109375,51.6,63441.5,0,0.0,148.421875,deepseek-r1:7b,-1
2025-06-08T17:21:38.435302,0.032544,14.6,0.0,62062.640625,51.1,64112.515625,0,0.0,148.421875,deepseek-r1:7b,-1
2025-06-08T17:21:38.540500,0.137742,21.6,0.0,61647.609375,50.8,64524.96875,0,0.0,148.421875,deepseek-r1:7b,-1
2025-06-08T17:21:38.645755,0.242997,16.8,0.0,62421.953125,51.4,63752.671875,0,0.0,148.421875,deepseek-r1:7b,-1
2025-06-08T17:21:38.749628,0.34687,13.6,0.0,62421.953125,51.4,63752.671875,0,0.0,148.421875,deepseek-r1:7b,-1
2025-06-08T17:21:38.851309,0.448551,13.2,0.0,62421.953125,51.4,63752.671875,0,0.0,148.421875,deepseek-r1:7b,-1
2025-06-08T17:21:38.954090,0.551332,11.8,0.0,62421.953125,51.4,63752.671875,0,0.0,148.421875,deepseek-r1:7b,-1
2025-06-08T17:21:39.054956,0.652198,13.7,0.0,62421.953125,51.4,63752.671875,0,0.0,148.421875,deepseek-r1:7b,-1
2025-06-08T17:21:39.159778,0.75702,12.8,0.0,62421.953125,51.4,63752.671875,0,0.0,148.421875,deepseek-r1:7b,-1
2025-06-08T17:21:39.265171,0.862413,0.0,0.0,62421.953125,51.4,63752.671875,0,0.0,148.421875,deepseek-r1:7b,-1
2025-06-08T17:21:39.366805,0.964047,0.0,0.0,62421.953125,51.4,63752.671875,0,0.0,148.421875,deepseek-r1:7b,-1
2025-06-08T17:21:39.468006,1.065248,12.4,0.0,62861.875,51.7,63315.703125,0,0.0,148.421875,deepseek-r1:7b,-1
2025-06-08T17:21:39.573304,1.170546,13.3,0.0,62861.875,51.7,63310.828125,0,0.0,148.421875,deepseek-r1:7b,-1
2025-06-08T17:21:39.677537,1.274779,12.1,0.0,62861.875,51.7,63310.828125,0,0.0,148.421875,deepseek-r1:7b,-1
2025-06-08T17:21:39.778437,1.375679,13.9,0.0,62861.875,51.7,63310.828125,0,0.0,148.421875,deepseek-r1:7b,-1
2025-06-08T17:21:39.882740,1.479982,15.1,0.0,62861.875,51.7,63310.828125,0,0.0,148.421875,deepseek-r1:7b,-1
2025-06-08T17:21:39.984073,1.581315,12.3,0.0,62861.875,51.7,63310.828125,0,0.0,148.421875,deepseek-r1:7b,-1
2025-06-08T17:21:40.084474,1.681716,0.0,0.0,62861.875,51.7,63310.828125,0,0.0,148.421875,deepseek-r1:7b,-1
2025-06-08T17:21:40.189729,1.786971,0.0,0.0,62861.875,51.7,63310.828125,0,0.0,148.421875,deepseek-r1:7b,-1
2025-06-08T17:21:40.295050,1.892292,0.0,0.0,62861.875,51.7,63310.828125,0,0.0,148.421875,deepseek-r1:7b,-1
2025-06-08T17:21:40.396160,1.993402,0.0,0.0,62861.875,51.7,63310.828125,0,0.0,148.421875,deepseek-r1:7b,-1
2025-06-08T17:21:40.498937,2.096179,12.8,0.0,62741.6875,51.6,63435.609375,0,0.0,148.421875,deepseek-r1:7b,-1
2025-06-08T17:21:40.602024,2.199266,14.0,0.0,62741.625,51.6,63430.78125,0,0.0,148.421875,deepseek-r1:7b,-1
2025-06-08T17:21:40.707322,2.304564,12.5,0.0,62741.609375,51.6,63431.109375,0,0.0,148.421875,deepseek-r1:7b,-1
2025-06-08T17:21:40.810092,2.407334,12.7,0.0,62741.609375,51.6,63430.21875,0,0.0,148.421875,deepseek-r1:7b,-1
2025-06-08T17:21:40.912372,2.509614,0.0,0.0,62741.609375,51.6,63430.21875,0,0.0,148.421875,deepseek-r1:7b,-1
2025-06-08T17:21:41.016072,2.613314,0.0,0.0,62741.609375,51.6,63430.21875,0,0.0,148.421875,deepseek-r1:7b,-1
2025-06-08T17:21:41.120700,2.717942,0.0,0.0,62741.609375,51.6,63430.21875,0,0.0,148.421875,deepseek-r1:7b,-1
2025-06-08T17:21:41.224382,2.821624,0.0,0.0,62741.609375,51.6,63430.21875,0,0.0,148.421875,deepseek-r1:7b,-1
2025-06-08T17:21:41.328807,2.926049,0.0,0.0,62741.609375,51.6,63430.21875,0,0.0,148.421875,deepseek-r1:7b,-1
2025-06-08T17:21:41.433777,3.031019,0.0,0.0,62741.609375,51.6,63430.21875,0,0.0,148.421875,deepseek-r1:7b,-1
2025-06-08T17:21:41.539161,3.136403,12.7,0.0,62732.0625,51.6,63440.46875,0,0.0,148.421875,deepseek-r1:7b,-1
2025-06-08T17:21:41.644615,3.241857,12.0,0.0,62732.453125,51.6,63439.6875,0,0.0,148.421875,deepseek-r1:7b,-1
2025-06-08T17:21:41.750007,3.347249,0.0,0.0,62732.171875,51.6,63440.328125,0,0.0,148.421875,deepseek-r1:7b,-1
2025-06-08T17:21:41.855282,3.452524,0.0,0.0,62732.171875,51.6,63440.328125,0,0.0,148.421875,deepseek-r1:7b,-1
2025-06-08T17:21:41.956085,3.553327,0.0,0.0,62732.171875,51.6,63440.328125,0,0.0,148.421875,deepseek-r1:7b,-1
2025-06-08T17:21:42.057208,3.65445,0.0,0.0,62732.171875,51.6,63440.328125,0,0.0,148.421875,deepseek-r1:7b,-1
2025-06-08T17:21:42.162339,3.759581,0.0,0.0,62732.171875,51.6,63440.328125,0,0.0,148.421875,deepseek-r1:7b,-1
2025-06-08T17:21:42.266278,3.86352,0.0,0.0,62732.171875,51.6,63440.328125,0,0.0,148.421875,deepseek-r1:7b,-1
2025-06-08T17:21:42.371606,3.968848,0.0,0.0,62732.171875,51.6,63440.328125,0,0.0,148.421875,deepseek-r1:7b,-1
2025-06-08T17:21:42.475041,4.072283,0.0,0.0,62732.171875,51.6,63440.328125,0,0.0,148.421875,deepseek-r1:7b,-1
2025-06-08T17:21:42.580379,4.177621,13.7,0.0,62667.171875,51.5,63506.078125,0,0.0,148.421875,deepseek-r1:7b,-1
2025-06-08T17:21:42.680792,4.278034,14.8,0.0,62670.4375,51.6,63502.703125,0,0.0,148.421875,deepseek-r1:7b,-1
2025-06-08T17:21:42.784975,4.382217,15.0,0.0,62670.4375,51.6,63502.703125,0,0.0,148.421875,deepseek-r1:7b,-1
2025-06-08T17:21:42.888185,4.485427,18.8,0.0,62670.4375,51.6,63502.703125,0,0.0,148.421875,deepseek-r1:7b,-1
2025-06-08T17:21:42.992240,4.589482,16.6,0.0,62670.4375,51.6,63502.703125,0,0.0,148.421875,deepseek-r1:7b,-1
2025-06-08T17:21:43.095655,4.692897,0.0,0.0,62670.4375,51.6,63502.703125,0,0.0,148.421875,deepseek-r1:7b,-1
2025-06-08T17:21:43.200633,4.797875,0.0,0.0,62670.4375,51.6,63502.703125,0,0.0,148.421875,deepseek-r1:7b,-1
2025-06-08T17:21:43.305034,4.902276,0.0,0.0,62670.4375,51.6,63502.703125,0,0.0,148.421875,deepseek-r1:7b,-1
2025-06-08T17:21:43.410231,5.007473,0.0,0.0,62670.4375,51.6,63502.703125,0,0.0,148.421875,deepseek-r1:7b,-1
2025-06-08T17:21:43.514198,5.11144,0.0,0.0,62670.4375,51.6,63502.703125,0,0.0,148.421875,deepseek-r1:7b,-1
2025-06-08T17:21:43.616906,5.214148,15.7,0.0,62671.78125,51.6,63502.203125,0,0.0,148.421875,deepseek-r1:7b,-1
2025-06-08T17:21:45.769235,0.042681,18.0,0.0,60839.65625,50.2,65329.40625,0,0.0,148.421875,deepseek-r1:7b,-1
2025-06-08T17:21:45.871006,0.144452,17.9,0.0,61379.859375,50.6,64790.9375,0,0.0,148.421875,deepseek-r1:7b,-1
2025-06-08T17:21:45.976285,0.249731,20.8,0.0,61379.859375,50.6,64790.9375,0,0.0,148.421875,deepseek-r1:7b,-1
2025-06-08T17:21:46.078080,0.351526,14.7,0.0,61379.859375,50.6,64790.9375,0,0.0,148.421875,deepseek-r1:7b,-1
2025-06-08T17:21:46.186759,0.460205,11.0,0.0,61379.859375,50.6,64790.9375,0,0.0,148.421875,deepseek-r1:7b,-1
2025-06-08T17:21:46.288244,0.56169,12.8,0.0,61379.859375,50.6,64790.9375,0,0.0,148.421875,deepseek-r1:7b,-1
2025-06-08T17:21:46.390918,0.664364,17.4,0.0,61379.859375,50.6,64790.9375,0,0.0,148.421875,deepseek-r1:7b,-1
2025-06-08T17:21:46.494608,0.768054,16.8,0.0,61379.859375,50.6,64790.9375,0,0.0,148.421875,deepseek-r1:7b,-1
2025-06-08T17:21:46.597080,0.870526,18.2,0.0,61379.859375,50.6,64790.9375,0,0.0,148.421875,deepseek-r1:7b,-1
2025-06-08T17:21:46.705406,0.978852,0.0,0.0,61379.859375,50.6,64790.9375,0,0.0,148.421875,deepseek-r1:7b,-1
2025-06-08T17:21:46.815268,1.088714,13.0,0.0,62385.75,51.3,63790.515625,0,0.0,148.421875,deepseek-r1:7b,-1
2025-06-08T17:21:46.924729,1.198175,15.6,0.0,62386.21875,51.3,63786.015625,0,0.0,148.421875,deepseek-r1:7b,-1
2025-06-08T17:21:47.026394,1.29984,14.5,0.0,62386.21875,51.3,63786.015625,0,0.0,148.421875,deepseek-r1:7b,-1
2025-06-08T17:21:47.130040,1.403486,11.7,0.0,62386.21875,51.3,63786.015625,0,0.0,148.421875,deepseek-r1:7b,-1
2025-06-08T17:21:47.237711,1.511157,12.1,0.0,62386.21875,51.3,63786.015625,0,0.0,148.421875,deepseek-r1:7b,-1
2025-06-08T17:21:47.345070,1.618516,14.0,0.0,62386.21875,51.3,63786.015625,0,0.0,148.421875,deepseek-r1:7b,-1
2025-06-08T17:21:47.446838,1.720284,11.1,0.0,62386.21875,51.3,63786.015625,0,0.0,148.421875,deepseek-r1:7b,-1
2025-06-08T17:21:47.553439,1.826885,11.6,0.0,62386.21875,51.3,63786.015625,0,0.0,148.421875,deepseek-r1:7b,-1
2025-06-08T17:21:47.654017,1.927463,12.4,0.0,62386.21875,51.3,63786.015625,0,0.0,148.421875,deepseek-r1:7b,-1
2025-06-08T17:21:47.762860,2.036306,0.0,0.0,62386.21875,51.3,63786.015625,0,0.0,148.421875,deepseek-r1:7b,-1
2025-06-08T17:21:47.869343,2.142789,12.1,0.0,62257.8125,51.2,63916.6875,0,0.0,148.421875,deepseek-r1:7b,-1
2025-06-08T17:21:47.970250,2.243696,13.0,0.0,62257.8125,51.2,63916.6875,0,0.0,148.421875,deepseek-r1:7b,-1
2025-06-08T17:21:48.072720,2.346166,15.2,0.0,62257.8125,51.2,63916.6875,0,0.0,148.421875,deepseek-r1:7b,-1
2025-06-08T17:21:48.179933,2.453379,15.2,0.0,62257.8125,51.2,63916.6875,0,0.0,148.421875,deepseek-r1:7b,-1
2025-06-08T17:21:48.285153,2.558599,16.4,0.0,62257.8125,51.2,63916.6875,0,0.0,148.421875,deepseek-r1:7b,-1
2025-06-08T17:21:48.386989,2.660435,0.0,0.0,62257.8125,51.2,63916.6875,0,0.0,148.421875,deepseek-r1:7b,-1
2025-06-08T17:21:48.488407,2.761853,0.0,0.0,62257.8125,51.2,63916.6875,0,0.0,148.421875,deepseek-r1:7b,-1
2025-06-08T17:21:48.589214,2.86266,0.0,0.0,62257.8125,51.2,63916.6875,0,0.0,148.421875,deepseek-r1:7b,-1
2025-06-08T17:21:48.694153,2.967599,0.0,0.0,62257.8125,51.2,63916.6875,0,0.0,148.421875,deepseek-r1:7b,-1
2025-06-08T17:21:48.796167,3.069613,0.0,0.0,62257.8125,51.2,63916.6875,0,0.0,148.421875,deepseek-r1:7b,-1
2025-06-08T17:21:48.903333,3.176779,12.2,0.0,62251.671875,51.2,63925.453125,0,0.0,148.421875,deepseek-r1:7b,-1
2025-06-08T17:21:49.013704,3.28715,10.2,0.0,62251.671875,51.2,63924.296875,0,0.0,148.421875,deepseek-r1:7b,-1
2025-06-08T17:21:49.124165,3.397611,15.7,0.0,62251.140625,51.2,63929.09375,0,0.0,148.421875,deepseek-r1:7b,-1
2025-06-08T17:21:49.227081,3.500527,10.2,0.0,62251.140625,51.2,63929.09375,0,0.0,148.421875,deepseek-r1:7b,-1
2025-06-08T17:21:49.336882,3.610328,11.0,0.0,62251.140625,51.2,63929.09375,0,0.0,148.421875,deepseek-r1:7b,-1
2025-06-08T17:21:49.447253,3.720699,10.2,0.0,62251.140625,51.2,63929.09375,0,0.0,148.421875,deepseek-r1:7b,-1
2025-06-08T17:21:49.557602,3.831048,11.4,0.0,62251.140625,51.2,63929.09375,0,0.0,148.421875,deepseek-r1:7b,-1
2025-06-08T17:21:49.663309,3.936755,12.0,0.0,62251.140625,51.2,63929.09375,0,0.0,148.421875,deepseek-r1:7b,-1
2025-06-08T17:21:49.770035,4.043481,11.6,0.0,62251.140625,51.2,63929.09375,0,0.0,148.421875,deepseek-r1:7b,-1
2025-06-08T17:21:49.876953,4.150399,10.6,0.0,62251.140625,51.2,63929.09375,0,0.0,148.421875,deepseek-r1:7b,-1
2025-06-08T17:21:49.987364,4.26081,14.2,0.0,62247.453125,51.2,63934.046875,0,0.0,148.421875,deepseek-r1:7b,-1
2025-06-08T17:21:50.088122,4.361568,15.1,0.0,62246.40625,51.2,63933.859375,0,0.0,148.421875,deepseek-r1:7b,-1
2025-06-08T17:21:50.193886,4.467332,9.7,0.0,62246.0,51.2,63933.171875,0,0.0,148.421875,deepseek-r1:7b,-1
2025-06-08T17:21:50.296242,4.569688,15.1,0.0,62246.0,51.2,63933.171875,0,0.0,148.421875,deepseek-r1:7b,-1
2025-06-08T17:21:50.405166,4.678612,0.0,0.0,62246.0,51.2,63933.171875,0,0.0,148.421875,deepseek-r1:7b,-1
2025-06-08T17:21:50.515590,4.789036,0.0,0.0,62246.0,51.2,63933.171875,0,0.0,148.421875,deepseek-r1:7b,-1
2025-06-08T17:21:50.624630,4.898076,0.0,0.0,62246.0,51.2,63933.171875,0,0.0,148.421875,deepseek-r1:7b,-1
2025-06-08T17:21:50.732979,5.006425,0.0,0.0,62246.0,51.2,63933.171875,0,0.0,148.421875,deepseek-r1:7b,-1
2025-06-08T17:21:50.843427,5.116873,0.0,0.0,62246.0,51.2,63933.171875,0,0.0,148.421875,deepseek-r1:7b,-1
2025-06-08T17:21:50.953303,5.226749,0.0,0.0,62246.0,51.2,63933.171875,0,0.0,148.421875,deepseek-r1:7b,-1
2025-06-08T17:21:51.053712,5.327158,11.1,0.0,62241.0,51.2,63932.9375,0,0.0,148.421875,deepseek-r1:7b,-1
2025-06-08T17:21:51.162778,5.436224,11.6,0.0,62241.0,51.2,63932.9375,0,0.0,148.421875,deepseek-r1:7b,-1
2025-06-08T17:21:51.273123,5.546569,10.7,0.0,62241.0,51.2,63932.9375,0,0.0,148.421875,deepseek-r1:7b,-1
2025-06-08T17:21:51.378171,5.651617,11.9,0.0,62241.0,51.2,63932.9375,0,0.0,148.421875,deepseek-r1:7b,-1
2025-06-08T17:21:51.488542,5.761988,11.9,0.0,62241.0,51.2,63932.9375,0,0.0,148.421875,deepseek-r1:7b,-1
2025-06-08T17:21:51.598893,5.872339,8.7,0.0,62241.0,51.2,63932.9375,0,0.0,148.421875,deepseek-r1:7b,-1
2025-06-08T17:21:51.706870,5.980316,12.2,0.0,62241.0,51.2,63932.9375,0,0.0,148.421875,deepseek-r1:7b,-1
2025-06-08T17:21:51.816759,6.090205,9.8,0.0,62241.0,51.2,63932.9375,0,0.0,148.421875,deepseek-r1:7b,-1
2025-06-08T17:21:51.927144,6.20059,10.2,0.0,62241.0,51.2,63932.9375,0,0.0,148.421875,deepseek-r1:7b,-1
2025-06-08T17:21:52.028346,6.301792,0.0,0.0,62241.0,51.2,63932.9375,0,0.0,148.421875,deepseek-r1:7b,-1
2025-06-08T17:21:52.134709,6.408155,12.2,0.0,62239.8125,51.2,63935.78125,0,0.0,148.421875,deepseek-r1:7b,-1
2025-06-08T17:21:52.243922,6.517368,11.0,0.0,62243.078125,51.2,63931.9375,0,0.0,148.421875,deepseek-r1:7b,-1
2025-06-08T17:21:52.353262,6.626708,10.8,0.0,62243.015625,51.2,63932.40625,0,0.0,148.421875,deepseek-r1:7b,-1
2025-06-08T17:21:52.463705,6.737151,11.9,0.0,62243.015625,51.2,63932.40625,0,0.0,148.421875,deepseek-r1:7b,-1
2025-06-08T17:21:52.574085,6.847531,11.4,0.0,62243.015625,51.2,63932.40625,0,0.0,148.421875,deepseek-r1:7b,-1
2025-06-08T17:21:52.679882,6.953328,0.0,0.0,62243.015625,51.2,63932.40625,0,0.0,148.421875,deepseek-r1:7b,-1
2025-06-08T17:21:52.786584,7.06003,0.0,0.0,62243.015625,51.2,63932.40625,0,0.0,148.421875,deepseek-r1:7b,-1
2025-06-08T17:21:52.896929,7.170375,0.0,0.0,62243.015625,51.2,63932.40625,0,0.0,148.421875,deepseek-r1:7b,-1
2025-06-08T17:21:53.005090,7.278536,0.0,0.0,62243.015625,51.2,63932.40625,0,0.0,148.421875,deepseek-r1:7b,-1
2025-06-08T17:21:53.105479,7.378925,0.0,0.0,62243.015625,51.2,63932.40625,0,0.0,148.421875,deepseek-r1:7b,-1
2025-06-08T17:21:53.213217,7.486663,11.3,0.0,62242.703125,51.2,63934.8125,0,0.0,148.421875,deepseek-r1:7b,-1
2025-06-08T17:21:53.317387,7.590833,11.4,0.0,62242.53125,51.2,63935.328125,0,0.0,148.421875,deepseek-r1:7b,-1
2025-06-08T17:21:53.419222,7.692668,11.0,0.0,62238.6875,51.2,63939.359375,0,0.0,148.421875,deepseek-r1:7b,-1
2025-06-08T17:21:53.522936,7.796382,10.8,0.0,62238.6875,51.2,63939.359375,0,0.0,148.421875,deepseek-r1:7b,-1
2025-06-08T17:21:53.628705,7.902151,10.2,0.0,62238.6875,51.2,63939.359375,0,0.0,148.421875,deepseek-r1:7b,-1
2025-06-08T17:21:53.734193,8.007639,11.2,0.0,62238.6875,51.2,63939.359375,0,0.0,148.421875,deepseek-r1:7b,-1
2025-06-08T17:21:53.839967,8.113413,10.1,0.0,62238.6875,51.2,63939.359375,0,0.0,148.421875,deepseek-r1:7b,-1
2025-06-08T17:21:53.942343,8.215789,10.4,0.0,62238.6875,51.2,63939.359375,0,0.0,148.421875,deepseek-r1:7b,-1
2025-06-08T17:21:54.043426,8.316872,12.3,0.0,62238.6875,51.2,63939.359375,0,0.0,148.421875,deepseek-r1:7b,-1
2025-06-08T17:21:54.152011,8.425457,0.0,0.0,62238.6875,51.2,63939.359375,0,0.0,148.421875,deepseek-r1:7b,-1
2025-06-08T17:21:54.260257,8.533703,12.2,0.0,62235.984375,51.2,63942.109375,0,0.0,148.421875,deepseek-r1:7b,-1
2025-06-08T17:21:54.368955,8.642401,13.1,0.0,62234.515625,51.2,63943.453125,0,0.0,148.421875,deepseek-r1:7b,-1
2025-06-08T17:21:54.470070,8.743516,9.9,0.0,62234.640625,51.2,63946.59375,0,0.0,148.421875,deepseek-r1:7b,-1
2025-06-08T17:21:56.631394,0.042627,13.4,0.0,60855.6875,50.2,65320.109375,0,0.0,148.4375,deepseek-r1:7b,-1
2025-06-08T17:21:56.741570,0.152803,17.0,0.0,61370.8125,50.6,64803.0625,0,0.0,148.4375,deepseek-r1:7b,-1
2025-06-08T17:21:56.849845,0.261078,18.5,0.0,61923.421875,51.0,64252.296875,0,0.0,148.4375,deepseek-r1:7b,-1
2025-06-08T17:21:56.956704,0.367937,10.9,0.0,62360.6875,51.3,63816.78125,0,0.0,148.4375,deepseek-r1:7b,-1
2025-06-08T17:21:57.058736,0.469969,9.9,0.0,62360.6875,51.3,63816.78125,0,0.0,148.4375,deepseek-r1:7b,-1
2025-06-08T17:21:57.163940,0.575173,18.6,0.0,62360.6875,51.3,63816.78125,0,0.0,148.4375,deepseek-r1:7b,-1
2025-06-08T17:21:57.266505,0.677738,22.6,0.0,62360.6875,51.3,63816.78125,0,0.0,148.4375,deepseek-r1:7b,-1
2025-06-08T17:21:57.368417,0.77965,12.3,0.0,62360.6875,51.3,63816.78125,0,0.0,148.4375,deepseek-r1:7b,-1
2025-06-08T17:21:57.474558,0.885791,0.0,0.0,62360.6875,51.3,63816.78125,0,0.0,148.4375,deepseek-r1:7b,-1
2025-06-08T17:21:57.580675,0.991908,0.0,0.0,62360.6875,51.3,63816.78125,0,0.0,148.4375,deepseek-r1:7b,-1
2025-06-08T17:21:57.691068,1.102301,11.7,0.0,62382.171875,51.3,63796.34375,0,0.0,148.4375,deepseek-r1:7b,-1
2025-06-08T17:21:57.792461,1.203694,9.8,0.0,62382.171875,51.3,63795.359375,0,0.0,148.4375,deepseek-r1:7b,-1
2025-06-08T17:21:57.899454,1.310687,15.7,0.0,62382.140625,51.3,63795.8125,0,0.0,148.4375,deepseek-r1:7b,-1
2025-06-08T17:21:58.001635,1.412868,16.7,0.0,62382.140625,51.3,63795.8125,0,0.0,148.4375,deepseek-r1:7b,-1
2025-06-08T17:21:58.106493,1.517726,14.5,0.0,62382.140625,51.3,63795.8125,0,0.0,148.4375,deepseek-r1:7b,-1
2025-06-08T17:21:58.213463,1.624696,0.0,0.0,62382.140625,51.3,63795.8125,0,0.0,148.4375,deepseek-r1:7b,-1
2025-06-08T17:21:58.322522,1.733755,0.0,0.0,62382.140625,51.3,63795.8125,0,0.0,148.4375,deepseek-r1:7b,-1
2025-06-08T17:21:58.432767,1.844,0.0,0.0,62382.140625,51.3,63795.8125,0,0.0,148.4375,deepseek-r1:7b,-1
2025-06-08T17:21:58.543114,1.954347,0.0,0.0,62382.140625,51.3,63795.8125,0,0.0,148.4375,deepseek-r1:7b,-1
2025-06-08T17:21:58.653097,2.06433,0.0,0.0,62382.140625,51.3,63795.8125,0,0.0,148.4375,deepseek-r1:7b,-1
2025-06-08T17:21:58.754268,2.165501,12.8,0.0,62267.1875,51.2,63906.3125,0,0.0,148.4375,deepseek-r1:7b,-1
2025-06-08T17:21:58.859008,2.270241,11.4,0.0,62267.1875,51.2,63906.3125,0,0.0,148.4375,deepseek-r1:7b,-1
2025-06-08T17:21:58.966088,2.377321,0.0,0.0,62267.1875,51.2,63906.3125,0,0.0,148.4375,deepseek-r1:7b,-1
2025-06-08T17:21:59.076452,2.487685,0.0,0.0,62267.1875,51.2,63906.3125,0,0.0,148.4375,deepseek-r1:7b,-1
2025-06-08T17:21:59.186496,2.597729,0.0,0.0,62267.1875,51.2,63906.3125,0,0.0,148.4375,deepseek-r1:7b,-1
2025-06-08T17:21:59.296801,2.708034,0.0,0.0,62267.1875,51.2,63906.3125,0,0.0,148.4375,deepseek-r1:7b,-1
2025-06-08T17:21:59.404871,2.816104,0.0,0.0,62267.1875,51.2,63906.3125,0,0.0,148.4375,deepseek-r1:7b,-1
2025-06-08T17:21:59.505339,2.916572,0.0,0.0,62267.1875,51.2,63906.3125,0,0.0,148.4375,deepseek-r1:7b,-1
2025-06-08T17:21:59.610307,3.02154,0.0,0.0,62267.1875,51.2,63906.3125,0,0.0,148.4375,deepseek-r1:7b,-1
2025-06-08T17:21:59.720668,3.131901,0.0,0.0,62267.1875,51.2,63906.3125,0,0.0,148.4375,deepseek-r1:7b,-1
2025-06-08T17:21:59.831006,3.242239,11.0,0.0,62263.359375,51.2,63909.03125,0,0.0,148.4375,deepseek-r1:7b,-1
2025-06-08T17:21:59.941066,3.352299,10.8,0.0,62263.359375,51.2,63909.03125,0,0.0,148.4375,deepseek-r1:7b,-1
2025-06-08T17:22:00.041513,3.452746,10.8,0.0,62263.359375,51.2,63909.03125,0,0.0,148.4375,deepseek-r1:7b,-1
2025-06-08T17:22:00.143166,3.554399,13.9,0.0,62263.359375,51.2,63909.03125,0,0.0,148.4375,deepseek-r1:7b,-1
2025-06-08T17:22:00.253064,3.664297,0.0,0.0,62263.359375,51.2,63909.03125,0,0.0,148.4375,deepseek-r1:7b,-1
2025-06-08T17:22:00.353663,3.764896,0.0,0.0,62263.359375,51.2,63909.03125,0,0.0,148.4375,deepseek-r1:7b,-1
2025-06-08T17:22:00.454261,3.865494,0.0,0.0,62263.359375,51.2,63909.03125,0,0.0,148.4375,deepseek-r1:7b,-1
2025-06-08T17:22:00.559043,3.970276,0.0,0.0,62263.359375,51.2,63909.03125,0,0.0,148.4375,deepseek-r1:7b,-1
2025-06-08T17:22:00.663139,4.074372,0.0,0.0,62263.359375,51.2,63909.03125,0,0.0,148.4375,deepseek-r1:7b,-1
2025-06-08T17:22:00.773311,4.184544,0.0,0.0,62263.359375,51.2,63909.03125,0,0.0,148.4375,deepseek-r1:7b,-1
2025-06-08T17:22:00.878543,4.289776,11.1,0.0,62268.125,51.2,63908.03125,0,0.0,148.4375,deepseek-r1:7b,-1
2025-06-08T17:22:00.988919,4.400152,9.7,0.0,62268.140625,51.2,63904.390625,0,0.0,148.4375,deepseek-r1:7b,-1
2025-06-08T17:22:01.099160,4.510393,11.9,0.0,62263.015625,51.2,63910.53125,0,0.0,148.4375,deepseek-r1:7b,-1
2025-06-08T17:22:01.201812,4.613045,12.3,0.0,62263.015625,51.2,63910.53125,0,0.0,148.4375,deepseek-r1:7b,-1
2025-06-08T17:22:01.310112,4.721345,11.4,0.0,62263.015625,51.2,63910.53125,0,0.0,148.4375,deepseek-r1:7b,-1
2025-06-08T17:22:01.413164,4.824397,0.0,0.0,62263.015625,51.2,63910.53125,0,0.0,148.4375,deepseek-r1:7b,-1
2025-06-08T17:22:01.523507,4.93474,0.0,0.0,62263.015625,51.2,63910.53125,0,0.0,148.4375,deepseek-r1:7b,-1
2025-06-08T17:22:01.633924,5.045157,0.0,0.0,62263.015625,51.2,63910.53125,0,0.0,148.4375,deepseek-r1:7b,-1
2025-06-08T17:22:01.744258,5.155491,0.0,0.0,62263.015625,51.2,63910.53125,0,0.0,148.4375,deepseek-r1:7b,-1
2025-06-08T17:22:01.844898,5.256131,0.0,0.0,62263.015625,51.2,63910.53125,0,0.0,148.4375,deepseek-r1:7b,-1
2025-06-08T17:22:01.955250,5.366483,10.8,0.0,62253.21875,51.2,63922.9375,0,0.0,148.4375,deepseek-r1:7b,-1
2025-06-08T17:22:02.065602,5.476835,10.7,0.0,62252.671875,51.2,63923.71875,0,0.0,148.4375,deepseek-r1:7b,-1
2025-06-08T17:22:02.175978,5.587211,13.1,0.0,62253.125,51.2,63924.0,0,0.0,148.4375,deepseek-r1:7b,-1
2025-06-08T17:22:02.282905,5.694138,12.1,0.0,62253.125,51.2,63924.0,0,0.0,148.4375,deepseek-r1:7b,-1
2025-06-08T17:22:02.385071,5.796304,11.0,0.0,62253.125,51.2,63924.0,0,0.0,148.4375,deepseek-r1:7b,-1
2025-06-08T17:22:02.488099,5.899332,11.6,0.0,62253.125,51.2,63924.0,0,0.0,148.4375,deepseek-r1:7b,-1
2025-06-08T17:22:02.598162,6.009395,11.9,0.0,62253.125,51.2,63924.0,0,0.0,148.4375,deepseek-r1:7b,-1
2025-06-08T17:22:02.706889,6.118122,0.0,0.0,62253.125,51.2,63924.0,0,0.0,148.4375,deepseek-r1:7b,-1
2025-06-08T17:22:02.815988,6.227221,0.0,0.0,62253.125,51.2,63924.0,0,0.0,148.4375,deepseek-r1:7b,-1
2025-06-08T17:22:02.921264,6.332497,0.0,0.0,62253.125,51.2,63924.0,0,0.0,148.4375,deepseek-r1:7b,-1
2025-06-08T17:22:03.030038,6.441271,10.8,0.0,62253.609375,51.2,63923.703125,0,0.0,148.4375,deepseek-r1:7b,-1
2025-06-08T17:22:03.130845,6.542078,14.6,0.0,62253.609375,51.2,63923.703125,0,0.0,148.4375,deepseek-r1:7b,-1
2025-06-08T17:22:03.239177,6.65041,11.9,0.0,62253.609375,51.2,63923.703125,0,0.0,148.4375,deepseek-r1:7b,-1
2025-06-08T17:22:03.349531,6.760764,9.2,0.0,62253.609375,51.2,63923.703125,0,0.0,148.4375,deepseek-r1:7b,-1
2025-06-08T17:22:03.459351,6.870584,12.1,0.0,62253.609375,51.2,63923.703125,0,0.0,148.4375,deepseek-r1:7b,-1
2025-06-08T17:22:03.569710,6.980943,10.7,0.0,62253.609375,51.2,63923.703125,0,0.0,148.4375,deepseek-r1:7b,-1
2025-06-08T17:22:03.671309,7.082542,11.7,0.0,62253.609375,51.2,63923.703125,0,0.0,148.4375,deepseek-r1:7b,-1
2025-06-08T17:22:03.772166,7.183399,11.0,0.0,62253.609375,51.2,63923.703125,0,0.0,148.4375,deepseek-r1:7b,-1
2025-06-08T17:22:03.882538,7.293771,0.0,0.0,62253.609375,51.2,63923.703125,0,0.0,148.4375,deepseek-r1:7b,-1
2025-06-08T17:22:03.990963,7.402196,0.0,0.0,62253.609375,51.2,63923.703125,0,0.0,148.4375,deepseek-r1:7b,-1
2025-06-08T17:22:04.099293,7.510526,11.1,0.0,62250.90625,51.2,63921.421875,0,0.0,148.4375,deepseek-r1:7b,-1
2025-06-08T17:22:04.204831,7.616064,12.0,0.0,62250.921875,51.2,63923.9375,0,0.0,148.4375,deepseek-r1:7b,-1
2025-06-08T17:22:04.307867,7.7191,11.0,0.0,62250.953125,51.2,63922.78125,0,0.0,148.4375,deepseek-r1:7b,-1
2025-06-08T17:22:04.409776,7.821009,11.1,0.0,62250.953125,51.2,63922.78125,0,0.0,148.4375,deepseek-r1:7b,-1
2025-06-08T17:22:04.520201,7.931434,10.3,0.0,62250.953125,51.2,63922.78125,0,0.0,148.4375,deepseek-r1:7b,-1
2025-06-08T17:22:04.629667,8.0409,0.0,0.0,62250.953125,51.2,63922.78125,0,0.0,148.4375,deepseek-r1:7b,-1
2025-06-08T17:22:04.736955,8.148188,0.0,0.0,62250.953125,51.2,63922.78125,0,0.0,148.4375,deepseek-r1:7b,-1
2025-06-08T17:22:04.845350,8.256583,0.0,0.0,62250.953125,51.2,63922.78125,0,0.0,148.4375,deepseek-r1:7b,-1
2025-06-08T17:22:04.955058,8.366291,0.0,0.0,62250.953125,51.2,63922.78125,0,0.0,148.4375,deepseek-r1:7b,-1
2025-06-08T17:22:05.065436,8.476669,0.0,0.0,62250.953125,51.2,63922.78125,0,0.0,148.4375,deepseek-r1:7b,-1
2025-06-08T17:22:05.166594,8.577827,11.7,0.0,62250.8125,51.2,63923.75,0,0.0,148.4375,deepseek-r1:7b,-1
2025-06-08T17:22:05.271583,8.682816,10.7,0.0,62250.671875,51.2,63920.234375,0,0.0,148.4375,deepseek-r1:7b,-1
2025-06-08T17:22:05.377985,8.789218,10.2,0.0,62250.671875,51.2,63920.234375,0,0.0,148.4375,deepseek-r1:7b,-1
2025-06-08T17:22:05.486944,8.898177,10.9,0.0,62250.671875,51.2,63920.234375,0,0.0,148.4375,deepseek-r1:7b,-1
2025-06-08T17:22:05.597306,9.008539,12.6,0.0,62250.671875,51.2,63920.234375,0,0.0,148.4375,deepseek-r1:7b,-1
2025-06-08T17:22:05.707691,9.118924,11.2,0.0,62250.671875,51.2,63920.234375,0,0.0,148.4375,deepseek-r1:7b,-1
2025-06-08T17:22:05.817278,9.228511,10.9,0.0,62250.671875,51.2,63920.234375,0,0.0,148.4375,deepseek-r1:7b,-1
2025-06-08T17:22:05.918051,9.329284,9.4,0.0,62250.671875,51.2,63920.234375,0,0.0,148.4375,deepseek-r1:7b,-1
2025-06-08T17:22:06.024126,9.435359,10.1,0.0,62250.671875,51.2,63920.234375,0,0.0,148.4375,deepseek-r1:7b,-1
2025-06-08T17:22:06.128162,9.539395,19.9,0.0,62250.671875,51.2,63920.234375,0,0.0,148.4375,deepseek-r1:7b,-1
2025-06-08T17:22:06.238030,9.649263,11.9,0.0,62246.765625,51.2,63926.78125,0,0.0,148.4375,deepseek-r1:7b,-1
2025-06-08T17:22:06.342014,9.753247,13.7,0.0,62248.765625,51.2,63922.203125,0,0.0,148.4375,deepseek-r1:7b,-1
2025-06-08T17:22:06.451816,9.863049,10.3,0.0,62248.6875,51.2,63922.46875,0,0.0,148.4375,deepseek-r1:7b,-1
2025-06-08T17:22:06.553395,9.964628,11.5,0.0,62248.6875,51.2,63922.46875,0,0.0,148.4375,deepseek-r1:7b,-1
2025-06-08T17:22:06.662476,10.073709,11.0,0.0,62248.6875,51.2,63922.46875,0,0.0,148.4375,deepseek-r1:7b,-1
2025-06-08T17:22:06.767537,10.17877,11.3,0.0,62248.6875,51.2,63922.46875,0,0.0,148.4375,deepseek-r1:7b,-1
2025-06-08T17:22:06.877897,10.28913,0.0,0.0,62248.6875,51.2,63922.46875,0,0.0,148.4375,deepseek-r1:7b,-1
2025-06-08T17:22:06.986253,10.397486,0.0,0.0,62248.6875,51.2,63922.46875,0,0.0,148.4375,deepseek-r1:7b,-1
2025-06-08T17:22:07.095746,10.506979,0.0,0.0,62248.6875,51.2,63922.46875,0,0.0,148.4375,deepseek-r1:7b,-1
2025-06-08T17:22:07.206126,10.617359,0.0,0.0,62248.6875,51.2,63922.46875,0,0.0,148.4375,deepseek-r1:7b,-1
2025-06-08T17:22:07.307111,10.718344,10.9,0.0,62252.078125,51.2,63920.390625,0,0.0,148.4375,deepseek-r1:7b,-1
2025-06-08T17:22:07.413270,10.824503,10.7,0.0,62249.1875,51.2,63923.671875,0,0.0,148.4375,deepseek-r1:7b,-1
2025-06-08T17:22:07.523707,10.93494,11.2,0.0,62249.234375,51.2,63923.828125,0,0.0,148.4375,deepseek-r1:7b,-1
2025-06-08T17:22:07.627535,11.038768,9.9,0.0,62249.328125,51.2,63924.109375,0,0.0,148.4375,deepseek-r1:7b,-1
2025-06-08T17:22:07.736260,11.147493,10.3,0.0,62249.328125,51.2,63924.109375,0,0.0,148.4375,deepseek-r1:7b,-1
2025-06-08T17:22:07.846672,11.257905,10.2,0.0,62249.328125,51.2,63924.109375,0,0.0,148.4375,deepseek-r1:7b,-1
2025-06-08T17:22:07.947842,11.359075,0.0,0.0,62249.328125,51.2,63924.109375,0,0.0,148.4375,deepseek-r1:7b,-1
2025-06-08T17:22:08.054506,11.465739,0.0,0.0,62249.328125,51.2,63924.109375,0,0.8,148.4375,deepseek-r1:7b,-1
2025-06-08T17:22:08.164031,11.575264,0.0,0.0,62249.328125,51.2,63924.109375,0,0.0,148.4375,deepseek-r1:7b,-1
2025-06-08T17:22:08.264517,11.67575,0.0,0.0,62249.328125,51.2,63924.109375,0,0.0,148.4375,deepseek-r1:7b,-1
2025-06-08T17:22:08.368849,11.780082,11.8,0.0,62246.59375,51.2,63931.953125,0,0.0,148.4375,deepseek-r1:7b,-1
2025-06-08T17:22:08.474864,11.886097,9.6,0.0,62246.59375,51.2,63932.15625,0,0.0,148.4375,deepseek-r1:7b,-1
2025-06-08T17:22:08.585228,11.996461,10.2,0.0,62246.59375,51.2,63932.15625,0,0.0,148.4375,deepseek-r1:7b,-1
2025-06-08T17:22:08.686865,12.098098,11.0,0.0,62246.59375,51.2,63932.15625,0,0.0,148.4375,deepseek-r1:7b,-1
2025-06-08T17:22:08.787767,12.199,10.6,0.0,62246.59375,51.2,63932.15625,0,0.0,148.4375,deepseek-r1:7b,-1
2025-06-08T17:22:10.935249,0.038104,12.4,0.0,60789.375,50.1,65380.046875,0,0.0,148.4375,deepseek-r1:7b,-1
2025-06-08T17:22:11.045399,0.148254,17.9,0.0,61329.609375,50.5,64840.25,0,0.0,148.4375,deepseek-r1:7b,-1
2025-06-08T17:22:11.155215,0.25807,18.9,0.0,61329.609375,50.5,64840.25,0,0.0,148.4375,deepseek-r1:7b,-1
2025-06-08T17:22:11.255868,0.358723,11.0,0.0,61329.609375,50.5,64840.25,0,0.0,148.4375,deepseek-r1:7b,-1
2025-06-08T17:22:11.365651,0.468506,10.5,0.0,61329.609375,50.5,64840.25,0,0.0,148.4375,deepseek-r1:7b,-1
2025-06-08T17:22:11.476020,0.578875,0.0,0.0,61329.609375,50.5,64840.25,0,0.0,148.4375,deepseek-r1:7b,-1
2025-06-08T17:22:11.581977,0.684832,0.0,0.0,61329.609375,50.5,64840.25,0,0.0,148.4375,deepseek-r1:7b,-1
2025-06-08T17:22:11.692407,0.795262,0.0,0.0,61329.609375,50.5,64840.25,0,0.0,148.4375,deepseek-r1:7b,-1
2025-06-08T17:22:11.802855,0.90571,0.0,0.0,61329.609375,50.5,64840.25,0,0.0,148.4375,deepseek-r1:7b,-1
2025-06-08T17:22:11.911341,1.014196,0.0,0.0,61329.609375,50.5,64840.25,0,0.0,148.4375,deepseek-r1:7b,-1
2025-06-08T17:22:12.016212,1.119067,11.5,0.0,62385.53125,51.3,63789.3125,0,0.0,148.4375,deepseek-r1:7b,-1
2025-06-08T17:22:12.126088,1.228943,9.8,0.0,62385.546875,51.3,63784.1875,0,0.0,148.4375,deepseek-r1:7b,-1
2025-06-08T17:22:12.230782,1.333637,13.8,0.0,62385.578125,51.3,63788.03125,0,0.0,148.4375,deepseek-r1:7b,-1
2025-06-08T17:22:12.334281,1.437136,10.8,0.0,62385.578125,51.3,63788.03125,0,0.0,148.4375,deepseek-r1:7b,-1
2025-06-08T17:22:12.443301,1.546156,0.0,0.0,62385.578125,51.3,63788.03125,0,0.0,148.4375,deepseek-r1:7b,-1
2025-06-08T17:22:12.546258,1.649113,0.0,0.0,62385.578125,51.3,63788.03125,0,0.0,148.4375,deepseek-r1:7b,-1
2025-06-08T17:22:12.646980,1.749835,0.0,0.0,62385.578125,51.3,63788.03125,0,0.0,148.4375,deepseek-r1:7b,-1
2025-06-08T17:22:12.752834,1.855689,0.0,0.0,62385.578125,51.3,63788.03125,0,0.0,148.4375,deepseek-r1:7b,-1
2025-06-08T17:22:12.863028,1.965883,0.0,0.0,62385.578125,51.3,63788.03125,0,0.0,148.4375,deepseek-r1:7b,-1
2025-06-08T17:22:12.963748,2.066603,0.0,0.0,62385.578125,51.3,63788.03125,0,0.0,148.4375,deepseek-r1:7b,-1
2025-06-08T17:22:13.070401,2.173256,10.8,0.0,62265.234375,51.2,63909.640625,0,0.0,148.4375,deepseek-r1:7b,-1
2025-06-08T17:22:13.180783,2.283638,12.7,0.0,62265.203125,51.2,63908.078125,0,0.0,148.4375,deepseek-r1:7b,-1
2025-06-08T17:22:13.286964,2.389819,0.0,0.0,62265.171875,51.2,63907.03125,0,0.0,148.4375,deepseek-r1:7b,-1
2025-06-08T17:22:13.392422,2.495277,0.0,0.0,62265.265625,51.2,63907.421875,0,0.0,148.4375,deepseek-r1:7b,-1
2025-06-08T17:22:13.502723,2.605578,0.0,0.0,62265.265625,51.2,63907.421875,0,0.0,148.4375,deepseek-r1:7b,-1
2025-06-08T17:22:13.611552,2.714407,0.0,0.0,62265.265625,51.2,63907.421875,0,0.0,148.4375,deepseek-r1:7b,-1
2025-06-08T17:22:13.721994,2.824849,0.0,0.0,62265.265625,51.2,63907.421875,0,0.0,148.4375,deepseek-r1:7b,-1
2025-06-08T17:22:13.825589,2.928444,0.0,0.0,62265.265625,51.2,63907.421875,0,0.0,148.4375,deepseek-r1:7b,-1
2025-06-08T17:22:13.928304,3.031159,0.0,0.0,62265.265625,51.2,63907.421875,0,0.0,148.4375,deepseek-r1:7b,-1
2025-06-08T17:22:14.029230,3.132085,0.0,0.0,62265.265625,51.2,63907.421875,0,0.1,148.4375,deepseek-r1:7b,-1
2025-06-08T17:22:14.136025,3.23888,10.9,0.0,62257.71875,51.2,63909.796875,0,0.0,148.4375,deepseek-r1:7b,-1
2025-06-08T17:22:14.239269,3.342124,13.9,0.0,62255.546875,51.2,63918.5625,0,0.0,148.4375,deepseek-r1:7b,-1
2025-06-08T17:22:14.341561,3.444416,11.8,0.0,62260.0625,51.2,63912.3125,0,0.0,148.4375,deepseek-r1:7b,-1
2025-06-08T17:22:16.508631,0.044679,12.2,0.0,60792.25,50.1,65384.0625,0,0.0,148.4375,deepseek-r1:7b,-1
2025-06-08T17:22:16.618874,0.154922,17.6,0.0,61332.328125,50.5,64845.6875,0,0.0,148.4375,deepseek-r1:7b,-1
2025-06-08T17:22:16.724791,0.260839,16.1,0.0,61332.328125,50.5,64845.6875,0,0.0,148.4375,deepseek-r1:7b,-1
2025-06-08T17:22:16.832300,0.368348,11.5,0.0,61332.328125,50.5,64845.6875,0,0.0,148.4375,deepseek-r1:7b,-1
2025-06-08T17:22:16.937574,0.473622,9.7,0.0,61332.328125,50.5,64845.6875,0,0.0,148.4375,deepseek-r1:7b,-1
2025-06-08T17:22:17.039530,0.575578,11.0,0.0,61332.328125,50.5,64845.6875,0,0.0,148.4375,deepseek-r1:7b,-1
2025-06-08T17:22:17.148957,0.685005,12.9,0.0,61332.328125,50.5,64845.6875,0,0.0,148.4375,deepseek-r1:7b,-1
2025-06-08T17:22:17.251418,0.787466,0.0,0.0,61332.328125,50.5,64845.6875,0,0.0,148.4375,deepseek-r1:7b,-1
2025-06-08T17:22:17.361696,0.897744,0.0,0.0,61332.328125,50.5,64845.6875,0,0.0,148.4375,deepseek-r1:7b,-1
2025-06-08T17:22:17.462537,0.998585,0.0,0.0,61332.328125,50.5,64845.6875,0,0.0,148.4375,deepseek-r1:7b,-1
2025-06-08T17:22:17.569800,1.105848,12.9,0.0,62387.3125,51.3,63786.5,0,0.0,148.4375,deepseek-r1:7b,-1
2025-06-08T17:22:17.679598,1.215646,10.3,0.0,62387.34375,51.3,63786.875,0,0.0,148.4375,deepseek-r1:7b,-1
2025-06-08T17:22:17.783089,1.319137,10.8,0.0,62387.34375,51.3,63786.875,0,0.0,148.4375,deepseek-r1:7b,-1
2025-06-08T17:22:17.892679,1.428727,12.9,0.0,62387.34375,51.3,63786.875,0,0.0,148.4375,deepseek-r1:7b,-1
2025-06-08T17:22:18.002625,1.538673,15.4,0.0,62387.34375,51.3,63786.875,0,0.0,148.4375,deepseek-r1:7b,-1
2025-06-08T17:22:18.112959,1.649007,10.3,0.0,62387.34375,51.3,63786.875,0,0.0,148.4375,deepseek-r1:7b,-1
2025-06-08T17:22:18.219287,1.755335,14.6,0.0,62387.34375,51.3,63786.875,0,0.0,148.4375,deepseek-r1:7b,-1
2025-06-08T17:22:18.324803,1.860851,12.4,0.0,62387.34375,51.3,63786.875,0,0.0,148.4375,deepseek-r1:7b,-1
2025-06-08T17:22:18.434469,1.970517,10.5,0.0,62387.34375,51.3,63786.875,0,0.0,148.4375,deepseek-r1:7b,-1
2025-06-08T17:22:18.544433,2.080481,0.0,0.0,62387.34375,51.3,63786.875,0,0.0,148.4375,deepseek-r1:7b,-1
2025-06-08T17:22:18.645677,2.181725,10.4,0.0,62273.796875,51.2,63900.390625,0,0.0,148.4375,deepseek-r1:7b,-1
2025-06-08T17:22:18.753066,2.289114,12.9,0.0,62273.765625,51.2,63904.828125,0,0.0,148.4375,deepseek-r1:7b,-1
2025-06-08T17:22:18.863434,2.399482,0.0,0.0,62273.765625,51.2,63904.828125,0,0.0,148.4375,deepseek-r1:7b,-1
2025-06-08T17:22:18.965372,2.50142,0.0,0.0,62273.765625,51.2,63904.828125,0,0.0,148.4375,deepseek-r1:7b,-1
2025-06-08T17:22:19.075717,2.611765,0.0,0.0,62273.765625,51.2,63904.828125,0,0.0,148.4375,deepseek-r1:7b,-1
2025-06-08T17:22:19.178216,2.714264,0.0,0.0,62273.765625,51.2,63904.828125,0,0.0,148.4375,deepseek-r1:7b,-1
2025-06-08T17:22:19.285898,2.821946,0.0,0.0,62273.765625,51.2,63904.828125,0,0.0,148.4375,deepseek-r1:7b,-1
2025-06-08T17:22:19.395883,2.931931,0.0,0.0,62273.765625,51.2,63904.828125,0,0.0,148.4375,deepseek-r1:7b,-1
2025-06-08T17:22:19.503755,3.039803,0.0,0.0,62273.765625,51.2,63904.828125,0,0.0,148.4375,deepseek-r1:7b,-1
2025-06-08T17:22:19.604780,3.140828,0.0,0.0,62273.765625,51.2,63904.828125,0,0.0,148.4375,deepseek-r1:7b,-1
2025-06-08T17:22:19.715065,3.251113,10.9,0.0,62264.765625,51.2,63918.21875,0,0.0,148.4375,deepseek-r1:7b,-1
2025-06-08T17:22:19.817570,3.353618,11.7,0.0,62264.78125,51.2,63909.234375,0,0.0,148.4375,deepseek-r1:7b,-1
2025-06-08T17:22:19.920656,3.456704,10.4,0.0,62264.890625,51.2,63911.765625,0,0.0,148.4375,deepseek-r1:7b,-1
2025-06-08T17:22:20.027919,3.563967,12.8,0.0,62264.828125,51.2,63907.515625,0,0.0,148.4375,deepseek-r1:7b,-1
2025-06-08T17:22:20.138107,3.674155,11.4,0.0,62264.828125,51.2,63907.515625,0,0.0,148.4375,deepseek-r1:7b,-1
2025-06-08T17:22:20.239221,3.775269,0.0,0.0,62264.828125,51.2,63907.515625,0,0.0,148.4375,deepseek-r1:7b,-1
2025-06-08T17:22:20.348876,3.884924,0.0,0.0,62264.828125,51.2,63907.515625,0,0.0,148.4375,deepseek-r1:7b,-1
2025-06-08T17:22:20.451963,3.988011,0.0,0.0,62264.828125,51.2,63907.515625,0,0.0,148.4375,deepseek-r1:7b,-1
2025-06-08T17:22:20.562170,4.098218,0.0,0.0,62264.828125,51.2,63907.515625,0,0.0,148.4375,deepseek-r1:7b,-1
2025-06-08T17:22:20.663385,4.199433,0.0,0.0,62264.828125,51.2,63907.515625,0,0.0,148.4375,deepseek-r1:7b,-1
2025-06-08T17:22:20.773368,4.309416,10.9,0.0,62264.78125,51.2,63907.609375,0,0.0,148.4375,deepseek-r1:7b,-1
2025-06-08T17:22:20.876523,4.412571,11.9,0.0,62264.78125,51.2,63907.609375,0,0.0,148.4375,deepseek-r1:7b,-1
2025-06-08T17:22:20.979633,4.515681,10.9,0.0,62264.78125,51.2,63907.609375,0,0.0,148.4375,deepseek-r1:7b,-1
2025-06-08T17:22:21.082522,4.61857,9.2,0.0,62264.78125,51.2,63907.609375,0,0.0,148.4375,deepseek-r1:7b,-1
2025-06-08T17:22:21.184843,4.720891,13.5,0.0,62264.78125,51.2,63907.609375,0,0.0,148.4375,deepseek-r1:7b,-1
2025-06-08T17:22:21.294192,4.83024,15.1,0.0,62264.78125,51.2,63907.609375,0,0.0,148.4375,deepseek-r1:7b,-1
2025-06-08T17:22:21.401541,4.937589,11.2,0.0,62264.78125,51.2,63907.609375,0,0.0,148.4375,deepseek-r1:7b,-1
2025-06-08T17:22:21.504728,5.040776,10.8,0.0,62264.78125,51.2,63907.609375,0,0.0,148.4375,deepseek-r1:7b,-1
2025-06-08T17:22:21.611268,5.147316,10.1,0.0,62264.78125,51.2,63907.609375,0,0.0,148.4375,deepseek-r1:7b,-1
2025-06-08T17:22:21.720780,5.256828,0.0,0.0,62264.78125,51.2,63907.609375,0,0.0,148.4375,deepseek-r1:7b,-1
2025-06-08T17:22:21.831169,5.367217,10.3,0.0,62257.90625,51.2,63914.03125,0,0.0,148.4375,deepseek-r1:7b,-1
2025-06-08T17:22:21.933328,5.469376,17.6,0.0,62258.0,51.2,63914.3125,0,0.0,148.4375,deepseek-r1:7b,-1
2025-06-08T17:22:22.036438,5.572486,10.4,0.0,62258.0,51.2,63914.3125,0,0.0,148.4375,deepseek-r1:7b,-1
2025-06-08T17:22:22.139337,5.675385,11.4,0.0,62258.0,51.2,63914.3125,0,0.0,148.4375,deepseek-r1:7b,-1
2025-06-08T17:22:22.249673,5.785721,16.1,0.0,62258.0,51.2,63914.3125,0,0.0,148.4375,deepseek-r1:7b,-1
2025-06-08T17:22:22.359399,5.895447,9.8,0.0,62258.0,51.2,63914.3125,0,0.0,148.4375,deepseek-r1:7b,-1
2025-06-08T17:22:22.469197,6.005245,11.2,0.0,62258.0,51.2,63914.3125,0,0.0,148.4375,deepseek-r1:7b,-1
2025-06-08T17:22:22.574965,6.111013,10.1,0.0,62258.0,51.2,63914.3125,0,0.0,148.4375,deepseek-r1:7b,-1
2025-06-08T17:22:22.675986,6.212034,12.3,0.0,62258.0,51.2,63914.3125,0,0.0,148.4375,deepseek-r1:7b,-1
2025-06-08T17:22:22.783389,6.319437,10.1,0.0,62258.0,51.2,63914.3125,0,0.0,148.4375,deepseek-r1:7b,-1
2025-06-08T17:22:24.941286,0.041778,12.5,0.0,61779.453125,50.9,64390.96875,0,0.0,148.4375,deepseek-r1:7b,-1
2025-06-08T17:22:25.051420,0.151912,18.2,0.0,61387.0,50.6,64787.515625,0,0.0,148.4375,deepseek-r1:7b,-1
2025-06-08T17:22:25.161657,0.262149,17.5,0.0,61387.0,50.6,64787.515625,0,0.0,148.4375,deepseek-r1:7b,-1
2025-06-08T17:22:25.269425,0.369917,14.3,0.0,61387.0,50.6,64787.515625,0,0.0,148.4375,deepseek-r1:7b,-1
2025-06-08T17:22:25.379738,0.48023,0.0,0.0,61387.0,50.6,64787.515625,0,0.0,148.4375,deepseek-r1:7b,-1
2025-06-08T17:22:25.481284,0.581776,0.0,0.0,61387.0,50.6,64787.515625,0,0.0,148.4375,deepseek-r1:7b,-1
2025-06-08T17:22:25.590428,0.69092,0.0,0.0,61387.0,50.6,64787.515625,0,0.0,148.4375,deepseek-r1:7b,-1
2025-06-08T17:22:25.700210,0.800702,0.0,0.0,61387.0,50.6,64787.515625,0,0.0,148.4375,deepseek-r1:7b,-1
2025-06-08T17:22:25.800990,0.901482,0.0,0.0,61387.0,50.6,64787.515625,0,0.0,148.4375,deepseek-r1:7b,-1
2025-06-08T17:22:25.903590,1.004082,0.0,0.0,61387.0,50.6,64787.515625,0,0.0,148.4375,deepseek-r1:7b,-1
2025-06-08T17:22:26.007923,1.108415,11.4,0.0,62392.78125,51.3,63778.984375,0,0.0,148.4375,deepseek-r1:7b,-1
2025-06-08T17:22:26.112383,1.212875,12.8,0.0,62392.78125,51.3,63778.984375,0,0.0,148.4375,deepseek-r1:7b,-1
2025-06-08T17:22:26.219060,1.319552,12.6,0.0,62392.78125,51.3,63778.984375,0,0.0,148.4375,deepseek-r1:7b,-1
2025-06-08T17:22:26.322616,1.423108,12.7,0.0,62392.78125,51.3,63778.984375,0,0.0,148.4375,deepseek-r1:7b,-1
2025-06-08T17:22:26.432064,1.532556,11.6,0.0,62392.78125,51.3,63778.984375,0,0.0,148.4375,deepseek-r1:7b,-1
2025-06-08T17:22:26.542435,1.642927,13.3,0.0,62392.78125,51.3,63778.984375,0,0.0,148.4375,deepseek-r1:7b,-1
2025-06-08T17:22:26.652250,1.752742,0.0,0.0,62392.78125,51.3,63778.984375,0,0.0,148.4375,deepseek-r1:7b,-1
2025-06-08T17:22:26.762668,1.86316,0.0,0.0,62392.78125,51.3,63778.984375,0,0.0,148.4375,deepseek-r1:7b,-1
2025-06-08T17:22:26.867666,1.968158,0.0,0.0,62392.78125,51.3,63778.984375,0,0.0,148.4375,deepseek-r1:7b,-1
2025-06-08T17:22:26.978065,2.078557,0.0,0.0,62392.78125,51.3,63778.984375,0,0.0,148.4375,deepseek-r1:7b,-1
2025-06-08T17:22:27.078658,2.17915,11.1,0.0,62274.09375,51.2,63905.828125,0,0.0,148.4375,deepseek-r1:7b,-1
2025-06-08T17:22:27.187765,2.288257,12.1,0.0,62274.109375,51.2,63907.28125,0,0.0,148.4375,deepseek-r1:7b,-1
2025-06-08T17:22:27.296259,2.396751,14.2,0.0,62274.109375,51.2,63907.28125,0,0.0,148.4375,deepseek-r1:7b,-1
2025-06-08T17:22:27.401133,2.501625,10.8,0.0,62274.109375,51.2,63907.28125,0,0.0,148.4375,deepseek-r1:7b,-1
2025-06-08T17:22:27.506695,2.607187,10.2,0.0,62274.109375,51.2,63907.28125,0,0.0,148.4375,deepseek-r1:7b,-1
2025-06-08T17:22:27.611684,2.712176,11.3,0.0,62274.109375,51.2,63907.28125,0,0.0,148.4375,deepseek-r1:7b,-1
2025-06-08T17:22:27.722045,2.822537,10.1,0.0,62274.109375,51.2,63907.28125,0,0.0,148.4375,deepseek-r1:7b,-1
2025-06-08T17:22:27.826094,2.926586,11.0,0.0,62274.109375,51.2,63907.28125,0,0.0,148.4375,deepseek-r1:7b,-1
2025-06-08T17:22:27.931527,3.032019,0.0,0.0,62274.109375,51.2,63907.28125,0,0.0,148.4375,deepseek-r1:7b,-1
2025-06-08T17:22:28.032609,3.133101,0.0,0.0,62274.109375,51.2,63907.28125,0,0.0,148.4375,deepseek-r1:7b,-1
2025-06-08T17:22:28.140350,3.240842,14.4,0.0,62266.125,51.2,63908.796875,0,0.0,148.4375,deepseek-r1:7b,-1
2025-06-08T17:22:28.248691,3.349183,14.1,0.0,62266.21875,51.2,63911.03125,0,0.0,148.4375,deepseek-r1:7b,-1
2025-06-08T17:22:28.350973,3.451465,10.0,0.0,62266.21875,51.2,63911.03125,0,0.0,148.4375,deepseek-r1:7b,-1
2025-06-08T17:22:28.461349,3.561841,10.8,0.0,62266.21875,51.2,63911.03125,0,0.0,148.4375,deepseek-r1:7b,-1
2025-06-08T17:22:28.570712,3.671204,10.9,0.0,62266.21875,51.2,63911.03125,0,0.0,148.4375,deepseek-r1:7b,-1
2025-06-08T17:22:28.675499,3.775991,11.3,0.0,62266.21875,51.2,63911.03125,0,0.0,148.4375,deepseek-r1:7b,-1
2025-06-08T17:22:28.776466,3.876958,0.0,0.0,62266.21875,51.2,63911.03125,0,0.0,148.4375,deepseek-r1:7b,-1
2025-06-08T17:22:28.879580,3.980072,0.0,0.0,62266.21875,51.2,63911.03125,0,0.0,148.4375,deepseek-r1:7b,-1
2025-06-08T17:22:28.989813,4.090305,0.0,0.0,62266.21875,51.2,63911.03125,0,0.0,148.4375,deepseek-r1:7b,-1
2025-06-08T17:22:29.090424,4.190916,0.0,0.0,62266.21875,51.2,63911.03125,0,0.0,148.4375,deepseek-r1:7b,-1
2025-06-08T17:22:29.195711,4.296203,10.7,0.0,62266.25,51.2,63904.84375,0,0.0,148.4375,deepseek-r1:7b,-1
2025-06-08T17:22:29.300982,4.401474,13.0,0.0,62266.21875,51.2,63905.96875,0,0.0,148.4375,deepseek-r1:7b,-1
2025-06-08T17:22:29.409216,4.509708,10.4,0.0,62266.203125,51.2,63906.21875,0,0.0,148.4375,deepseek-r1:7b,-1
2025-06-08T17:22:29.518988,4.61948,10.7,0.0,62266.875,51.2,63905.359375,0,0.0,148.4375,deepseek-r1:7b,-1
2025-06-08T17:22:29.627421,4.727913,0.0,0.0,62266.875,51.2,63905.359375,0,0.0,148.4375,deepseek-r1:7b,-1
2025-06-08T17:22:29.734202,4.834694,0.0,0.0,62266.875,51.2,63905.359375,0,0.0,148.4375,deepseek-r1:7b,-1
2025-06-08T17:22:29.836243,4.936735,0.0,0.0,62266.875,51.2,63905.359375,0,0.0,148.4375,deepseek-r1:7b,-1
2025-06-08T17:22:29.938742,5.039234,0.0,0.0,62266.875,51.2,63905.359375,0,0.0,148.4375,deepseek-r1:7b,-1
2025-06-08T17:22:30.043133,5.143625,0.0,0.0,62266.875,51.2,63905.359375,0,0.0,148.4375,deepseek-r1:7b,-1
2025-06-08T17:22:30.153324,5.253816,0.0,0.0,62266.875,51.2,63905.359375,0,0.0,148.4375,deepseek-r1:7b,-1
2025-06-08T17:22:30.254066,5.354558,12.3,0.0,62253.21875,51.2,63919.328125,0,0.0,148.4375,deepseek-r1:7b,-1
2025-06-08T17:22:30.355824,5.456316,9.3,0.0,62253.4375,51.2,63921.0625,0,0.0,148.4375,deepseek-r1:7b,-1
2025-06-08T17:22:30.465296,5.565788,10.9,0.0,62253.4375,51.2,63921.0625,0,0.0,148.4375,deepseek-r1:7b,-1
2025-06-08T17:22:30.573631,5.674123,12.3,0.0,62253.4375,51.2,63921.0625,0,0.0,148.4375,deepseek-r1:7b,-1
2025-06-08T17:22:30.678887,5.779379,10.6,0.0,62253.4375,51.2,63921.0625,0,0.0,148.4375,deepseek-r1:7b,-1
2025-06-08T17:22:30.788098,5.88859,0.0,0.0,62253.4375,51.2,63921.0625,0,0.0,148.4375,deepseek-r1:7b,-1
2025-06-08T17:22:30.897036,5.997528,0.0,0.0,62253.4375,51.2,63921.0625,0,0.0,148.4375,deepseek-r1:7b,-1
2025-06-08T17:22:31.000912,6.101404,0.0,0.0,62253.4375,51.2,63921.0625,0,0.0,148.4375,deepseek-r1:7b,-1
2025-06-08T17:22:31.110632,6.211124,0.0,0.0,62253.4375,51.2,63921.0625,0,0.0,148.4375,deepseek-r1:7b,-1
2025-06-08T17:22:31.212402,6.312894,0.0,0.0,62253.4375,51.2,63921.0625,0,0.0,148.4375,deepseek-r1:7b,-1
2025-06-08T17:22:31.315018,6.41551,10.8,0.0,62257.234375,51.2,63918.921875,0,0.0,148.4375,deepseek-r1:7b,-1
2025-06-08T17:22:31.417315,6.517807,11.0,0.0,62257.34375,51.2,63919.0625,0,0.0,148.4375,deepseek-r1:7b,-1
2025-06-08T17:22:33.561659,0.038936,11.8,0.0,60915.078125,50.2,65262.859375,0,0.0,148.4375,deepseek-r1:7b,-1
2025-06-08T17:22:33.666411,0.143688,16.9,0.0,60915.078125,50.2,65262.859375,0,0.0,148.4375,deepseek-r1:7b,-1
2025-06-08T17:22:33.770907,0.248184,17.3,0.0,60915.078125,50.2,65262.859375,0,0.0,148.4375,deepseek-r1:7b,-1
2025-06-08T17:22:33.881252,0.358529,10.9,0.0,60915.078125,50.2,65262.859375,0,0.0,148.4375,deepseek-r1:7b,-1
2025-06-08T17:22:33.990633,0.46791,11.4,0.0,60915.078125,50.2,65262.859375,0,0.0,148.4375,deepseek-r1:7b,-1
2025-06-08T17:22:34.098080,0.575357,10.2,0.0,60915.078125,50.2,65262.859375,0,0.0,148.4375,deepseek-r1:7b,-1
2025-06-08T17:22:34.198691,0.675968,12.9,0.0,60915.078125,50.2,65262.859375,0,0.0,148.4375,deepseek-r1:7b,-1
2025-06-08T17:22:34.306369,0.783646,19.8,0.0,60915.078125,50.2,65262.859375,0,0.0,148.4375,deepseek-r1:7b,-1
2025-06-08T17:22:34.407586,0.884863,0.0,0.0,60915.078125,50.2,65262.859375,0,0.0,148.4375,deepseek-r1:7b,-1
2025-06-08T17:22:34.509254,0.986531,0.0,0.0,60915.078125,50.2,65262.859375,0,0.0,148.4375,deepseek-r1:7b,-1
2025-06-08T17:22:34.619765,1.097042,11.4,0.0,62397.734375,51.3,63776.78125,0,0.0,148.4375,deepseek-r1:7b,-1
2025-06-08T17:22:34.723590,1.200867,10.8,0.0,62397.6875,51.3,63778.5625,0,0.0,148.4375,deepseek-r1:7b,-1
2025-06-08T17:22:34.833974,1.311251,9.8,0.0,62397.6875,51.3,63778.5625,0,0.0,148.4375,deepseek-r1:7b,-1
2025-06-08T17:22:34.934918,1.412195,12.7,0.0,62397.6875,51.3,63778.5625,0,0.0,148.4375,deepseek-r1:7b,-1
2025-06-08T17:22:35.035326,1.512603,15.5,0.0,62397.6875,51.3,63778.5625,0,0.0,148.4375,deepseek-r1:7b,-1
2025-06-08T17:22:35.145477,1.622754,9.7,0.0,62397.6875,51.3,63778.5625,0,0.0,148.4375,deepseek-r1:7b,-1
2025-06-08T17:22:35.254079,1.731356,0.0,0.0,62397.6875,51.3,63778.5625,0,0.0,148.4375,deepseek-r1:7b,-1
2025-06-08T17:22:35.363357,1.840634,0.0,0.0,62397.6875,51.3,63778.5625,0,0.0,148.4375,deepseek-r1:7b,-1
2025-06-08T17:22:35.470944,1.948221,0.0,0.0,62397.6875,51.3,63778.5625,0,0.0,148.4375,deepseek-r1:7b,-1
2025-06-08T17:22:35.573074,2.050351,0.0,0.0,62397.6875,51.3,63778.5625,0,0.0,148.4375,deepseek-r1:7b,-1
2025-06-08T17:22:35.683433,2.16071,11.3,0.0,62270.78125,51.2,63904.640625,0,0.0,148.4375,deepseek-r1:7b,-1
2025-06-08T17:22:35.793793,2.27107,10.7,0.0,62270.78125,51.2,63901.0625,0,0.0,148.4375,deepseek-r1:7b,-1
2025-06-08T17:22:35.899654,2.376931,12.7,0.0,62270.796875,51.2,63905.484375,0,0.0,148.4375,deepseek-r1:7b,-1
2025-06-08T17:22:36.002955,2.480232,9.3,0.0,62270.796875,51.2,63905.484375,0,0.0,148.4375,deepseek-r1:7b,-1
2025-06-08T17:22:36.106248,2.583525,11.3,0.0,62270.796875,51.2,63905.484375,0,0.0,148.4375,deepseek-r1:7b,-1
2025-06-08T17:22:36.209055,2.686332,0.0,0.0,62270.796875,51.2,63905.484375,0,0.0,148.4375,deepseek-r1:7b,-1
2025-06-08T17:22:36.313412,2.790689,0.0,0.0,62270.796875,51.2,63905.484375,0,0.0,148.4375,deepseek-r1:7b,-1
2025-06-08T17:22:36.415556,2.892833,0.0,0.0,62270.796875,51.2,63905.484375,0,0.0,148.4375,deepseek-r1:7b,-1
2025-06-08T17:22:36.523360,3.000637,0.0,0.0,62270.796875,51.2,63905.484375,0,0.0,148.4375,deepseek-r1:7b,-1
2025-06-08T17:22:36.633540,3.110817,0.0,0.0,62270.796875,51.2,63905.484375,0,0.0,148.4375,deepseek-r1:7b,-1
2025-06-08T17:22:36.735475,3.212752,11.3,0.0,62266.515625,51.2,63913.140625,0,0.0,148.4375,deepseek-r1:7b,-1
2025-06-08T17:22:36.845879,3.323156,9.1,0.0,62266.515625,51.2,63913.390625,0,0.0,148.4375,deepseek-r1:7b,-1
2025-06-08T17:22:36.956250,3.433527,11.2,0.0,62266.515625,51.2,63913.390625,0,0.0,148.4375,deepseek-r1:7b,-1
2025-06-08T17:22:37.063695,3.540972,9.5,0.0,62266.515625,51.2,63913.390625,0,0.0,148.4375,deepseek-r1:7b,-1
2025-06-08T17:22:37.167738,3.645015,12.7,0.0,62266.515625,51.2,63913.390625,0,0.0,148.4375,deepseek-r1:7b,-1
2025-06-08T17:22:37.278130,3.755407,11.9,0.0,62266.515625,51.2,63913.390625,0,0.0,148.4375,deepseek-r1:7b,-1
2025-06-08T17:22:37.380105,3.857382,11.5,0.0,62266.515625,51.2,63913.390625,0,0.0,148.4375,deepseek-r1:7b,-1
2025-06-08T17:22:37.489873,3.96715,11.2,0.0,62266.515625,51.2,63913.390625,0,0.0,148.4375,deepseek-r1:7b,-1
2025-06-08T17:22:37.599130,4.076407,8.8,0.0,62266.515625,51.2,63913.390625,0,0.0,148.4375,deepseek-r1:7b,-1
2025-06-08T17:22:39.763025,0.04166,14.1,0.0,61748.8125,50.8,64428.1875,0,0.0,148.453125,deepseek-r1:7b,-1
2025-06-08T17:22:39.873184,0.151819,17.6,0.0,61748.8125,50.8,64428.1875,0,0.0,148.453125,deepseek-r1:7b,-1
2025-06-08T17:22:39.983551,0.262186,17.7,0.0,61748.8125,50.8,64428.1875,0,0.0,148.453125,deepseek-r1:7b,-1
2025-06-08T17:22:40.093681,0.372316,13.5,0.0,61748.8125,50.8,64428.1875,0,0.0,148.453125,deepseek-r1:7b,-1
2025-06-08T17:22:40.203434,0.482069,10.2,0.0,61748.8125,50.8,64428.1875,0,0.0,148.453125,deepseek-r1:7b,-1
2025-06-08T17:22:40.313789,0.592424,13.6,0.0,61748.8125,50.8,64428.1875,0,0.0,148.453125,deepseek-r1:7b,-1
2025-06-08T17:22:40.422786,0.701421,10.5,0.0,61748.8125,50.8,64428.1875,0,0.0,148.453125,deepseek-r1:7b,-1
2025-06-08T17:22:40.533173,0.811808,9.8,0.0,61748.8125,50.8,64428.1875,0,0.0,148.453125,deepseek-r1:7b,-1
2025-06-08T17:22:40.637055,0.91569,0.0,0.0,61748.8125,50.8,64428.1875,0,0.0,148.453125,deepseek-r1:7b,-1
2025-06-08T17:22:40.739983,1.018618,0.0,0.0,61748.8125,50.8,64428.1875,0,0.0,148.453125,deepseek-r1:7b,-1
2025-06-08T17:22:40.850435,1.12907,11.4,0.0,62379.3125,51.3,63789.8125,0,0.0,148.453125,deepseek-r1:7b,-1
2025-06-08T17:22:40.960391,1.239026,12.4,0.0,62379.3125,51.3,63789.8125,0,0.0,148.453125,deepseek-r1:7b,-1
2025-06-08T17:22:41.066885,1.34552,10.1,0.0,62379.3125,51.3,63789.8125,0,0.0,148.453125,deepseek-r1:7b,-1
2025-06-08T17:22:41.167885,1.44652,11.3,0.0,62379.3125,51.3,63789.8125,0,0.0,148.453125,deepseek-r1:7b,-1
2025-06-08T17:22:41.278244,1.556879,12.9,0.0,62379.3125,51.3,63789.8125,0,0.0,148.453125,deepseek-r1:7b,-1
2025-06-08T17:22:41.381888,1.660523,10.9,0.0,62379.3125,51.3,63789.8125,0,0.0,148.453125,deepseek-r1:7b,-1
2025-06-08T17:22:41.492248,1.770883,11.0,0.0,62379.3125,51.3,63789.8125,0,0.0,148.453125,deepseek-r1:7b,-1
2025-06-08T17:22:41.594067,1.872702,11.6,0.0,62379.3125,51.3,63789.8125,0,0.0,148.453125,deepseek-r1:7b,-1
2025-06-08T17:22:41.695257,1.973892,11.1,0.0,62379.3125,51.3,63789.8125,0,0.0,148.453125,deepseek-r1:7b,-1
2025-06-08T17:22:41.800458,2.079093,0.0,0.0,62379.3125,51.3,63789.8125,0,0.0,148.453125,deepseek-r1:7b,-1
2025-06-08T17:22:41.910786,2.189421,11.2,0.0,62255.734375,51.2,63920.34375,0,0.0,148.453125,deepseek-r1:7b,-1
2025-06-08T17:22:42.021147,2.299782,11.4,0.0,62254.203125,51.2,63922.875,0,0.0,148.453125,deepseek-r1:7b,-1
2025-06-08T17:22:42.130944,2.409579,9.8,0.0,62254.203125,51.2,63922.875,0,0.0,148.453125,deepseek-r1:7b,-1
2025-06-08T17:22:42.237710,2.516345,13.6,0.0,62254.203125,51.2,63922.875,0,0.0,148.453125,deepseek-r1:7b,-1
2025-06-08T17:22:42.346865,2.6255,12.2,0.0,62254.203125,51.2,63922.875,0,0.0,148.453125,deepseek-r1:7b,-1
2025-06-08T17:22:42.452580,2.731215,11.6,0.0,62254.203125,51.2,63922.875,0,0.0,148.453125,deepseek-r1:7b,-1
2025-06-08T17:22:42.562960,2.841595,9.2,0.0,62254.203125,51.2,63922.875,0,0.0,148.453125,deepseek-r1:7b,-1
2025-06-08T17:22:42.670396,2.949031,0.0,0.0,62254.203125,51.2,63922.875,0,0.0,148.453125,deepseek-r1:7b,-1
2025-06-08T17:22:42.770951,3.049586,0.0,0.0,62254.203125,51.2,63922.875,0,0.0,148.453125,deepseek-r1:7b,-1
2025-06-08T17:22:42.872840,3.151475,0.0,0.0,62254.203125,51.2,63922.875,0,0.0,148.453125,deepseek-r1:7b,-1
2025-06-08T17:22:42.981651,3.260286,10.9,0.0,62251.703125,51.2,63921.09375,0,0.0,148.453125,deepseek-r1:7b,-1
2025-06-08T17:22:43.082917,3.361552,11.3,0.0,62251.75,51.2,63925.390625,0,0.0,148.453125,deepseek-r1:7b,-1
2025-06-08T17:22:43.193294,3.471929,11.7,0.0,62251.75,51.2,63925.390625,0,0.0,148.453125,deepseek-r1:7b,-1
2025-06-08T17:22:43.294404,3.573039,13.1,0.0,62251.75,51.2,63925.390625,0,0.0,148.453125,deepseek-r1:7b,-1
2025-06-08T17:22:43.400729,3.679364,9.4,0.0,62251.75,51.2,63925.390625,0,0.0,148.453125,deepseek-r1:7b,-1
2025-06-08T17:22:43.506204,3.784839,11.8,0.0,62251.75,51.2,63925.390625,0,0.0,148.453125,deepseek-r1:7b,-1
2025-06-08T17:22:43.614965,3.8936,11.6,0.0,62251.75,51.2,63925.390625,0,0.0,148.453125,deepseek-r1:7b,-1
2025-06-08T17:22:43.721662,4.000297,0.0,0.0,62251.75,51.2,63925.390625,0,0.0,148.453125,deepseek-r1:7b,-1
2025-06-08T17:22:43.832034,4.110669,0.0,0.0,62251.75,51.2,63925.390625,0,0.0,148.453125,deepseek-r1:7b,-1
2025-06-08T17:22:43.938174,4.216809,0.0,0.0,62251.75,51.2,63925.390625,0,0.0,148.453125,deepseek-r1:7b,-1
2025-06-08T17:22:44.048294,4.326929,11.4,0.0,62249.28125,51.2,63927.375,0,0.0,148.453125,deepseek-r1:7b,-1
2025-06-08T17:22:44.151750,4.430385,10.2,0.0,62249.28125,51.2,63927.375,0,0.0,148.453125,deepseek-r1:7b,-1
2025-06-08T17:22:44.261652,4.540287,0.0,0.0,62249.28125,51.2,63927.375,0,0.0,148.453125,deepseek-r1:7b,-1
2025-06-08T17:22:44.366041,4.644676,0.0,0.0,62249.28125,51.2,63927.375,0,0.0,148.453125,deepseek-r1:7b,-1
2025-06-08T17:22:44.473283,4.751918,0.0,0.0,62249.28125,51.2,63927.375,0,0.0,148.453125,deepseek-r1:7b,-1
2025-06-08T17:22:44.581616,4.860251,0.0,0.0,62249.28125,51.2,63927.375,0,0.0,148.453125,deepseek-r1:7b,-1
2025-06-08T17:22:44.682578,4.961213,0.0,0.0,62249.28125,51.2,63927.375,0,0.0,148.453125,deepseek-r1:7b,-1
2025-06-08T17:22:44.789944,5.068579,0.0,0.0,62249.28125,51.2,63927.375,0,0.0,148.453125,deepseek-r1:7b,-1
2025-06-08T17:22:44.899735,5.17837,0.0,0.0,62249.28125,51.2,63927.375,0,0.0,148.453125,deepseek-r1:7b,-1
2025-06-08T17:22:45.008646,5.287281,0.0,0.0,62249.28125,51.2,63927.375,0,0.0,148.453125,deepseek-r1:7b,-1
2025-06-08T17:22:45.111945,5.39058,13.8,0.0,62232.0625,51.2,63932.328125,0,0.0,148.453125,deepseek-r1:7b,-1
2025-06-08T17:22:45.215423,5.494058,10.9,0.0,62232.046875,51.2,63932.71875,0,0.0,148.453125,deepseek-r1:7b,-1
2025-06-08T17:22:45.324941,5.603576,13.8,0.0,62232.046875,51.2,63932.71875,0,0.0,148.453125,deepseek-r1:7b,-1
2025-06-08T17:22:45.435252,5.713887,10.7,0.0,62232.046875,51.2,63932.71875,0,0.0,148.453125,deepseek-r1:7b,-1
2025-06-08T17:22:45.537085,5.81572,11.3,0.0,62232.046875,51.2,63932.71875,0,0.0,148.453125,deepseek-r1:7b,-1
2025-06-08T17:22:45.643586,5.922221,10.5,0.0,62232.046875,51.2,63932.71875,0,0.0,148.453125,deepseek-r1:7b,-1
2025-06-08T17:22:45.751920,6.030555,11.6,0.0,62232.046875,51.2,63932.71875,0,0.0,148.453125,deepseek-r1:7b,-1
2025-06-08T17:22:45.862358,6.140993,0.0,0.0,62232.046875,51.2,63932.71875,0,0.0,148.453125,deepseek-r1:7b,-1
2025-06-08T17:22:45.972711,6.251346,0.0,0.0,62232.046875,51.2,63932.71875,0,0.0,148.453125,deepseek-r1:7b,-1
2025-06-08T17:22:46.083117,6.361752,0.0,0.0,62232.046875,51.2,63932.71875,0,0.0,148.453125,deepseek-r1:7b,-1
2025-06-08T17:22:46.193462,6.472097,11.1,0.0,62229.03125,51.2,63942.203125,0,0.0,148.453125,deepseek-r1:7b,-1
2025-06-08T17:22:46.294121,6.572756,17.8,0.0,62231.0625,51.2,63940.46875,0,0.0,148.453125,deepseek-r1:7b,-1
2025-06-08T17:22:46.403419,6.682054,10.4,0.0,62231.078125,51.2,63940.921875,0,0.0,148.453125,deepseek-r1:7b,-1
2025-06-08T17:22:46.513894,6.792529,11.3,0.0,62231.078125,51.2,63940.921875,0,0.0,148.453125,deepseek-r1:7b,-1
2025-06-08T17:22:46.619105,6.89774,11.6,0.0,62231.078125,51.2,63940.921875,0,0.0,148.453125,deepseek-r1:7b,-1
2025-06-08T17:22:46.729443,7.008078,0.0,0.0,62231.078125,51.2,63940.921875,0,0.0,148.453125,deepseek-r1:7b,-1
2025-06-08T17:22:46.837098,7.115733,0.0,0.0,62231.078125,51.2,63940.921875,0,0.0,148.453125,deepseek-r1:7b,-1
2025-06-08T17:22:46.944618,7.223253,0.0,0.0,62231.078125,51.2,63940.921875,0,0.0,148.453125,deepseek-r1:7b,-1
2025-06-08T17:22:47.052076,7.330711,0.0,0.0,62231.078125,51.2,63940.921875,0,0.0,148.453125,deepseek-r1:7b,-1
2025-06-08T17:22:47.162221,7.440856,0.0,0.0,62231.078125,51.2,63940.921875,0,0.0,148.453125,deepseek-r1:7b,-1
2025-06-08T17:22:47.267987,7.546622,11.1,0.0,62235.359375,51.2,63940.40625,0,0.0,148.453125,deepseek-r1:7b,-1
2025-06-08T17:22:47.377552,7.656187,10.8,0.0,62235.34375,51.2,63940.859375,0,0.0,148.453125,deepseek-r1:7b,-1
2025-06-08T17:22:47.486436,7.765071,11.4,0.0,62235.359375,51.2,63941.09375,0,0.0,148.453125,deepseek-r1:7b,-1
2025-06-08T17:22:47.595549,7.874184,10.9,0.0,62235.359375,51.2,63941.09375,0,0.0,148.453125,deepseek-r1:7b,-1
2025-06-08T17:22:47.702952,7.981587,12.9,0.0,62235.359375,51.2,63941.09375,0,0.0,148.453125,deepseek-r1:7b,-1
2025-06-08T17:22:47.813313,8.091948,9.6,0.0,62235.359375,51.2,63941.09375,0,0.0,148.453125,deepseek-r1:7b,-1
2025-06-08T17:22:47.917193,8.195828,10.8,0.0,62235.359375,51.2,63941.09375,0,0.0,148.453125,deepseek-r1:7b,-1
2025-06-08T17:22:48.026879,8.305514,11.4,0.0,62235.359375,51.2,63941.09375,0,0.0,148.453125,deepseek-r1:7b,-1
2025-06-08T17:22:48.132878,8.411513,10.7,0.0,62235.359375,51.2,63941.09375,0,0.0,148.453125,deepseek-r1:7b,-1
2025-06-08T17:22:48.240472,8.519107,0.0,0.0,62235.359375,51.2,63941.09375,0,0.0,148.453125,deepseek-r1:7b,-1
2025-06-08T17:22:50.390364,0.03845,12.6,0.0,62131.953125,51.1,64039.78125,0,0.0,148.453125,deepseek-r1:7b,-1
2025-06-08T17:22:50.495157,0.143243,18.2,0.0,61803.96875,50.9,64371.046875,0,0.0,148.453125,deepseek-r1:7b,-1
2025-06-08T17:22:50.605645,0.253731,17.1,0.0,61926.75,51.0,64250.15625,0,0.0,148.453125,deepseek-r1:7b,-1
2025-06-08T17:22:50.706128,0.354214,10.8,0.0,61926.75,51.0,64250.15625,0,0.0,148.453125,deepseek-r1:7b,-1
2025-06-08T17:22:50.816522,0.464608,10.7,0.0,61926.75,51.0,64250.15625,0,0.0,148.453125,deepseek-r1:7b,-1
2025-06-08T17:22:50.920110,0.568196,12.7,0.0,61926.75,51.0,64250.15625,0,0.0,148.453125,deepseek-r1:7b,-1
2025-06-08T17:22:51.030503,0.678589,10.7,0.0,61926.75,51.0,64250.15625,0,0.0,148.453125,deepseek-r1:7b,-1
2025-06-08T17:22:51.140844,0.78893,10.9,0.0,61926.75,51.0,64250.15625,0,0.0,148.453125,deepseek-r1:7b,-1
2025-06-08T17:22:51.245543,0.893629,12.3,0.0,61926.75,51.0,64250.15625,0,0.0,148.453125,deepseek-r1:7b,-1
2025-06-08T17:22:51.355982,1.004068,12.7,0.0,61926.75,51.0,64250.15625,0,0.0,148.453125,deepseek-r1:7b,-1
2025-06-08T17:22:51.458486,1.106572,13.3,0.0,62368.15625,51.3,63806.875,0,0.0,148.453125,deepseek-r1:7b,-1
2025-06-08T17:22:51.568697,1.216783,9.7,0.0,62368.21875,51.3,63809.796875,0,0.0,148.453125,deepseek-r1:7b,-1
2025-06-08T17:22:51.679070,1.327156,10.9,0.0,62368.21875,51.3,63809.796875,0,0.0,148.453125,deepseek-r1:7b,-1
2025-06-08T17:22:51.786890,1.434976,11.6,0.0,62368.21875,51.3,63809.796875,0,0.0,148.453125,deepseek-r1:7b,-1
2025-06-08T17:22:51.889193,1.537279,10.4,0.0,62368.21875,51.3,63809.796875,0,0.0,148.453125,deepseek-r1:7b,-1
2025-06-08T17:22:51.993103,1.641189,0.0,0.0,62368.21875,51.3,63809.796875,0,0.0,148.453125,deepseek-r1:7b,-1
2025-06-08T17:22:52.103533,1.751619,0.0,0.0,62368.21875,51.3,63809.796875,0,0.0,148.453125,deepseek-r1:7b,-1
2025-06-08T17:22:52.205733,1.853819,0.0,0.0,62368.21875,51.3,63809.796875,0,0.0,148.453125,deepseek-r1:7b,-1
2025-06-08T17:22:52.314747,1.962833,0.0,0.0,62368.21875,51.3,63809.796875,0,0.0,148.453125,deepseek-r1:7b,-1
2025-06-08T17:22:52.423081,2.071167,0.0,0.0,62368.21875,51.3,63809.796875,0,0.0,148.453125,deepseek-r1:7b,-1
2025-06-08T17:22:52.531420,2.179506,11.2,0.0,62244.265625,51.2,63929.53125,0,0.0,148.453125,deepseek-r1:7b,-1
2025-06-08T17:22:52.642416,2.290502,10.8,0.0,62244.28125,51.2,63925.90625,0,0.0,148.453125,deepseek-r1:7b,-1
2025-06-08T17:22:52.752786,2.400872,11.4,0.0,62244.21875,51.2,63926.234375,0,0.0,148.453125,deepseek-r1:7b,-1
2025-06-08T17:22:52.863167,2.511253,10.7,0.0,62244.21875,51.2,63926.234375,0,0.0,148.453125,deepseek-r1:7b,-1
2025-06-08T17:22:52.964690,2.612776,9.3,0.0,62244.21875,51.2,63926.234375,0,0.0,148.453125,deepseek-r1:7b,-1
2025-06-08T17:22:53.074578,2.722664,10.2,0.0,62244.21875,51.2,63926.234375,0,0.0,148.453125,deepseek-r1:7b,-1
2025-06-08T17:22:53.181397,2.829483,11.2,0.0,62244.21875,51.2,63926.234375,0,0.0,148.453125,deepseek-r1:7b,-1
2025-06-08T17:22:53.283896,2.931982,0.0,0.0,62244.21875,51.2,63926.234375,0,0.0,148.453125,deepseek-r1:7b,-1
2025-06-08T17:22:53.393396,3.041482,0.0,0.0,62244.21875,51.2,63926.234375,0,0.0,148.453125,deepseek-r1:7b,-1
2025-06-08T17:22:53.502597,3.150683,0.0,0.0,62244.21875,51.2,63926.234375,0,0.0,148.453125,deepseek-r1:7b,-1
2025-06-08T17:22:53.612951,3.261037,11.5,0.0,62240.625,51.2,63935.5625,0,0.0,148.453125,deepseek-r1:7b,-1
2025-06-08T17:22:53.720266,3.368352,10.6,0.0,62237.046875,51.2,63931.40625,0,0.0,148.453125,deepseek-r1:7b,-1
2025-06-08T17:22:53.828295,3.476381,10.5,0.0,62237.046875,51.2,63931.40625,0,0.0,148.453125,deepseek-r1:7b,-1
2025-06-08T17:22:53.938666,3.586752,11.1,0.0,62237.046875,51.2,63931.40625,0,0.0,148.453125,deepseek-r1:7b,-1
2025-06-08T17:22:54.048048,3.696134,9.8,0.0,62237.046875,51.2,63931.40625,0,0.0,148.453125,deepseek-r1:7b,-1
2025-06-08T17:22:54.153227,3.801313,0.0,0.0,62237.046875,51.2,63931.40625,0,0.0,148.453125,deepseek-r1:7b,-1
2025-06-08T17:22:54.258802,3.906888,0.0,0.0,62237.046875,51.2,63931.40625,0,0.0,148.453125,deepseek-r1:7b,-1
2025-06-08T17:22:54.359149,4.007235,0.0,0.0,62237.046875,51.2,63931.40625,0,0.0,148.453125,deepseek-r1:7b,-1
2025-06-08T17:22:54.460604,4.10869,0.0,0.0,62237.046875,51.2,63931.40625,0,0.0,148.453125,deepseek-r1:7b,-1
2025-06-08T17:22:54.562242,4.210328,0.0,0.0,62237.046875,51.2,63931.40625,0,0.0,148.453125,deepseek-r1:7b,-1
2025-06-08T17:22:54.672506,4.320592,12.0,0.0,62250.03125,51.2,63919.78125,0,0.0,148.453125,deepseek-r1:7b,-1
2025-06-08T17:22:54.773577,4.421663,11.7,0.0,62250.046875,51.2,63919.984375,0,0.0,148.453125,deepseek-r1:7b,-1
2025-06-08T17:22:54.876529,4.524615,11.4,0.0,62249.3125,51.2,63921.09375,0,0.0,148.453125,deepseek-r1:7b,-1
2025-06-08T17:22:54.978198,4.626284,10.1,0.0,62249.3125,51.2,63921.09375,0,0.0,148.453125,deepseek-r1:7b,-1
2025-06-08T17:22:55.087200,4.735286,14.8,0.0,62249.3125,51.2,63921.09375,0,0.0,148.453125,deepseek-r1:7b,-1
2025-06-08T17:22:55.196456,4.844542,10.3,0.0,62249.3125,51.2,63921.09375,0,0.3,148.453125,deepseek-r1:7b,-1
2025-06-08T17:22:57.352238,0.041703,12.6,0.0,61854.046875,50.9,64320.125,0,0.0,148.453125,deepseek-r1:7b,-1
2025-06-08T17:22:57.453283,0.142748,19.0,0.0,61375.203125,50.6,64799.40625,0,0.0,148.453125,deepseek-r1:7b,-1
2025-06-08T17:22:57.563535,0.253,17.1,0.0,61375.203125,50.6,64799.40625,0,0.0,148.453125,deepseek-r1:7b,-1
2025-06-08T17:22:57.665940,0.355405,12.8,0.0,61375.203125,50.6,64799.40625,0,0.0,148.453125,deepseek-r1:7b,-1
2025-06-08T17:22:57.767688,0.457153,11.1,0.0,61375.203125,50.6,64799.40625,0,0.0,148.453125,deepseek-r1:7b,-1
2025-06-08T17:22:57.877819,0.567284,10.3,0.0,61375.203125,50.6,64799.40625,0,0.0,148.453125,deepseek-r1:7b,-1
2025-06-08T17:22:57.984041,0.673506,13.8,0.0,61375.203125,50.6,64799.40625,0,0.0,148.453125,deepseek-r1:7b,-1
2025-06-08T17:22:58.090880,0.780345,18.1,0.0,61375.203125,50.6,64799.40625,0,0.0,148.453125,deepseek-r1:7b,-1
2025-06-08T17:22:58.201539,0.891004,0.0,0.0,61375.203125,50.6,64799.40625,0,0.0,148.453125,deepseek-r1:7b,-1
2025-06-08T17:22:58.303889,0.993354,0.0,0.0,61375.203125,50.6,64799.40625,0,0.0,148.453125,deepseek-r1:7b,-1
2025-06-08T17:22:58.407305,1.09677,12.9,0.0,62377.59375,51.3,63796.328125,0,0.0,148.453125,deepseek-r1:7b,-1
2025-06-08T17:22:58.514589,1.204054,12.6,0.0,62257.71875,51.2,63915.6875,0,0.0,148.453125,deepseek-r1:7b,-1
2025-06-08T17:22:58.622926,1.312391,11.2,0.0,62254.859375,51.2,63915.21875,0,0.0,148.453125,deepseek-r1:7b,-1
2025-06-08T17:22:58.729357,1.418822,11.0,0.0,62253.53125,51.2,63915.546875,0,0.0,148.453125,deepseek-r1:7b,-1
2025-06-08T17:22:58.839723,1.529188,11.8,0.0,62253.53125,51.2,63915.546875,0,0.0,148.453125,deepseek-r1:7b,-1
2025-06-08T17:22:58.941389,1.630854,9.3,0.0,62253.53125,51.2,63915.546875,0,0.0,148.453125,deepseek-r1:7b,-1
2025-06-08T17:22:59.043695,1.73316,12.2,0.0,62253.53125,51.2,63915.546875,0,0.0,148.453125,deepseek-r1:7b,-1
2025-06-08T17:22:59.149498,1.838963,10.0,0.0,62253.53125,51.2,63915.546875,0,0.0,148.453125,deepseek-r1:7b,-1
2025-06-08T17:22:59.254940,1.944405,11.8,0.0,62253.53125,51.2,63915.546875,0,0.0,148.453125,deepseek-r1:7b,-1
2025-06-08T17:22:59.364562,2.054027,13.1,0.0,62253.53125,51.2,63915.546875,0,0.0,148.453125,deepseek-r1:7b,-1
2025-06-08T17:22:59.473609,2.163074,10.1,0.0,62248.6875,51.2,63921.34375,0,0.0,148.453125,deepseek-r1:7b,-1
2025-06-08T17:22:59.578831,2.268296,11.8,0.0,62248.6875,51.2,63921.34375,0,0.0,148.453125,deepseek-r1:7b,-1
2025-06-08T17:22:59.685065,2.37453,0.0,0.0,62248.6875,51.2,63921.34375,0,0.0,148.453125,deepseek-r1:7b,-1
2025-06-08T17:22:59.791479,2.480944,0.0,0.0,62248.6875,51.2,63921.34375,0,0.0,148.453125,deepseek-r1:7b,-1
2025-06-08T17:22:59.893439,2.582904,0.0,0.0,62248.6875,51.2,63921.34375,0,0.0,148.453125,deepseek-r1:7b,-1
2025-06-08T17:22:59.995728,2.685193,0.0,0.0,62248.6875,51.2,63921.34375,0,0.0,148.453125,deepseek-r1:7b,-1
2025-06-08T17:23:00.106018,2.795483,0.0,0.0,62248.6875,51.2,63921.34375,0,0.0,148.453125,deepseek-r1:7b,-1
2025-06-08T17:23:00.216185,2.90565,0.0,0.0,62248.6875,51.2,63921.34375,0,0.0,148.453125,deepseek-r1:7b,-1
2025-06-08T17:23:00.318644,3.008109,0.0,0.0,62248.6875,51.2,63921.34375,0,0.0,148.453125,deepseek-r1:7b,-1
2025-06-08T17:23:00.425279,3.114744,0.0,0.0,62248.6875,51.2,63921.34375,0,0.0,148.453125,deepseek-r1:7b,-1
2025-06-08T17:23:00.535606,3.225071,11.4,0.0,62239.546875,51.2,63931.703125,0,0.0,148.453125,deepseek-r1:7b,-1
2025-06-08T17:23:00.645987,3.335452,10.3,0.0,62239.5625,51.2,63930.71875,0,0.0,148.453125,deepseek-r1:7b,-1
2025-06-08T17:23:00.751771,3.441236,11.8,0.0,62239.5625,51.2,63930.71875,0,0.0,148.453125,deepseek-r1:7b,-1
2025-06-08T17:23:00.861333,3.550798,11.0,0.0,62239.5625,51.2,63930.71875,0,0.0,148.453125,deepseek-r1:7b,-1
2025-06-08T17:23:00.963298,3.652763,9.9,0.0,62239.5625,51.2,63930.71875,0,0.0,148.453125,deepseek-r1:7b,-1
2025-06-08T17:23:01.064770,3.754235,9.8,0.0,62239.5625,51.2,63930.71875,0,0.0,148.453125,deepseek-r1:7b,-1
2025-06-08T17:23:01.169105,3.85857,0.0,0.0,62239.5625,51.2,63930.71875,0,0.0,148.453125,deepseek-r1:7b,-1
2025-06-08T17:23:01.271139,3.960604,0.0,0.0,62239.5625,51.2,63930.71875,0,0.0,148.453125,deepseek-r1:7b,-1
2025-06-08T17:23:01.376305,4.06577,0.0,0.0,62239.5625,51.2,63930.71875,0,0.0,148.453125,deepseek-r1:7b,-1
2025-06-08T17:23:01.478736,4.168201,0.0,0.0,62239.5625,51.2,63930.71875,0,0.0,148.453125,deepseek-r1:7b,-1
2025-06-08T17:23:01.583664,4.273129,11.8,0.0,62239.96875,51.2,63935.171875,0,0.0,148.453125,deepseek-r1:7b,-1
2025-06-08T17:23:01.684780,4.374245,10.4,0.0,62240.09375,51.2,63934.171875,0,0.0,148.453125,deepseek-r1:7b,-1
2025-06-08T17:23:01.794108,4.483573,10.5,0.0,62236.546875,51.2,63938.015625,0,0.0,148.453125,deepseek-r1:7b,-1
2025-06-08T17:23:01.904215,4.59368,10.3,0.0,62236.546875,51.2,63938.015625,0,0.0,148.453125,deepseek-r1:7b,-1
2025-06-08T17:23:02.014595,4.70406,10.6,0.0,62236.546875,51.2,63938.015625,0,0.0,148.453125,deepseek-r1:7b,-1
2025-06-08T17:23:02.120524,4.809989,0.0,0.0,62236.546875,51.2,63938.015625,0,0.0,148.453125,deepseek-r1:7b,-1
2025-06-08T17:23:02.222332,4.911797,0.0,0.0,62236.546875,51.2,63938.015625,0,0.0,148.453125,deepseek-r1:7b,-1
2025-06-08T17:23:02.325340,5.014805,0.0,0.0,62236.546875,51.2,63938.015625,0,0.0,148.453125,deepseek-r1:7b,-1
2025-06-08T17:23:02.435702,5.125167,0.0,0.0,62236.546875,51.2,63938.015625,0,0.0,148.453125,deepseek-r1:7b,-1
2025-06-08T17:23:02.543174,5.232639,0.0,0.0,62236.546875,51.2,63938.015625,0,0.0,148.453125,deepseek-r1:7b,-1
2025-06-08T17:23:02.653565,5.34303,11.9,0.0,62232.0625,51.2,63941.125,0,0.0,148.453125,deepseek-r1:7b,-1
2025-06-08T17:23:02.763943,5.453408,8.6,0.0,62232.0625,51.2,63941.125,0,0.0,148.453125,deepseek-r1:7b,-1
2025-06-08T17:23:02.866715,5.55618,0.0,0.0,62232.0625,51.2,63941.125,0,0.0,148.453125,deepseek-r1:7b,-1
2025-06-08T17:23:02.970057,5.659522,0.0,0.0,62232.0625,51.2,63941.125,0,0.0,148.453125,deepseek-r1:7b,-1
2025-06-08T17:23:03.079494,5.768959,0.0,0.0,62232.0625,51.2,63941.125,0,0.0,148.453125,deepseek-r1:7b,-1
2025-06-08T17:23:03.188163,5.877628,0.0,0.0,62232.0625,51.2,63941.125,0,0.0,148.453125,deepseek-r1:7b,-1
2025-06-08T17:23:03.293878,5.983343,0.0,0.0,62232.0625,51.2,63941.125,0,0.0,148.453125,deepseek-r1:7b,-1
2025-06-08T17:23:03.400171,6.089636,0.0,0.0,62232.0625,51.2,63941.125,0,0.0,148.453125,deepseek-r1:7b,-1
2025-06-08T17:23:03.502315,6.19178,0.0,0.0,62232.0625,51.2,63941.125,0,0.0,148.453125,deepseek-r1:7b,-1
2025-06-08T17:23:03.610059,6.299524,0.0,0.0,62232.0625,51.2,63941.125,0,0.0,148.453125,deepseek-r1:7b,-1
2025-06-08T17:23:03.720342,6.409807,11.1,0.0,62219.75,51.2,63952.53125,0,0.0,148.453125,deepseek-r1:7b,-1
2025-06-08T17:23:03.824787,6.514252,10.0,0.0,62219.796875,51.2,63952.71875,0,0.0,148.453125,deepseek-r1:7b,-1
2025-06-08T17:23:03.927604,6.617069,11.0,0.0,62219.78125,51.2,63953.078125,0,0.0,148.453125,deepseek-r1:7b,-1
2025-06-08T17:23:04.036905,6.72637,16.8,0.0,62219.78125,51.2,63953.078125,0,0.0,148.453125,deepseek-r1:7b,-1
2025-06-08T17:23:04.143703,6.833168,12.4,0.0,62219.78125,51.2,63953.078125,0,0.0,148.453125,deepseek-r1:7b,-1
2025-06-08T17:23:04.252759,6.942224,9.2,0.0,62219.78125,51.2,63953.078125,0,0.0,148.453125,deepseek-r1:7b,-1
2025-06-08T17:23:04.359011,7.048476,14.5,0.0,62219.78125,51.2,63953.078125,0,0.0,148.453125,deepseek-r1:7b,-1
2025-06-08T17:23:04.462837,7.152302,10.8,0.0,62219.78125,51.2,63953.078125,0,0.3,148.453125,deepseek-r1:7b,-1
2025-06-08T17:23:06.620917,0.039446,12.4,0.0,60761.078125,50.1,65417.078125,0,0.0,148.453125,deepseek-r1:7b,-1
2025-06-08T17:23:06.731086,0.149615,18.1,0.0,60761.078125,50.1,65417.078125,0,0.0,148.453125,deepseek-r1:7b,-1
2025-06-08T17:23:06.836850,0.255379,17.4,0.0,60761.078125,50.1,65417.078125,0,0.0,148.453125,deepseek-r1:7b,-1
2025-06-08T17:23:06.943050,0.361579,10.8,0.0,60761.078125,50.1,65417.078125,0,0.0,148.453125,deepseek-r1:7b,-1
2025-06-08T17:23:07.053417,0.471946,0.0,0.0,60761.078125,50.1,65417.078125,0,0.0,148.453125,deepseek-r1:7b,-1
2025-06-08T17:23:07.161184,0.579713,0.0,0.0,60761.078125,50.1,65417.078125,0,0.0,148.453125,deepseek-r1:7b,-1
2025-06-08T17:23:07.267829,0.686358,0.0,0.0,60761.078125,50.1,65417.078125,0,0.0,148.453125,deepseek-r1:7b,-1
2025-06-08T17:23:07.378271,0.7968,0.0,0.0,60761.078125,50.1,65417.078125,0,0.0,148.453125,deepseek-r1:7b,-1
2025-06-08T17:23:07.479531,0.89806,0.0,0.0,60761.078125,50.1,65417.078125,0,0.0,148.453125,deepseek-r1:7b,-1
2025-06-08T17:23:07.589929,1.008458,0.0,0.0,60761.078125,50.1,65417.078125,0,0.0,148.453125,deepseek-r1:7b,-1
2025-06-08T17:23:07.698383,1.116912,11.8,0.0,62356.796875,51.3,63814.671875,0,0.0,148.453125,deepseek-r1:7b,-1
2025-06-08T17:23:07.808729,1.227258,11.5,0.0,62351.90625,51.3,63814.46875,0,0.0,148.453125,deepseek-r1:7b,-1
2025-06-08T17:23:07.918032,1.336561,11.2,0.0,62351.90625,51.3,63814.46875,0,0.0,148.453125,deepseek-r1:7b,-1
2025-06-08T17:23:08.027485,1.446014,10.3,0.0,62351.90625,51.3,63814.46875,0,0.0,148.453125,deepseek-r1:7b,-1
2025-06-08T17:23:08.136351,1.55488,12.6,0.0,62351.90625,51.3,63814.46875,0,0.8,148.453125,deepseek-r1:7b,-1
2025-06-08T17:23:08.246715,1.665244,11.3,0.0,62351.90625,51.3,63814.46875,0,0.0,148.453125,deepseek-r1:7b,-1
2025-06-08T17:23:08.353510,1.772039,10.8,0.0,62351.90625,51.3,63814.46875,0,0.0,148.453125,deepseek-r1:7b,-1
2025-06-08T17:23:08.463831,1.88236,13.3,0.0,62351.90625,51.3,63814.46875,0,0.0,148.453125,deepseek-r1:7b,-1
2025-06-08T17:23:08.572680,1.991209,11.0,0.0,62351.90625,51.3,63814.46875,0,0.0,148.453125,deepseek-r1:7b,-1
2025-06-08T17:23:08.680858,2.099387,12.2,0.0,62351.90625,51.3,63814.46875,0,0.0,148.453125,deepseek-r1:7b,-1
2025-06-08T17:23:08.789904,2.208433,10.3,0.0,62225.34375,51.2,63945.046875,0,0.0,148.453125,deepseek-r1:7b,-1
2025-06-08T17:23:08.899034,2.317563,11.6,0.0,62225.34375,51.2,63944.125,0,0.0,148.453125,deepseek-r1:7b,-1
2025-06-08T17:23:09.001570,2.420099,10.4,0.0,62225.34375,51.2,63944.125,0,0.0,148.453125,deepseek-r1:7b,-1
2025-06-08T17:23:09.111942,2.530471,11.9,0.0,62225.34375,51.2,63944.125,0,0.0,148.453125,deepseek-r1:7b,-1
2025-06-08T17:23:09.216813,2.635342,10.8,0.0,62225.34375,51.2,63944.125,0,0.0,148.453125,deepseek-r1:7b,-1
2025-06-08T17:23:09.326324,2.744853,12.6,0.0,62225.34375,51.2,63944.125,0,0.0,148.453125,deepseek-r1:7b,-1
2025-06-08T17:23:09.429401,2.84793,10.9,0.0,62225.34375,51.2,63944.125,0,0.0,148.453125,deepseek-r1:7b,-1
2025-06-08T17:23:09.539781,2.95831,10.3,0.0,62225.34375,51.2,63944.125,0,0.0,148.453125,deepseek-r1:7b,-1
2025-06-08T17:23:09.650129,3.068658,12.7,0.0,62225.34375,51.2,63944.125,0,0.0,148.453125,deepseek-r1:7b,-1
2025-06-08T17:23:09.760485,3.179014,10.9,0.0,62225.34375,51.2,63944.125,0,0.0,148.453125,deepseek-r1:7b,-1
2025-06-08T17:23:09.868620,3.287149,11.0,0.0,62217.8125,51.2,63950.703125,0,0.0,148.453125,deepseek-r1:7b,-1
2025-06-08T17:23:09.978981,3.39751,9.3,0.0,62217.8125,51.2,63953.75,0,0.0,148.453125,deepseek-r1:7b,-1
2025-06-08T17:23:10.083937,3.502466,11.7,0.0,62217.8125,51.2,63953.75,0,0.0,148.453125,deepseek-r1:7b,-1
2025-06-08T17:23:10.185596,3.604125,0.0,0.0,62217.8125,51.2,63953.75,0,0.0,148.453125,deepseek-r1:7b,-1
2025-06-08T17:23:10.286652,3.705181,0.0,0.0,62217.8125,51.2,63953.75,0,0.0,148.453125,deepseek-r1:7b,-1
2025-06-08T17:23:10.396002,3.814531,0.0,0.0,62217.8125,51.2,63953.75,0,0.0,148.453125,deepseek-r1:7b,-1
2025-06-08T17:23:10.501198,3.919727,0.0,0.0,62217.8125,51.2,63953.75,0,0.0,148.453125,deepseek-r1:7b,-1
2025-06-08T17:23:10.609594,4.028123,0.0,0.0,62217.8125,51.2,63953.75,0,0.0,148.453125,deepseek-r1:7b,-1
2025-06-08T17:23:10.711283,4.129812,0.0,0.0,62217.8125,51.2,63953.75,0,0.0,148.453125,deepseek-r1:7b,-1
2025-06-08T17:23:10.820627,4.239156,0.0,0.0,62217.8125,51.2,63953.75,0,0.0,148.453125,deepseek-r1:7b,-1
2025-06-08T17:23:10.926291,4.34482,11.9,0.0,62223.609375,51.2,63945.578125,0,0.0,148.453125,deepseek-r1:7b,-1
2025-06-08T17:23:11.034618,4.453147,10.9,0.0,62223.640625,51.2,63945.8125,0,0.0,148.453125,deepseek-r1:7b,-1
2025-06-08T17:23:11.145019,4.563548,0.0,0.0,62218.390625,51.2,63951.46875,0,0.0,148.453125,deepseek-r1:7b,-1
2025-06-08T17:23:11.245775,4.664304,0.0,0.0,62218.375,51.2,63951.703125,0,0.0,148.453125,deepseek-r1:7b,-1
2025-06-08T17:23:11.347769,4.766298,0.0,0.0,62218.375,51.2,63951.703125,0,0.0,148.453125,deepseek-r1:7b,-1
2025-06-08T17:23:11.449286,4.867815,0.0,0.0,62218.375,51.2,63951.703125,0,0.0,148.453125,deepseek-r1:7b,-1
2025-06-08T17:23:11.558177,4.976706,0.0,0.0,62218.375,51.2,63951.703125,0,0.0,148.453125,deepseek-r1:7b,-1
2025-06-08T17:23:11.667941,5.08647,0.0,0.0,62218.375,51.2,63951.703125,0,0.0,148.453125,deepseek-r1:7b,-1
2025-06-08T17:23:11.768548,5.187077,0.0,0.0,62218.375,51.2,63951.703125,0,0.0,148.453125,deepseek-r1:7b,-1
2025-06-08T17:23:11.876261,5.29479,0.0,0.0,62218.375,51.2,63951.703125,0,0.0,148.453125,deepseek-r1:7b,-1
2025-06-08T17:23:11.984620,5.403149,11.0,0.0,62213.28125,51.2,63954.40625,0,0.0,148.453125,deepseek-r1:7b,-1
2025-06-08T17:23:12.092933,5.511462,11.1,0.0,62216.5625,51.2,63946.71875,0,0.0,148.453125,deepseek-r1:7b,-1
2025-06-08T17:23:12.198829,5.617358,10.1,0.0,62216.5625,51.2,63946.71875,0,0.0,148.453125,deepseek-r1:7b,-1
2025-06-08T17:23:12.303751,5.72228,11.8,0.0,62216.5625,51.2,63946.71875,0,0.0,148.453125,deepseek-r1:7b,-1
2025-06-08T17:23:12.413752,5.832281,12.1,0.0,62216.5625,51.2,63946.71875,0,0.0,148.453125,deepseek-r1:7b,-1
2025-06-08T17:23:12.522578,5.941107,8.7,0.0,62216.5625,51.2,63946.71875,0,0.0,148.453125,deepseek-r1:7b,-1
2025-06-08T17:23:12.627868,6.046397,11.8,0.0,62216.5625,51.2,63946.71875,0,0.0,148.453125,deepseek-r1:7b,-1
2025-06-08T17:23:12.733967,6.152496,11.1,0.0,62216.5625,51.2,63946.71875,0,0.0,148.453125,deepseek-r1:7b,-1
2025-06-08T17:23:12.843207,6.261736,10.3,0.0,62216.5625,51.2,63946.71875,0,0.0,148.453125,deepseek-r1:7b,-1
2025-06-08T17:23:12.949420,6.367949,0.0,0.0,62216.5625,51.2,63946.71875,0,0.0,148.453125,deepseek-r1:7b,-1
2025-06-08T17:23:13.059830,6.478359,10.7,0.0,62216.59375,51.2,63948.703125,0,0.0,148.453125,deepseek-r1:7b,-1
2025-06-08T17:23:13.161321,6.57985,9.4,0.0,62216.578125,51.2,63949.09375,0,0.0,148.453125,deepseek-r1:7b,-1
2025-06-08T17:23:13.266877,6.685406,11.2,0.0,62216.578125,51.2,63949.09375,0,0.0,148.453125,deepseek-r1:7b,-1
2025-06-08T17:23:13.367433,6.785962,13.8,0.0,62216.578125,51.2,63949.09375,0,0.0,148.453125,deepseek-r1:7b,-1
2025-06-08T17:23:13.468016,6.886545,10.0,0.0,62216.578125,51.2,63949.09375,0,0.0,148.453125,deepseek-r1:7b,-1
2025-06-08T17:23:13.578456,6.996985,10.7,0.0,62216.578125,51.2,63949.09375,0,0.0,148.453125,deepseek-r1:7b,-1
2025-06-08T17:23:13.679120,7.097649,0.0,0.0,62216.578125,51.2,63949.09375,0,0.0,148.453125,deepseek-r1:7b,-1
2025-06-08T17:23:13.783128,7.201657,0.0,0.0,62216.578125,51.2,63949.09375,0,0.0,148.453125,deepseek-r1:7b,-1
2025-06-08T17:23:13.892637,7.311166,0.0,0.0,62216.578125,51.2,63949.09375,0,0.0,148.453125,deepseek-r1:7b,-1
2025-06-08T17:23:14.002683,7.421212,0.0,0.0,62216.578125,51.2,63949.09375,0,0.0,148.453125,deepseek-r1:7b,-1
2025-06-08T17:23:14.105259,7.523788,10.7,0.0,62211.1875,51.2,63953.875,0,0.0,148.453125,deepseek-r1:7b,-1
2025-06-08T17:23:14.214840,7.633369,10.9,0.0,62211.328125,51.2,63954.703125,0,0.0,148.453125,deepseek-r1:7b,-1
2025-06-08T17:23:14.322528,7.741057,16.6,0.0,62212.953125,51.2,63956.34375,0,0.0,148.453125,deepseek-r1:7b,-1
2025-06-08T17:23:14.432922,7.851451,9.1,0.0,62213.25,51.2,63955.359375,0,0.0,148.453125,deepseek-r1:7b,-1
2025-06-08T17:23:14.534925,7.953454,10.5,0.0,62213.25,51.2,63955.359375,0,0.0,148.453125,deepseek-r1:7b,-1
2025-06-08T17:23:16.683244,0.036075,13.2,0.0,62259.375,51.2,63907.59375,0,0.0,148.453125,deepseek-r1:7b,-1
2025-06-08T17:23:16.793453,0.146284,17.5,0.0,62233.328125,51.2,63937.953125,0,0.0,148.453125,deepseek-r1:7b,-1
2025-06-08T17:23:16.895869,0.2487,16.4,0.0,62244.140625,51.2,63924.796875,0,0.0,148.453125,deepseek-r1:7b,-1
2025-06-08T17:23:17.000779,0.35361,12.5,0.0,62244.140625,51.2,63924.796875,0,0.0,148.453125,deepseek-r1:7b,-1
2025-06-08T17:23:17.107312,0.460143,10.5,0.0,62244.140625,51.2,63924.796875,0,0.0,148.453125,deepseek-r1:7b,-1
2025-06-08T17:23:17.215297,0.568128,11.1,0.0,62244.140625,51.2,63924.796875,0,0.0,148.453125,deepseek-r1:7b,-1
2025-06-08T17:23:17.319620,0.672451,13.0,0.0,62244.140625,51.2,63924.796875,0,0.0,148.453125,deepseek-r1:7b,-1
2025-06-08T17:23:17.427577,0.780408,11.2,0.0,62244.140625,51.2,63924.796875,0,0.0,148.453125,deepseek-r1:7b,-1
2025-06-08T17:23:17.536706,0.889537,11.9,0.0,62244.140625,51.2,63924.796875,0,0.0,148.453125,deepseek-r1:7b,-1
2025-06-08T17:23:17.644627,0.997458,0.0,0.0,62244.140625,51.2,63924.796875,0,0.0,148.453125,deepseek-r1:7b,-1
2025-06-08T17:23:17.750642,1.103473,11.1,0.0,62347.265625,51.3,63823.859375,0,0.0,148.453125,deepseek-r1:7b,-1
2025-06-08T17:23:17.852931,1.205762,11.0,0.0,62343.5625,51.3,63830.5,0,0.0,148.453125,deepseek-r1:7b,-1
2025-06-08T17:23:17.957812,1.310643,11.4,0.0,62343.5625,51.3,63830.5,0,0.0,148.453125,deepseek-r1:7b,-1
2025-06-08T17:23:18.067775,1.420606,10.3,0.0,62343.5625,51.3,63830.5,0,0.0,148.453125,deepseek-r1:7b,-1
2025-06-08T17:23:18.172315,1.525146,11.2,0.0,62343.5625,51.3,63830.5,0,0.0,148.453125,deepseek-r1:7b,-1
2025-06-08T17:23:18.274843,1.627674,0.0,0.0,62343.5625,51.3,63830.5,0,0.0,148.453125,deepseek-r1:7b,-1
2025-06-08T17:23:18.385179,1.73801,0.0,0.0,62343.5625,51.3,63830.5,0,0.0,148.453125,deepseek-r1:7b,-1
2025-06-08T17:23:18.487495,1.840326,0.0,0.0,62343.5625,51.3,63830.5,0,0.0,148.453125,deepseek-r1:7b,-1
2025-06-08T17:23:18.592227,1.945058,0.0,0.0,62343.5625,51.3,63830.5,0,0.0,148.453125,deepseek-r1:7b,-1
2025-06-08T17:23:18.697882,2.050713,0.0,0.0,62343.5625,51.3,63830.5,0,0.0,148.453125,deepseek-r1:7b,-1
2025-06-08T17:23:18.805976,2.158807,13.3,0.0,62229.0625,51.2,63936.9375,0,0.0,148.453125,deepseek-r1:7b,-1
2025-06-08T17:23:18.916333,2.269164,10.9,0.0,62229.109375,51.2,63933.15625,0,0.0,148.453125,deepseek-r1:7b,-1
2025-06-08T17:23:19.018343,2.371174,12.2,0.0,62229.140625,51.2,63933.453125,0,0.0,148.453125,deepseek-r1:7b,-1
2025-06-08T17:23:19.127024,2.479855,10.5,0.0,62229.21875,51.2,63933.796875,0,0.0,148.453125,deepseek-r1:7b,-1
2025-06-08T17:23:19.231405,2.584236,9.5,0.0,62229.21875,51.2,63933.796875,0,0.0,148.453125,deepseek-r1:7b,-1
2025-06-08T17:23:19.332453,2.685284,12.3,0.0,62229.21875,51.2,63933.796875,0,0.0,148.453125,deepseek-r1:7b,-1
2025-06-08T17:23:19.439319,2.79215,11.8,0.0,62229.21875,51.2,63933.796875,0,0.0,148.453125,deepseek-r1:7b,-1
2025-06-08T17:23:19.546905,2.899736,10.7,0.0,62229.21875,51.2,63933.796875,0,0.0,148.453125,deepseek-r1:7b,-1
2025-06-08T17:23:19.657279,3.01011,10.7,0.0,62229.21875,51.2,63933.796875,0,0.0,148.453125,deepseek-r1:7b,-1
2025-06-08T17:23:19.759960,3.112791,9.8,0.0,62229.21875,51.2,63933.796875,0,0.0,148.453125,deepseek-r1:7b,-1
2025-06-08T17:23:19.870332,3.223163,11.2,0.0,62225.109375,51.2,63943.421875,0,0.0,148.453125,deepseek-r1:7b,-1
2025-06-08T17:23:19.972581,3.325412,9.9,0.0,62225.140625,51.2,63943.78125,0,0.0,148.453125,deepseek-r1:7b,-1
2025-06-08T17:23:20.080244,3.433075,0.0,0.0,62228.390625,51.2,63939.9375,0,0.0,148.453125,deepseek-r1:7b,-1
2025-06-08T17:23:20.181016,3.533847,0.0,0.0,62228.390625,51.2,63939.9375,0,0.0,148.453125,deepseek-r1:7b,-1
2025-06-08T17:23:20.291374,3.644205,0.0,0.0,62228.390625,51.2,63939.9375,0,0.0,148.453125,deepseek-r1:7b,-1
2025-06-08T17:23:20.401553,3.754384,0.0,0.0,62228.390625,51.2,63939.9375,0,0.0,148.453125,deepseek-r1:7b,-1
2025-06-08T17:23:20.509874,3.862705,0.0,0.0,62228.390625,51.2,63939.9375,0,0.0,148.453125,deepseek-r1:7b,-1
2025-06-08T17:23:20.618207,3.971038,0.0,0.0,62228.390625,51.2,63939.9375,0,0.0,148.453125,deepseek-r1:7b,-1
2025-06-08T17:23:20.720185,4.073016,0.0,0.0,62228.390625,51.2,63939.9375,0,0.0,148.453125,deepseek-r1:7b,-1
2025-06-08T17:23:20.830347,4.183178,0.0,0.0,62228.390625,51.2,63939.9375,0,0.0,148.453125,deepseek-r1:7b,-1
2025-06-08T17:23:20.939894,4.292725,11.5,0.0,62228.328125,51.2,63943.75,0,0.0,148.453125,deepseek-r1:7b,-1
2025-06-08T17:23:21.050300,4.403131,10.7,0.0,62228.328125,51.2,63943.953125,0,0.0,148.453125,deepseek-r1:7b,-1
2025-06-08T17:23:21.156388,4.509219,10.7,0.0,62222.90625,51.2,63949.78125,0,0.0,148.453125,deepseek-r1:7b,-1
2025-06-08T17:23:21.263524,4.616355,11.0,0.0,62222.90625,51.2,63949.78125,0,0.0,148.453125,deepseek-r1:7b,-1
2025-06-08T17:23:21.364892,4.717723,12.6,0.0,62222.90625,51.2,63949.78125,0,0.0,148.453125,deepseek-r1:7b,-1
2025-06-08T17:23:21.465927,4.818758,10.5,0.0,62222.90625,51.2,63949.78125,0,0.0,148.453125,deepseek-r1:7b,-1
2025-06-08T17:23:21.576272,4.929103,10.9,0.0,62222.90625,51.2,63949.78125,0,0.0,148.453125,deepseek-r1:7b,-1
2025-06-08T17:23:21.684855,5.037686,10.7,0.0,62222.90625,51.2,63949.78125,0,0.0,148.453125,deepseek-r1:7b,-1
2025-06-08T17:23:21.789391,5.142222,10.8,0.0,62222.90625,51.2,63949.78125,0,0.0,148.453125,deepseek-r1:7b,-1
2025-06-08T17:23:21.896844,5.249675,0.0,0.0,62222.90625,51.2,63949.78125,0,0.0,148.453125,deepseek-r1:7b,-1
2025-06-08T17:23:22.004521,5.357352,9.4,0.0,62214.046875,51.2,63960.34375,0,0.0,148.453125,deepseek-r1:7b,-1
2025-06-08T17:23:22.105239,5.45807,12.9,0.0,62214.046875,51.2,63960.34375,0,0.0,148.453125,deepseek-r1:7b,-1
2025-06-08T17:23:22.207259,5.56009,10.5,0.0,62214.046875,51.2,63960.34375,0,0.0,148.453125,deepseek-r1:7b,-1
2025-06-08T17:23:24.369656,0.042165,12.7,0.0,62208.953125,51.2,63966.046875,0,0.0,148.46875,deepseek-r1:7b,-1
2025-06-08T17:23:24.479820,0.152329,15.9,0.0,62096.375,51.1,64073.5,0,0.0,148.46875,deepseek-r1:7b,-1
2025-06-08T17:23:24.588939,0.261448,17.3,0.0,62107.25,51.1,64065.875,0,0.0,148.46875,deepseek-r1:7b,-1
2025-06-08T17:23:24.693758,0.366267,11.2,0.0,62107.25,51.1,64065.875,0,0.0,148.46875,deepseek-r1:7b,-1
2025-06-08T17:23:24.796474,0.468983,11.1,0.0,62107.25,51.1,64065.875,0,0.0,148.46875,deepseek-r1:7b,-1
2025-06-08T17:23:24.905600,0.578109,11.0,0.0,62107.25,51.1,64065.875,0,0.0,148.46875,deepseek-r1:7b,-1
2025-06-08T17:23:25.006762,0.679271,0.0,0.0,62107.25,51.1,64065.875,0,0.0,148.46875,deepseek-r1:7b,-1
2025-06-08T17:23:25.109572,0.782081,0.0,0.0,62107.25,51.1,64065.875,0,0.0,148.46875,deepseek-r1:7b,-1
2025-06-08T17:23:25.218345,0.890854,0.0,0.0,62107.25,51.1,64065.875,0,0.0,148.46875,deepseek-r1:7b,-1
2025-06-08T17:23:25.318884,0.991393,0.0,0.0,62107.25,51.1,64065.875,0,0.0,148.46875,deepseek-r1:7b,-1
2025-06-08T17:23:25.429253,1.101762,11.9,0.0,62324.0,51.3,63850.71875,0,0.0,148.46875,deepseek-r1:7b,-1
2025-06-08T17:23:25.532934,1.205443,11.7,0.0,62203.8125,51.2,63969.921875,0,0.0,148.46875,deepseek-r1:7b,-1
2025-06-08T17:23:25.642599,1.315108,11.5,0.0,62204.109375,51.2,63974.421875,0,0.0,148.46875,deepseek-r1:7b,-1
2025-06-08T17:23:25.750932,1.423441,13.7,0.0,62204.109375,51.2,63974.421875,0,0.0,148.46875,deepseek-r1:7b,-1
2025-06-08T17:23:25.856498,1.529007,11.7,0.0,62204.109375,51.2,63974.421875,0,0.0,148.46875,deepseek-r1:7b,-1
2025-06-08T17:23:25.957763,1.630272,9.9,0.0,62204.109375,51.2,63974.421875,0,0.0,148.46875,deepseek-r1:7b,-1
2025-06-08T17:23:26.068206,1.740715,0.0,0.0,62204.109375,51.2,63974.421875,0,0.0,148.46875,deepseek-r1:7b,-1
2025-06-08T17:23:26.175902,1.848411,0.0,0.0,62204.109375,51.2,63974.421875,0,0.0,148.46875,deepseek-r1:7b,-1
2025-06-08T17:23:26.277067,1.949576,0.0,0.0,62204.109375,51.2,63974.421875,0,0.0,148.46875,deepseek-r1:7b,-1
2025-06-08T17:23:26.384243,2.056752,0.0,0.0,62204.109375,51.2,63974.421875,0,0.0,148.46875,deepseek-r1:7b,-1
2025-06-08T17:23:26.490035,2.162544,12.0,0.0,62202.921875,51.2,63963.28125,0,0.0,148.46875,deepseek-r1:7b,-1
2025-06-08T17:23:26.597221,2.26973,12.5,0.0,62204.65625,51.2,63963.96875,0,0.0,148.46875,deepseek-r1:7b,-1
2025-06-08T17:23:26.707546,2.380055,10.8,0.0,62206.28125,51.2,63960.15625,0,0.0,148.46875,deepseek-r1:7b,-1
2025-06-08T17:23:26.809221,2.48173,10.4,0.0,62206.28125,51.2,63960.15625,0,0.0,148.46875,deepseek-r1:7b,-1
2025-06-08T17:23:26.915489,2.587998,0.0,0.0,62206.28125,51.2,63960.15625,0,0.0,148.46875,deepseek-r1:7b,-1
2025-06-08T17:23:27.021347,2.693856,0.0,0.0,62206.28125,51.2,63960.15625,0,0.0,148.46875,deepseek-r1:7b,-1
2025-06-08T17:23:27.127507,2.800016,0.0,0.0,62206.28125,51.2,63960.15625,0,0.0,148.46875,deepseek-r1:7b,-1
2025-06-08T17:23:27.237851,2.91036,0.0,0.0,62206.28125,51.2,63960.15625,0,0.0,148.46875,deepseek-r1:7b,-1
2025-06-08T17:23:27.339092,3.011601,0.0,0.0,62206.28125,51.2,63960.15625,0,0.0,148.46875,deepseek-r1:7b,-1
2025-06-08T17:23:27.441879,3.114388,0.0,0.0,62206.28125,51.2,63960.15625,0,0.0,148.46875,deepseek-r1:7b,-1
2025-06-08T17:23:27.546319,3.218828,14.1,0.0,62202.46875,51.2,63972.96875,0,0.0,148.46875,deepseek-r1:7b,-1
2025-06-08T17:23:27.649781,3.32229,13.3,0.0,62202.453125,51.2,63974.515625,0,0.0,148.46875,deepseek-r1:7b,-1
2025-06-08T17:23:27.755014,3.427523,19.2,0.0,62202.453125,51.2,63974.515625,0,0.0,148.46875,deepseek-r1:7b,-1
2025-06-08T17:23:27.855266,3.527775,17.7,0.0,62202.453125,51.2,63974.515625,0,0.0,148.46875,deepseek-r1:7b,-1
2025-06-08T17:23:27.960112,3.632621,15.2,0.0,62202.453125,51.2,63974.515625,0,0.0,148.46875,deepseek-r1:7b,-1
2025-06-08T17:23:28.061002,3.733511,19.3,0.0,62202.453125,51.2,63974.515625,0,0.0,148.46875,deepseek-r1:7b,-1
2025-06-08T17:23:28.166117,3.838626,17.7,0.0,62202.453125,51.2,63974.515625,0,0.0,148.46875,deepseek-r1:7b,-1
2025-06-08T17:23:28.267578,3.940087,13.8,0.0,62202.453125,51.2,63974.515625,0,0.0,148.46875,deepseek-r1:7b,-1
2025-06-08T17:23:30.416906,0.041111,13.8,0.0,62226.90625,51.2,63950.46875,0,0.0,148.46875,deepseek-r1:7b,-1
2025-06-08T17:23:30.522091,0.146296,19.3,0.0,62122.203125,51.1,64055.734375,0,0.0,148.46875,deepseek-r1:7b,-1
2025-06-08T17:23:30.627314,0.251519,17.2,0.0,62122.21875,51.1,64055.734375,0,0.0,148.46875,deepseek-r1:7b,-1
2025-06-08T17:23:30.732667,0.356872,14.8,0.0,62122.21875,51.1,64055.734375,0,0.0,148.46875,deepseek-r1:7b,-1
2025-06-08T17:23:30.837817,0.462022,0.0,0.0,62122.21875,51.1,64055.734375,0,0.0,148.46875,deepseek-r1:7b,-1
2025-06-08T17:23:30.942997,0.567202,0.0,0.0,62122.21875,51.1,64055.734375,0,0.0,148.46875,deepseek-r1:7b,-1
2025-06-08T17:23:31.044620,0.668825,0.0,0.0,62122.21875,51.1,64055.734375,0,0.0,148.46875,deepseek-r1:7b,-1
2025-06-08T17:23:31.149893,0.774098,0.0,0.0,62122.21875,51.1,64055.734375,0,0.0,148.46875,deepseek-r1:7b,-1
2025-06-08T17:23:31.251888,0.876093,0.0,0.0,62122.21875,51.1,64055.734375,0,0.0,148.46875,deepseek-r1:7b,-1
2025-06-08T17:23:31.356255,0.98046,0.0,0.0,62122.21875,51.1,64055.734375,0,0.0,148.46875,deepseek-r1:7b,-1
2025-06-08T17:23:31.458317,1.082522,15.3,0.0,62345.671875,51.3,63829.359375,0,0.0,148.46875,deepseek-r1:7b,-1
2025-06-08T17:23:31.563481,1.187686,10.4,0.0,62345.640625,51.3,63829.578125,0,0.0,148.46875,deepseek-r1:7b,-1
2025-06-08T17:23:31.664186,1.288391,12.0,0.0,62345.609375,51.3,63834.328125,0,0.0,148.46875,deepseek-r1:7b,-1
2025-06-08T17:23:31.769611,1.393816,15.5,0.0,62345.609375,51.3,63834.328125,0,0.0,148.46875,deepseek-r1:7b,-1
2025-06-08T17:23:31.874194,1.498399,14.5,0.0,62345.609375,51.3,63834.328125,0,0.0,148.46875,deepseek-r1:7b,-1
2025-06-08T17:23:31.975533,1.599738,12.1,0.0,62345.609375,51.3,63834.328125,0,0.0,148.46875,deepseek-r1:7b,-1
2025-06-08T17:23:32.080731,1.704936,12.2,0.0,62345.609375,51.3,63834.328125,0,0.0,148.46875,deepseek-r1:7b,-1
2025-06-08T17:23:32.185836,1.810041,15.7,0.0,62345.609375,51.3,63834.328125,0,0.0,148.46875,deepseek-r1:7b,-1
2025-06-08T17:23:32.291059,1.915264,12.9,0.0,62345.609375,51.3,63834.328125,0,0.0,148.46875,deepseek-r1:7b,-1
2025-06-08T17:23:32.394735,2.01894,13.9,0.0,62345.609375,51.3,63834.328125,0,0.0,148.46875,deepseek-r1:7b,-1
2025-06-08T17:23:32.500099,2.124304,10.7,0.0,62348.328125,51.3,63829.078125,0,0.0,148.46875,deepseek-r1:7b,-1
2025-06-08T17:23:32.602990,2.227195,10.9,0.0,62348.375,51.3,63824.171875,0,0.0,148.46875,deepseek-r1:7b,-1
2025-06-08T17:23:32.704921,2.329126,13.7,0.0,62348.375,51.3,63824.171875,0,0.0,148.46875,deepseek-r1:7b,-1
2025-06-08T17:23:32.805836,2.430041,16.8,0.0,62348.375,51.3,63824.171875,0,0.0,148.46875,deepseek-r1:7b,-1
2025-06-08T17:23:32.909580,2.533785,0.0,0.0,62348.375,51.3,63824.171875,0,0.0,148.46875,deepseek-r1:7b,-1
2025-06-08T17:23:33.013789,2.637994,0.0,0.0,62348.375,51.3,63824.171875,0,0.0,148.46875,deepseek-r1:7b,-1
2025-06-08T17:23:33.117906,2.742111,0.0,0.0,62348.375,51.3,63824.171875,0,0.0,148.46875,deepseek-r1:7b,-1
2025-06-08T17:23:33.222005,2.84621,0.0,0.0,62348.375,51.3,63824.171875,0,0.0,148.46875,deepseek-r1:7b,-1
2025-06-08T17:23:33.326014,2.950219,0.0,0.0,62348.375,51.3,63824.171875,0,0.0,148.46875,deepseek-r1:7b,-1
2025-06-08T17:23:33.431313,3.055518,0.0,0.0,62348.375,51.3,63824.171875,0,0.0,148.46875,deepseek-r1:7b,-1
2025-06-08T17:23:33.535952,3.160157,13.6,0.0,62341.828125,51.3,63835.421875,0,0.0,148.46875,deepseek-r1:7b,-1
2025-06-08T17:23:33.641132,3.265337,13.1,0.0,62341.84375,51.3,63831.875,0,0.0,148.46875,deepseek-r1:7b,-1
2025-06-08T17:23:33.746513,3.370718,10.7,0.0,62341.84375,51.3,63831.875,0,0.0,148.46875,deepseek-r1:7b,-1
2025-06-08T17:23:33.851835,3.47604,0.0,0.0,62341.84375,51.3,63831.875,0,0.0,148.46875,deepseek-r1:7b,-1
2025-06-08T17:23:33.954891,3.579096,0.0,0.0,62341.84375,51.3,63831.875,0,0.0,148.46875,deepseek-r1:7b,-1
2025-06-08T17:23:34.060122,3.684327,0.0,0.0,62341.84375,51.3,63831.875,0,0.0,148.46875,deepseek-r1:7b,-1
2025-06-08T17:23:34.164180,3.788385,0.0,0.0,62341.84375,51.3,63831.875,0,0.0,148.46875,deepseek-r1:7b,-1
2025-06-08T17:23:34.269461,3.893666,0.0,0.0,62341.84375,51.3,63831.875,0,0.0,148.46875,deepseek-r1:7b,-1
2025-06-08T17:23:34.373340,3.997545,0.0,0.0,62341.84375,51.3,63831.875,0,0.0,148.46875,deepseek-r1:7b,-1
2025-06-08T17:23:34.478624,4.102829,0.0,0.0,62341.84375,51.3,63831.875,0,0.0,148.46875,deepseek-r1:7b,-1
2025-06-08T17:23:34.584017,4.208222,13.3,0.0,62349.171875,51.3,63827.6875,0,0.0,148.46875,deepseek-r1:7b,-1
2025-06-08T17:23:34.689677,4.313882,14.7,0.0,62352.8125,51.3,63828.78125,0,0.0,148.46875,deepseek-r1:7b,-1
2025-06-08T17:23:34.792851,4.417056,0.0,0.0,62352.8125,51.3,63828.78125,0,0.0,148.46875,deepseek-r1:7b,-1
2025-06-08T17:23:34.897341,4.521546,0.0,0.0,62352.8125,51.3,63828.78125,0,0.0,148.46875,deepseek-r1:7b,-1
2025-06-08T17:23:35.001182,4.625387,0.0,0.0,62352.8125,51.3,63828.78125,0,0.0,148.46875,deepseek-r1:7b,-1
2025-06-08T17:23:35.106748,4.730953,0.0,0.0,62352.8125,51.3,63828.78125,0,0.2,148.484375,deepseek-r1:7b,-1
2025-06-08T17:23:35.212162,4.836367,0.0,0.0,62352.8125,51.3,63828.78125,0,0.0,148.484375,deepseek-r1:7b,-1
2025-06-08T17:23:35.314373,4.938578,0.0,0.0,62352.8125,51.3,63828.78125,0,0.0,148.484375,deepseek-r1:7b,-1
2025-06-08T17:23:35.415644,5.039849,0.0,0.0,62352.8125,51.3,63828.78125,0,0.0,148.484375,deepseek-r1:7b,-1
2025-06-08T17:23:35.520979,5.145184,0.0,0.0,62352.8125,51.3,63828.78125,0,0.0,148.484375,deepseek-r1:7b,-1
2025-06-08T17:23:35.621840,5.246045,14.4,0.0,62302.78125,51.3,63878.84375,0,0.0,148.484375,deepseek-r1:7b,-1
2025-06-08T17:23:35.722406,5.346611,22.4,0.0,62302.78125,51.3,63878.84375,0,0.0,148.484375,deepseek-r1:7b,-1
2025-06-08T17:23:35.826032,5.450237,17.4,0.0,62302.78125,51.3,63878.84375,0,0.0,148.484375,deepseek-r1:7b,-1
2025-06-08T17:23:35.927520,5.551725,14.6,0.0,62302.78125,51.3,63878.84375,0,0.0,148.484375,deepseek-r1:7b,-1
2025-06-08T17:23:36.028772,5.652977,13.8,0.0,62302.78125,51.3,63878.84375,0,0.0,148.484375,deepseek-r1:7b,-1
2025-06-08T17:23:36.135085,5.75929,0.0,0.0,62302.78125,51.3,63878.84375,0,0.0,148.484375,deepseek-r1:7b,-1
2025-06-08T17:23:36.239074,5.863279,0.0,0.0,62302.78125,51.3,63878.84375,0,0.0,148.484375,deepseek-r1:7b,-1
2025-06-08T17:23:36.344089,5.968294,0.0,0.0,62302.78125,51.3,63878.84375,0,0.0,148.484375,deepseek-r1:7b,-1
2025-06-08T17:23:36.448560,6.072765,0.0,0.0,62302.78125,51.3,63878.84375,0,0.0,148.484375,deepseek-r1:7b,-1
2025-06-08T17:23:36.552848,6.177053,0.0,0.0,62302.78125,51.3,63878.84375,0,0.0,148.484375,deepseek-r1:7b,-1
2025-06-08T17:23:36.653504,6.277709,13.1,0.0,62304.984375,51.3,63869.125,0,0.0,148.484375,deepseek-r1:7b,-1
2025-06-08T17:23:36.755742,6.379947,11.0,0.0,62305.0625,51.3,63870.328125,0,0.0,148.484375,deepseek-r1:7b,-1
2025-06-08T17:23:36.860572,6.484777,10.2,0.0,62305.0625,51.3,63870.328125,0,0.0,148.484375,deepseek-r1:7b,-1
2025-06-08T17:23:36.964707,6.588912,13.6,0.0,62305.0625,51.3,63870.328125,0,0.0,148.484375,deepseek-r1:7b,-1
2025-06-08T17:23:37.069914,6.694119,20.5,0.0,62305.0625,51.3,63870.328125,0,0.0,148.484375,deepseek-r1:7b,-1
2025-06-08T17:23:37.170258,6.794463,44.2,0.0,62305.0625,51.3,63870.328125,0,0.0,148.484375,deepseek-r1:7b,-1
2025-06-08T17:23:37.275410,6.899615,0.0,0.0,62305.0625,51.3,63870.328125,0,0.0,148.484375,deepseek-r1:7b,-1
2025-06-08T17:23:37.380597,7.004802,0.0,0.0,62305.0625,51.3,63870.328125,0,0.0,148.484375,deepseek-r1:7b,-1
2025-06-08T17:23:37.482985,7.10719,0.0,0.0,62305.0625,51.3,63870.328125,0,0.0,148.484375,deepseek-r1:7b,-1
2025-06-08T17:23:37.588123,7.212328,0.0,0.0,62305.0625,51.3,63870.328125,0,0.0,148.484375,deepseek-r1:7b,-1
2025-06-08T17:23:37.692343,7.316548,13.7,0.0,62393.140625,51.3,63784.828125,0,0.0,148.484375,deepseek-r1:7b,-1
2025-06-08T17:23:37.792987,7.417192,16.0,0.0,62393.171875,51.3,63787.1875,0,0.0,148.484375,deepseek-r1:7b,-1
2025-06-08T17:23:37.896264,7.520469,12.6,0.0,62389.953125,51.3,63791.53125,0,0.0,148.484375,deepseek-r1:7b,-1
2025-06-08T17:23:38.002075,7.62628,0.0,0.0,62389.953125,51.3,63791.53125,0,0.0,148.484375,deepseek-r1:7b,-1
2025-06-08T17:23:38.104272,7.728477,0.0,0.0,62389.953125,51.3,63791.53125,0,0.0,148.484375,deepseek-r1:7b,-1
2025-06-08T17:23:38.208594,7.832799,0.0,0.0,62389.953125,51.3,63791.53125,0,0.0,148.484375,deepseek-r1:7b,-1
2025-06-08T17:23:38.312866,7.937071,0.0,0.0,62389.953125,51.3,63791.53125,0,0.0,148.484375,deepseek-r1:7b,-1
2025-06-08T17:23:38.418171,8.042376,0.0,0.0,62389.953125,51.3,63791.53125,0,0.0,148.484375,deepseek-r1:7b,-1
2025-06-08T17:23:38.521950,8.146155,0.0,0.0,62389.953125,51.3,63791.53125,0,0.0,148.484375,deepseek-r1:7b,-1
2025-06-08T17:23:38.626507,8.250712,0.0,0.0,62389.953125,51.3,63791.53125,0,0.0,148.484375,deepseek-r1:7b,-1
2025-06-08T17:23:38.731795,8.356,14.0,0.0,62347.890625,51.3,63828.453125,0,0.0,148.484375,deepseek-r1:7b,-1
2025-06-08T17:23:38.837187,8.461392,11.0,0.0,62347.890625,51.3,63828.453125,0,0.0,148.484375,deepseek-r1:7b,-1
2025-06-08T17:23:38.942226,8.566431,23.8,0.0,62347.890625,51.3,63828.453125,0,0.0,148.484375,deepseek-r1:7b,-1
2025-06-08T17:23:39.047486,8.671691,33.1,0.0,62347.890625,51.3,63828.453125,0,0.0,148.484375,deepseek-r1:7b,-1
2025-06-08T17:23:41.203740,0.046948,15.7,0.0,61740.40625,50.8,64442.515625,0,0.0,148.484375,deepseek-r1:7b,-1
2025-06-08T17:23:41.308922,0.15213,19.5,0.0,61740.40625,50.8,64442.515625,0,0.0,148.484375,deepseek-r1:7b,-1
2025-06-08T17:23:41.411047,0.254255,17.8,0.0,61740.40625,50.8,64442.515625,0,0.0,148.484375,deepseek-r1:7b,-1
2025-06-08T17:23:41.515699,0.358907,14.3,0.0,61740.40625,50.8,64442.515625,0,0.0,148.484375,deepseek-r1:7b,-1
2025-06-08T17:23:41.620894,0.464102,11.2,0.0,61740.40625,50.8,64442.515625,0,0.0,148.484375,deepseek-r1:7b,-1
2025-06-08T17:23:41.722638,0.565846,15.0,0.0,61740.40625,50.8,64442.515625,0,0.0,148.484375,deepseek-r1:7b,-1
2025-06-08T17:23:41.827389,0.670597,11.8,0.0,61740.40625,50.8,64442.515625,0,0.0,148.484375,deepseek-r1:7b,-1
2025-06-08T17:23:41.929824,0.773032,12.3,0.0,61740.40625,50.8,64442.515625,0,0.0,148.484375,deepseek-r1:7b,-1
2025-06-08T17:23:42.030633,0.873841,0.0,0.0,61740.40625,50.8,64442.515625,0,0.0,148.484375,deepseek-r1:7b,-1
2025-06-08T17:23:42.136039,0.979247,0.0,0.0,61740.40625,50.8,64442.515625,0,0.0,148.484375,deepseek-r1:7b,-1
2025-06-08T17:23:42.238577,1.081785,14.4,0.0,62440.34375,51.4,63736.109375,0,0.0,148.484375,deepseek-r1:7b,-1
2025-06-08T17:23:42.343822,1.18703,15.7,0.0,62442.96875,51.4,63732.265625,0,0.0,148.484375,deepseek-r1:7b,-1
2025-06-08T17:23:42.444346,1.287554,13.1,0.0,62442.46875,51.4,63736.65625,0,0.0,148.484375,deepseek-r1:7b,-1
2025-06-08T17:23:42.549709,1.392917,8.9,0.0,62442.4375,51.4,63737.0,0,0.0,148.484375,deepseek-r1:7b,-1
2025-06-08T17:23:42.654659,1.497867,13.0,0.0,62442.4375,51.4,63737.0,0,0.0,148.484375,deepseek-r1:7b,-1
2025-06-08T17:23:42.758706,1.601914,10.1,0.0,62442.4375,51.4,63737.0,0,0.0,148.484375,deepseek-r1:7b,-1
2025-06-08T17:23:42.863241,1.706449,14.1,0.0,62442.4375,51.4,63737.0,0,0.0,148.484375,deepseek-r1:7b,-1
2025-06-08T17:23:42.968581,1.811789,12.0,0.0,62442.4375,51.4,63737.0,0,0.0,148.484375,deepseek-r1:7b,-1
2025-06-08T17:23:43.072704,1.915912,0.0,0.0,62442.4375,51.4,63737.0,0,0.0,148.484375,deepseek-r1:7b,-1
2025-06-08T17:23:43.173392,2.0166,0.0,0.0,62442.4375,51.4,63737.0,0,0.0,148.484375,deepseek-r1:7b,-1
2025-06-08T17:23:43.278791,2.121999,11.8,0.0,62453.8125,51.4,63729.1875,0,0.0,148.484375,deepseek-r1:7b,-1
2025-06-08T17:23:43.383119,2.226327,13.9,0.0,62453.8125,51.4,63729.1875,0,0.0,148.484375,deepseek-r1:7b,-1
2025-06-08T17:23:43.485985,2.329193,11.4,0.0,62453.8125,51.4,63729.1875,0,0.0,148.484375,deepseek-r1:7b,-1
2025-06-08T17:23:43.591350,2.434558,10.7,0.0,62453.8125,51.4,63729.1875,0,0.0,148.484375,deepseek-r1:7b,-1
2025-06-08T17:23:43.696322,2.53953,11.5,0.0,62453.8125,51.4,63729.1875,0,0.0,148.484375,deepseek-r1:7b,-1
2025-06-08T17:23:43.801631,2.644839,11.8,0.0,62453.8125,51.4,63729.1875,0,0.0,148.484375,deepseek-r1:7b,-1
2025-06-08T17:23:43.904937,2.748145,0.0,0.0,62453.8125,51.4,63729.1875,0,0.0,148.484375,deepseek-r1:7b,-1
2025-06-08T17:23:44.009292,2.8525,0.0,0.0,62453.8125,51.4,63729.1875,0,0.0,148.484375,deepseek-r1:7b,-1
2025-06-08T17:23:44.112961,2.956169,0.0,0.0,62453.8125,51.4,63729.1875,0,0.0,148.484375,deepseek-r1:7b,-1
2025-06-08T17:23:44.218245,3.061453,0.0,0.0,62453.8125,51.4,63729.1875,0,0.0,148.484375,deepseek-r1:7b,-1
2025-06-08T17:23:44.319857,3.163065,11.7,0.0,62433.828125,51.4,63742.828125,0,0.0,148.484375,deepseek-r1:7b,-1
2025-06-08T17:23:44.421578,3.264786,13.4,0.0,62433.84375,51.4,63742.421875,0,0.0,148.484375,deepseek-r1:7b,-1
2025-06-08T17:23:44.526450,3.369658,10.2,0.0,62433.84375,51.4,63742.421875,0,0.0,148.484375,deepseek-r1:7b,-1
2025-06-08T17:23:44.627215,3.470423,11.6,0.0,62433.84375,51.4,63742.421875,0,0.0,148.484375,deepseek-r1:7b,-1
2025-06-08T17:23:44.730795,3.574003,13.3,0.0,62433.84375,51.4,63742.421875,0,0.0,148.484375,deepseek-r1:7b,-1
2025-06-08T17:23:44.834275,3.677483,9.9,0.0,62433.84375,51.4,63742.421875,0,0.0,148.484375,deepseek-r1:7b,-1
2025-06-08T17:23:44.938858,3.782066,14.5,0.0,62433.84375,51.4,63742.421875,0,0.0,148.484375,deepseek-r1:7b,-1
2025-06-08T17:23:45.044067,3.887275,0.0,0.0,62433.84375,51.4,63742.421875,0,0.0,148.484375,deepseek-r1:7b,-1
2025-06-08T17:23:45.144549,3.987757,0.0,0.0,62433.84375,51.4,63742.421875,0,0.0,148.484375,deepseek-r1:7b,-1
2025-06-08T17:23:45.249898,4.093106,0.0,0.0,62433.84375,51.4,63742.421875,0,0.0,148.484375,deepseek-r1:7b,-1
2025-06-08T17:23:45.355134,4.198342,12.3,0.0,62432.625,51.4,63746.484375,0,0.0,148.484375,deepseek-r1:7b,-1
2025-06-08T17:23:45.459998,4.303206,13.8,0.0,62433.0,51.4,63747.71875,0,0.0,148.484375,deepseek-r1:7b,-1
2025-06-08T17:23:45.562562,4.40577,11.7,0.0,62433.0,51.4,63747.71875,0,0.0,148.484375,deepseek-r1:7b,-1
2025-06-08T17:23:47.708709,0.039211,14.0,0.0,61903.65625,51.0,64277.65625,0,0.0,148.4375,deepseek-r1:7b,-1
2025-06-08T17:23:47.809619,0.140121,19.1,0.0,61431.078125,50.6,64742.671875,0,0.0,148.4375,deepseek-r1:7b,-1
2025-06-08T17:23:47.914874,0.245376,18.2,0.0,61975.78125,51.0,64201.21875,0,0.0,148.4375,deepseek-r1:7b,-1
2025-06-08T17:23:48.018642,0.349144,13.0,0.0,62408.125,51.3,63768.734375,0,0.0,148.4375,deepseek-r1:7b,-1
2025-06-08T17:23:48.123991,0.454493,0.0,0.0,62408.125,51.3,63768.734375,0,0.0,148.4375,deepseek-r1:7b,-1
2025-06-08T17:23:48.225018,0.55552,0.0,0.0,62408.125,51.3,63768.734375,0,0.0,148.4375,deepseek-r1:7b,-1
2025-06-08T17:23:48.326287,0.656789,0.0,0.0,62408.125,51.3,63768.734375,0,0.0,148.4375,deepseek-r1:7b,-1
2025-06-08T17:23:48.431178,0.76168,0.0,0.0,62408.125,51.3,63768.734375,0,0.0,148.4375,deepseek-r1:7b,-1
2025-06-08T17:23:48.532306,0.862808,0.0,0.0,62408.125,51.3,63768.734375,0,0.0,148.4375,deepseek-r1:7b,-1
2025-06-08T17:23:48.637688,0.96819,0.0,0.0,62408.125,51.3,63768.734375,0,0.0,148.4375,deepseek-r1:7b,-1
2025-06-08T17:23:48.743063,1.073565,12.9,0.0,62411.765625,51.4,63760.703125,0,0.0,148.4375,deepseek-r1:7b,-1
2025-06-08T17:23:48.848428,1.17893,10.1,0.0,62411.75,51.4,63759.71875,0,0.0,148.4375,deepseek-r1:7b,-1
2025-06-08T17:23:48.951171,1.281673,11.7,0.0,62411.671875,51.4,63764.25,0,0.0,148.4375,deepseek-r1:7b,-1
2025-06-08T17:23:49.056642,1.387144,24.9,0.0,62411.671875,51.4,63764.25,0,0.0,148.4375,deepseek-r1:7b,-1
2025-06-08T17:23:49.161795,1.492297,18.6,0.0,62411.671875,51.4,63764.25,0,0.0,148.4375,deepseek-r1:7b,-1
2025-06-08T17:23:49.263150,1.593652,10.8,0.0,62411.671875,51.4,63764.25,0,0.0,148.4375,deepseek-r1:7b,-1
2025-06-08T17:23:49.368271,1.698773,11.9,0.0,62411.671875,51.4,63764.25,0,0.0,148.4375,deepseek-r1:7b,-1
2025-06-08T17:23:49.473713,1.804215,13.2,0.0,62411.671875,51.4,63764.25,0,0.0,148.4375,deepseek-r1:7b,-1
2025-06-08T17:23:49.577717,1.908219,10.8,0.0,62411.671875,51.4,63764.25,0,0.0,148.4375,deepseek-r1:7b,-1
2025-06-08T17:23:49.679337,2.009839,0.0,0.0,62411.671875,51.4,63764.25,0,0.0,148.4375,deepseek-r1:7b,-1
2025-06-08T17:23:49.783463,2.113965,11.7,0.0,62411.46875,51.4,63759.15625,0,0.0,148.4375,deepseek-r1:7b,-1
2025-06-08T17:23:49.884623,2.215125,14.6,0.0,62411.671875,51.4,63761.84375,0,0.0,148.4375,deepseek-r1:7b,-1
2025-06-08T17:23:49.989810,2.320312,13.7,0.0,62411.671875,51.4,63761.84375,0,0.0,148.4375,deepseek-r1:7b,-1
2025-06-08T17:23:50.092899,2.423401,12.0,0.0,62411.671875,51.4,63761.84375,0,0.0,148.4375,deepseek-r1:7b,-1
2025-06-08T17:23:50.198324,2.528826,10.1,0.0,62411.671875,51.4,63761.84375,0,0.0,148.4375,deepseek-r1:7b,-1
2025-06-08T17:23:50.303644,2.634146,0.0,0.0,62411.671875,51.4,63761.84375,0,0.0,148.4375,deepseek-r1:7b,-1
2025-06-08T17:23:50.409040,2.739542,0.0,0.0,62411.671875,51.4,63761.84375,0,0.0,148.4375,deepseek-r1:7b,-1
2025-06-08T17:23:50.511338,2.84184,0.0,0.0,62411.671875,51.4,63761.84375,0,0.0,148.4375,deepseek-r1:7b,-1
2025-06-08T17:23:50.616595,2.947097,0.0,0.0,62411.671875,51.4,63761.84375,0,0.0,148.4375,deepseek-r1:7b,-1
2025-06-08T17:23:50.721927,3.052429,0.0,0.0,62411.671875,51.4,63761.84375,0,0.0,148.4375,deepseek-r1:7b,-1
2025-06-08T17:23:50.827096,3.157598,13.2,0.0,62414.25,51.4,63766.5,0,0.0,148.4375,deepseek-r1:7b,-1
2025-06-08T17:23:50.932292,3.262794,13.3,0.0,62414.78125,51.3,63767.015625,0,0.0,148.4375,deepseek-r1:7b,-1
2025-06-08T17:23:51.032759,3.363261,9.7,0.0,62414.78125,51.3,63767.015625,0,0.0,148.4375,deepseek-r1:7b,-1
2025-06-08T17:23:51.134531,3.465033,12.3,0.0,62414.78125,51.3,63767.015625,0,0.0,148.4375,deepseek-r1:7b,-1
2025-06-08T17:23:51.235232,3.565734,12.3,0.0,62414.78125,51.3,63767.015625,0,0.0,148.4375,deepseek-r1:7b,-1
2025-06-08T17:23:51.337790,3.668292,12.1,0.0,62414.78125,51.3,63767.015625,0,0.0,148.4375,deepseek-r1:7b,-1
2025-06-08T17:23:51.443121,3.773623,12.2,0.0,62414.78125,51.3,63767.015625,0,0.0,148.4375,deepseek-r1:7b,-1
2025-06-08T17:23:51.546435,3.876937,9.8,0.0,62414.78125,51.3,63767.015625,0,0.0,148.4375,deepseek-r1:7b,-1
2025-06-08T17:23:51.647433,3.977935,12.2,0.0,62414.78125,51.3,63767.015625,0,0.0,148.4375,deepseek-r1:7b,-1
2025-06-08T17:23:51.751432,4.081934,0.0,0.0,62414.78125,51.3,63767.015625,0,0.0,148.4375,deepseek-r1:7b,-1
2025-06-08T17:23:51.854930,4.185432,11.0,0.0,62414.84375,51.3,63766.546875,0,0.0,148.4375,deepseek-r1:7b,-1
2025-06-08T17:23:51.956458,4.28696,11.6,0.0,62414.859375,51.3,63767.0,0,0.0,148.4375,deepseek-r1:7b,-1
2025-06-08T17:23:52.059806,4.390308,10.2,0.0,62415.0,51.3,63767.21875,0,0.0,148.4375,deepseek-r1:7b,-1
2025-06-08T17:23:52.161319,4.491821,11.7,0.0,62415.0,51.3,63767.21875,0,0.0,148.4375,deepseek-r1:7b,-1
2025-06-08T17:23:52.265976,4.596478,10.9,0.0,62415.0,51.3,63767.21875,0,0.0,148.4375,deepseek-r1:7b,-1
2025-06-08T17:23:52.371373,4.701875,0.0,0.0,62415.0,51.3,63767.21875,0,0.0,148.4375,deepseek-r1:7b,-1
2025-06-08T17:23:52.475674,4.806176,0.0,0.0,62415.0,51.3,63767.21875,0,0.0,148.4375,deepseek-r1:7b,-1
2025-06-08T17:23:54.617620,0.031249,13.3,0.0,61693.125,50.8,64495.25,0,0.0,148.4375,deepseek-r1:7b,-1
2025-06-08T17:23:54.722758,0.136387,17.7,0.0,61434.59375,50.6,64745.765625,0,0.0,148.4375,deepseek-r1:7b,-1
2025-06-08T17:23:54.828009,0.241638,16.7,0.0,61434.59375,50.6,64745.765625,0,0.0,148.4375,deepseek-r1:7b,-1
2025-06-08T17:23:54.929568,0.343197,13.9,0.0,61434.59375,50.6,64745.765625,0,0.0,148.4375,deepseek-r1:7b,-1
2025-06-08T17:23:55.033842,0.447471,9.7,0.0,61434.59375,50.6,64745.765625,0,0.0,148.4375,deepseek-r1:7b,-1
2025-06-08T17:23:55.138182,0.551811,11.4,0.0,61434.59375,50.6,64745.765625,0,0.0,148.4375,deepseek-r1:7b,-1
2025-06-08T17:23:55.242862,0.656491,0.0,0.0,61434.59375,50.6,64745.765625,0,0.0,148.4375,deepseek-r1:7b,-1
2025-06-08T17:23:55.348256,0.761885,0.0,0.0,61434.59375,50.6,64745.765625,0,0.0,148.4375,deepseek-r1:7b,-1
2025-06-08T17:23:55.453695,0.867324,0.0,0.0,61434.59375,50.6,64745.765625,0,0.0,148.4375,deepseek-r1:7b,-1
2025-06-08T17:23:55.558523,0.972152,0.0,0.0,61434.59375,50.6,64745.765625,0,0.0,148.4375,deepseek-r1:7b,-1
2025-06-08T17:23:55.662449,1.076078,12.6,0.0,62407.484375,51.3,63775.9375,0,0.0,148.4375,deepseek-r1:7b,-1
2025-06-08T17:23:55.765520,1.179149,15.7,0.0,62407.515625,51.3,63773.0,0,0.0,148.4375,deepseek-r1:7b,-1
2025-06-08T17:23:55.870757,1.284386,10.6,0.0,62407.515625,51.3,63773.53125,0,0.0,148.4375,deepseek-r1:7b,-1
2025-06-08T17:23:55.975174,1.388803,0.0,0.0,62405.59375,51.3,63781.34375,0,0.0,148.4375,deepseek-r1:7b,-1
2025-06-08T17:23:56.080387,1.494016,0.0,0.0,62405.59375,51.3,63781.34375,0,0.0,148.4375,deepseek-r1:7b,-1
2025-06-08T17:23:56.182313,1.595942,0.0,0.0,62405.59375,51.3,63781.34375,0,0.0,148.4375,deepseek-r1:7b,-1
2025-06-08T17:23:56.282885,1.696514,0.0,0.0,62405.59375,51.3,63781.34375,0,0.0,148.4375,deepseek-r1:7b,-1
2025-06-08T17:23:56.383600,1.797229,0.0,0.0,62405.59375,51.3,63781.34375,0,0.0,148.4375,deepseek-r1:7b,-1
2025-06-08T17:23:56.484179,1.897808,0.0,0.0,62405.59375,51.3,63781.34375,0,0.0,148.4375,deepseek-r1:7b,-1
2025-06-08T17:23:56.587851,2.00148,0.0,0.0,62405.59375,51.3,63781.34375,0,0.0,148.4375,deepseek-r1:7b,-1
2025-06-08T17:23:56.693121,2.10675,13.3,0.0,62409.34375,51.3,63774.640625,0,0.0,148.4375,deepseek-r1:7b,-1
2025-06-08T17:23:56.798690,2.212319,11.4,0.0,62409.265625,51.3,63774.234375,0,0.0,148.4375,deepseek-r1:7b,-1
2025-06-08T17:23:56.899985,2.313614,0.0,0.0,62410.28125,51.3,63775.390625,0,0.0,148.4375,deepseek-r1:7b,-1
2025-06-08T17:23:57.005176,2.418805,0.0,0.0,62410.28125,51.3,63775.390625,0,0.0,148.4375,deepseek-r1:7b,-1
2025-06-08T17:23:57.109455,2.523084,0.0,0.0,62410.28125,51.3,63775.390625,0,0.0,148.4375,deepseek-r1:7b,-1
2025-06-08T17:23:57.214861,2.62849,0.0,0.0,62410.28125,51.3,63775.390625,0,0.0,148.4375,deepseek-r1:7b,-1
2025-06-08T17:23:57.316329,2.729958,0.0,0.0,62410.28125,51.3,63775.390625,0,0.0,148.4375,deepseek-r1:7b,-1
2025-06-08T17:23:57.421534,2.835163,0.0,0.0,62410.28125,51.3,63775.390625,0,0.0,148.4375,deepseek-r1:7b,-1
2025-06-08T17:23:57.523133,2.936762,0.0,0.0,62410.28125,51.3,63775.390625,0,0.0,148.4375,deepseek-r1:7b,-1
2025-06-08T17:23:57.625419,3.039048,0.0,0.0,62410.28125,51.3,63775.390625,0,0.0,148.4375,deepseek-r1:7b,-1
2025-06-08T17:23:57.726370,3.139999,13.0,0.0,62418.171875,51.4,63762.453125,0,0.0,148.4375,deepseek-r1:7b,-1
2025-06-08T17:23:57.831649,3.245278,11.2,0.0,62418.65625,51.4,63765.34375,0,0.0,148.4375,deepseek-r1:7b,-1
2025-06-08T17:23:57.933658,3.347287,16.5,0.0,62418.640625,51.4,63760.4375,0,0.0,148.4375,deepseek-r1:7b,-1
2025-06-08T17:23:58.035086,3.448715,0.0,0.0,62415.09375,51.4,63764.296875,0,0.0,148.4375,deepseek-r1:7b,-1
2025-06-08T17:23:58.138115,3.551744,0.0,0.0,62415.09375,51.4,63764.296875,0,0.0,148.4375,deepseek-r1:7b,-1
2025-06-08T17:23:58.241758,3.655387,0.0,0.0,62415.09375,51.4,63764.296875,0,0.0,148.4375,deepseek-r1:7b,-1
2025-06-08T17:23:58.346981,3.76061,0.0,0.0,62415.09375,51.4,63764.296875,0,0.0,148.4375,deepseek-r1:7b,-1
2025-06-08T17:23:58.450090,3.863719,0.0,0.0,62415.09375,51.4,63764.296875,0,0.0,148.4375,deepseek-r1:7b,-1
2025-06-08T17:23:58.555382,3.969011,0.0,0.0,62415.09375,51.4,63764.296875,0,0.0,148.4375,deepseek-r1:7b,-1
2025-06-08T17:23:58.660111,4.07374,0.0,0.0,62415.09375,51.4,63764.296875,0,0.0,148.4375,deepseek-r1:7b,-1
2025-06-08T17:23:58.764581,4.17821,13.5,0.0,62429.703125,51.4,63753.28125,0,0.0,148.4375,deepseek-r1:7b,-1
2025-06-08T17:23:58.869811,4.28344,11.8,0.0,62429.078125,51.4,63754.390625,0,0.0,148.4375,deepseek-r1:7b,-1
2025-06-08T17:23:58.971077,4.384706,10.6,0.0,62429.078125,51.4,63754.390625,0,0.0,148.4375,deepseek-r1:7b,-1
2025-06-08T17:23:59.072018,4.485647,16.6,0.0,62429.078125,51.4,63754.390625,0,0.0,148.4375,deepseek-r1:7b,-1
2025-06-08T17:23:59.177320,4.590949,10.7,0.0,62429.078125,51.4,63754.390625,0,0.0,148.4375,deepseek-r1:7b,-1
2025-06-08T17:23:59.282679,4.696308,13.8,0.0,62429.078125,51.4,63754.390625,0,0.0,148.4375,deepseek-r1:7b,-1
2025-06-08T17:23:59.387886,4.801515,11.2,0.0,62429.078125,51.4,63754.390625,0,0.0,148.4375,deepseek-r1:7b,-1
2025-06-08T17:23:59.491772,4.905401,13.9,0.0,62429.078125,51.4,63754.390625,0,0.0,148.4375,deepseek-r1:7b,-1
2025-06-08T17:23:59.597185,5.010814,10.7,0.0,62429.078125,51.4,63754.390625,0,0.0,148.4375,deepseek-r1:7b,-1
2025-06-08T17:23:59.702170,5.115799,0.0,0.0,62429.078125,51.4,63754.390625,0,0.0,148.4375,deepseek-r1:7b,-1
2025-06-08T17:23:59.807553,5.221182,13.1,0.0,62412.578125,51.3,63776.5625,0,0.0,148.4375,deepseek-r1:7b,-1
2025-06-08T17:23:59.911755,5.325384,11.9,0.0,62412.609375,51.3,63776.890625,0,0.0,148.4375,deepseek-r1:7b,-1
2025-06-08T17:24:00.017102,5.430731,12.5,0.0,62412.609375,51.3,63776.890625,0,0.0,148.4375,deepseek-r1:7b,-1
2025-06-08T17:24:00.122395,5.536024,10.3,0.0,62412.609375,51.3,63776.890625,0,0.0,148.4375,deepseek-r1:7b,-1
2025-06-08T17:24:00.225629,5.639258,11.9,0.0,62412.609375,51.3,63776.890625,0,0.0,148.4375,deepseek-r1:7b,-1
2025-06-08T17:24:00.330978,5.744607,11.8,0.0,62412.609375,51.3,63776.890625,0,0.0,148.4375,deepseek-r1:7b,-1
2025-06-08T17:24:00.435834,5.849463,12.2,0.0,62412.609375,51.3,63776.890625,0,0.0,148.4375,deepseek-r1:7b,-1
2025-06-08T17:24:00.537747,5.951376,10.4,0.0,62412.609375,51.3,63776.890625,0,0.0,148.4375,deepseek-r1:7b,-1
2025-06-08T17:24:00.642897,6.056526,10.3,0.0,62412.609375,51.3,63776.890625,0,0.0,148.4375,deepseek-r1:7b,-1
2025-06-08T17:24:00.746667,6.160296,0.0,0.0,62412.609375,51.3,63776.890625,0,0.0,148.4375,deepseek-r1:7b,-1
2025-06-08T17:24:00.850224,6.263853,13.1,0.0,62419.71875,51.3,63767.28125,0,0.0,148.4375,deepseek-r1:7b,-1
2025-06-08T17:24:00.955530,6.369159,10.4,0.0,62419.703125,51.3,63767.671875,0,0.0,148.4375,deepseek-r1:7b,-1
2025-06-08T17:24:01.059692,6.473321,0.0,0.0,62419.703125,51.3,63767.671875,0,0.0,148.4375,deepseek-r1:7b,-1
2025-06-08T17:24:01.165933,6.579562,0.0,0.0,62419.703125,51.3,63767.671875,0,0.0,148.4375,deepseek-r1:7b,-1
2025-06-08T17:24:01.271285,6.684914,0.0,0.0,62419.703125,51.3,63767.671875,0,0.0,148.4375,deepseek-r1:7b,-1
2025-06-08T17:24:01.373770,6.787399,0.0,0.0,62419.703125,51.3,63767.671875,0,0.0,148.4375,deepseek-r1:7b,-1
2025-06-08T17:24:01.479183,6.892812,0.0,0.0,62419.703125,51.3,63767.671875,0,0.0,148.4375,deepseek-r1:7b,-1
2025-06-08T17:24:01.583411,6.99704,0.0,0.0,62419.703125,51.3,63767.671875,0,0.0,148.4375,deepseek-r1:7b,-1
2025-06-08T17:24:01.685554,7.099183,0.0,0.0,62419.703125,51.3,63767.671875,0,0.0,148.4375,deepseek-r1:7b,-1
2025-06-08T17:24:01.788015,7.201644,0.0,0.0,62419.703125,51.3,63767.671875,0,0.0,148.4375,deepseek-r1:7b,-1
