timestamp,elapsed_time,cpu_percent,gpu_percent,memory_mb,memory_percent,memory_available_mb,gpu_freq_mhz,ollama_cpu_percent,ollama_memory_mb,model,prompt_id
2025-06-08T16:52:16.075334,0.024388,0.0,0.0,60687.78125,50.1,65465.84375,0,0.0,147.796875,deepseek-r1:7b,-1
2025-06-08T16:52:16.175601,0.124655,0.0,0.0,61229.84375,50.5,64928.234375,0,0.0,147.796875,deepseek-r1:7b,-1
2025-06-08T16:52:16.280863,0.229917,0.0,0.0,61729.71875,50.8,64422.171875,0,0.0,147.796875,deepseek-r1:7b,-1
2025-06-08T16:52:16.386273,0.335327,0.0,0.0,61736.21875,50.8,64422.171875,0,0.0,147.796875,deepseek-r1:7b,-1
2025-06-08T16:52:16.488694,0.437748,0.0,0.0,61736.21875,50.8,64422.171875,0,0.0,147.796875,deepseek-r1:7b,-1
2025-06-08T16:52:16.594114,0.543168,0.0,0.0,61736.21875,50.8,64422.171875,0,0.0,147.796875,deepseek-r1:7b,-1
2025-06-08T16:52:16.697697,0.646751,0.0,0.0,61736.21875,50.8,64422.171875,0,0.0,147.796875,deepseek-r1:7b,-1
2025-06-08T16:52:16.803011,0.752065,0.0,0.0,61736.21875,50.8,64422.171875,0,0.0,147.796875,deepseek-r1:7b,-1
2025-06-08T16:52:16.907912,0.856966,0.0,0.0,61736.21875,50.8,64422.171875,0,0.0,147.796875,deepseek-r1:7b,-1
2025-06-08T16:52:17.012211,0.961265,0.0,0.0,61736.21875,50.8,64422.171875,0,0.0,147.796875,deepseek-r1:7b,-1
2025-06-08T16:52:17.113596,1.06265,14.4,0.0,61824.5625,50.9,64325.40625,0,0.0,147.796875,deepseek-r1:7b,-1
2025-06-08T16:52:17.216480,1.165534,16.3,0.0,61829.609375,50.9,64323.9375,0,0.0,147.796875,deepseek-r1:7b,-1
2025-06-08T16:52:17.316882,1.265936,13.9,0.0,61829.609375,50.9,64323.9375,0,0.0,147.796875,deepseek-r1:7b,-1
2025-06-08T16:52:17.419249,1.368303,11.7,0.0,61829.609375,50.9,64323.9375,0,0.0,147.796875,deepseek-r1:7b,-1
2025-06-08T16:52:17.524122,1.473176,22.8,0.0,61829.609375,50.9,64323.9375,0,0.0,147.796875,deepseek-r1:7b,-1
2025-06-08T16:52:17.629424,1.578478,18.6,0.0,61829.609375,50.9,64323.9375,0,0.0,147.796875,deepseek-r1:7b,-1
2025-06-08T16:52:17.734700,1.683754,22.0,0.0,61829.609375,50.9,64323.9375,0,0.0,147.796875,deepseek-r1:7b,-1
2025-06-08T16:52:17.839904,1.788958,0.0,0.0,61829.609375,50.9,64323.9375,0,0.0,147.796875,deepseek-r1:7b,-1
2025-06-08T16:52:17.945131,1.894185,0.0,0.0,61829.609375,50.9,64323.9375,0,0.0,147.796875,deepseek-r1:7b,-1
2025-06-08T16:52:18.050497,1.999551,0.0,0.0,61829.609375,50.9,64323.9375,0,0.0,147.796875,deepseek-r1:7b,-1
2025-06-08T16:52:18.155801,2.104855,14.1,0.0,61899.8125,51.0,64256.265625,0,0.0,147.796875,deepseek-r1:7b,-1
2025-06-08T16:52:18.258461,2.207515,14.3,0.0,61899.703125,51.0,64258.359375,0,0.0,147.796875,deepseek-r1:7b,-1
2025-06-08T16:52:20.406445,0.040423,14.4,0.0,61089.4375,50.4,65071.375,0,0.0,147.828125,deepseek-r1:7b,-1
2025-06-08T16:52:20.511642,0.14562,20.0,0.0,61245.625,50.5,64902.484375,0,0.0,147.828125,deepseek-r1:7b,-1
2025-06-08T16:52:20.615599,0.249577,16.0,0.0,61850.765625,50.9,64308.59375,0,0.0,147.828125,deepseek-r1:7b,-1
2025-06-08T16:52:20.720940,0.354918,12.4,0.0,61848.578125,50.9,64308.921875,0,0.0,147.828125,deepseek-r1:7b,-1
2025-06-08T16:52:20.824675,0.458653,12.8,0.0,61848.578125,50.9,64308.921875,0,0.0,147.828125,deepseek-r1:7b,-1
2025-06-08T16:52:20.925476,0.559454,0.0,0.0,61848.578125,50.9,64308.921875,0,0.0,147.828125,deepseek-r1:7b,-1
2025-06-08T16:52:21.026271,0.660249,0.0,0.0,61848.578125,50.9,64308.921875,0,0.0,147.828125,deepseek-r1:7b,-1
2025-06-08T16:52:21.131532,0.76551,0.0,0.0,61848.578125,50.9,64308.921875,0,0.0,147.828125,deepseek-r1:7b,-1
2025-06-08T16:52:21.235947,0.869925,0.0,0.0,61848.578125,50.9,64308.921875,0,0.0,147.828125,deepseek-r1:7b,-1
2025-06-08T16:52:21.337624,0.971602,0.0,0.0,61848.578125,50.9,64308.921875,0,0.0,147.828125,deepseek-r1:7b,-1
2025-06-08T16:52:21.441312,1.07529,12.4,0.0,61848.546875,50.9,64301.375,0,0.0,147.828125,deepseek-r1:7b,-1
2025-06-08T16:52:21.546625,1.180603,13.4,0.0,61848.578125,50.9,64303.828125,0,0.0,147.828125,deepseek-r1:7b,-1
2025-06-08T16:52:21.647580,1.281558,12.8,0.0,61848.671875,50.9,64297.578125,0,0.0,147.828125,deepseek-r1:7b,-1
2025-06-08T16:52:21.749683,1.383661,0.0,0.0,61848.671875,50.9,64297.578125,0,0.0,147.828125,deepseek-r1:7b,-1
2025-06-08T16:52:21.855060,1.489038,0.0,0.0,61848.671875,50.9,64297.578125,0,0.0,147.828125,deepseek-r1:7b,-1
2025-06-08T16:52:21.956970,1.590948,0.0,0.0,61848.671875,50.9,64297.578125,0,0.0,147.828125,deepseek-r1:7b,-1
2025-06-08T16:52:22.062133,1.696111,0.0,0.0,61848.671875,50.9,64297.578125,0,0.0,147.828125,deepseek-r1:7b,-1
2025-06-08T16:52:22.166080,1.800058,0.0,0.0,61848.671875,50.9,64297.578125,0,0.0,147.828125,deepseek-r1:7b,-1
2025-06-08T16:52:22.270946,1.904924,0.0,0.0,61848.671875,50.9,64297.578125,0,0.0,147.828125,deepseek-r1:7b,-1
2025-06-08T16:52:22.372517,2.006495,0.0,0.0,61848.671875,50.9,64297.578125,0,0.0,147.828125,deepseek-r1:7b,-1
2025-06-08T16:52:22.474653,2.108631,12.2,0.0,61728.765625,50.8,64424.28125,0,0.0,147.828125,deepseek-r1:7b,-1
2025-06-08T16:52:22.580034,2.214012,11.4,0.0,61729.359375,50.8,64426.484375,0,0.0,147.828125,deepseek-r1:7b,-1
2025-06-08T16:52:24.734446,0.045062,0.0,0.0,61027.25,50.3,65124.171875,0,0.0,147.828125,deepseek-r1:7b,-1
2025-06-08T16:52:24.835491,0.146107,35.0,0.0,61027.25,50.3,65124.171875,0,0.0,147.828125,deepseek-r1:7b,-1
2025-06-08T16:52:24.940771,0.251387,0.0,0.0,61027.25,50.3,65124.171875,0,0.0,147.828125,deepseek-r1:7b,-1
2025-06-08T16:52:25.041709,0.352325,0.0,0.0,61027.25,50.3,65124.171875,0,0.0,147.828125,deepseek-r1:7b,-1
2025-06-08T16:52:25.145778,0.456394,0.0,0.0,61027.25,50.3,65124.171875,0,0.0,147.828125,deepseek-r1:7b,-1
2025-06-08T16:52:25.250948,0.561564,0.0,0.0,61027.25,50.3,65124.171875,0,0.0,147.828125,deepseek-r1:7b,-1
2025-06-08T16:52:25.356208,0.666824,0.0,0.0,61027.25,50.3,65124.171875,0,0.0,147.828125,deepseek-r1:7b,-1
2025-06-08T16:52:25.460997,0.771613,0.0,0.0,61027.25,50.3,65124.171875,0,0.0,147.828125,deepseek-r1:7b,-1
2025-06-08T16:52:25.566281,0.876897,0.0,0.0,61027.25,50.3,65124.171875,0,0.0,147.828125,deepseek-r1:7b,-1
2025-06-08T16:52:25.677092,0.987708,0.0,0.0,61027.25,50.3,65124.171875,0,0.2,147.84375,deepseek-r1:7b,-1
2025-06-08T16:52:25.782339,1.092955,18.8,0.0,61846.28125,50.9,64309.984375,0,0.0,147.84375,deepseek-r1:7b,-1
2025-06-08T16:52:25.887105,1.197721,12.9,0.0,61846.265625,50.9,64308.015625,0,0.0,147.84375,deepseek-r1:7b,-1
2025-06-08T16:52:25.991738,1.302354,14.5,0.0,61839.109375,50.9,64308.65625,0,0.0,147.84375,deepseek-r1:7b,-1
2025-06-08T16:52:26.096667,1.407283,12.7,0.0,61839.109375,50.9,64308.65625,0,0.0,147.84375,deepseek-r1:7b,-1
2025-06-08T16:52:26.201772,1.512388,23.4,0.0,61839.109375,50.9,64308.65625,0,0.0,147.84375,deepseek-r1:7b,-1
2025-06-08T16:52:26.307202,1.617818,15.8,0.0,61839.109375,50.9,64308.65625,0,0.0,147.84375,deepseek-r1:7b,-1
2025-06-08T16:52:26.410035,1.720651,14.3,0.0,61839.109375,50.9,64308.65625,0,0.0,147.84375,deepseek-r1:7b,-1
2025-06-08T16:52:26.514901,1.825517,11.7,0.0,61839.109375,50.9,64308.65625,0,0.0,147.84375,deepseek-r1:7b,-1
2025-06-08T16:52:26.620043,1.930659,0.0,0.0,61839.109375,50.9,64308.65625,0,0.0,147.84375,deepseek-r1:7b,-1
2025-06-08T16:52:26.725053,2.035669,0.0,0.0,61839.109375,50.9,64308.65625,0,0.0,147.84375,deepseek-r1:7b,-1
2025-06-08T16:52:26.830073,2.140689,12.8,0.0,61843.390625,50.9,64306.8125,0,0.0,147.84375,deepseek-r1:7b,-1
2025-06-08T16:52:26.935314,2.24593,13.9,0.0,61843.390625,50.9,64306.8125,0,0.0,147.84375,deepseek-r1:7b,-1
2025-06-08T16:52:29.064470,0.020119,13.9,0.0,61012.8125,50.3,65141.359375,0,0.0,147.84375,deepseek-r1:7b,-1
2025-06-08T16:52:29.166710,0.122359,22.6,0.0,60856.640625,50.2,65297.578125,0,0.0,147.84375,deepseek-r1:7b,-1
2025-06-08T16:52:29.271649,0.227298,27.3,0.0,60856.640625,50.2,65297.578125,0,0.0,147.84375,deepseek-r1:7b,-1
2025-06-08T16:52:29.377002,0.332651,16.3,0.0,60856.640625,50.2,65297.578125,0,0.0,147.84375,deepseek-r1:7b,-1
2025-06-08T16:52:29.478491,0.43414,18.3,0.0,60856.640625,50.2,65297.578125,0,0.0,147.84375,deepseek-r1:7b,-1
2025-06-08T16:52:29.583791,0.53944,17.9,0.0,60856.640625,50.2,65297.578125,0,0.0,147.84375,deepseek-r1:7b,-1
2025-06-08T16:52:29.689046,0.644695,19.0,0.0,60856.640625,50.2,65297.578125,0,0.0,147.84375,deepseek-r1:7b,-1
2025-06-08T16:52:29.791381,0.74703,17.4,0.0,60856.640625,50.2,65297.578125,0,0.0,147.84375,deepseek-r1:7b,-1
2025-06-08T16:52:29.896360,0.852009,0.0,0.0,60856.640625,50.2,65297.578125,0,0.0,147.84375,deepseek-r1:7b,-1
2025-06-08T16:52:30.001672,0.957321,0.0,0.0,60856.640625,50.2,65297.578125,0,0.0,147.84375,deepseek-r1:7b,-1
2025-06-08T16:52:30.106960,1.062609,17.7,0.0,61737.828125,50.9,64418.90625,0,0.0,147.84375,deepseek-r1:7b,-1
2025-06-08T16:52:30.207457,1.163106,21.5,0.0,61737.84375,50.9,64417.6875,0,0.0,147.84375,deepseek-r1:7b,-1
2025-06-08T16:52:30.312874,1.268523,17.9,0.0,61737.90625,50.9,64417.890625,0,0.0,147.84375,deepseek-r1:7b,-1
2025-06-08T16:52:30.418146,1.373795,0.0,0.0,61736.6875,50.9,64411.109375,0,0.0,147.84375,deepseek-r1:7b,-1
2025-06-08T16:52:30.523433,1.479082,0.0,0.0,61736.6875,50.9,64411.109375,0,0.0,147.84375,deepseek-r1:7b,-1
2025-06-08T16:52:30.624973,1.580622,0.0,0.0,61736.6875,50.9,64411.109375,0,0.0,147.84375,deepseek-r1:7b,-1
2025-06-08T16:52:30.729940,1.685589,0.0,0.0,61736.6875,50.9,64411.109375,0,0.0,147.84375,deepseek-r1:7b,-1
2025-06-08T16:52:30.835318,1.790967,0.0,0.0,61736.6875,50.9,64411.109375,0,0.0,147.84375,deepseek-r1:7b,-1
2025-06-08T16:52:30.936087,1.891736,0.0,0.0,61736.6875,50.9,64411.109375,0,0.0,147.84375,deepseek-r1:7b,-1
2025-06-08T16:52:31.041209,1.996858,0.0,0.0,61736.6875,50.9,64411.109375,0,0.0,147.796875,deepseek-r1:7b,-1
2025-06-08T16:52:31.146488,2.102137,18.4,0.0,61733.890625,50.8,64425.4375,0,0.0,147.796875,deepseek-r1:7b,-1
2025-06-08T16:52:31.251864,2.207513,19.0,0.0,61735.921875,50.9,64414.921875,0,0.0,147.796875,deepseek-r1:7b,-1
2025-06-08T16:52:33.387444,0.028202,16.5,0.0,60623.046875,50.0,65534.078125,0,0.0,147.796875,deepseek-r1:7b,-1
2025-06-08T16:52:33.491153,0.131911,25.2,0.0,61283.296875,50.5,64871.578125,0,0.0,147.796875,deepseek-r1:7b,-1
2025-06-08T16:52:33.594121,0.234879,24.7,0.0,61731.890625,50.8,64423.375,0,0.0,147.796875,deepseek-r1:7b,-1
2025-06-08T16:52:33.699473,0.340231,17.5,0.0,61731.890625,50.8,64423.375,0,0.0,147.796875,deepseek-r1:7b,-1
2025-06-08T16:52:33.804822,0.44558,21.6,0.0,61731.890625,50.8,64423.375,0,0.0,147.796875,deepseek-r1:7b,-1
2025-06-08T16:52:33.910201,0.550959,20.1,0.0,61731.890625,50.8,64423.375,0,0.0,147.796875,deepseek-r1:7b,-1
2025-06-08T16:52:34.015565,0.656323,19.3,0.0,61731.890625,50.8,64423.375,0,0.0,147.796875,deepseek-r1:7b,-1
2025-06-08T16:52:34.120839,0.761597,0.0,0.0,61731.890625,50.8,64423.375,0,0.0,147.796875,deepseek-r1:7b,-1
2025-06-08T16:52:34.222581,0.863339,0.0,0.0,61731.890625,50.8,64423.375,0,0.0,147.796875,deepseek-r1:7b,-1
2025-06-08T16:52:34.325204,0.965962,0.0,0.0,61731.890625,50.8,64423.375,0,0.0,147.796875,deepseek-r1:7b,-1
2025-06-08T16:52:34.430569,1.071327,15.1,0.0,61760.734375,50.9,64396.234375,0,0.0,147.796875,deepseek-r1:7b,-1
2025-06-08T16:52:34.532829,1.173587,19.4,0.0,61759.453125,50.9,64397.453125,0,0.0,147.796875,deepseek-r1:7b,-1
2025-06-08T16:52:34.638110,1.278868,14.0,0.0,61759.453125,50.9,64397.453125,0,0.0,147.796875,deepseek-r1:7b,-1
2025-06-08T16:52:34.743443,1.384201,11.6,0.0,61759.453125,50.9,64397.453125,0,0.0,147.796875,deepseek-r1:7b,-1
2025-06-08T16:52:34.845795,1.486553,11.7,0.0,61759.453125,50.9,64397.453125,0,0.0,147.796875,deepseek-r1:7b,-1
2025-06-08T16:52:34.950418,1.591176,16.7,0.0,61759.453125,50.9,64397.453125,0,0.0,147.796875,deepseek-r1:7b,-1
2025-06-08T16:52:35.055719,1.696477,21.9,0.0,61759.453125,50.9,64397.453125,0,0.0,147.796875,deepseek-r1:7b,-1
2025-06-08T16:52:35.161123,1.801881,16.1,0.0,61759.453125,50.9,64397.453125,0,0.0,147.796875,deepseek-r1:7b,-1
2025-06-08T16:52:35.266451,1.907209,15.9,0.0,61759.453125,50.9,64397.453125,0,0.0,147.796875,deepseek-r1:7b,-1
2025-06-08T16:52:35.366868,2.007626,0.0,0.0,61759.453125,50.9,64397.453125,0,0.0,147.796875,deepseek-r1:7b,-1
2025-06-08T16:52:35.467841,2.108599,15.8,0.0,61761.59375,50.9,64392.90625,0,0.0,147.796875,deepseek-r1:7b,-1
2025-06-08T16:52:37.618223,0.044031,13.4,0.0,60966.640625,50.3,65189.453125,0,0.0,147.8125,deepseek-r1:7b,-1
2025-06-08T16:52:37.723442,0.14925,17.9,0.0,60966.640625,50.3,65189.453125,0,0.0,147.8125,deepseek-r1:7b,-1
2025-06-08T16:52:37.828272,0.25408,17.4,0.0,60966.640625,50.3,65189.453125,0,0.0,147.8125,deepseek-r1:7b,-1
2025-06-08T16:52:37.933604,0.359412,12.3,0.0,60966.640625,50.3,65189.453125,0,0.0,147.8125,deepseek-r1:7b,-1
2025-06-08T16:52:38.036946,0.462754,12.9,0.0,60966.640625,50.3,65189.453125,0,0.0,147.8125,deepseek-r1:7b,-1
2025-06-08T16:52:38.142218,0.568026,0.0,0.0,60966.640625,50.3,65189.453125,0,0.7,147.8125,deepseek-r1:7b,-1
2025-06-08T16:52:38.245436,0.671244,0.0,0.0,60966.640625,50.3,65189.453125,0,0.0,147.8125,deepseek-r1:7b,-1
2025-06-08T16:52:38.350772,0.77658,0.0,0.0,60966.640625,50.3,65189.453125,0,0.0,147.8125,deepseek-r1:7b,-1
2025-06-08T16:52:38.453691,0.879499,0.0,0.0,60966.640625,50.3,65189.453125,0,0.0,147.8125,deepseek-r1:7b,-1
2025-06-08T16:52:38.555086,0.980894,0.0,0.0,60966.640625,50.3,65189.453125,0,0.0,147.8125,deepseek-r1:7b,-1
2025-06-08T16:52:38.660494,1.086302,13.4,0.0,61743.609375,50.9,64418.125,0,0.0,147.8125,deepseek-r1:7b,-1
2025-06-08T16:52:38.762889,1.188697,12.8,0.0,61743.671875,50.9,64412.125,0,0.0,147.8125,deepseek-r1:7b,-1
2025-06-08T16:52:38.868249,1.294057,12.8,0.0,61743.671875,50.9,64405.5625,0,0.0,147.8125,deepseek-r1:7b,-1
2025-06-08T16:52:38.973643,1.399451,31.3,0.0,61743.609375,50.9,64407.625,0,0.0,147.8125,deepseek-r1:7b,-1
2025-06-08T16:52:39.076206,1.502014,30.7,0.0,61743.609375,50.9,64407.625,0,0.0,147.8125,deepseek-r1:7b,-1
2025-06-08T16:52:39.181371,1.607179,12.3,0.0,61743.609375,50.9,64407.625,0,0.0,147.8125,deepseek-r1:7b,-1
2025-06-08T16:52:39.284949,1.710757,0.0,0.0,61743.609375,50.9,64407.625,0,0.0,147.8125,deepseek-r1:7b,-1
2025-06-08T16:52:39.390279,1.816087,0.0,0.0,61743.609375,50.9,64407.625,0,0.0,147.8125,deepseek-r1:7b,-1
2025-06-08T16:52:39.495636,1.921444,0.0,0.0,61743.609375,50.9,64407.625,0,0.0,147.8125,deepseek-r1:7b,-1
2025-06-08T16:52:39.597437,2.023245,0.0,0.0,61743.609375,50.9,64407.625,0,0.0,147.8125,deepseek-r1:7b,-1
2025-06-08T16:52:39.701647,2.127455,12.3,0.0,61743.265625,50.9,64407.3125,0,0.0,147.8125,deepseek-r1:7b,-1
2025-06-08T16:52:39.803069,2.228877,11.7,0.0,61743.875,50.9,64408.765625,0,0.0,147.8125,deepseek-r1:7b,-1
2025-06-08T16:52:41.950371,0.044003,13.1,0.0,60976.765625,50.3,65182.921875,0,0.0,147.8125,deepseek-r1:7b,-1
2025-06-08T16:52:42.055611,0.149243,19.3,0.0,60976.765625,50.3,65182.921875,0,0.0,147.8125,deepseek-r1:7b,-1
2025-06-08T16:52:42.156185,0.249817,18.1,0.0,60976.765625,50.3,65182.921875,0,0.0,147.8125,deepseek-r1:7b,-1
2025-06-08T16:52:42.261439,0.355071,12.7,0.0,60976.765625,50.3,65182.921875,0,0.0,147.8125,deepseek-r1:7b,-1
2025-06-08T16:52:42.366708,0.46034,12.3,0.0,60976.765625,50.3,65182.921875,0,0.0,147.8125,deepseek-r1:7b,-1
2025-06-08T16:52:42.471513,0.565145,11.0,0.0,60976.765625,50.3,65182.921875,0,0.0,147.8125,deepseek-r1:7b,-1
2025-06-08T16:52:42.573353,0.666985,13.5,0.0,60976.765625,50.3,65182.921875,0,0.0,147.8125,deepseek-r1:7b,-1
2025-06-08T16:52:42.678793,0.772425,13.5,0.0,60976.765625,50.3,65182.921875,0,0.0,147.8125,deepseek-r1:7b,-1
2025-06-08T16:52:42.783495,0.877127,12.0,0.0,60976.765625,50.3,65182.921875,0,0.0,147.8125,deepseek-r1:7b,-1
2025-06-08T16:52:42.888894,0.982526,10.2,0.0,60976.765625,50.3,65182.921875,0,0.0,147.8125,deepseek-r1:7b,-1
2025-06-08T16:52:42.994247,1.087879,12.4,0.0,61744.5,50.9,64412.453125,0,0.0,147.8125,deepseek-r1:7b,-1
2025-06-08T16:52:43.099666,1.193298,12.9,0.0,61744.828125,50.9,64413.90625,0,0.0,147.8125,deepseek-r1:7b,-1
2025-06-08T16:52:43.205004,1.298636,13.2,0.0,61744.6875,50.9,64408.265625,0,0.0,147.8125,deepseek-r1:7b,-1
2025-06-08T16:52:43.309338,1.40297,12.0,0.0,61744.71875,50.9,64409.734375,0,0.0,147.8125,deepseek-r1:7b,-1
2025-06-08T16:52:43.412469,1.506101,14.8,0.0,61744.71875,50.9,64409.734375,0,0.0,147.8125,deepseek-r1:7b,-1
2025-06-08T16:52:43.517256,1.610888,18.6,0.0,61744.71875,50.9,64409.734375,0,0.0,147.8125,deepseek-r1:7b,-1
2025-06-08T16:52:43.618122,1.711754,17.0,0.0,61744.71875,50.9,64409.734375,0,0.0,147.8125,deepseek-r1:7b,-1
2025-06-08T16:52:43.723394,1.817026,0.0,0.0,61744.71875,50.9,64409.734375,0,0.0,147.8125,deepseek-r1:7b,-1
2025-06-08T16:52:43.824081,1.917713,0.0,0.0,61744.71875,50.9,64409.734375,0,0.0,147.8125,deepseek-r1:7b,-1
2025-06-08T16:52:43.924832,2.018464,0.0,0.0,61744.71875,50.9,64409.734375,0,0.0,147.8125,deepseek-r1:7b,-1
2025-06-08T16:52:44.030103,2.123735,18.0,0.0,61763.3125,50.9,64390.703125,0,0.0,147.8125,deepseek-r1:7b,-1
2025-06-08T16:52:44.135387,2.229019,20.5,0.0,61764.03125,50.9,64397.34375,0,0.0,147.8125,deepseek-r1:7b,-1
2025-06-08T16:52:46.286205,0.044607,17.2,0.0,60625.203125,50.0,65519.6875,0,0.0,147.8125,deepseek-r1:7b,-1
2025-06-08T16:52:46.391412,0.149814,20.4,0.0,61128.375,50.4,65020.109375,0,0.0,147.8125,deepseek-r1:7b,-1
2025-06-08T16:52:46.497056,0.255458,19.4,0.0,61785.609375,50.9,64365.75,0,0.0,147.8125,deepseek-r1:7b,-1
2025-06-08T16:52:46.599190,0.357592,16.3,0.0,61785.609375,50.9,64365.75,0,0.0,147.8125,deepseek-r1:7b,-1
2025-06-08T16:52:46.704475,0.462877,14.7,0.0,61785.609375,50.9,64365.75,0,0.0,147.8125,deepseek-r1:7b,-1
2025-06-08T16:52:46.809885,0.568287,13.9,0.0,61785.609375,50.9,64365.75,0,0.0,147.8125,deepseek-r1:7b,-1
2025-06-08T16:52:46.911940,0.670342,23.0,0.0,61785.609375,50.9,64365.75,0,0.0,147.8125,deepseek-r1:7b,-1
2025-06-08T16:52:47.017325,0.775727,13.7,0.0,61785.609375,50.9,64365.75,0,0.0,147.8125,deepseek-r1:7b,-1
2025-06-08T16:52:47.122691,0.881093,13.7,0.0,61785.609375,50.9,64365.75,0,0.0,147.8125,deepseek-r1:7b,-1
2025-06-08T16:52:47.227964,0.986366,9.0,0.0,61785.609375,50.9,64365.75,0,0.0,147.8125,deepseek-r1:7b,-1
2025-06-08T16:52:47.333337,1.091739,11.2,0.0,61823.953125,50.9,64327.09375,0,0.0,147.8125,deepseek-r1:7b,-1
2025-06-08T16:52:47.438707,1.197109,15.7,0.0,61823.953125,50.9,64327.09375,0,0.0,147.8125,deepseek-r1:7b,-1
2025-06-08T16:52:47.539983,1.298385,14.9,0.0,61823.953125,50.9,64327.09375,0,0.0,147.8125,deepseek-r1:7b,-1
2025-06-08T16:52:47.645321,1.403723,17.3,0.0,61823.953125,50.9,64327.09375,0,0.0,147.8125,deepseek-r1:7b,-1
2025-06-08T16:52:47.750665,1.509067,12.6,0.0,61823.953125,50.9,64327.09375,0,0.0,147.8125,deepseek-r1:7b,-1
2025-06-08T16:52:47.856065,1.614467,13.0,0.0,61823.953125,50.9,64327.09375,0,0.0,147.8125,deepseek-r1:7b,-1
2025-06-08T16:52:47.956609,1.715011,8.7,0.0,61823.953125,50.9,64327.09375,0,0.0,147.8125,deepseek-r1:7b,-1
2025-06-08T16:52:48.057524,1.815926,10.6,0.0,61823.953125,50.9,64327.09375,0,0.0,147.8125,deepseek-r1:7b,-1
2025-06-08T16:52:48.160726,1.919128,11.0,0.0,61823.953125,50.9,64327.09375,0,0.0,147.8125,deepseek-r1:7b,-1
2025-06-08T16:52:48.261859,2.020261,0.0,0.0,61823.953125,50.9,64327.09375,0,0.0,147.8125,deepseek-r1:7b,-1
2025-06-08T16:52:48.365989,2.124391,10.4,0.0,61978.046875,51.0,64178.9375,0,0.0,147.8125,deepseek-r1:7b,-1
2025-06-08T16:52:48.470649,2.229051,9.0,0.0,61978.046875,51.0,64179.171875,0,0.0,147.8125,deepseek-r1:7b,-1
2025-06-08T16:52:50.613246,0.030722,12.6,0.0,61319.734375,50.5,64825.484375,0,0.0,147.8125,deepseek-r1:7b,-1
2025-06-08T16:52:50.718125,0.135601,23.7,0.0,61500.84375,50.7,64651.921875,0,0.0,147.8125,deepseek-r1:7b,-1
2025-06-08T16:52:50.819264,0.23674,20.0,0.0,61500.84375,50.7,64651.921875,0,0.0,147.8125,deepseek-r1:7b,-1
2025-06-08T16:52:50.924495,0.341971,19.0,0.0,61500.84375,50.7,64651.921875,0,0.0,147.8125,deepseek-r1:7b,-1
2025-06-08T16:52:51.029755,0.447231,14.8,0.0,61500.84375,50.7,64651.921875,0,0.0,147.8125,deepseek-r1:7b,-1
2025-06-08T16:52:51.134520,0.551996,13.3,0.0,61500.84375,50.7,64651.921875,0,0.0,147.8125,deepseek-r1:7b,-1
2025-06-08T16:52:51.236925,0.654401,12.1,0.0,61500.84375,50.7,64651.921875,0,0.0,147.8125,deepseek-r1:7b,-1
2025-06-08T16:52:51.337834,0.75531,16.8,0.0,61500.84375,50.7,64651.921875,0,0.0,147.8125,deepseek-r1:7b,-1
2025-06-08T16:52:51.441934,0.85941,17.5,0.0,61500.84375,50.7,64651.921875,0,0.0,147.8125,deepseek-r1:7b,-1
2025-06-08T16:52:51.543898,0.961374,11.4,0.0,61500.84375,50.7,64651.921875,0,0.0,147.8125,deepseek-r1:7b,-1
2025-06-08T16:52:51.648929,1.066405,18.6,0.0,61936.71875,51.0,64210.953125,0,0.0,147.8125,deepseek-r1:7b,-1
2025-06-08T16:52:51.754312,1.171788,22.2,0.0,61935.71875,51.0,64212.84375,0,0.0,147.8125,deepseek-r1:7b,-1
2025-06-08T16:52:51.857372,1.274848,0.0,0.0,61941.953125,51.0,64211.296875,0,0.0,147.8125,deepseek-r1:7b,-1
2025-06-08T16:52:51.962469,1.379945,0.0,0.0,61941.578125,51.0,64204.21875,0,0.0,147.8125,deepseek-r1:7b,-1
2025-06-08T16:52:52.066547,1.484023,0.0,0.0,61941.578125,51.0,64204.21875,0,0.0,147.8125,deepseek-r1:7b,-1
2025-06-08T16:52:52.170402,1.587878,0.0,0.0,61941.578125,51.0,64204.21875,0,0.0,147.8125,deepseek-r1:7b,-1
2025-06-08T16:52:52.275672,1.693148,0.0,0.0,61941.578125,51.0,64204.21875,0,0.0,147.8125,deepseek-r1:7b,-1
2025-06-08T16:52:52.381000,1.798476,0.0,0.0,61941.578125,51.0,64204.21875,0,0.0,147.8125,deepseek-r1:7b,-1
2025-06-08T16:52:52.482954,1.90043,0.0,0.0,61941.578125,51.0,64204.21875,0,0.0,147.8125,deepseek-r1:7b,-1
2025-06-08T16:52:52.583954,2.00143,0.0,0.0,61941.578125,51.0,64204.21875,0,0.0,147.8125,deepseek-r1:7b,-1
2025-06-08T16:52:52.684931,2.102407,15.8,0.0,61956.28125,51.0,64191.03125,0,0.0,147.8125,deepseek-r1:7b,-1
2025-06-08T16:52:54.822875,0.031849,15.1,0.0,61232.234375,50.5,64920.390625,0,0.0,147.828125,deepseek-r1:7b,-1
2025-06-08T16:52:54.926474,0.135448,20.2,0.0,61236.625,50.5,64909.296875,0,0.0,147.828125,deepseek-r1:7b,-1
2025-06-08T16:52:55.027917,0.236891,23.8,0.0,61960.53125,51.0,64188.796875,0,0.0,147.828125,deepseek-r1:7b,-1
2025-06-08T16:52:55.129597,0.338571,41.1,0.0,61960.53125,51.0,64188.796875,0,0.3,147.875,deepseek-r1:7b,-1
2025-06-08T16:52:55.234805,0.443779,24.7,0.0,61960.53125,51.0,64188.796875,0,0.0,147.875,deepseek-r1:7b,-1
2025-06-08T16:52:55.337751,0.546725,21.2,0.0,61960.53125,51.0,64188.796875,0,0.1,147.875,deepseek-r1:7b,-1
2025-06-08T16:52:55.438595,0.647569,13.7,0.0,61960.53125,51.0,64188.796875,0,0.0,147.875,deepseek-r1:7b,-1
2025-06-08T16:52:55.539426,0.7484,14.9,0.0,61960.53125,51.0,64188.796875,0,0.0,147.875,deepseek-r1:7b,-1
2025-06-08T16:52:55.641893,0.850867,0.0,0.0,61960.53125,51.0,64188.796875,0,0.0,147.875,deepseek-r1:7b,-1
2025-06-08T16:52:55.745973,0.954947,0.0,0.0,61960.53125,51.0,64188.796875,0,0.0,147.875,deepseek-r1:7b,-1
2025-06-08T16:52:55.848030,1.057004,16.2,0.0,62175.46875,51.2,63972.765625,0,0.0,147.875,deepseek-r1:7b,-1
2025-06-08T16:52:55.951388,1.160362,13.9,0.0,62175.484375,51.2,63974.09375,0,0.0,147.875,deepseek-r1:7b,-1
2025-06-08T16:52:56.053068,1.262042,13.1,0.0,62175.484375,51.2,63974.09375,0,0.0,147.875,deepseek-r1:7b,-1
2025-06-08T16:52:56.154655,1.363629,16.3,0.0,62175.484375,51.2,63974.09375,0,0.0,147.875,deepseek-r1:7b,-1
2025-06-08T16:52:56.258046,1.46702,17.1,0.0,62175.484375,51.2,63974.09375,0,0.0,147.875,deepseek-r1:7b,-1
2025-06-08T16:52:56.362632,1.571606,14.1,0.0,62175.484375,51.2,63974.09375,0,0.0,147.875,deepseek-r1:7b,-1
2025-06-08T16:52:56.465947,1.674921,15.2,0.0,62175.484375,51.2,63974.09375,0,0.0,147.875,deepseek-r1:7b,-1
2025-06-08T16:52:56.570973,1.779947,13.8,0.0,62175.484375,51.2,63974.09375,0,0.0,147.875,deepseek-r1:7b,-1
2025-06-08T16:52:56.671998,1.880972,11.7,0.0,62175.484375,51.2,63974.09375,0,0.0,147.875,deepseek-r1:7b,-1
2025-06-08T16:52:56.777407,1.986381,0.0,0.0,62175.484375,51.2,63974.09375,0,0.0,147.875,deepseek-r1:7b,-1
2025-06-08T16:52:56.879749,2.088723,12.9,0.0,62186.25,51.2,63961.6875,0,0.0,147.875,deepseek-r1:7b,-1
2025-06-08T16:52:56.985019,2.193993,12.1,0.0,62186.203125,51.2,63962.71875,0,0.0,147.875,deepseek-r1:7b,-1
2025-06-08T16:52:59.114721,0.022143,12.4,0.0,61541.0625,50.7,64610.828125,0,0.0,147.875,deepseek-r1:7b,-1
2025-06-08T16:52:59.219851,0.127273,17.7,0.0,61368.671875,50.6,64785.21875,0,0.0,147.875,deepseek-r1:7b,-1
2025-06-08T16:52:59.325105,0.232527,16.4,0.0,61718.515625,50.8,64434.59375,0,0.0,147.875,deepseek-r1:7b,-1
2025-06-08T16:52:59.429400,0.336822,10.3,0.0,61718.515625,50.8,64434.59375,0,0.0,147.875,deepseek-r1:7b,-1
2025-06-08T16:52:59.530698,0.43812,13.5,0.0,61718.515625,50.8,64434.59375,0,0.0,147.875,deepseek-r1:7b,-1
2025-06-08T16:52:59.634669,0.542091,18.9,0.0,61718.515625,50.8,64434.59375,0,0.0,147.875,deepseek-r1:7b,-1
2025-06-08T16:52:59.739840,0.647262,12.5,0.0,61718.515625,50.8,64434.59375,0,0.0,147.875,deepseek-r1:7b,-1
2025-06-08T16:52:59.845155,0.752577,14.2,0.0,61718.515625,50.8,64434.59375,0,0.0,147.875,deepseek-r1:7b,-1
2025-06-08T16:52:59.946013,0.853435,14.3,0.0,61718.515625,50.8,64434.59375,0,0.0,147.875,deepseek-r1:7b,-1
2025-06-08T16:53:00.046654,0.954076,12.6,0.0,61718.515625,50.8,64434.59375,0,0.0,147.875,deepseek-r1:7b,-1
2025-06-08T16:53:00.152196,1.059618,19.2,0.0,62171.484375,51.2,63983.6875,0,0.0,147.875,deepseek-r1:7b,-1
2025-06-08T16:53:00.254249,1.161671,13.6,0.0,62171.484375,51.2,63983.6875,0,0.0,147.875,deepseek-r1:7b,-1
2025-06-08T16:53:00.357989,1.265411,16.8,0.0,62171.484375,51.2,63983.6875,0,0.1,147.84375,deepseek-r1:7b,-1
2025-06-08T16:53:00.459109,1.366531,11.9,0.0,62171.484375,51.2,63983.6875,0,0.0,147.84375,deepseek-r1:7b,-1
2025-06-08T16:53:00.562654,1.470076,16.3,0.0,62171.484375,51.2,63983.6875,0,0.0,147.84375,deepseek-r1:7b,-1
2025-06-08T16:53:00.666797,1.574219,12.7,0.0,62171.484375,51.2,63983.6875,0,0.0,147.84375,deepseek-r1:7b,-1
2025-06-08T16:53:00.769537,1.676959,11.7,0.0,62171.484375,51.2,63983.6875,0,0.0,147.84375,deepseek-r1:7b,-1
2025-06-08T16:53:00.874799,1.782221,13.3,0.0,62171.484375,51.2,63983.6875,0,0.0,147.84375,deepseek-r1:7b,-1
2025-06-08T16:53:00.979367,1.886789,16.0,0.0,62171.484375,51.2,63983.6875,0,0.0,147.84375,deepseek-r1:7b,-1
2025-06-08T16:53:01.080453,1.987875,14.9,0.0,62171.484375,51.2,63983.6875,0,0.0,147.84375,deepseek-r1:7b,-1
2025-06-08T16:53:01.184049,2.091471,15.0,0.0,62142.296875,51.2,64011.25,0,0.0,147.84375,deepseek-r1:7b,-1
2025-06-08T16:53:01.284279,2.191701,12.5,0.0,62137.953125,51.2,64009.484375,0,0.0,147.84375,deepseek-r1:7b,-1
2025-06-08T16:53:01.386660,2.294082,13.3,0.0,62137.953125,51.2,64009.484375,0,0.0,147.84375,deepseek-r1:7b,-1
2025-06-08T16:53:03.537233,0.04532,15.6,0.0,60988.15625,50.3,65160.71875,0,0.0,147.84375,deepseek-r1:7b,-1
2025-06-08T16:53:03.642367,0.150454,21.1,0.0,61364.859375,50.6,64787.0,0,0.0,147.84375,deepseek-r1:7b,-1
2025-06-08T16:53:03.747598,0.255685,16.8,0.0,62100.546875,51.1,64051.3125,0,0.0,147.84375,deepseek-r1:7b,-1
2025-06-08T16:53:03.849414,0.357501,8.6,0.0,62100.546875,51.1,64051.3125,0,0.0,147.84375,deepseek-r1:7b,-1
2025-06-08T16:53:03.950389,0.458476,9.4,0.0,62100.546875,51.1,64051.3125,0,0.0,147.84375,deepseek-r1:7b,-1
2025-06-08T16:53:04.051171,0.559258,11.8,0.0,62100.546875,51.1,64051.3125,0,0.0,147.84375,deepseek-r1:7b,-1
2025-06-08T16:53:04.155858,0.663945,16.1,0.0,62100.546875,51.1,64051.3125,0,0.0,147.84375,deepseek-r1:7b,-1
2025-06-08T16:53:04.258164,0.766251,19.1,0.0,62100.546875,51.1,64051.3125,0,0.0,147.84375,deepseek-r1:7b,-1
2025-06-08T16:53:04.363365,0.871452,15.4,0.0,62100.546875,51.1,64051.3125,0,0.0,147.84375,deepseek-r1:7b,-1
2025-06-08T16:53:04.466292,0.974379,0.0,0.0,62100.546875,51.1,64051.3125,0,0.0,147.84375,deepseek-r1:7b,-1
2025-06-08T16:53:04.567759,1.075846,12.9,0.0,62100.203125,51.1,64045.890625,0,0.0,147.84375,deepseek-r1:7b,-1
2025-06-08T16:53:04.672212,1.180299,13.0,0.0,62099.25,51.1,64047.59375,0,0.0,147.84375,deepseek-r1:7b,-1
2025-06-08T16:53:04.773420,1.281507,11.9,0.0,62099.25,51.1,64047.59375,0,0.0,147.84375,deepseek-r1:7b,-1
2025-06-08T16:53:04.874339,1.382426,13.6,0.0,62099.25,51.1,64047.59375,0,0.0,147.84375,deepseek-r1:7b,-1
2025-06-08T16:53:04.979651,1.487738,11.9,0.0,62099.25,51.1,64047.59375,0,0.0,147.84375,deepseek-r1:7b,-1
2025-06-08T16:53:05.084448,1.592535,10.7,0.0,62099.25,51.1,64047.59375,0,0.0,147.84375,deepseek-r1:7b,-1
2025-06-08T16:53:05.189809,1.697896,0.0,0.0,62099.25,51.1,64047.59375,0,0.0,147.84375,deepseek-r1:7b,-1
2025-06-08T16:53:05.295026,1.803113,0.0,0.0,62099.25,51.1,64047.59375,0,0.0,147.84375,deepseek-r1:7b,-1
2025-06-08T16:53:05.399183,1.90727,0.0,0.0,62099.25,51.1,64047.59375,0,0.0,147.84375,deepseek-r1:7b,-1
2025-06-08T16:53:05.500001,2.008088,0.0,0.0,62099.25,51.1,64047.59375,0,0.0,147.84375,deepseek-r1:7b,-1
2025-06-08T16:53:05.605385,2.113472,12.1,0.0,62050.921875,51.1,64104.28125,0,0.0,147.84375,deepseek-r1:7b,-1
2025-06-08T16:53:05.710844,2.218931,10.1,0.0,62050.53125,51.1,64105.109375,0,0.0,147.84375,deepseek-r1:7b,-1
2025-06-08T16:53:07.852892,0.032218,13.1,0.0,61463.59375,50.7,64683.640625,0,0.0,147.84375,deepseek-r1:7b,-1
2025-06-08T16:53:07.958061,0.137387,19.5,0.0,61324.65625,50.5,64826.28125,0,0.0,147.84375,deepseek-r1:7b,-1
2025-06-08T16:53:08.059542,0.238868,16.6,0.0,61324.578125,50.5,64826.28125,0,0.0,147.84375,deepseek-r1:7b,-1
2025-06-08T16:53:08.164696,0.344022,0.0,0.0,61324.578125,50.5,64826.28125,0,0.0,147.84375,deepseek-r1:7b,-1
2025-06-08T16:53:08.266648,0.445974,0.0,0.0,61324.578125,50.5,64826.28125,0,0.0,147.84375,deepseek-r1:7b,-1
2025-06-08T16:53:08.371820,0.551146,0.0,0.0,61324.578125,50.5,64826.28125,0,0.0,147.84375,deepseek-r1:7b,-1
2025-06-08T16:53:08.474984,0.65431,0.0,0.0,61324.578125,50.5,64826.28125,0,0.0,147.84375,deepseek-r1:7b,-1
2025-06-08T16:53:08.580420,0.759746,0.0,0.0,61324.578125,50.5,64826.28125,0,0.0,147.84375,deepseek-r1:7b,-1
2025-06-08T16:53:08.685789,0.865115,0.0,0.0,61324.578125,50.5,64826.28125,0,0.0,147.84375,deepseek-r1:7b,-1
2025-06-08T16:53:08.790974,0.9703,0.0,0.0,61324.578125,50.5,64826.28125,0,0.0,147.84375,deepseek-r1:7b,-1
2025-06-08T16:53:08.896168,1.075494,13.2,0.0,62096.046875,51.1,64047.375,0,0.0,147.84375,deepseek-r1:7b,-1
2025-06-08T16:53:08.997963,1.177289,13.7,0.0,62096.09375,51.1,64044.359375,0,0.0,147.84375,deepseek-r1:7b,-1
2025-06-08T16:53:09.103272,1.282598,14.8,0.0,62096.09375,51.1,64044.359375,0,0.0,147.84375,deepseek-r1:7b,-1
2025-06-08T16:53:09.208419,1.387745,12.4,0.0,62096.09375,51.1,64044.359375,0,0.0,147.84375,deepseek-r1:7b,-1
2025-06-08T16:53:09.313603,1.492929,13.0,0.0,62096.09375,51.1,64044.359375,0,0.0,147.84375,deepseek-r1:7b,-1
2025-06-08T16:53:09.415945,1.595271,13.0,0.0,62096.09375,51.1,64044.359375,0,0.0,147.84375,deepseek-r1:7b,-1
2025-06-08T16:53:09.521340,1.700666,12.5,0.0,62096.09375,51.1,64044.359375,0,0.0,147.84375,deepseek-r1:7b,-1
2025-06-08T16:53:09.626753,1.806079,13.8,0.0,62096.09375,51.1,64044.359375,0,0.0,147.84375,deepseek-r1:7b,-1
2025-06-08T16:53:09.732152,1.911478,0.0,0.0,62096.09375,51.1,64044.359375,0,0.0,147.84375,deepseek-r1:7b,-1
2025-06-08T16:53:09.837048,2.016374,0.0,0.0,62096.09375,51.1,64044.359375,0,0.0,147.84375,deepseek-r1:7b,-1
2025-06-08T16:53:09.942498,2.121824,11.1,0.0,62095.375,51.1,64054.625,0,0.0,147.84375,deepseek-r1:7b,-1
2025-06-08T16:53:10.045023,2.224349,12.5,0.0,62095.453125,51.1,64055.0625,0,0.0,147.84375,deepseek-r1:7b,-1
2025-06-08T16:53:12.189379,0.036845,13.0,0.0,60687.921875,50.1,65461.9375,0,0.0,147.84375,deepseek-r1:7b,-1
2025-06-08T16:53:12.294512,0.141978,17.7,0.0,61228.140625,50.5,64919.96875,0,0.0,147.84375,deepseek-r1:7b,-1
2025-06-08T16:53:12.399714,0.24718,20.9,0.0,62098.421875,51.1,64047.96875,0,0.0,147.84375,deepseek-r1:7b,-1
2025-06-08T16:53:12.504154,0.35162,16.8,0.0,62098.421875,51.1,64047.96875,0,0.0,147.84375,deepseek-r1:7b,-1
2025-06-08T16:53:12.609315,0.456781,13.3,0.0,62098.421875,51.1,64047.96875,0,0.0,147.84375,deepseek-r1:7b,-1
2025-06-08T16:53:12.713848,0.561314,14.2,0.0,62098.421875,51.1,64047.96875,0,0.0,147.84375,deepseek-r1:7b,-1
2025-06-08T16:53:12.818960,0.666426,11.4,0.0,62098.421875,51.1,64047.96875,0,0.0,147.84375,deepseek-r1:7b,-1
2025-06-08T16:53:12.921571,0.769037,0.0,0.0,62098.421875,51.1,64047.96875,0,0.0,147.84375,deepseek-r1:7b,-1
2025-06-08T16:53:13.026760,0.874226,0.0,0.0,62098.421875,51.1,64047.96875,0,0.0,147.84375,deepseek-r1:7b,-1
2025-06-08T16:53:13.131984,0.97945,0.0,0.0,62098.421875,51.1,64047.96875,0,0.0,147.84375,deepseek-r1:7b,-1
2025-06-08T16:53:13.232667,1.080133,17.7,0.0,62120.765625,51.1,64030.96875,0,0.0,147.84375,deepseek-r1:7b,-1
2025-06-08T16:53:13.337491,1.184957,13.0,0.0,62119.96875,51.1,64032.46875,0,0.0,147.84375,deepseek-r1:7b,-1
2025-06-08T16:53:13.441587,1.289053,0.0,0.0,62119.890625,51.1,64033.203125,0,0.0,147.84375,deepseek-r1:7b,-1
2025-06-08T16:53:13.546941,1.394407,0.0,0.0,62119.890625,51.1,64033.203125,0,0.0,147.84375,deepseek-r1:7b,-1
2025-06-08T16:53:13.652308,1.499774,0.0,0.0,62119.890625,51.1,64033.203125,0,0.0,147.84375,deepseek-r1:7b,-1
2025-06-08T16:53:13.757338,1.604804,0.0,0.0,62119.890625,51.1,64033.203125,0,0.0,147.84375,deepseek-r1:7b,-1
2025-06-08T16:53:13.861498,1.708964,0.0,0.0,62119.890625,51.1,64033.203125,0,0.0,147.84375,deepseek-r1:7b,-1
2025-06-08T16:53:13.966889,1.814355,0.0,0.0,62119.890625,51.1,64033.203125,0,0.0,147.84375,deepseek-r1:7b,-1
2025-06-08T16:53:14.070697,1.918163,0.0,0.0,62119.890625,51.1,64033.203125,0,0.0,147.84375,deepseek-r1:7b,-1
2025-06-08T16:53:14.175892,2.023358,0.0,0.0,62119.890625,51.1,64033.203125,0,0.0,147.84375,deepseek-r1:7b,-1
2025-06-08T16:53:14.281068,2.128534,11.6,0.0,62120.5,51.1,64032.0,0,0.0,147.84375,deepseek-r1:7b,-1
2025-06-08T16:53:14.386504,2.23397,12.4,0.0,62120.46875,51.1,64032.265625,0,0.0,147.84375,deepseek-r1:7b,-1
2025-06-08T16:53:16.541038,0.042303,14.1,0.0,61443.265625,50.6,64711.59375,0,0.0,147.859375,deepseek-r1:7b,-1
2025-06-08T16:53:16.645700,0.146965,23.3,0.0,61443.265625,50.6,64711.59375,0,0.0,147.859375,deepseek-r1:7b,-1
2025-06-08T16:53:16.746666,0.247931,19.5,0.0,61443.265625,50.6,64711.59375,0,0.0,147.859375,deepseek-r1:7b,-1
2025-06-08T16:53:16.851809,0.353074,9.4,0.0,61443.265625,50.6,64711.59375,0,0.0,147.859375,deepseek-r1:7b,-1
2025-06-08T16:53:16.953104,0.454369,10.6,0.0,61443.265625,50.6,64711.59375,0,0.0,147.859375,deepseek-r1:7b,-1
2025-06-08T16:53:17.058506,0.559771,0.0,0.0,61443.265625,50.6,64711.59375,0,0.0,147.859375,deepseek-r1:7b,-1
2025-06-08T16:53:17.161140,0.662405,0.0,0.0,61443.265625,50.6,64711.59375,0,0.0,147.859375,deepseek-r1:7b,-1
2025-06-08T16:53:17.266537,0.767802,0.0,0.0,61443.265625,50.6,64711.59375,0,0.0,147.859375,deepseek-r1:7b,-1
2025-06-08T16:53:17.370703,0.871968,0.0,0.0,61443.265625,50.6,64711.59375,0,0.0,147.859375,deepseek-r1:7b,-1
2025-06-08T16:53:17.476149,0.977414,0.0,0.0,61443.265625,50.6,64711.59375,0,0.0,147.859375,deepseek-r1:7b,-1
2025-06-08T16:53:17.581706,1.082971,12.7,0.0,62092.25,51.1,64063.0625,0,0.0,147.859375,deepseek-r1:7b,-1
2025-06-08T16:53:17.682420,1.183685,13.0,0.0,62091.734375,51.1,64064.21875,0,0.0,147.859375,deepseek-r1:7b,-1
2025-06-08T16:53:17.787776,1.289041,11.4,0.0,62091.734375,51.1,64064.21875,0,0.0,147.859375,deepseek-r1:7b,-1
2025-06-08T16:53:17.893139,1.394404,13.1,0.0,62091.734375,51.1,64064.21875,0,0.0,147.859375,deepseek-r1:7b,-1
2025-06-08T16:53:17.994796,1.496061,11.1,0.0,62091.734375,51.1,64064.21875,0,0.0,147.859375,deepseek-r1:7b,-1
2025-06-08T16:53:18.098167,1.599432,10.4,0.0,62091.734375,51.1,64064.21875,0,0.0,147.859375,deepseek-r1:7b,-1
2025-06-08T16:53:18.203004,1.704269,13.8,0.0,62091.734375,51.1,64064.21875,0,0.0,147.859375,deepseek-r1:7b,-1
2025-06-08T16:53:18.304002,1.805267,17.4,0.0,62091.734375,51.1,64064.21875,0,0.0,147.859375,deepseek-r1:7b,-1
2025-06-08T16:53:18.409189,1.910454,0.0,0.0,62091.734375,51.1,64064.21875,0,0.0,147.859375,deepseek-r1:7b,-1
2025-06-08T16:53:18.509553,2.010818,0.0,0.0,62091.734375,51.1,64064.21875,0,0.0,147.859375,deepseek-r1:7b,-1
2025-06-08T16:53:18.612343,2.113608,14.9,0.0,62082.4375,51.1,64070.265625,0,0.0,147.859375,deepseek-r1:7b,-1
2025-06-08T16:53:18.717553,2.218818,11.8,0.0,62082.421875,51.1,64071.0625,0,0.0,147.859375,deepseek-r1:7b,-1
2025-06-08T16:53:20.873449,0.045881,14.0,0.0,61453.890625,50.6,64705.6875,0,0.0,147.859375,deepseek-r1:7b,-1
2025-06-08T16:53:20.978560,0.150992,19.1,0.0,61453.890625,50.6,64705.6875,0,0.0,147.859375,deepseek-r1:7b,-1
2025-06-08T16:53:21.083064,0.255496,19.0,0.0,61453.890625,50.6,64705.6875,0,0.0,147.859375,deepseek-r1:7b,-1
2025-06-08T16:53:21.188251,0.360683,14.6,0.0,61453.890625,50.6,64705.6875,0,0.0,147.859375,deepseek-r1:7b,-1
2025-06-08T16:53:21.289407,0.461839,0.0,0.0,61453.890625,50.6,64705.6875,0,0.0,147.859375,deepseek-r1:7b,-1
2025-06-08T16:53:21.390417,0.562849,0.0,0.0,61453.890625,50.6,64705.6875,0,0.0,147.859375,deepseek-r1:7b,-1
2025-06-08T16:53:21.491460,0.663892,0.0,0.0,61453.890625,50.6,64705.6875,0,0.0,147.859375,deepseek-r1:7b,-1
2025-06-08T16:53:21.596856,0.769288,0.0,0.0,61453.890625,50.6,64705.6875,0,0.0,147.859375,deepseek-r1:7b,-1
2025-06-08T16:53:21.702260,0.874692,0.0,0.0,61453.890625,50.6,64705.6875,0,0.0,147.859375,deepseek-r1:7b,-1
2025-06-08T16:53:21.803639,0.976071,0.0,0.0,61453.890625,50.6,64705.6875,0,0.0,147.859375,deepseek-r1:7b,-1
2025-06-08T16:53:21.908129,1.080561,12.5,0.0,62102.6875,51.1,64048.03125,0,0.0,147.859375,deepseek-r1:7b,-1
2025-06-08T16:53:22.011743,1.184175,12.6,0.0,62102.6875,51.1,64048.03125,0,0.0,147.859375,deepseek-r1:7b,-1
2025-06-08T16:53:22.115902,1.288334,12.1,0.0,62102.6875,51.1,64048.03125,0,0.0,147.859375,deepseek-r1:7b,-1
2025-06-08T16:53:22.221251,1.393683,12.9,0.0,62102.6875,51.1,64048.03125,0,0.0,147.859375,deepseek-r1:7b,-1
2025-06-08T16:53:22.324779,1.497211,11.0,0.0,62102.6875,51.1,64048.03125,0,0.0,147.859375,deepseek-r1:7b,-1
2025-06-08T16:53:22.425991,1.598423,16.8,0.0,62102.6875,51.1,64048.03125,0,0.0,147.859375,deepseek-r1:7b,-1
2025-06-08T16:53:22.526585,1.699017,14.3,0.0,62102.6875,51.1,64048.03125,0,0.0,147.859375,deepseek-r1:7b,-1
2025-06-08T16:53:22.627450,1.799882,14.8,0.0,62102.6875,51.1,64048.03125,0,0.0,147.859375,deepseek-r1:7b,-1
2025-06-08T16:53:22.728705,1.901137,15.5,0.0,62102.6875,51.1,64048.03125,0,0.0,147.859375,deepseek-r1:7b,-1
2025-06-08T16:53:22.833940,2.006372,11.2,0.0,62102.6875,51.1,64048.03125,0,0.0,147.859375,deepseek-r1:7b,-1
2025-06-08T16:53:22.936866,2.109298,11.0,0.0,62104.203125,51.1,64057.5,0,0.0,147.859375,deepseek-r1:7b,-1
2025-06-08T16:53:23.041475,2.213907,9.6,0.0,62104.1875,51.1,64057.765625,0,0.0,147.859375,deepseek-r1:7b,-1
2025-06-08T16:53:25.192721,0.042341,15.4,0.0,61519.09375,50.7,64638.703125,0,0.0,147.859375,deepseek-r1:7b,-1
2025-06-08T16:53:25.297878,0.147498,17.8,0.0,61363.453125,50.6,64796.1875,0,0.0,147.859375,deepseek-r1:7b,-1
2025-06-08T16:53:25.401486,0.251106,21.6,0.0,61363.453125,50.6,64796.1875,0,0.0,147.859375,deepseek-r1:7b,-1
2025-06-08T16:53:25.501665,0.351285,12.7,0.0,61363.453125,50.6,64796.1875,0,0.0,147.859375,deepseek-r1:7b,-1
2025-06-08T16:53:25.605208,0.454828,19.8,0.0,61363.453125,50.6,64796.1875,0,0.0,147.859375,deepseek-r1:7b,-1
2025-06-08T16:53:25.707818,0.557438,15.5,0.0,61363.453125,50.6,64796.1875,0,0.0,147.859375,deepseek-r1:7b,-1
2025-06-08T16:53:25.808190,0.65781,12.0,0.0,61363.453125,50.6,64796.1875,0,0.0,147.859375,deepseek-r1:7b,-1
2025-06-08T16:53:25.912050,0.76167,15.2,0.0,61363.453125,50.6,64796.1875,0,0.0,147.859375,deepseek-r1:7b,-1
2025-06-08T16:53:26.017240,0.86686,10.2,0.0,61363.453125,50.6,64796.1875,0,0.0,147.859375,deepseek-r1:7b,-1
2025-06-08T16:53:26.120146,0.969766,0.0,0.0,61363.453125,50.6,64796.1875,0,0.0,147.859375,deepseek-r1:7b,-1
2025-06-08T16:53:26.223833,1.073453,12.5,0.0,62133.546875,51.2,64022.84375,0,0.0,147.859375,deepseek-r1:7b,-1
2025-06-08T16:53:26.324669,1.174289,15.4,0.0,62133.546875,51.2,64024.328125,0,0.0,147.859375,deepseek-r1:7b,-1
2025-06-08T16:53:26.429864,1.279484,17.0,0.0,62133.546875,51.2,64022.46875,0,0.0,147.859375,deepseek-r1:7b,-1
2025-06-08T16:53:26.532359,1.381979,16.0,0.0,62133.546875,51.2,64022.46875,0,0.0,147.859375,deepseek-r1:7b,-1
2025-06-08T16:53:26.637197,1.486817,0.0,0.0,62133.546875,51.2,64022.46875,0,0.0,147.859375,deepseek-r1:7b,-1
2025-06-08T16:53:26.740472,1.590092,0.0,0.0,62133.546875,51.2,64022.46875,0,0.0,147.859375,deepseek-r1:7b,-1
2025-06-08T16:53:26.845136,1.694756,0.0,0.0,62133.546875,51.2,64022.46875,0,0.0,147.859375,deepseek-r1:7b,-1
2025-06-08T16:53:26.950527,1.800147,0.0,0.0,62133.546875,51.2,64022.46875,0,0.0,147.859375,deepseek-r1:7b,-1
2025-06-08T16:53:27.055795,1.905415,0.0,0.0,62133.546875,51.2,64022.46875,0,0.0,147.859375,deepseek-r1:7b,-1
2025-06-08T16:53:27.158167,2.007787,0.0,0.0,62133.546875,51.2,64022.46875,0,0.0,147.859375,deepseek-r1:7b,-1
2025-06-08T16:53:27.258497,2.108117,15.0,0.0,62134.015625,51.2,64016.625,0,0.0,147.859375,deepseek-r1:7b,-1
2025-06-08T16:53:27.363678,2.213298,14.4,0.0,62133.96875,51.2,64016.09375,0,0.0,147.859375,deepseek-r1:7b,-1
2025-06-08T16:53:29.503991,0.030846,15.5,0.0,61345.28125,50.6,64808.546875,0,0.0,147.859375,deepseek-r1:7b,-1
2025-06-08T16:53:29.609164,0.136019,22.6,0.0,61350.96875,50.6,64800.9375,0,0.0,147.859375,deepseek-r1:7b,-1
2025-06-08T16:53:29.714325,0.24118,19.8,0.0,62125.6875,51.1,64030.515625,0,0.0,147.859375,deepseek-r1:7b,-1
2025-06-08T16:53:29.818452,0.345307,14.3,0.0,62125.6875,51.1,64030.515625,0,0.0,147.859375,deepseek-r1:7b,-1
2025-06-08T16:53:29.919633,0.446488,14.6,0.0,62125.6875,51.1,64030.515625,0,0.0,147.859375,deepseek-r1:7b,-1
2025-06-08T16:53:30.024763,0.551618,15.2,0.0,62125.6875,51.1,64030.515625,0,0.0,147.859375,deepseek-r1:7b,-1
2025-06-08T16:53:30.129935,0.65679,14.4,0.0,62125.6875,51.1,64030.515625,0,0.0,147.859375,deepseek-r1:7b,-1
2025-06-08T16:53:30.233019,0.759874,13.0,0.0,62125.6875,51.1,64030.515625,0,0.0,147.859375,deepseek-r1:7b,-1
2025-06-08T16:53:30.337836,0.864691,0.0,0.0,62125.6875,51.1,64030.515625,0,0.0,147.859375,deepseek-r1:7b,-1
2025-06-08T16:53:30.443033,0.969888,0.0,0.0,62125.6875,51.1,64030.515625,0,0.0,147.859375,deepseek-r1:7b,-1
2025-06-08T16:53:30.544540,1.071395,14.9,0.0,62130.234375,51.2,64020.828125,0,0.0,147.859375,deepseek-r1:7b,-1
2025-06-08T16:53:30.649788,1.176643,15.0,0.0,62130.234375,51.2,64020.828125,0,0.0,147.859375,deepseek-r1:7b,-1
2025-06-08T16:53:30.754473,1.281328,13.1,0.0,62130.234375,51.2,64020.828125,0,0.0,147.859375,deepseek-r1:7b,-1
2025-06-08T16:53:30.857071,1.383926,15.2,0.0,62130.234375,51.2,64020.828125,0,0.0,147.859375,deepseek-r1:7b,-1
2025-06-08T16:53:30.958066,1.484921,0.0,0.0,62130.234375,51.2,64020.828125,0,0.0,147.859375,deepseek-r1:7b,-1
2025-06-08T16:53:31.063287,1.590142,0.0,0.0,62130.234375,51.2,64020.828125,0,0.0,147.859375,deepseek-r1:7b,-1
2025-06-08T16:53:31.168436,1.695291,0.0,0.0,62130.234375,51.2,64020.828125,0,0.0,147.859375,deepseek-r1:7b,-1
2025-06-08T16:53:31.273551,1.800406,0.0,0.0,62130.234375,51.2,64020.828125,0,0.0,147.859375,deepseek-r1:7b,-1
2025-06-08T16:53:31.378716,1.905571,0.0,0.0,62130.234375,51.2,64020.828125,0,0.0,147.859375,deepseek-r1:7b,-1
2025-06-08T16:53:31.483893,2.010748,0.0,0.0,62130.234375,51.2,64020.828125,0,0.0,147.859375,deepseek-r1:7b,-1
2025-06-08T16:53:31.585107,2.111962,15.4,0.0,62132.046875,51.2,64025.09375,0,0.0,147.859375,deepseek-r1:7b,-1
2025-06-08T16:53:31.688409,2.215264,13.9,0.0,62132.046875,51.2,64022.046875,0,0.0,147.859375,deepseek-r1:7b,-1
2025-06-08T16:53:33.832239,0.039296,12.6,0.0,60689.84375,50.1,65460.984375,0,0.0,147.859375,deepseek-r1:7b,-1
2025-06-08T16:53:33.936193,0.14325,20.6,0.0,60689.84375,50.1,65460.984375,0,0.0,147.859375,deepseek-r1:7b,-1
2025-06-08T16:53:34.039861,0.246918,21.5,0.0,60689.84375,50.1,65460.984375,0,0.0,147.859375,deepseek-r1:7b,-1
2025-06-08T16:53:34.144986,0.352043,13.5,0.0,60689.84375,50.1,65460.984375,0,0.0,147.859375,deepseek-r1:7b,-1
2025-06-08T16:53:34.250150,0.457207,10.2,0.0,60689.84375,50.1,65460.984375,0,0.0,147.859375,deepseek-r1:7b,-1
2025-06-08T16:53:34.352886,0.559943,0.0,0.0,60689.84375,50.1,65460.984375,0,0.0,147.859375,deepseek-r1:7b,-1
2025-06-08T16:53:34.458159,0.665216,0.0,0.0,60689.84375,50.1,65460.984375,0,0.0,147.859375,deepseek-r1:7b,-1
2025-06-08T16:53:34.560368,0.767425,0.0,0.0,60689.84375,50.1,65460.984375,0,0.0,147.859375,deepseek-r1:7b,-1
2025-06-08T16:53:34.661445,0.868502,0.0,0.0,60689.84375,50.1,65460.984375,0,0.0,147.859375,deepseek-r1:7b,-1
2025-06-08T16:53:34.766372,0.973429,0.0,0.0,60689.84375,50.1,65460.984375,0,0.0,147.859375,deepseek-r1:7b,-1
2025-06-08T16:53:34.866863,1.07392,12.8,0.0,62113.921875,51.1,64039.75,0,0.0,147.859375,deepseek-r1:7b,-1
2025-06-08T16:53:34.967757,1.174814,12.5,0.0,62113.921875,51.1,64039.75,0,0.0,147.859375,deepseek-r1:7b,-1
2025-06-08T16:53:35.070368,1.277425,0.0,0.0,62113.921875,51.1,64039.75,0,0.0,147.859375,deepseek-r1:7b,-1
2025-06-08T16:53:35.175750,1.382807,0.0,0.0,62113.921875,51.1,64039.75,0,0.0,147.859375,deepseek-r1:7b,-1
2025-06-08T16:53:35.278850,1.485907,0.0,0.0,62113.921875,51.1,64039.75,0,0.0,147.859375,deepseek-r1:7b,-1
2025-06-08T16:53:35.381072,1.588129,0.0,0.0,62113.921875,51.1,64039.75,0,0.0,147.859375,deepseek-r1:7b,-1
2025-06-08T16:53:35.486233,1.69329,0.0,0.0,62113.921875,51.1,64039.75,0,0.0,147.859375,deepseek-r1:7b,-1
2025-06-08T16:53:35.591406,1.798463,0.0,0.0,62113.921875,51.1,64039.75,0,0.0,147.859375,deepseek-r1:7b,-1
2025-06-08T16:53:35.695424,1.902481,0.0,0.0,62113.921875,51.1,64039.75,0,0.0,147.859375,deepseek-r1:7b,-1
2025-06-08T16:53:35.800633,2.00769,0.0,0.0,62113.921875,51.1,64039.75,0,0.0,147.859375,deepseek-r1:7b,-1
2025-06-08T16:53:35.901779,2.108836,14.2,0.0,62065.859375,51.1,64084.28125,0,0.0,147.859375,deepseek-r1:7b,-1
2025-06-08T16:53:36.005177,2.212234,11.4,0.0,62049.796875,51.1,64100.90625,0,0.0,147.859375,deepseek-r1:7b,-1
2025-06-08T16:53:38.140322,0.023096,16.2,0.0,61443.140625,50.6,64709.53125,0,0.1,147.875,deepseek-r1:7b,-1
2025-06-08T16:53:38.244958,0.127732,21.3,0.0,61661.6875,50.8,64485.359375,0,0.0,147.875,deepseek-r1:7b,-1
2025-06-08T16:53:38.349580,0.232354,19.3,0.0,61661.6875,50.8,64485.359375,0,0.0,147.875,deepseek-r1:7b,-1
2025-06-08T16:53:38.454726,0.3375,14.0,0.0,61661.6875,50.8,64485.359375,0,0.0,147.875,deepseek-r1:7b,-1
2025-06-08T16:53:38.557870,0.440644,16.5,0.0,61661.6875,50.8,64485.359375,0,0.0,147.875,deepseek-r1:7b,-1
2025-06-08T16:53:38.663010,0.545784,15.9,0.0,61661.6875,50.8,64485.359375,0,0.0,147.875,deepseek-r1:7b,-1
2025-06-08T16:53:38.767714,0.650488,16.7,0.0,61661.6875,50.8,64485.359375,0,0.0,147.875,deepseek-r1:7b,-1
2025-06-08T16:53:38.868211,0.750985,0.0,0.0,61661.6875,50.8,64485.359375,0,0.0,147.875,deepseek-r1:7b,-1
2025-06-08T16:53:38.973378,0.856152,0.0,0.0,61661.6875,50.8,64485.359375,0,0.0,147.875,deepseek-r1:7b,-1
2025-06-08T16:53:39.078545,0.961319,0.0,0.0,61661.6875,50.8,64485.359375,0,0.0,147.875,deepseek-r1:7b,-1
2025-06-08T16:53:39.181630,1.064404,11.8,0.0,62104.53125,51.1,64040.65625,0,0.0,147.875,deepseek-r1:7b,-1
2025-06-08T16:53:39.286802,1.169576,11.6,0.0,62104.53125,51.1,64041.859375,0,0.0,147.875,deepseek-r1:7b,-1
2025-06-08T16:53:39.392092,1.274866,13.5,0.0,62104.53125,51.1,64041.859375,0,0.0,147.875,deepseek-r1:7b,-1
2025-06-08T16:53:39.497495,1.380269,13.2,0.0,62104.53125,51.1,64041.859375,0,0.0,147.875,deepseek-r1:7b,-1
2025-06-08T16:53:39.600839,1.483613,12.0,0.0,62104.53125,51.1,64041.859375,0,0.0,147.875,deepseek-r1:7b,-1
2025-06-08T16:53:39.701969,1.584743,15.4,0.0,62104.53125,51.1,64041.859375,0,0.0,147.875,deepseek-r1:7b,-1
2025-06-08T16:53:39.804818,1.687592,13.9,0.0,62104.53125,51.1,64041.859375,0,0.0,147.875,deepseek-r1:7b,-1
2025-06-08T16:53:39.909968,1.792742,10.9,0.0,62104.53125,51.1,64041.859375,0,0.0,147.875,deepseek-r1:7b,-1
2025-06-08T16:53:40.015005,1.897779,11.5,0.0,62104.53125,51.1,64041.859375,0,0.0,147.875,deepseek-r1:7b,-1
2025-06-08T16:53:40.120198,2.002972,12.4,0.0,62104.53125,51.1,64041.859375,0,0.0,147.875,deepseek-r1:7b,-1
2025-06-08T16:53:40.225388,2.108162,11.3,0.0,62105.0625,51.1,64042.03125,0,0.0,147.875,deepseek-r1:7b,-1
2025-06-08T16:53:40.330700,2.213474,9.5,0.0,62113.0625,51.1,64037.875,0,0.0,147.875,deepseek-r1:7b,-1
2025-06-08T16:53:42.477527,0.039535,12.5,0.0,60653.21875,50.0,65496.015625,0,0.0,147.875,deepseek-r1:7b,-1
2025-06-08T16:53:42.582698,0.144706,17.4,0.0,61193.59375,50.4,64957.71875,0,0.0,147.875,deepseek-r1:7b,-1
2025-06-08T16:53:42.684387,0.246395,17.9,0.0,61650.15625,50.8,64500.96875,0,0.0,147.875,deepseek-r1:7b,-1
2025-06-08T16:53:42.787553,0.349561,10.9,0.0,61650.15625,50.8,64500.96875,0,0.0,147.875,deepseek-r1:7b,-1
2025-06-08T16:53:42.892901,0.454909,0.0,0.0,61650.15625,50.8,64500.96875,0,0.0,147.875,deepseek-r1:7b,-1
2025-06-08T16:53:42.998297,0.560305,0.0,0.0,61650.15625,50.8,64500.96875,0,0.0,147.875,deepseek-r1:7b,-1
2025-06-08T16:53:43.103577,0.665585,0.0,0.0,61650.15625,50.8,64500.96875,0,0.0,147.875,deepseek-r1:7b,-1
2025-06-08T16:53:43.208964,0.770972,0.0,0.0,61650.15625,50.8,64500.96875,0,0.0,147.875,deepseek-r1:7b,-1
2025-06-08T16:53:43.314347,0.876355,0.0,0.0,61650.15625,50.8,64500.96875,0,0.0,147.875,deepseek-r1:7b,-1
2025-06-08T16:53:43.415717,0.977725,0.0,0.0,61650.15625,50.8,64500.96875,0,0.0,147.875,deepseek-r1:7b,-1
2025-06-08T16:53:43.519886,1.081894,12.5,0.0,62087.625,51.1,64062.84375,0,0.0,147.875,deepseek-r1:7b,-1
2025-06-08T16:53:43.623582,1.18559,13.6,0.0,62087.671875,51.1,64063.5625,0,0.0,147.875,deepseek-r1:7b,-1
2025-06-08T16:53:43.724569,1.286577,13.4,0.0,62069.859375,51.1,64078.75,0,0.0,147.875,deepseek-r1:7b,-1
2025-06-08T16:53:43.829997,1.392005,12.5,0.0,62069.859375,51.1,64078.75,0,0.0,147.875,deepseek-r1:7b,-1
2025-06-08T16:53:43.931886,1.493894,11.0,0.0,62069.859375,51.1,64078.75,0,0.0,147.875,deepseek-r1:7b,-1
2025-06-08T16:53:44.035827,1.597835,9.1,0.0,62069.859375,51.1,64078.75,0,0.0,147.875,deepseek-r1:7b,-1
2025-06-08T16:53:44.140210,1.702218,13.3,0.0,62069.859375,51.1,64078.75,0,0.0,147.875,deepseek-r1:7b,-1
2025-06-08T16:53:44.245383,1.807391,12.4,0.0,62069.859375,51.1,64078.75,0,0.0,147.875,deepseek-r1:7b,-1
2025-06-08T16:53:44.346305,1.908313,0.0,0.0,62069.859375,51.1,64078.75,0,0.0,147.875,deepseek-r1:7b,-1
2025-06-08T16:53:44.447396,2.009404,0.0,0.0,62069.859375,51.1,64078.75,0,0.0,147.875,deepseek-r1:7b,-1
2025-06-08T16:53:44.550417,2.112425,10.3,0.0,61923.328125,51.0,64222.140625,0,0.0,147.875,deepseek-r1:7b,-1
2025-06-08T16:53:44.653532,2.21554,12.7,0.0,61923.875,51.0,64222.703125,0,0.0,147.875,deepseek-r1:7b,-1
2025-06-08T16:53:44.754884,2.316892,0.0,0.0,61923.875,51.0,64222.703125,0,0.0,147.875,deepseek-r1:7b,-1
2025-06-08T16:53:46.901732,0.04007,12.1,0.0,61959.890625,51.0,64193.46875,0,0.0,147.875,deepseek-r1:7b,-1
2025-06-08T16:53:47.006883,0.145221,18.0,0.0,61905.109375,51.0,64250.296875,0,0.0,147.875,deepseek-r1:7b,-1
2025-06-08T16:53:47.112131,0.250469,16.1,0.0,61905.109375,51.0,64250.296875,0,0.0,147.875,deepseek-r1:7b,-1
2025-06-08T16:53:47.215168,0.353506,9.1,0.0,61905.109375,51.0,64250.296875,0,0.0,147.875,deepseek-r1:7b,-1
2025-06-08T16:53:47.320543,0.458881,10.7,0.0,61905.109375,51.0,64250.296875,0,0.0,147.875,deepseek-r1:7b,-1
2025-06-08T16:53:47.422646,0.560984,0.0,0.0,61905.109375,51.0,64250.296875,0,0.0,147.875,deepseek-r1:7b,-1
2025-06-08T16:53:47.526563,0.664901,0.0,0.0,61905.109375,51.0,64250.296875,0,0.0,147.875,deepseek-r1:7b,-1
2025-06-08T16:53:47.631923,0.770261,0.0,0.0,61905.109375,51.0,64250.296875,0,0.0,147.875,deepseek-r1:7b,-1
2025-06-08T16:53:47.737323,0.875661,0.0,0.0,61905.109375,51.0,64250.296875,0,0.0,147.875,deepseek-r1:7b,-1
2025-06-08T16:53:47.842456,0.980794,0.0,0.0,61905.109375,51.0,64250.296875,0,0.0,147.875,deepseek-r1:7b,-1
2025-06-08T16:53:47.947697,1.086035,12.1,0.0,62065.109375,51.1,64085.15625,0,0.0,147.875,deepseek-r1:7b,-1
2025-06-08T16:53:48.048618,1.186956,12.6,0.0,62065.109375,51.1,64085.15625,0,0.0,147.875,deepseek-r1:7b,-1
2025-06-08T16:53:48.149427,1.287765,11.1,0.0,62065.109375,51.1,64085.15625,0,0.0,147.875,deepseek-r1:7b,-1
2025-06-08T16:53:48.254202,1.39254,13.1,0.0,62065.109375,51.1,64085.15625,0,0.0,147.875,deepseek-r1:7b,-1
2025-06-08T16:53:48.359582,1.49792,9.6,0.0,62065.109375,51.1,64085.15625,0,0.0,147.875,deepseek-r1:7b,-1
2025-06-08T16:53:48.464531,1.602869,12.4,0.0,62065.109375,51.1,64085.15625,0,0.0,147.875,deepseek-r1:7b,-1
2025-06-08T16:53:48.569872,1.70821,0.0,0.0,62065.109375,51.1,64085.15625,0,0.0,147.875,deepseek-r1:7b,-1
2025-06-08T16:53:48.675218,1.813556,0.0,0.0,62065.109375,51.1,64085.15625,0,0.0,147.875,deepseek-r1:7b,-1
2025-06-08T16:53:48.778141,1.916479,0.0,0.0,62065.109375,51.1,64085.15625,0,0.0,147.875,deepseek-r1:7b,-1
2025-06-08T16:53:48.883469,2.021807,0.0,0.0,62065.109375,51.1,64085.15625,0,0.0,147.875,deepseek-r1:7b,-1
2025-06-08T16:53:48.987919,2.126257,10.3,0.0,62017.09375,51.1,64130.390625,0,0.0,147.875,deepseek-r1:7b,-1
2025-06-08T16:53:49.092762,2.2311,13.0,0.0,62018.0,51.1,64133.625,0,0.0,147.875,deepseek-r1:7b,-1
2025-06-08T16:53:49.197912,2.33625,12.0,0.0,62017.15625,51.1,64132.671875,0,0.0,147.875,deepseek-r1:7b,-1
2025-06-08T16:53:51.358097,0.04842,12.6,0.0,60924.28125,50.2,65230.296875,0,0.0,147.875,deepseek-r1:7b,-1
2025-06-08T16:53:51.463228,0.153551,18.2,0.0,61245.96875,50.5,64910.71875,0,0.0,147.875,deepseek-r1:7b,-1
2025-06-08T16:53:51.568417,0.25874,0.0,0.0,62039.421875,51.1,64117.515625,0,0.0,147.875,deepseek-r1:7b,-1
2025-06-08T16:53:51.673779,0.364102,0.0,0.0,62052.984375,51.1,64104.84375,0,0.0,147.875,deepseek-r1:7b,-1
2025-06-08T16:53:51.778091,0.468414,0.0,0.0,62052.984375,51.1,64104.84375,0,0.0,147.875,deepseek-r1:7b,-1
2025-06-08T16:53:51.883134,0.573457,0.0,0.0,62052.984375,51.1,64104.84375,0,0.0,147.875,deepseek-r1:7b,-1
2025-06-08T16:53:51.985660,0.675983,0.0,0.0,62052.984375,51.1,64104.84375,0,0.0,147.875,deepseek-r1:7b,-1
2025-06-08T16:53:52.086675,0.776998,0.0,0.0,62052.984375,51.1,64104.84375,0,0.0,147.875,deepseek-r1:7b,-1
2025-06-08T16:53:52.191032,0.881355,0.0,0.0,62052.984375,51.1,64104.84375,0,0.0,147.875,deepseek-r1:7b,-1
2025-06-08T16:53:52.296478,0.986801,0.0,0.0,62052.984375,51.1,64104.84375,0,0.0,147.875,deepseek-r1:7b,-1
2025-06-08T16:53:52.401058,1.091381,11.9,0.0,62052.390625,51.1,64093.734375,0,0.0,147.875,deepseek-r1:7b,-1
2025-06-08T16:53:52.503083,1.193406,13.6,0.0,62012.484375,51.1,64130.625,0,0.0,147.875,deepseek-r1:7b,-1
2025-06-08T16:53:52.608442,1.298765,12.5,0.0,62012.484375,51.1,64130.625,0,0.0,147.875,deepseek-r1:7b,-1
2025-06-08T16:53:52.711412,1.401735,13.3,0.0,62012.484375,51.1,64130.625,0,0.0,147.875,deepseek-r1:7b,-1
2025-06-08T16:53:52.814759,1.505082,11.6,0.0,62012.484375,51.1,64130.625,0,0.0,147.875,deepseek-r1:7b,-1
2025-06-08T16:53:52.920152,1.610475,11.9,0.0,62012.484375,51.1,64130.625,0,0.0,147.875,deepseek-r1:7b,-1
2025-06-08T16:53:53.025528,1.715851,9.5,0.0,62012.484375,51.1,64130.625,0,0.0,147.875,deepseek-r1:7b,-1
2025-06-08T16:53:53.128067,1.81839,11.5,0.0,62012.484375,51.1,64130.625,0,0.0,147.875,deepseek-r1:7b,-1
2025-06-08T16:53:53.232811,1.923134,11.9,0.0,62012.484375,51.1,64130.625,0,0.0,147.875,deepseek-r1:7b,-1
2025-06-08T16:53:53.337723,2.028046,0.0,0.0,62012.484375,51.1,64130.625,0,0.0,147.875,deepseek-r1:7b,-1
2025-06-08T16:53:53.440511,2.130834,10.0,0.0,62000.109375,51.1,64147.921875,0,0.0,147.875,deepseek-r1:7b,-1
2025-06-08T16:53:53.543312,2.233635,11.5,0.0,61927.9375,51.0,64220.4375,0,0.0,147.875,deepseek-r1:7b,-1
2025-06-08T16:53:55.680132,0.029906,13.0,0.0,60546.421875,50.0,65595.921875,0,0.0,147.890625,deepseek-r1:7b,-1
2025-06-08T16:53:55.784027,0.133801,20.2,0.0,61150.78125,50.4,64993.671875,0,0.0,147.890625,deepseek-r1:7b,-1
2025-06-08T16:53:55.889279,0.239053,15.7,0.0,61150.78125,50.4,64993.671875,0,0.0,147.890625,deepseek-r1:7b,-1
2025-06-08T16:53:55.990983,0.340757,9.3,0.0,61150.78125,50.4,64993.671875,0,0.0,147.890625,deepseek-r1:7b,-1
2025-06-08T16:53:56.096349,0.446123,10.7,0.0,61150.78125,50.4,64993.671875,0,0.0,147.890625,deepseek-r1:7b,-1
2025-06-08T16:53:56.200626,0.5504,0.0,0.0,61150.78125,50.4,64993.671875,0,0.0,147.890625,deepseek-r1:7b,-1
2025-06-08T16:53:56.305759,0.655533,0.0,0.0,61150.78125,50.4,64993.671875,0,0.0,147.890625,deepseek-r1:7b,-1
2025-06-08T16:53:56.409132,0.758906,0.0,0.0,61150.78125,50.4,64993.671875,0,0.0,147.890625,deepseek-r1:7b,-1
2025-06-08T16:53:56.511447,0.861221,0.0,0.0,61150.78125,50.4,64993.671875,0,0.0,147.890625,deepseek-r1:7b,-1
2025-06-08T16:53:56.616981,0.966755,0.0,0.0,61150.78125,50.4,64993.671875,0,0.0,147.890625,deepseek-r1:7b,-1
2025-06-08T16:53:56.721741,1.071515,12.7,0.0,62066.328125,51.1,64079.984375,0,0.0,147.890625,deepseek-r1:7b,-1
2025-06-08T16:53:56.826216,1.17599,17.8,0.0,62066.328125,51.1,64079.984375,0,0.0,147.890625,deepseek-r1:7b,-1
2025-06-08T16:53:56.931755,1.281529,11.3,0.0,62066.328125,51.1,64079.984375,0,0.0,147.890625,deepseek-r1:7b,-1
2025-06-08T16:53:57.037112,1.386886,12.6,0.0,62066.328125,51.1,64079.984375,0,0.0,147.890625,deepseek-r1:7b,-1
2025-06-08T16:53:57.142440,1.492214,11.1,0.0,62066.328125,51.1,64079.984375,0,0.0,147.890625,deepseek-r1:7b,-1
2025-06-08T16:53:57.243942,1.593716,10.0,0.0,62066.328125,51.1,64079.984375,0,0.0,147.890625,deepseek-r1:7b,-1
2025-06-08T16:53:57.347379,1.697153,10.5,0.0,62066.328125,51.1,64079.984375,0,0.0,147.890625,deepseek-r1:7b,-1
2025-06-08T16:53:57.452727,1.802501,0.0,0.0,62066.328125,51.1,64079.984375,0,0.0,147.890625,deepseek-r1:7b,-1
2025-06-08T16:53:57.558072,1.907846,0.0,0.0,62066.328125,51.1,64079.984375,0,0.0,147.890625,deepseek-r1:7b,-1
2025-06-08T16:53:57.663404,2.013178,0.0,0.0,62066.328125,51.1,64079.984375,0,0.0,147.890625,deepseek-r1:7b,-1
2025-06-08T16:53:57.767184,2.116958,11.5,0.0,61945.75,51.0,64201.84375,0,0.0,147.890625,deepseek-r1:7b,-1
2025-06-08T16:53:57.869192,2.218966,9.9,0.0,61945.71875,51.0,64202.078125,0,0.0,147.890625,deepseek-r1:7b,-1
2025-06-08T16:54:00.018305,0.040117,14.2,0.0,61424.484375,50.6,64722.578125,0,0.0,147.890625,deepseek-r1:7b,-1
2025-06-08T16:54:00.123439,0.145251,19.9,0.0,61424.484375,50.6,64722.578125,0,0.0,147.890625,deepseek-r1:7b,-1
2025-06-08T16:54:00.228694,0.250506,14.7,0.0,61424.484375,50.6,64722.578125,0,0.0,147.890625,deepseek-r1:7b,-1
2025-06-08T16:54:00.334095,0.355907,9.8,0.0,61424.484375,50.6,64722.578125,0,0.0,147.890625,deepseek-r1:7b,-1
2025-06-08T16:54:00.439516,0.461328,11.0,0.0,61424.484375,50.6,64722.578125,0,0.0,147.890625,deepseek-r1:7b,-1
2025-06-08T16:54:00.544877,0.566689,10.5,0.0,61424.484375,50.6,64722.578125,0,0.0,147.890625,deepseek-r1:7b,-1
2025-06-08T16:54:00.646066,0.667878,15.2,0.0,61424.484375,50.6,64722.578125,0,0.0,147.890625,deepseek-r1:7b,-1
2025-06-08T16:54:00.751305,0.773117,15.0,0.0,61424.484375,50.6,64722.578125,0,0.0,147.890625,deepseek-r1:7b,-1
2025-06-08T16:54:00.853473,0.875285,12.3,0.0,61424.484375,50.6,64722.578125,0,0.0,147.890625,deepseek-r1:7b,-1
2025-06-08T16:54:00.957109,0.978921,0.0,0.0,61424.484375,50.6,64722.578125,0,0.0,147.890625,deepseek-r1:7b,-1
2025-06-08T16:54:01.058956,1.080768,12.2,0.0,62051.171875,51.1,64097.640625,0,0.0,147.890625,deepseek-r1:7b,-1
2025-06-08T16:54:01.161695,1.183507,11.7,0.0,62051.171875,51.1,64097.640625,0,0.0,147.890625,deepseek-r1:7b,-1
2025-06-08T16:54:01.265439,1.287251,14.3,0.0,62051.171875,51.1,64097.640625,0,0.0,147.890625,deepseek-r1:7b,-1
2025-06-08T16:54:01.370030,1.391842,12.0,0.0,62051.171875,51.1,64097.640625,0,0.0,147.890625,deepseek-r1:7b,-1
2025-06-08T16:54:01.474086,1.495898,0.0,0.0,62051.171875,51.1,64097.640625,0,0.0,147.890625,deepseek-r1:7b,-1
2025-06-08T16:54:01.579458,1.60127,0.0,0.0,62051.171875,51.1,64097.640625,0,0.0,147.890625,deepseek-r1:7b,-1
2025-06-08T16:54:01.683762,1.705574,0.0,0.0,62051.171875,51.1,64097.640625,0,0.0,147.890625,deepseek-r1:7b,-1
2025-06-08T16:54:01.786826,1.808638,0.0,0.0,62051.171875,51.1,64097.640625,0,0.0,147.890625,deepseek-r1:7b,-1
2025-06-08T16:54:01.888714,1.910526,0.0,0.0,62051.171875,51.1,64097.640625,0,0.0,147.890625,deepseek-r1:7b,-1
2025-06-08T16:54:01.994088,2.0159,0.0,0.0,62051.171875,51.1,64097.640625,0,0.0,147.890625,deepseek-r1:7b,-1
2025-06-08T16:54:02.098762,2.120574,10.7,0.0,62002.890625,51.1,64151.59375,0,0.0,147.890625,deepseek-r1:7b,-1
2025-06-08T16:54:02.202481,2.224293,11.4,0.0,62002.921875,51.1,64151.984375,0,0.0,147.890625,deepseek-r1:7b,-1
2025-06-08T16:54:04.353932,0.041689,12.5,0.0,60643.296875,50.0,65503.703125,0,0.0,147.890625,deepseek-r1:7b,-1
2025-06-08T16:54:04.459070,0.146827,17.9,0.0,61183.453125,50.4,64961.375,0,0.0,147.890625,deepseek-r1:7b,-1
2025-06-08T16:54:04.564329,0.252086,15.5,0.0,62028.484375,51.1,64116.484375,0,0.0,147.890625,deepseek-r1:7b,-1
2025-06-08T16:54:04.669348,0.357105,9.6,0.0,62028.484375,51.1,64116.484375,0,0.0,147.890625,deepseek-r1:7b,-1
2025-06-08T16:54:04.770014,0.457771,12.7,0.0,62028.484375,51.1,64116.484375,0,0.0,147.890625,deepseek-r1:7b,-1
2025-06-08T16:54:04.871514,0.559271,11.7,0.0,62028.484375,51.1,64116.484375,0,0.0,147.890625,deepseek-r1:7b,-1
2025-06-08T16:54:04.972731,0.660488,13.3,0.0,62028.484375,51.1,64116.484375,0,0.0,147.890625,deepseek-r1:7b,-1
2025-06-08T16:54:05.077751,0.765508,10.8,0.0,62028.484375,51.1,64116.484375,0,0.0,147.890625,deepseek-r1:7b,-1
2025-06-08T16:54:05.180472,0.868229,0.0,0.0,62028.484375,51.1,64116.484375,0,0.0,147.890625,deepseek-r1:7b,-1
2025-06-08T16:54:05.283530,0.971287,0.0,0.0,62028.484375,51.1,64116.484375,0,0.0,147.890625,deepseek-r1:7b,-1
2025-06-08T16:54:05.386625,1.074382,12.2,0.0,62038.515625,51.1,64108.0625,0,0.0,147.890625,deepseek-r1:7b,-1
2025-06-08T16:54:05.492093,1.17985,10.8,0.0,61998.4375,51.1,64148.796875,0,0.0,147.890625,deepseek-r1:7b,-1
2025-06-08T16:54:05.595099,1.282856,13.1,0.0,61998.4375,51.1,64149.53125,0,0.0,147.890625,deepseek-r1:7b,-1
2025-06-08T16:54:05.698693,1.38645,17.6,0.0,61998.4375,51.1,64149.53125,0,0.0,147.890625,deepseek-r1:7b,-1
2025-06-08T16:54:05.799156,1.486913,11.7,0.0,61998.4375,51.1,64149.53125,0,0.0,147.890625,deepseek-r1:7b,-1
2025-06-08T16:54:05.899739,1.587496,10.1,0.0,61998.4375,51.1,64149.53125,0,0.0,147.890625,deepseek-r1:7b,-1
2025-06-08T16:54:06.005116,1.692873,11.3,0.0,61998.4375,51.1,64149.53125,0,0.0,147.890625,deepseek-r1:7b,-1
2025-06-08T16:54:06.110512,1.798269,0.0,0.0,61998.4375,51.1,64149.53125,0,0.0,147.890625,deepseek-r1:7b,-1
2025-06-08T16:54:06.211277,1.899034,0.0,0.0,61998.4375,51.1,64149.53125,0,0.0,147.890625,deepseek-r1:7b,-1
2025-06-08T16:54:06.313945,2.001702,0.0,0.0,61998.4375,51.1,64149.53125,0,0.0,147.890625,deepseek-r1:7b,-1
2025-06-08T16:54:06.419150,2.106907,10.9,0.0,62046.125,51.1,64095.484375,0,0.0,147.890625,deepseek-r1:7b,-1
2025-06-08T16:54:06.524524,2.212281,9.0,0.0,62046.125,51.1,64095.484375,0,0.0,147.890625,deepseek-r1:7b,-1
2025-06-08T16:54:06.629860,2.317617,0.0,0.0,62046.125,51.1,64095.484375,0,0.0,147.890625,deepseek-r1:7b,-1
2025-06-08T16:54:08.763390,0.026677,12.3,0.0,60603.265625,50.0,65537.84375,0,0.0,147.890625,deepseek-r1:7b,-1
2025-06-08T16:54:08.868509,0.131796,18.5,0.0,61143.953125,50.4,64999.609375,0,0.0,147.890625,deepseek-r1:7b,-1
2025-06-08T16:54:08.973690,0.236977,16.1,0.0,62048.53125,51.1,64094.71875,0,0.0,147.890625,deepseek-r1:7b,-1
2025-06-08T16:54:09.079063,0.34235,7.8,0.0,62048.53125,51.1,64094.71875,0,0.0,147.890625,deepseek-r1:7b,-1
2025-06-08T16:54:09.184372,0.447659,14.4,0.0,62048.53125,51.1,64094.71875,0,0.0,147.890625,deepseek-r1:7b,-1
2025-06-08T16:54:09.289553,0.55284,10.7,0.0,62048.53125,51.1,64094.71875,0,0.0,147.890625,deepseek-r1:7b,-1
2025-06-08T16:54:09.394002,0.657289,11.4,0.0,62048.53125,51.1,64094.71875,0,0.0,147.890625,deepseek-r1:7b,-1
2025-06-08T16:54:09.497169,0.760456,11.9,0.0,62048.53125,51.1,64094.71875,0,0.0,147.890625,deepseek-r1:7b,-1
2025-06-08T16:54:09.598895,0.862182,11.2,0.0,62048.53125,51.1,64094.71875,0,0.0,147.890625,deepseek-r1:7b,-1
2025-06-08T16:54:09.703353,0.96664,0.0,0.0,62048.53125,51.1,64094.71875,0,0.0,147.890625,deepseek-r1:7b,-1
2025-06-08T16:54:09.809313,1.0726,12.9,0.0,62048.484375,51.1,64097.484375,0,0.0,147.890625,deepseek-r1:7b,-1
2025-06-08T16:54:09.914628,1.177915,12.6,0.0,62048.5625,51.1,64098.15625,0,0.0,147.890625,deepseek-r1:7b,-1
2025-06-08T16:54:10.019890,1.283177,11.2,0.0,62048.5625,51.1,64098.15625,0,0.0,147.890625,deepseek-r1:7b,-1
2025-06-08T16:54:10.125315,1.388602,10.9,0.0,62048.5625,51.1,64098.15625,0,0.0,147.890625,deepseek-r1:7b,-1
2025-06-08T16:54:10.227290,1.490577,11.3,0.0,62048.5625,51.1,64098.15625,0,0.0,147.890625,deepseek-r1:7b,-1
2025-06-08T16:54:10.331950,1.595237,10.3,0.0,62048.5625,51.1,64098.15625,0,0.0,147.890625,deepseek-r1:7b,-1
2025-06-08T16:54:10.436697,1.699984,11.3,0.0,62048.5625,51.1,64098.15625,0,0.0,147.890625,deepseek-r1:7b,-1
2025-06-08T16:54:10.538539,1.801826,8.6,0.0,62048.5625,51.1,64098.15625,0,0.0,147.890625,deepseek-r1:7b,-1
2025-06-08T16:54:10.643932,1.907219,10.9,0.0,62048.5625,51.1,64098.15625,0,0.0,147.890625,deepseek-r1:7b,-1
2025-06-08T16:54:10.748625,2.011912,0.0,0.0,62048.5625,51.1,64098.15625,0,0.0,147.890625,deepseek-r1:7b,-1
2025-06-08T16:54:10.851455,2.114742,14.3,0.0,61924.0625,51.0,64218.140625,0,0.0,147.890625,deepseek-r1:7b,-1
2025-06-08T16:54:10.952674,2.215961,10.6,0.0,61924.046875,51.0,64218.421875,0,0.0,147.890625,deepseek-r1:7b,-1
2025-06-08T16:54:13.104040,0.039866,12.8,0.0,60633.578125,50.0,65511.21875,0,0.0,147.890625,deepseek-r1:7b,-1
2025-06-08T16:54:13.207332,0.143158,16.9,0.0,61173.671875,50.4,64973.25,0,0.0,147.890625,deepseek-r1:7b,-1
2025-06-08T16:54:13.312615,0.248441,17.2,0.0,62023.328125,51.1,64123.609375,0,0.0,147.890625,deepseek-r1:7b,-1
2025-06-08T16:54:13.414241,0.350067,8.8,0.0,62023.328125,51.1,64123.609375,0,0.0,147.890625,deepseek-r1:7b,-1
2025-06-08T16:54:13.515317,0.451143,11.9,0.0,62023.328125,51.1,64123.609375,0,0.0,147.890625,deepseek-r1:7b,-1
2025-06-08T16:54:13.619402,0.555228,10.5,0.0,62023.328125,51.1,64123.609375,0,0.0,147.890625,deepseek-r1:7b,-1
2025-06-08T16:54:13.724065,0.659891,13.4,0.0,62023.328125,51.1,64123.609375,0,0.0,147.890625,deepseek-r1:7b,-1
2025-06-08T16:54:13.829452,0.765278,0.0,0.0,62023.328125,51.1,64123.609375,0,0.0,147.890625,deepseek-r1:7b,-1
2025-06-08T16:54:13.934794,0.87062,0.0,0.0,62023.328125,51.1,64123.609375,0,0.0,147.890625,deepseek-r1:7b,-1
2025-06-08T16:54:14.039745,0.975571,0.0,0.0,62023.328125,51.1,64123.609375,0,0.0,147.890625,deepseek-r1:7b,-1
2025-06-08T16:54:14.145104,1.08093,13.7,0.0,62031.859375,51.1,64117.078125,0,0.0,147.890625,deepseek-r1:7b,-1
2025-06-08T16:54:14.250288,1.186114,14.4,0.0,62029.0625,51.1,64118.234375,0,0.0,147.890625,deepseek-r1:7b,-1
2025-06-08T16:54:14.355434,1.29126,12.5,0.0,62029.0625,51.1,64118.234375,0,0.0,147.890625,deepseek-r1:7b,-1
2025-06-08T16:54:14.460562,1.396388,12.3,0.0,62029.0625,51.1,64118.234375,0,0.0,147.890625,deepseek-r1:7b,-1
2025-06-08T16:54:14.565034,1.50086,12.6,0.0,62029.0625,51.1,64118.234375,0,0.0,147.890625,deepseek-r1:7b,-1
2025-06-08T16:54:14.666026,1.601852,0.0,0.0,62029.0625,51.1,64118.234375,0,0.0,147.890625,deepseek-r1:7b,-1
2025-06-08T16:54:14.766599,1.702425,0.0,0.0,62029.0625,51.1,64118.234375,0,0.0,147.890625,deepseek-r1:7b,-1
2025-06-08T16:54:14.867812,1.803638,0.0,0.0,62029.0625,51.1,64118.234375,0,0.0,147.890625,deepseek-r1:7b,-1
2025-06-08T16:54:14.973168,1.908994,0.0,0.0,62029.0625,51.1,64118.234375,0,0.0,147.890625,deepseek-r1:7b,-1
2025-06-08T16:54:15.078563,2.014389,0.0,0.0,62029.0625,51.1,64118.234375,0,0.0,147.890625,deepseek-r1:7b,-1
2025-06-08T16:54:15.183966,2.119792,10.8,0.0,61989.046875,51.0,64159.96875,0,0.0,147.890625,deepseek-r1:7b,-1
2025-06-08T16:54:15.288369,2.224195,10.8,0.0,61989.046875,51.0,64160.359375,0,0.0,147.890625,deepseek-r1:7b,-1
2025-06-08T16:54:17.443496,0.045111,13.2,0.0,61465.171875,50.6,64687.546875,0,0.0,147.90625,deepseek-r1:7b,-1
2025-06-08T16:54:17.548635,0.15025,17.2,0.0,61227.171875,50.5,64927.34375,0,0.0,147.90625,deepseek-r1:7b,-1
2025-06-08T16:54:17.653896,0.255511,15.2,0.0,61227.171875,50.5,64927.34375,0,0.0,147.90625,deepseek-r1:7b,-1
2025-06-08T16:54:17.759339,0.360954,12.4,0.0,61227.171875,50.5,64927.34375,0,0.0,147.90625,deepseek-r1:7b,-1
2025-06-08T16:54:17.862755,0.46437,11.0,0.0,61227.171875,50.5,64927.34375,0,0.0,147.90625,deepseek-r1:7b,-1
2025-06-08T16:54:17.964850,0.566465,10.8,0.0,61227.171875,50.5,64927.34375,0,0.0,147.90625,deepseek-r1:7b,-1
2025-06-08T16:54:18.070168,0.671783,0.0,0.0,61227.171875,50.5,64927.34375,0,0.0,147.90625,deepseek-r1:7b,-1
2025-06-08T16:54:18.174010,0.775625,0.0,0.0,61227.171875,50.5,64927.34375,0,0.0,147.90625,deepseek-r1:7b,-1
2025-06-08T16:54:18.279448,0.881063,0.0,0.0,61227.171875,50.5,64927.34375,0,0.0,147.90625,deepseek-r1:7b,-1
2025-06-08T16:54:18.382229,0.983844,0.0,0.0,61227.171875,50.5,64927.34375,0,0.0,147.90625,deepseek-r1:7b,-1
2025-06-08T16:54:18.487521,1.089136,12.5,0.0,62061.171875,51.1,64088.75,0,0.0,147.90625,deepseek-r1:7b,-1
2025-06-08T16:54:18.592938,1.194553,11.5,0.0,62021.09375,51.1,64129.46875,0,0.0,147.90625,deepseek-r1:7b,-1
2025-06-08T16:54:18.698306,1.299921,0.0,0.0,62021.046875,51.1,64130.234375,0,0.0,147.90625,deepseek-r1:7b,-1
2025-06-08T16:54:18.803736,1.405351,0.0,0.0,62021.046875,51.1,64130.234375,0,0.0,147.90625,deepseek-r1:7b,-1
2025-06-08T16:54:18.909101,1.510716,0.0,0.0,62021.046875,51.1,64130.234375,0,0.0,147.90625,deepseek-r1:7b,-1
2025-06-08T16:54:19.010124,1.611739,0.0,0.0,62021.046875,51.1,64130.234375,0,0.0,147.90625,deepseek-r1:7b,-1
2025-06-08T16:54:19.111296,1.712911,0.0,0.0,62021.046875,51.1,64130.234375,0,0.0,147.90625,deepseek-r1:7b,-1
2025-06-08T16:54:19.215925,1.81754,0.0,0.0,62021.046875,51.1,64130.234375,0,0.0,147.90625,deepseek-r1:7b,-1
2025-06-08T16:54:19.319970,1.921585,0.0,0.0,62021.046875,51.1,64130.234375,0,0.0,147.90625,deepseek-r1:7b,-1
2025-06-08T16:54:19.422467,2.024082,0.0,0.0,62021.046875,51.1,64130.234375,0,0.0,147.90625,deepseek-r1:7b,-1
2025-06-08T16:54:19.526228,2.127843,11.6,0.0,61991.125,51.0,64162.09375,0,0.0,147.90625,deepseek-r1:7b,-1
2025-06-08T16:54:19.631618,2.233233,10.8,0.0,61941.109375,51.0,64212.5,0,0.0,147.90625,deepseek-r1:7b,-1
2025-06-08T16:54:21.782672,0.04047,13.0,0.0,61465.875,50.6,64696.984375,0,0.0,147.90625,deepseek-r1:7b,-1
2025-06-08T16:54:21.885489,0.143287,17.2,0.0,61465.875,50.6,64696.984375,0,0.0,147.90625,deepseek-r1:7b,-1
2025-06-08T16:54:21.990733,0.248531,0.0,0.0,61465.875,50.6,64696.984375,0,0.0,147.90625,deepseek-r1:7b,-1
2025-06-08T16:54:22.093782,0.35158,0.0,0.0,61465.875,50.6,64696.984375,0,0.0,147.90625,deepseek-r1:7b,-1
2025-06-08T16:54:22.199131,0.456929,0.0,0.0,61465.875,50.6,64696.984375,0,0.0,147.90625,deepseek-r1:7b,-1
2025-06-08T16:54:22.303087,0.560885,0.0,0.0,61465.875,50.6,64696.984375,0,0.0,147.90625,deepseek-r1:7b,-1
2025-06-08T16:54:22.407830,0.665628,0.0,0.0,61465.875,50.6,64696.984375,0,0.0,147.90625,deepseek-r1:7b,-1
2025-06-08T16:54:22.510109,0.767907,0.0,0.0,61465.875,50.6,64696.984375,0,0.0,147.90625,deepseek-r1:7b,-1
2025-06-08T16:54:22.611326,0.869124,0.0,0.0,61465.875,50.6,64696.984375,0,0.0,147.90625,deepseek-r1:7b,-1
2025-06-08T16:54:22.716327,0.974125,0.0,0.0,61465.875,50.6,64696.984375,0,0.0,147.90625,deepseek-r1:7b,-1
2025-06-08T16:54:22.821700,1.079498,12.1,0.0,62090.890625,51.1,64068.0,0,0.0,147.90625,deepseek-r1:7b,-1
2025-06-08T16:54:22.927177,1.184975,12.0,0.0,62090.640625,51.1,64069.28125,0,0.0,147.90625,deepseek-r1:7b,-1
2025-06-08T16:54:23.028074,1.285872,13.5,0.0,62090.640625,51.1,64069.28125,0,0.0,147.90625,deepseek-r1:7b,-1
2025-06-08T16:54:23.133437,1.391235,0.0,0.0,62090.640625,51.1,64069.28125,0,0.0,147.90625,deepseek-r1:7b,-1
2025-06-08T16:54:23.237905,1.495703,0.0,0.0,62090.640625,51.1,64069.28125,0,0.0,147.90625,deepseek-r1:7b,-1
2025-06-08T16:54:23.341479,1.599277,0.0,0.0,62090.640625,51.1,64069.28125,0,0.0,147.90625,deepseek-r1:7b,-1
2025-06-08T16:54:23.446840,1.704638,0.0,0.0,62090.640625,51.1,64069.28125,0,0.0,147.90625,deepseek-r1:7b,-1
2025-06-08T16:54:23.552171,1.809969,0.0,0.0,62090.640625,51.1,64069.28125,0,0.0,147.90625,deepseek-r1:7b,-1
2025-06-08T16:54:23.657551,1.915349,0.0,0.0,62090.640625,51.1,64069.28125,0,0.0,147.90625,deepseek-r1:7b,-1
2025-06-08T16:54:23.759485,2.017283,0.0,0.0,62090.640625,51.1,64069.28125,0,0.0,147.90625,deepseek-r1:7b,-1
2025-06-08T16:54:23.860178,2.117976,11.1,0.0,61965.90625,51.0,64195.34375,0,0.0,147.90625,deepseek-r1:7b,-1
2025-06-08T16:54:23.965054,2.222852,11.8,0.0,61965.90625,51.0,64195.546875,0,0.0,147.90625,deepseek-r1:7b,-1
2025-06-08T16:54:24.068734,2.326532,9.1,0.0,61965.90625,51.0,64195.546875,0,0.0,147.90625,deepseek-r1:7b,-1
2025-06-08T16:54:26.210799,0.031273,12.7,0.0,61061.40625,50.3,65092.6875,0,0.0,147.90625,deepseek-r1:7b,-1
2025-06-08T16:54:26.315954,0.136428,24.7,0.0,61249.0,50.5,64907.609375,0,0.0,147.90625,deepseek-r1:7b,-1
2025-06-08T16:54:26.421200,0.241674,0.0,0.0,62083.375,51.1,64073.40625,0,0.0,147.90625,deepseek-r1:7b,-1
2025-06-08T16:54:26.526494,0.346968,0.0,0.0,62083.328125,51.1,64073.625,0,0.0,147.90625,deepseek-r1:7b,-1
2025-06-08T16:54:26.628400,0.448874,0.0,0.0,62083.328125,51.1,64073.625,0,0.0,147.90625,deepseek-r1:7b,-1
2025-06-08T16:54:26.731615,0.552089,0.0,0.0,62083.328125,51.1,64073.625,0,0.0,147.90625,deepseek-r1:7b,-1
2025-06-08T16:54:26.832511,0.652985,0.0,0.0,62083.328125,51.1,64073.625,0,0.0,147.90625,deepseek-r1:7b,-1
2025-06-08T16:54:26.937514,0.757988,0.0,0.0,62083.328125,51.1,64073.625,0,0.0,147.90625,deepseek-r1:7b,-1
2025-06-08T16:54:27.040677,0.861151,0.0,0.0,62083.328125,51.1,64073.625,0,0.0,147.90625,deepseek-r1:7b,-1
2025-06-08T16:54:27.145632,0.966106,0.0,0.0,62083.328125,51.1,64073.625,0,0.0,147.90625,deepseek-r1:7b,-1
2025-06-08T16:54:27.250536,1.07101,12.1,0.0,62094.078125,51.1,64060.125,0,0.0,147.90625,deepseek-r1:7b,-1
2025-06-08T16:54:27.351901,1.172375,12.8,0.0,62094.078125,51.1,64060.734375,0,0.0,147.90625,deepseek-r1:7b,-1
2025-06-08T16:54:27.457105,1.277579,0.0,0.0,62094.078125,51.1,64060.734375,0,0.0,147.90625,deepseek-r1:7b,-1
2025-06-08T16:54:27.562535,1.383009,0.0,0.0,62094.078125,51.1,64060.734375,0,0.0,147.90625,deepseek-r1:7b,-1
2025-06-08T16:54:27.667908,1.488382,0.0,0.0,62094.078125,51.1,64060.734375,0,0.0,147.90625,deepseek-r1:7b,-1
2025-06-08T16:54:27.773298,1.593772,0.0,0.0,62094.078125,51.1,64060.734375,0,0.0,147.90625,deepseek-r1:7b,-1
2025-06-08T16:54:27.876394,1.696868,0.0,0.0,62094.078125,51.1,64060.734375,0,0.0,147.90625,deepseek-r1:7b,-1
2025-06-08T16:54:27.981303,1.801777,0.0,0.0,62094.078125,51.1,64060.734375,0,0.0,147.90625,deepseek-r1:7b,-1
2025-06-08T16:54:28.086656,1.90713,0.0,0.0,62094.078125,51.1,64060.734375,0,0.0,147.90625,deepseek-r1:7b,-1
2025-06-08T16:54:28.192000,2.012474,0.0,0.0,62094.078125,51.1,64060.734375,0,0.0,147.90625,deepseek-r1:7b,-1
2025-06-08T16:54:28.297363,2.117837,12.3,0.0,62041.890625,51.1,64117.609375,0,0.0,147.90625,deepseek-r1:7b,-1
2025-06-08T16:54:28.401310,2.221784,10.1,0.0,62041.890625,51.1,64117.8125,0,0.0,147.90625,deepseek-r1:7b,-1
2025-06-08T16:54:28.506148,2.326622,10.3,0.0,62041.890625,51.1,64117.8125,0,0.0,147.90625,deepseek-r1:7b,-1
2025-06-08T16:54:30.655429,0.040797,12.4,0.0,60687.15625,50.1,65461.296875,0,0.0,147.90625,deepseek-r1:7b,-1
2025-06-08T16:54:30.760556,0.145924,18.3,0.0,61227.328125,50.5,64923.265625,0,0.0,147.90625,deepseek-r1:7b,-1
2025-06-08T16:54:30.865379,0.250747,21.6,0.0,61227.328125,50.5,64923.265625,0,0.0,147.90625,deepseek-r1:7b,-1
2025-06-08T16:54:30.970555,0.355923,9.5,0.0,61227.328125,50.5,64923.265625,0,0.0,147.90625,deepseek-r1:7b,-1
2025-06-08T16:54:31.073782,0.45915,9.9,0.0,61227.328125,50.5,64923.265625,0,0.0,147.90625,deepseek-r1:7b,-1
2025-06-08T16:54:31.179164,0.564532,15.2,0.0,61227.328125,50.5,64923.265625,0,0.0,147.90625,deepseek-r1:7b,-1
2025-06-08T16:54:31.281534,0.666902,12.4,0.0,61227.328125,50.5,64923.265625,0,0.0,147.90625,deepseek-r1:7b,-1
2025-06-08T16:54:31.386903,0.772271,12.8,0.0,61227.328125,50.5,64923.265625,0,0.0,147.90625,deepseek-r1:7b,-1
2025-06-08T16:54:31.487425,0.872793,11.4,0.0,61227.328125,50.5,64923.265625,0,0.0,147.90625,deepseek-r1:7b,-1
2025-06-08T16:54:31.590430,0.975798,0.0,0.0,61227.328125,50.5,64923.265625,0,0.0,147.90625,deepseek-r1:7b,-1
2025-06-08T16:54:31.695817,1.081185,11.5,0.0,62094.65625,51.1,64057.609375,0,0.0,147.90625,deepseek-r1:7b,-1
2025-06-08T16:54:31.801269,1.186637,13.8,0.0,62094.640625,51.1,64058.296875,0,0.0,147.90625,deepseek-r1:7b,-1
2025-06-08T16:54:31.905067,1.290435,14.8,0.0,62094.640625,51.1,64058.296875,0,0.0,147.90625,deepseek-r1:7b,-1
2025-06-08T16:54:32.010238,1.395606,11.2,0.0,62094.640625,51.1,64058.296875,0,0.0,147.90625,deepseek-r1:7b,-1
2025-06-08T16:54:32.115005,1.500373,10.4,0.0,62094.640625,51.1,64058.296875,0,0.0,147.90625,deepseek-r1:7b,-1
2025-06-08T16:54:32.219077,1.604445,0.0,0.0,62094.640625,51.1,64058.296875,0,0.0,147.90625,deepseek-r1:7b,-1
2025-06-08T16:54:32.322773,1.708141,0.0,0.0,62094.640625,51.1,64058.296875,0,0.0,147.90625,deepseek-r1:7b,-1
2025-06-08T16:54:32.428149,1.813517,0.0,0.0,62094.640625,51.1,64058.296875,0,0.0,147.90625,deepseek-r1:7b,-1
2025-06-08T16:54:32.531061,1.916429,0.0,0.0,62094.640625,51.1,64058.296875,0,0.0,147.90625,deepseek-r1:7b,-1
2025-06-08T16:54:32.634349,2.019717,0.0,0.0,62094.640625,51.1,64058.296875,0,0.0,147.90625,deepseek-r1:7b,-1
2025-06-08T16:54:32.739058,2.124426,10.7,0.0,61974.78125,51.0,64175.046875,0,0.0,147.90625,deepseek-r1:7b,-1
2025-06-08T16:54:32.844438,2.229806,11.9,0.0,61974.9375,51.0,64175.96875,0,0.0,147.90625,deepseek-r1:7b,-1
2025-06-08T16:54:32.945005,2.330373,9.9,0.0,61974.9375,51.0,64175.96875,0,0.0,147.90625,deepseek-r1:7b,-1
2025-06-08T16:54:35.093276,0.041883,13.5,0.0,60687.546875,50.0,65471.3125,0,0.0,147.90625,deepseek-r1:7b,-1
2025-06-08T16:54:35.198418,0.147025,19.0,0.0,61227.703125,50.5,64929.171875,0,0.0,147.90625,deepseek-r1:7b,-1
2025-06-08T16:54:35.303676,0.252283,16.6,0.0,61227.703125,50.5,64929.171875,0,0.0,147.90625,deepseek-r1:7b,-1
2025-06-08T16:54:35.409064,0.357671,10.0,0.0,61227.703125,50.5,64929.171875,0,0.0,147.90625,deepseek-r1:7b,-1
2025-06-08T16:54:35.514355,0.462962,9.1,0.0,61227.703125,50.5,64929.171875,0,0.0,147.90625,deepseek-r1:7b,-1
2025-06-08T16:54:35.619749,0.568356,0.0,0.0,61227.703125,50.5,64929.171875,0,0.0,147.90625,deepseek-r1:7b,-1
2025-06-08T16:54:35.724433,0.67304,0.0,0.0,61227.703125,50.5,64929.171875,0,0.0,147.90625,deepseek-r1:7b,-1
2025-06-08T16:54:35.829832,0.778439,0.0,0.0,61227.703125,50.5,64929.171875,0,0.0,147.90625,deepseek-r1:7b,-1
2025-06-08T16:54:35.932403,0.88101,0.0,0.0,61227.703125,50.5,64929.171875,0,0.0,147.90625,deepseek-r1:7b,-1
2025-06-08T16:54:36.037612,0.986219,0.0,0.0,61227.703125,50.5,64929.171875,0,0.0,147.90625,deepseek-r1:7b,-1
2025-06-08T16:54:36.139958,1.088565,12.9,0.0,62070.859375,51.1,64090.90625,0,0.0,147.90625,deepseek-r1:7b,-1
2025-06-08T16:54:36.244008,1.192615,13.0,0.0,62082.09375,51.1,64080.625,0,0.0,147.90625,deepseek-r1:7b,-1
2025-06-08T16:54:36.349370,1.297977,12.0,0.0,62082.0625,51.1,64081.40625,0,0.0,147.90625,deepseek-r1:7b,-1
2025-06-08T16:54:36.452335,1.400942,13.3,0.0,62082.09375,51.1,64082.03125,0,0.0,147.90625,deepseek-r1:7b,-1
2025-06-08T16:54:36.557703,1.50631,10.9,0.0,62082.09375,51.1,64082.03125,0,0.0,147.90625,deepseek-r1:7b,-1
2025-06-08T16:54:36.663047,1.611654,10.5,0.0,62082.09375,51.1,64082.03125,0,0.0,147.90625,deepseek-r1:7b,-1
2025-06-08T16:54:36.768117,1.716724,0.0,0.0,62082.09375,51.1,64082.03125,0,0.0,147.90625,deepseek-r1:7b,-1
2025-06-08T16:54:36.872659,1.821266,0.0,0.0,62082.09375,51.1,64082.03125,0,0.0,147.90625,deepseek-r1:7b,-1
2025-06-08T16:54:36.977328,1.925935,0.0,0.0,62082.09375,51.1,64082.03125,0,0.0,147.90625,deepseek-r1:7b,-1
2025-06-08T16:54:37.081645,2.030252,0.0,0.0,62082.09375,51.1,64082.03125,0,0.0,147.90625,deepseek-r1:7b,-1
2025-06-08T16:54:37.186999,2.135606,10.8,0.0,62081.984375,51.1,64081.28125,0,0.0,147.90625,deepseek-r1:7b,-1
2025-06-08T16:54:37.289335,2.237942,11.0,0.0,62081.984375,51.1,64081.28125,0,0.0,147.90625,deepseek-r1:7b,-1
2025-06-08T16:54:37.393982,2.342589,9.6,0.0,62081.984375,51.1,64081.28125,0,0.0,147.90625,deepseek-r1:7b,-1
2025-06-08T16:54:39.542480,0.038367,13.0,0.0,60651.65625,50.0,65510.28125,0,0.1,147.921875,deepseek-r1:7b,-1
2025-06-08T16:54:39.647618,0.143505,17.3,0.0,61191.890625,50.4,64968.1875,0,0.0,147.921875,deepseek-r1:7b,-1
2025-06-08T16:54:39.752862,0.248749,16.7,0.0,62083.53125,51.1,64077.0,0,0.0,147.921875,deepseek-r1:7b,-1
2025-06-08T16:54:39.853561,0.349448,11.4,0.0,62083.53125,51.1,64077.0,0,0.0,147.921875,deepseek-r1:7b,-1
2025-06-08T16:54:39.955953,0.45184,9.2,0.0,62083.53125,51.1,64077.0,0,0.0,147.921875,deepseek-r1:7b,-1
2025-06-08T16:54:40.056552,0.552439,12.3,0.0,62083.53125,51.1,64077.0,0,0.0,147.921875,deepseek-r1:7b,-1
2025-06-08T16:54:40.156936,0.652823,11.9,0.0,62083.53125,51.1,64077.0,0,0.0,147.921875,deepseek-r1:7b,-1
2025-06-08T16:54:40.262352,0.758239,16.5,0.0,62083.53125,51.1,64077.0,0,0.0,147.921875,deepseek-r1:7b,-1
2025-06-08T16:54:40.364279,0.860166,13.5,0.0,62083.53125,51.1,64077.0,0,0.0,147.921875,deepseek-r1:7b,-1
2025-06-08T16:54:40.465263,0.96115,0.0,0.0,62083.53125,51.1,64077.0,0,0.0,147.921875,deepseek-r1:7b,-1
2025-06-08T16:54:40.569647,1.065534,11.9,0.0,62095.140625,51.1,64063.765625,0,0.0,147.921875,deepseek-r1:7b,-1
2025-06-08T16:54:40.675017,1.170904,11.5,0.0,62094.953125,51.1,64060.546875,0,0.0,147.921875,deepseek-r1:7b,-1
2025-06-08T16:54:40.777323,1.27321,0.0,0.0,62046.875,51.1,64109.359375,0,0.0,147.921875,deepseek-r1:7b,-1
2025-06-08T16:54:40.882051,1.377938,0.0,0.0,62046.875,51.1,64109.359375,0,0.0,147.921875,deepseek-r1:7b,-1
2025-06-08T16:54:40.987350,1.483237,0.0,0.0,62046.875,51.1,64109.359375,0,0.0,147.921875,deepseek-r1:7b,-1
2025-06-08T16:54:41.090990,1.586877,0.0,0.0,62046.875,51.1,64109.359375,0,0.0,147.921875,deepseek-r1:7b,-1
2025-06-08T16:54:41.195727,1.691614,0.0,0.0,62046.875,51.1,64109.359375,0,0.0,147.921875,deepseek-r1:7b,-1
2025-06-08T16:54:41.301230,1.797117,0.0,0.0,62046.875,51.1,64109.359375,0,0.0,147.921875,deepseek-r1:7b,-1
2025-06-08T16:54:41.406308,1.902195,0.0,0.0,62046.875,51.1,64109.359375,0,0.0,147.921875,deepseek-r1:7b,-1
2025-06-08T16:54:41.507356,2.003243,0.0,0.0,62046.875,51.1,64109.359375,0,0.0,147.921875,deepseek-r1:7b,-1
2025-06-08T16:54:41.612733,2.10862,12.6,0.0,62102.828125,51.1,64059.734375,0,0.0,147.921875,deepseek-r1:7b,-1
2025-06-08T16:54:41.715425,2.211312,10.3,0.0,62102.796875,51.1,64056.015625,0,0.0,147.921875,deepseek-r1:7b,-1
2025-06-08T16:54:41.819898,2.315785,12.5,0.0,62102.796875,51.1,64056.015625,0,0.0,147.921875,deepseek-r1:7b,-1
2025-06-08T16:54:43.967310,0.038446,12.2,0.0,60622.390625,50.0,65540.234375,0,0.0,147.921875,deepseek-r1:7b,-1
2025-06-08T16:54:44.068513,0.139649,15.7,0.0,61162.96875,50.4,64997.671875,0,0.0,147.921875,deepseek-r1:7b,-1
2025-06-08T16:54:44.173974,0.24511,18.3,0.0,61162.96875,50.4,64997.671875,0,0.0,147.921875,deepseek-r1:7b,-1
2025-06-08T16:54:44.279140,0.350276,10.7,0.0,61162.96875,50.4,64997.671875,0,0.0,147.921875,deepseek-r1:7b,-1
2025-06-08T16:54:44.382437,0.453573,9.8,0.0,61162.96875,50.4,64997.671875,0,0.0,147.921875,deepseek-r1:7b,-1
2025-06-08T16:54:44.487795,0.558931,9.0,0.0,61162.96875,50.4,64997.671875,0,0.0,147.921875,deepseek-r1:7b,-1
2025-06-08T16:54:44.590401,0.661537,10.4,0.0,61162.96875,50.4,64997.671875,0,0.0,147.921875,deepseek-r1:7b,-1
2025-06-08T16:54:44.691249,0.762385,10.6,0.0,61162.96875,50.4,64997.671875,0,0.0,147.921875,deepseek-r1:7b,-1
2025-06-08T16:54:44.796629,0.867765,14.0,0.0,61162.96875,50.4,64997.671875,0,0.0,147.921875,deepseek-r1:7b,-1
2025-06-08T16:54:44.901702,0.972838,0.0,0.0,61162.96875,50.4,64997.671875,0,0.0,147.921875,deepseek-r1:7b,-1
2025-06-08T16:54:45.007004,1.07814,11.4,0.0,62103.78125,51.1,64054.140625,0,0.0,147.921875,deepseek-r1:7b,-1
2025-06-08T16:54:45.112393,1.183529,10.5,0.0,62103.765625,51.1,64054.359375,0,0.0,147.921875,deepseek-r1:7b,-1
2025-06-08T16:54:45.214955,1.286091,11.6,0.0,62103.765625,51.1,64054.359375,0,0.0,147.921875,deepseek-r1:7b,-1
2025-06-08T16:54:45.316828,1.387964,10.6,0.0,62103.765625,51.1,64054.359375,0,0.0,147.921875,deepseek-r1:7b,-1
2025-06-08T16:54:45.422228,1.493364,9.5,0.0,62103.765625,51.1,64054.359375,0,0.0,147.921875,deepseek-r1:7b,-1
2025-06-08T16:54:45.527593,1.598729,0.0,0.0,62103.765625,51.1,64054.359375,0,0.0,147.921875,deepseek-r1:7b,-1
2025-06-08T16:54:45.632461,1.703597,0.0,0.0,62103.765625,51.1,64054.359375,0,0.0,147.921875,deepseek-r1:7b,-1
2025-06-08T16:54:45.736022,1.807158,0.0,0.0,62103.765625,51.1,64054.359375,0,0.0,147.921875,deepseek-r1:7b,-1
2025-06-08T16:54:45.841400,1.912536,0.0,0.0,62103.765625,51.1,64054.359375,0,0.0,147.921875,deepseek-r1:7b,-1
2025-06-08T16:54:45.946815,2.017951,0.0,0.0,62103.765625,51.1,64054.359375,0,0.0,147.921875,deepseek-r1:7b,-1
2025-06-08T16:54:46.052209,2.123345,11.6,0.0,61976.265625,51.0,64181.34375,0,0.0,147.921875,deepseek-r1:7b,-1
2025-06-08T16:54:46.157432,2.228568,10.8,0.0,61976.28125,51.0,64181.6875,0,0.0,147.921875,deepseek-r1:7b,-1
2025-06-08T16:54:46.258285,2.329421,11.7,0.0,61976.28125,51.0,64181.6875,0,0.0,147.921875,deepseek-r1:7b,-1
2025-06-08T16:54:46.361361,2.432497,12.1,0.0,61976.28125,51.0,64181.6875,0,0.0,147.921875,deepseek-r1:7b,-1
2025-06-08T16:54:48.514866,0.041645,11.0,0.0,62011.359375,51.1,64149.78125,0,0.0,147.921875,deepseek-r1:7b,-1
2025-06-08T16:54:48.620022,0.146801,17.9,0.0,62000.671875,51.0,64162.125,0,0.0,147.921875,deepseek-r1:7b,-1
2025-06-08T16:54:48.725405,0.252184,0.0,0.0,62000.671875,51.0,64162.125,0,0.0,147.921875,deepseek-r1:7b,-1
2025-06-08T16:54:48.828369,0.355148,0.0,0.0,62000.671875,51.0,64162.125,0,0.0,147.921875,deepseek-r1:7b,-1
2025-06-08T16:54:48.933743,0.460522,0.0,0.0,62000.671875,51.0,64162.125,0,0.0,147.921875,deepseek-r1:7b,-1
2025-06-08T16:54:49.036580,0.563359,0.0,0.0,62000.671875,51.0,64162.125,0,0.0,147.921875,deepseek-r1:7b,-1
2025-06-08T16:54:49.141951,0.66873,0.0,0.0,62000.671875,51.0,64162.125,0,0.0,147.921875,deepseek-r1:7b,-1
2025-06-08T16:54:49.247118,0.773897,0.0,0.0,62000.671875,51.0,64162.125,0,0.0,147.921875,deepseek-r1:7b,-1
2025-06-08T16:54:49.352323,0.879102,0.0,0.0,62000.671875,51.0,64162.125,0,0.0,147.921875,deepseek-r1:7b,-1
2025-06-08T16:54:49.454212,0.980991,0.0,0.0,62000.671875,51.0,64162.125,0,0.0,147.921875,deepseek-r1:7b,-1
2025-06-08T16:54:49.559591,1.08637,12.1,0.0,62097.59375,51.1,64058.15625,0,0.0,147.921875,deepseek-r1:7b,-1
2025-06-08T16:54:49.662455,1.189234,10.4,0.0,62097.640625,51.1,64058.53125,0,0.0,147.921875,deepseek-r1:7b,-1
2025-06-08T16:54:49.767360,1.294139,10.9,0.0,62097.640625,51.1,64058.53125,0,0.0,147.921875,deepseek-r1:7b,-1
2025-06-08T16:54:49.872425,1.399204,13.6,0.0,62097.640625,51.1,64058.53125,0,0.0,147.921875,deepseek-r1:7b,-1
2025-06-08T16:54:49.977804,1.504583,11.2,0.0,62097.640625,51.1,64058.53125,0,0.0,147.921875,deepseek-r1:7b,-1
2025-06-08T16:54:50.081444,1.608223,10.2,0.0,62097.640625,51.1,64058.53125,0,0.0,147.921875,deepseek-r1:7b,-1
2025-06-08T16:54:50.186847,1.713626,10.2,0.0,62097.640625,51.1,64058.53125,0,0.0,147.921875,deepseek-r1:7b,-1
2025-06-08T16:54:50.292250,1.819029,10.1,0.0,62097.640625,51.1,64058.53125,0,0.0,147.921875,deepseek-r1:7b,-1
2025-06-08T16:54:50.397637,1.924416,10.1,0.0,62097.640625,51.1,64058.53125,0,0.0,147.921875,deepseek-r1:7b,-1
2025-06-08T16:54:50.502967,2.029746,10.7,0.0,62097.640625,51.1,64058.53125,0,0.0,147.921875,deepseek-r1:7b,-1
2025-06-08T16:54:50.608333,2.135112,10.7,0.0,61973.859375,51.0,64178.84375,0,0.0,147.921875,deepseek-r1:7b,-1
2025-06-08T16:54:50.712749,2.239528,9.6,0.0,61973.859375,51.0,64178.84375,0,0.0,147.921875,deepseek-r1:7b,-1
2025-06-08T16:54:52.861579,0.038477,11.7,0.0,60679.953125,50.0,65474.328125,0,0.0,147.921875,deepseek-r1:7b,-1
2025-06-08T16:54:52.966728,0.143626,16.3,0.0,60679.953125,50.0,65474.328125,0,0.0,147.921875,deepseek-r1:7b,-1
2025-06-08T16:54:53.067443,0.244341,17.2,0.0,60679.953125,50.0,65474.328125,0,0.0,147.921875,deepseek-r1:7b,-1
2025-06-08T16:54:53.172827,0.349725,7.8,0.0,60679.953125,50.0,65474.328125,0,0.0,147.921875,deepseek-r1:7b,-1
2025-06-08T16:54:53.278165,0.455063,0.0,0.0,60679.953125,50.0,65474.328125,0,0.0,147.921875,deepseek-r1:7b,-1
2025-06-08T16:54:53.378851,0.555749,0.0,0.0,60679.953125,50.0,65474.328125,0,0.0,147.921875,deepseek-r1:7b,-1
2025-06-08T16:54:53.481661,0.658559,0.0,0.0,60679.953125,50.0,65474.328125,0,0.0,147.921875,deepseek-r1:7b,-1
2025-06-08T16:54:53.585360,0.762258,0.0,0.0,60679.953125,50.0,65474.328125,0,0.0,147.921875,deepseek-r1:7b,-1
2025-06-08T16:54:53.685972,0.86287,0.0,0.0,60679.953125,50.0,65474.328125,0,0.0,147.921875,deepseek-r1:7b,-1
2025-06-08T16:54:53.789009,0.965907,0.0,0.0,60679.953125,50.0,65474.328125,0,0.0,147.921875,deepseek-r1:7b,-1
2025-06-08T16:54:53.890042,1.06694,10.8,0.0,62090.8125,51.1,64066.234375,0,0.0,147.921875,deepseek-r1:7b,-1
2025-06-08T16:54:53.991172,1.16807,9.9,0.0,62090.296875,51.1,64067.0,0,0.0,147.921875,deepseek-r1:7b,-1
2025-06-08T16:54:54.096232,1.27313,9.7,0.0,62090.28125,51.1,64067.375,0,0.0,147.921875,deepseek-r1:7b,-1
2025-06-08T16:54:54.201495,1.378393,14.6,0.0,62090.28125,51.1,64067.375,0,0.0,147.921875,deepseek-r1:7b,-1
2025-06-08T16:54:54.306715,1.483613,10.7,0.0,62090.28125,51.1,64067.375,0,0.0,147.921875,deepseek-r1:7b,-1
2025-06-08T16:54:54.411359,1.588257,10.7,0.0,62090.28125,51.1,64067.375,0,0.0,147.921875,deepseek-r1:7b,-1
2025-06-08T16:54:54.514178,1.691076,0.0,0.0,62090.28125,51.1,64067.375,0,0.0,147.921875,deepseek-r1:7b,-1
2025-06-08T16:54:54.615496,1.792394,0.0,0.0,62090.28125,51.1,64067.375,0,0.0,147.921875,deepseek-r1:7b,-1
2025-06-08T16:54:54.716578,1.893476,0.0,0.0,62090.28125,51.1,64067.375,0,0.0,147.921875,deepseek-r1:7b,-1
2025-06-08T16:54:54.821925,1.998823,0.0,0.0,62090.28125,51.1,64067.375,0,0.0,147.921875,deepseek-r1:7b,-1
2025-06-08T16:54:54.927046,2.103944,11.3,0.0,61970.859375,51.0,64187.25,0,0.0,147.921875,deepseek-r1:7b,-1
2025-06-08T16:54:55.030684,2.207582,13.1,0.0,61970.859375,51.0,64187.25,0,0.0,147.921875,deepseek-r1:7b,-1
2025-06-08T16:54:55.136073,2.312971,10.3,0.0,61970.859375,51.0,64187.25,0,0.0,147.921875,deepseek-r1:7b,-1
2025-06-08T16:54:55.237616,2.414514,11.7,0.0,61970.859375,51.0,64187.25,0,0.0,147.921875,deepseek-r1:7b,-1
2025-06-08T16:54:57.383496,0.041367,14.6,0.0,61500.25,50.7,64657.78125,0,0.0,147.9375,deepseek-r1:7b,-1
2025-06-08T16:54:57.488647,0.146518,19.5,0.0,61269.4375,50.5,64892.34375,0,0.0,147.9375,deepseek-r1:7b,-1
2025-06-08T16:54:57.593832,0.251703,17.2,0.0,61269.4375,50.5,64892.34375,0,0.0,147.9375,deepseek-r1:7b,-1
2025-06-08T16:54:57.697279,0.35515,23.6,0.0,61269.4375,50.5,64892.34375,0,0.0,147.9375,deepseek-r1:7b,-1
2025-06-08T16:54:57.802462,0.460333,17.8,0.0,61269.4375,50.5,64892.34375,0,0.0,147.9375,deepseek-r1:7b,-1
2025-06-08T16:54:57.907352,0.565223,15.2,0.0,61269.4375,50.5,64892.34375,0,0.0,147.9375,deepseek-r1:7b,-1
2025-06-08T16:54:58.012840,0.670711,18.5,0.0,61269.4375,50.5,64892.34375,0,0.0,147.9375,deepseek-r1:7b,-1
2025-06-08T16:54:58.116400,0.774271,0.0,0.0,61269.4375,50.5,64892.34375,0,0.0,147.9375,deepseek-r1:7b,-1
2025-06-08T16:54:58.217716,0.875587,0.0,0.0,61269.4375,50.5,64892.34375,0,0.0,147.9375,deepseek-r1:7b,-1
2025-06-08T16:54:58.323103,0.980974,0.0,0.0,61269.4375,50.5,64892.34375,0,0.0,147.9375,deepseek-r1:7b,-1
2025-06-08T16:54:58.426924,1.084795,11.6,0.0,62197.625,51.2,63960.828125,0,0.0,147.9375,deepseek-r1:7b,-1
2025-06-08T16:54:58.532300,1.190171,12.5,0.0,62197.625,51.2,63960.828125,0,0.0,147.9375,deepseek-r1:7b,-1
2025-06-08T16:54:58.637696,1.295567,15.5,0.0,62197.625,51.2,63960.828125,0,0.0,147.9375,deepseek-r1:7b,-1
2025-06-08T16:54:58.742943,1.400814,13.4,0.0,62197.625,51.2,63960.828125,0,0.0,147.9375,deepseek-r1:7b,-1
2025-06-08T16:54:58.848000,1.505871,13.9,0.0,62197.625,51.2,63960.828125,0,0.0,147.9375,deepseek-r1:7b,-1
2025-06-08T16:54:58.953313,1.611184,12.6,0.0,62197.625,51.2,63960.828125,0,0.0,147.9375,deepseek-r1:7b,-1
2025-06-08T16:54:59.053818,1.711689,16.0,0.0,62197.625,51.2,63960.828125,0,0.0,147.9375,deepseek-r1:7b,-1
2025-06-08T16:54:59.155578,1.813449,15.3,0.0,62197.625,51.2,63960.828125,0,0.0,147.9375,deepseek-r1:7b,-1
2025-06-08T16:54:59.256658,1.914529,13.8,0.0,62197.625,51.2,63960.828125,0,0.0,147.9375,deepseek-r1:7b,-1
2025-06-08T16:54:59.358311,2.016182,12.9,0.0,62197.625,51.2,63960.828125,0,0.0,147.9375,deepseek-r1:7b,-1
2025-06-08T16:54:59.458694,2.116565,15.1,0.0,62103.546875,51.1,64050.015625,0,0.0,147.9375,deepseek-r1:7b,-1
2025-06-08T16:54:59.563921,2.221792,10.7,0.0,62100.609375,51.1,64053.796875,0,0.0,147.9375,deepseek-r1:7b,-1
2025-06-08T16:54:59.668928,2.326799,13.1,0.0,62100.546875,51.1,64054.515625,0,0.0,147.9375,deepseek-r1:7b,-1
2025-06-08T16:55:01.816984,0.041938,13.7,0.0,60873.84375,50.2,65278.03125,0,0.0,147.9375,deepseek-r1:7b,-1
2025-06-08T16:55:01.918937,0.143891,23.9,0.0,61426.515625,50.6,64731.03125,0,0.0,147.9375,deepseek-r1:7b,-1
2025-06-08T16:55:02.024044,0.248998,16.8,0.0,62217.515625,51.2,63941.375,0,0.0,147.9375,deepseek-r1:7b,-1
2025-06-08T16:55:02.129332,0.354286,14.8,0.0,62217.515625,51.2,63941.375,0,0.0,147.9375,deepseek-r1:7b,-1
2025-06-08T16:55:02.230233,0.455187,12.4,0.0,62217.515625,51.2,63941.375,0,0.0,147.9375,deepseek-r1:7b,-1
2025-06-08T16:55:02.334502,0.559456,10.8,0.0,62217.515625,51.2,63941.375,0,0.0,147.9375,deepseek-r1:7b,-1
2025-06-08T16:55:02.435475,0.660429,14.1,0.0,62217.515625,51.2,63941.375,0,0.0,147.9375,deepseek-r1:7b,-1
2025-06-08T16:55:02.536636,0.76159,10.1,0.0,62217.515625,51.2,63941.375,0,0.0,147.9375,deepseek-r1:7b,-1
2025-06-08T16:55:02.639967,0.864921,0.0,0.0,62217.515625,51.2,63941.375,0,0.0,147.9375,deepseek-r1:7b,-1
2025-06-08T16:55:02.745338,0.970292,0.0,0.0,62217.515625,51.2,63941.375,0,0.0,147.9375,deepseek-r1:7b,-1
2025-06-08T16:55:02.850697,1.075651,11.1,0.0,62225.53125,51.2,63926.390625,0,0.0,147.9375,deepseek-r1:7b,-1
2025-06-08T16:55:02.955997,1.180951,12.1,0.0,62225.53125,51.2,63926.390625,0,0.0,147.9375,deepseek-r1:7b,-1
2025-06-08T16:55:03.059680,1.284634,11.4,0.0,62225.53125,51.2,63926.390625,0,0.0,147.9375,deepseek-r1:7b,-1
2025-06-08T16:55:03.165246,1.3902,9.5,0.0,62225.53125,51.2,63926.390625,0,0.0,147.9375,deepseek-r1:7b,-1
2025-06-08T16:55:03.268397,1.493351,17.8,0.0,62225.53125,51.2,63926.390625,0,0.0,147.9375,deepseek-r1:7b,-1
2025-06-08T16:55:03.368886,1.59384,18.2,0.0,62225.53125,51.2,63926.390625,0,0.0,147.9375,deepseek-r1:7b,-1
2025-06-08T16:55:03.474284,1.699238,0.0,0.0,62225.53125,51.2,63926.390625,0,0.0,147.9375,deepseek-r1:7b,-1
2025-06-08T16:55:03.574960,1.799914,0.0,0.0,62225.53125,51.2,63926.390625,0,0.0,147.9375,deepseek-r1:7b,-1
2025-06-08T16:55:03.680347,1.905301,0.0,0.0,62225.53125,51.2,63926.390625,0,0.0,147.9375,deepseek-r1:7b,-1
2025-06-08T16:55:03.784662,2.009616,0.0,0.0,62225.53125,51.2,63926.390625,0,0.0,147.9375,deepseek-r1:7b,-1
2025-06-08T16:55:03.890043,2.114997,14.8,0.0,62081.34375,51.1,64074.34375,0,0.0,147.9375,deepseek-r1:7b,-1
2025-06-08T16:55:03.990704,2.215658,13.5,0.0,62081.34375,51.1,64074.34375,0,0.0,147.9375,deepseek-r1:7b,-1
2025-06-08T16:55:06.131876,0.034624,14.7,0.0,60716.28125,50.1,65440.90625,0,0.0,147.9375,deepseek-r1:7b,-1
2025-06-08T16:55:06.237041,0.139789,19.0,0.0,60716.28125,50.1,65440.90625,0,0.0,147.9375,deepseek-r1:7b,-1
2025-06-08T16:55:06.339789,0.242537,15.2,0.0,60716.28125,50.1,65440.90625,0,0.0,147.9375,deepseek-r1:7b,-1
2025-06-08T16:55:06.442048,0.344796,13.3,0.0,60716.28125,50.1,65440.90625,0,0.0,147.9375,deepseek-r1:7b,-1
2025-06-08T16:55:06.546962,0.44971,10.1,0.0,60716.28125,50.1,65440.90625,0,0.0,147.9375,deepseek-r1:7b,-1
2025-06-08T16:55:06.651898,0.554646,17.5,0.0,60716.28125,50.1,65440.90625,0,0.0,147.9375,deepseek-r1:7b,-1
2025-06-08T16:55:06.754617,0.657365,0.0,0.0,60716.28125,50.1,65440.90625,0,0.0,147.9375,deepseek-r1:7b,-1
2025-06-08T16:55:06.859616,0.762364,0.0,0.0,60716.28125,50.1,65440.90625,0,0.0,147.9375,deepseek-r1:7b,-1
2025-06-08T16:55:06.963780,0.866528,0.0,0.0,60716.28125,50.1,65440.90625,0,0.0,147.9375,deepseek-r1:7b,-1
2025-06-08T16:55:07.069199,0.971947,0.0,0.0,60716.28125,50.1,65440.90625,0,0.0,147.9375,deepseek-r1:7b,-1
2025-06-08T16:55:07.174559,1.077307,11.0,0.0,62243.609375,51.2,63910.875,0,0.0,147.9375,deepseek-r1:7b,-1
2025-06-08T16:55:07.275876,1.178624,11.1,0.0,62243.625,51.2,63911.375,0,0.0,147.9375,deepseek-r1:7b,-1
2025-06-08T16:55:07.379024,1.281772,12.5,0.0,62243.59375,51.2,63911.65625,0,0.0,147.9375,deepseek-r1:7b,-1
2025-06-08T16:55:07.484358,1.387106,10.2,0.0,62243.59375,51.2,63911.65625,0,0.0,147.9375,deepseek-r1:7b,-1
2025-06-08T16:55:07.588767,1.491515,9.6,0.0,62243.59375,51.2,63911.65625,0,0.0,147.9375,deepseek-r1:7b,-1
2025-06-08T16:55:07.694131,1.596879,10.1,0.0,62243.59375,51.2,63911.65625,0,0.0,147.9375,deepseek-r1:7b,-1
2025-06-08T16:55:07.799520,1.702268,12.3,0.0,62243.59375,51.2,63911.65625,0,0.0,147.9375,deepseek-r1:7b,-1
2025-06-08T16:55:07.903907,1.806655,0.0,0.0,62243.59375,51.2,63911.65625,0,0.0,147.9375,deepseek-r1:7b,-1
2025-06-08T16:55:08.009293,1.912041,0.0,0.0,62243.59375,51.2,63911.65625,0,0.0,147.9375,deepseek-r1:7b,-1
2025-06-08T16:55:08.114715,2.017463,0.0,0.0,62243.59375,51.2,63911.65625,0,0.0,147.9375,deepseek-r1:7b,-1
2025-06-08T16:55:08.220110,2.122858,11.8,0.0,62051.921875,51.1,64101.46875,0,0.0,147.9375,deepseek-r1:7b,-1
2025-06-08T16:55:08.322089,2.224837,11.2,0.0,62051.9375,51.1,64101.875,0,0.0,147.9375,deepseek-r1:7b,-1
2025-06-08T16:55:08.427503,2.330251,9.5,0.0,62051.9375,51.1,64101.875,0,0.0,147.9375,deepseek-r1:7b,-1
2025-06-08T16:55:10.577961,0.042766,12.2,0.0,60652.0625,50.0,65502.15625,0,0.0,147.9375,deepseek-r1:7b,-1
2025-06-08T16:55:10.681310,0.146115,17.4,0.0,61192.828125,50.4,64963.40625,0,0.0,147.9375,deepseek-r1:7b,-1
2025-06-08T16:55:10.786837,0.251642,17.8,0.0,62156.515625,51.2,63999.390625,0,0.0,147.9375,deepseek-r1:7b,-1
2025-06-08T16:55:10.887475,0.35228,9.6,0.0,62156.515625,51.2,63999.390625,0,0.0,147.9375,deepseek-r1:7b,-1
2025-06-08T16:55:10.992826,0.457631,12.6,0.0,62156.515625,51.2,63999.390625,0,0.0,147.9375,deepseek-r1:7b,-1
2025-06-08T16:55:11.097036,0.561841,0.0,0.0,62156.515625,51.2,63999.390625,0,0.0,147.9375,deepseek-r1:7b,-1
2025-06-08T16:55:11.198094,0.662899,0.0,0.0,62156.515625,51.2,63999.390625,0,0.0,147.9375,deepseek-r1:7b,-1
2025-06-08T16:55:11.299065,0.76387,0.0,0.0,62156.515625,51.2,63999.390625,0,0.0,147.9375,deepseek-r1:7b,-1
2025-06-08T16:55:11.399974,0.864779,0.0,0.0,62156.515625,51.2,63999.390625,0,0.0,147.9375,deepseek-r1:7b,-1
2025-06-08T16:55:11.504829,0.969634,0.0,0.0,62156.515625,51.2,63999.390625,0,0.0,147.9375,deepseek-r1:7b,-1
2025-06-08T16:55:11.610238,1.075043,10.3,0.0,62167.375,51.2,63987.9375,0,0.0,147.9375,deepseek-r1:7b,-1
2025-06-08T16:55:11.713696,1.178501,10.3,0.0,62168.140625,51.2,63987.65625,0,0.0,147.9375,deepseek-r1:7b,-1
2025-06-08T16:55:11.819045,1.28385,8.5,0.0,62168.140625,51.2,63987.84375,0,0.0,147.9375,deepseek-r1:7b,-1
2025-06-08T16:55:11.924453,1.389258,14.9,0.0,62168.1875,51.2,63981.125,0,0.0,147.9375,deepseek-r1:7b,-1
2025-06-08T16:55:12.029851,1.494656,10.5,0.0,62168.1875,51.2,63981.125,0,0.0,147.9375,deepseek-r1:7b,-1
2025-06-08T16:55:12.132963,1.597768,10.6,0.0,62168.1875,51.2,63981.125,0,0.0,147.9375,deepseek-r1:7b,-1
2025-06-08T16:55:12.238105,1.70291,11.5,0.0,62168.1875,51.2,63981.125,0,0.0,147.9375,deepseek-r1:7b,-1
2025-06-08T16:55:12.343475,1.80828,10.1,0.0,62168.1875,51.2,63981.125,0,0.0,147.9375,deepseek-r1:7b,-1
2025-06-08T16:55:12.447025,1.91183,0.0,0.0,62168.1875,51.2,63981.125,0,0.0,147.9375,deepseek-r1:7b,-1
2025-06-08T16:55:12.549245,2.01405,0.0,0.0,62168.1875,51.2,63981.125,0,0.0,147.9375,deepseek-r1:7b,-1
2025-06-08T16:55:12.654628,2.119433,10.2,0.0,62047.5,51.1,64104.34375,0,0.0,147.9375,deepseek-r1:7b,-1
2025-06-08T16:55:12.760016,2.224821,9.8,0.0,62047.515625,51.1,64104.71875,0,0.0,147.9375,deepseek-r1:7b,-1
2025-06-08T16:55:14.911393,0.04492,13.4,0.0,61126.515625,50.4,65026.84375,0,0.0,147.9375,deepseek-r1:7b,-1
2025-06-08T16:55:15.014542,0.148069,18.8,0.0,61243.8125,50.5,64908.9375,0,0.0,147.9375,deepseek-r1:7b,-1
2025-06-08T16:55:15.119807,0.253334,17.1,0.0,61243.8125,50.5,64908.9375,0,0.0,147.9375,deepseek-r1:7b,-1
2025-06-08T16:55:15.225370,0.358897,11.8,0.0,61243.8125,50.5,64908.9375,0,0.0,147.9375,deepseek-r1:7b,-1
2025-06-08T16:55:15.326714,0.460241,0.0,0.0,61243.8125,50.5,64908.9375,0,0.0,147.9375,deepseek-r1:7b,-1
2025-06-08T16:55:15.429541,0.563068,0.0,0.0,61243.8125,50.5,64908.9375,0,0.0,147.9375,deepseek-r1:7b,-1
2025-06-08T16:55:15.534893,0.66842,0.0,0.0,61243.8125,50.5,64908.9375,0,0.0,147.9375,deepseek-r1:7b,-1
2025-06-08T16:55:15.640264,0.773791,0.0,0.0,61243.8125,50.5,64908.9375,0,0.0,147.9375,deepseek-r1:7b,-1
2025-06-08T16:55:15.745653,0.87918,0.0,0.0,61243.8125,50.5,64908.9375,0,0.0,147.9375,deepseek-r1:7b,-1
2025-06-08T16:55:15.846972,0.980499,0.0,0.0,61243.8125,50.5,64908.9375,0,0.0,147.9375,deepseek-r1:7b,-1
2025-06-08T16:55:15.950359,1.083886,10.9,0.0,62062.328125,51.1,64094.0,0,0.0,147.9375,deepseek-r1:7b,-1
2025-06-08T16:55:16.051183,1.18471,10.0,0.0,62062.34375,51.1,64090.3125,0,0.0,147.9375,deepseek-r1:7b,-1
2025-06-08T16:55:16.156557,1.290084,11.3,0.0,62054.296875,51.1,64098.734375,0,0.0,147.9375,deepseek-r1:7b,-1
2025-06-08T16:55:16.259937,1.393464,0.0,0.0,62054.296875,51.1,64098.734375,0,0.0,147.9375,deepseek-r1:7b,-1
2025-06-08T16:55:16.365346,1.498873,0.0,0.0,62054.296875,51.1,64098.734375,0,0.0,147.9375,deepseek-r1:7b,-1
2025-06-08T16:55:16.468259,1.601786,0.0,0.0,62054.296875,51.1,64098.734375,0,0.0,147.9375,deepseek-r1:7b,-1
2025-06-08T16:55:16.571960,1.705487,0.0,0.0,62054.296875,51.1,64098.734375,0,0.0,147.9375,deepseek-r1:7b,-1
2025-06-08T16:55:16.676957,1.810484,0.0,0.0,62054.296875,51.1,64098.734375,0,0.0,147.9375,deepseek-r1:7b,-1
2025-06-08T16:55:16.782316,1.915843,0.0,0.0,62054.296875,51.1,64098.734375,0,0.0,147.9375,deepseek-r1:7b,-1
2025-06-08T16:55:16.882731,2.016258,0.0,0.0,62054.296875,51.1,64098.734375,0,0.0,147.9375,deepseek-r1:7b,-1
2025-06-08T16:55:16.986600,2.120127,10.7,0.0,62042.609375,51.1,64114.046875,0,0.0,147.9375,deepseek-r1:7b,-1
2025-06-08T16:55:17.087153,2.22068,10.1,0.0,62042.625,51.1,64114.234375,0,0.0,147.9375,deepseek-r1:7b,-1
2025-06-08T16:55:17.190410,2.323937,12.5,0.0,62042.578125,51.1,64114.78125,0,0.0,147.9375,deepseek-r1:7b,-1
2025-06-08T16:55:19.325963,0.024879,12.7,0.0,60670.1875,50.0,65481.71875,0,0.0,147.953125,deepseek-r1:7b,-1
2025-06-08T16:55:19.426962,0.125878,17.1,0.0,61212.421875,50.5,64939.25,0,0.0,147.953125,deepseek-r1:7b,-1
2025-06-08T16:55:19.532221,0.231137,16.2,0.0,62152.734375,51.2,63999.09375,0,0.0,147.953125,deepseek-r1:7b,-1
2025-06-08T16:55:19.637612,0.336528,10.1,0.0,62152.734375,51.2,63999.09375,0,0.0,147.953125,deepseek-r1:7b,-1
2025-06-08T16:55:19.742137,0.441053,9.6,0.0,62152.734375,51.2,63999.09375,0,0.0,147.953125,deepseek-r1:7b,-1
2025-06-08T16:55:19.842696,0.541612,9.9,0.0,62152.734375,51.2,63999.09375,0,0.0,147.953125,deepseek-r1:7b,-1
2025-06-08T16:55:19.948084,0.647,13.7,0.0,62152.734375,51.2,63999.09375,0,0.0,147.953125,deepseek-r1:7b,-1
2025-06-08T16:55:20.051204,0.75012,0.0,0.0,62152.734375,51.2,63999.09375,0,0.0,147.953125,deepseek-r1:7b,-1
2025-06-08T16:55:20.156459,0.855375,0.0,0.0,62152.734375,51.2,63999.09375,0,0.0,147.953125,deepseek-r1:7b,-1
2025-06-08T16:55:20.259579,0.958495,0.0,0.0,62152.734375,51.2,63999.09375,0,0.0,147.953125,deepseek-r1:7b,-1
2025-06-08T16:55:20.364870,1.063786,12.3,0.0,62164.546875,51.2,63991.515625,0,0.0,147.953125,deepseek-r1:7b,-1
2025-06-08T16:55:20.469785,1.168701,14.9,0.0,62164.546875,51.2,63991.515625,0,0.0,147.953125,deepseek-r1:7b,-1
2025-06-08T16:55:20.574118,1.273034,14.0,0.0,62164.546875,51.2,63991.515625,0,0.0,147.953125,deepseek-r1:7b,-1
2025-06-08T16:55:20.676023,1.374939,10.7,0.0,62164.546875,51.2,63991.515625,0,0.0,147.953125,deepseek-r1:7b,-1
2025-06-08T16:55:20.781330,1.480246,11.1,0.0,62164.546875,51.2,63991.515625,0,0.0,147.953125,deepseek-r1:7b,-1
2025-06-08T16:55:20.884025,1.582941,13.4,0.0,62164.546875,51.2,63991.515625,0,0.0,147.953125,deepseek-r1:7b,-1
2025-06-08T16:55:20.989002,1.687918,0.0,0.0,62164.546875,51.2,63991.515625,0,0.0,147.953125,deepseek-r1:7b,-1
2025-06-08T16:55:21.091583,1.790499,0.0,0.0,62164.546875,51.2,63991.515625,0,0.0,147.953125,deepseek-r1:7b,-1
2025-06-08T16:55:21.196966,1.895882,0.0,0.0,62164.546875,51.2,63991.515625,0,0.0,147.953125,deepseek-r1:7b,-1
2025-06-08T16:55:21.298391,1.997307,0.0,0.0,62164.546875,51.2,63991.515625,0,0.0,147.953125,deepseek-r1:7b,-1
2025-06-08T16:55:21.399378,2.098294,12.5,0.0,62044.25,51.1,64109.703125,0,0.0,147.953125,deepseek-r1:7b,-1
2025-06-08T16:55:21.499750,2.198666,13.8,0.0,62044.25,51.1,64111.390625,0,0.0,147.953125,deepseek-r1:7b,-1
2025-06-08T16:55:21.605004,2.30392,0.0,0.0,62044.203125,51.1,64113.609375,0,0.0,147.953125,deepseek-r1:7b,-1
2025-06-08T16:55:23.758519,0.043084,14.8,0.0,60853.796875,50.2,65294.578125,0,0.0,147.953125,deepseek-r1:7b,-1
2025-06-08T16:55:23.863066,0.147631,19.6,0.0,61393.984375,50.6,64756.09375,0,0.0,147.953125,deepseek-r1:7b,-1
2025-06-08T16:55:23.968322,0.252887,18.0,0.0,62209.359375,51.2,63941.65625,0,0.0,147.953125,deepseek-r1:7b,-1
2025-06-08T16:55:24.069213,0.353778,10.5,0.0,62209.359375,51.2,63941.65625,0,0.0,147.953125,deepseek-r1:7b,-1
2025-06-08T16:55:24.171634,0.456199,0.0,0.0,62209.359375,51.2,63941.65625,0,0.0,147.953125,deepseek-r1:7b,-1
2025-06-08T16:55:24.272721,0.557286,0.0,0.0,62209.359375,51.2,63941.65625,0,0.0,147.953125,deepseek-r1:7b,-1
2025-06-08T16:55:24.377905,0.66247,0.0,0.0,62209.359375,51.2,63941.65625,0,0.0,147.953125,deepseek-r1:7b,-1
2025-06-08T16:55:24.478807,0.763372,0.0,0.0,62209.359375,51.2,63941.65625,0,0.0,147.953125,deepseek-r1:7b,-1
2025-06-08T16:55:24.579514,0.864079,0.0,0.0,62209.359375,51.2,63941.65625,0,0.0,147.953125,deepseek-r1:7b,-1
2025-06-08T16:55:24.680140,0.964705,0.0,0.0,62209.359375,51.2,63941.65625,0,0.0,147.953125,deepseek-r1:7b,-1
2025-06-08T16:55:24.784774,1.069339,11.7,0.0,62210.8125,51.2,63932.40625,0,0.0,147.953125,deepseek-r1:7b,-1
2025-06-08T16:55:24.894326,1.178891,11.6,0.0,62210.8125,51.2,63932.40625,0,0.0,147.953125,deepseek-r1:7b,-1
2025-06-08T16:55:24.995227,1.279792,16.6,0.0,62210.8125,51.2,63932.40625,0,0.0,147.953125,deepseek-r1:7b,-1
2025-06-08T16:55:25.100565,1.38513,7.9,0.0,62210.8125,51.2,63932.40625,0,0.0,147.953125,deepseek-r1:7b,-1
2025-06-08T16:55:25.201266,1.485831,11.8,0.0,62210.8125,51.2,63932.40625,0,0.0,147.953125,deepseek-r1:7b,-1
2025-06-08T16:55:25.306589,1.591154,10.6,0.0,62210.8125,51.2,63932.40625,0,0.0,147.953125,deepseek-r1:7b,-1
2025-06-08T16:55:25.411513,1.696078,0.0,0.0,62210.8125,51.2,63932.40625,0,0.0,147.953125,deepseek-r1:7b,-1
2025-06-08T16:55:25.512860,1.797425,0.0,0.0,62210.8125,51.2,63932.40625,0,0.0,147.953125,deepseek-r1:7b,-1
2025-06-08T16:55:25.614137,1.898702,0.0,0.0,62210.8125,51.2,63932.40625,0,0.0,147.953125,deepseek-r1:7b,-1
2025-06-08T16:55:25.719490,2.004055,0.0,0.0,62210.8125,51.2,63932.40625,0,0.0,147.953125,deepseek-r1:7b,-1
2025-06-08T16:55:25.824847,2.109412,10.3,0.0,62019.609375,51.1,64128.1875,0,0.0,147.953125,deepseek-r1:7b,-1
2025-06-08T16:55:25.925371,2.209936,11.9,0.0,62019.921875,51.1,64129.265625,0,0.0,147.953125,deepseek-r1:7b,-1
2025-06-08T16:55:26.030435,2.315,19.8,0.0,62019.921875,51.1,64129.265625,0,0.0,147.953125,deepseek-r1:7b,-1
2025-06-08T16:55:28.188410,0.046044,14.2,0.0,61160.28125,50.4,64983.890625,0,0.0,147.953125,deepseek-r1:7b,-1
2025-06-08T16:55:28.293468,0.151102,18.3,0.0,61450.015625,50.6,64695.625,0,0.0,147.953125,deepseek-r1:7b,-1
2025-06-08T16:55:28.398766,0.2564,15.8,0.0,62227.796875,51.2,63918.03125,0,0.0,147.953125,deepseek-r1:7b,-1
2025-06-08T16:55:28.504135,0.361769,11.0,0.0,62227.796875,51.2,63918.03125,0,0.0,147.953125,deepseek-r1:7b,-1
2025-06-08T16:55:28.609478,0.467112,10.5,0.0,62227.796875,51.2,63918.03125,0,0.0,147.953125,deepseek-r1:7b,-1
2025-06-08T16:55:28.714850,0.572484,0.0,0.0,62227.796875,51.2,63918.03125,0,0.0,147.953125,deepseek-r1:7b,-1
2025-06-08T16:55:28.819418,0.677052,0.0,0.0,62227.796875,51.2,63918.03125,0,0.0,147.953125,deepseek-r1:7b,-1
2025-06-08T16:55:28.924801,0.782435,0.0,0.0,62227.796875,51.2,63918.03125,0,0.0,147.953125,deepseek-r1:7b,-1
2025-06-08T16:55:29.030188,0.887822,0.0,0.0,62227.796875,51.2,63918.03125,0,0.0,147.953125,deepseek-r1:7b,-1
2025-06-08T16:55:29.135571,0.993205,0.0,0.0,62227.796875,51.2,63918.03125,0,0.0,147.953125,deepseek-r1:7b,-1
2025-06-08T16:55:29.240826,1.09846,14.5,0.0,62238.796875,51.2,63908.53125,0,0.0,147.953125,deepseek-r1:7b,-1
2025-06-08T16:55:29.346022,1.203656,17.9,0.0,62241.859375,51.2,63913.65625,0,0.0,147.953125,deepseek-r1:7b,-1
2025-06-08T16:55:29.451413,1.309047,13.6,0.0,62241.859375,51.2,63913.65625,0,0.0,147.953125,deepseek-r1:7b,-1
2025-06-08T16:55:29.553457,1.411091,10.4,0.0,62241.859375,51.2,63913.65625,0,0.0,147.953125,deepseek-r1:7b,-1
2025-06-08T16:55:29.658849,1.516483,15.2,0.0,62241.859375,51.2,63913.65625,0,0.2,147.96875,deepseek-r1:7b,-1
2025-06-08T16:55:29.760911,1.618545,11.4,0.0,62241.859375,51.2,63913.65625,0,0.0,147.96875,deepseek-r1:7b,-1
2025-06-08T16:55:29.864057,1.721691,0.0,0.0,62241.859375,51.2,63913.65625,0,0.0,147.96875,deepseek-r1:7b,-1
2025-06-08T16:55:29.969443,1.827077,0.0,0.0,62241.859375,51.2,63913.65625,0,0.0,147.96875,deepseek-r1:7b,-1
2025-06-08T16:55:30.070569,1.928203,0.0,0.0,62241.859375,51.2,63913.65625,0,0.0,147.96875,deepseek-r1:7b,-1
2025-06-08T16:55:30.175948,2.033582,0.0,0.0,62241.859375,51.2,63913.65625,0,0.0,147.96875,deepseek-r1:7b,-1
2025-06-08T16:55:30.280511,2.138145,11.2,0.0,62134.390625,51.2,64014.453125,0,0.0,147.96875,deepseek-r1:7b,-1
2025-06-08T16:55:30.382817,2.240451,10.4,0.0,62134.40625,51.2,64014.65625,0,0.0,147.96875,deepseek-r1:7b,-1
2025-06-08T16:55:30.484855,2.342489,0.0,0.0,62134.40625,51.2,64014.65625,0,0.0,147.96875,deepseek-r1:7b,-1
2025-06-08T16:55:32.639519,0.042571,12.8,0.0,60688.21875,50.1,65463.578125,0,0.0,147.96875,deepseek-r1:7b,-1
2025-06-08T16:55:32.744710,0.147762,16.4,0.0,61228.34375,50.5,64924.90625,0,0.0,147.96875,deepseek-r1:7b,-1
2025-06-08T16:55:32.846048,0.2491,17.0,0.0,62171.8125,51.2,63981.6875,0,0.0,147.96875,deepseek-r1:7b,-1
2025-06-08T16:55:32.951423,0.354475,10.1,0.0,62171.8125,51.2,63981.6875,0,0.0,147.96875,deepseek-r1:7b,-1
2025-06-08T16:55:33.055685,0.458737,11.0,0.0,62171.8125,51.2,63981.6875,0,0.0,147.96875,deepseek-r1:7b,-1
2025-06-08T16:55:33.161104,0.564156,11.7,0.0,62171.8125,51.2,63981.6875,0,0.0,147.96875,deepseek-r1:7b,-1
2025-06-08T16:55:33.263933,0.666985,11.0,0.0,62171.8125,51.2,63981.6875,0,0.0,147.96875,deepseek-r1:7b,-1
2025-06-08T16:55:33.369337,0.772389,10.1,0.0,62171.8125,51.2,63981.6875,0,0.0,147.96875,deepseek-r1:7b,-1
2025-06-08T16:55:33.474675,0.877727,11.4,0.0,62171.8125,51.2,63981.6875,0,0.0,147.96875,deepseek-r1:7b,-1
2025-06-08T16:55:33.579966,0.983018,0.0,0.0,62171.8125,51.2,63981.6875,0,0.0,147.96875,deepseek-r1:7b,-1
2025-06-08T16:55:33.684631,1.087683,9.6,0.0,62181.484375,51.2,63971.15625,0,0.0,147.96875,deepseek-r1:7b,-1
2025-06-08T16:55:33.790008,1.19306,12.3,0.0,62181.453125,51.2,63971.5,0,0.0,147.96875,deepseek-r1:7b,-1
2025-06-08T16:55:33.894873,1.297925,9.6,0.0,62181.46875,51.2,63971.859375,0,0.0,147.96875,deepseek-r1:7b,-1
2025-06-08T16:55:34.000339,1.403391,12.4,0.0,62181.46875,51.2,63971.859375,0,0.0,147.96875,deepseek-r1:7b,-1
2025-06-08T16:55:34.102994,1.506046,11.0,0.0,62181.46875,51.2,63971.859375,0,0.0,147.96875,deepseek-r1:7b,-1
2025-06-08T16:55:34.208382,1.611434,13.6,0.0,62181.46875,51.2,63971.859375,0,0.0,147.96875,deepseek-r1:7b,-1
2025-06-08T16:55:34.313574,1.716626,11.2,0.0,62181.46875,51.2,63971.859375,0,0.0,147.96875,deepseek-r1:7b,-1
2025-06-08T16:55:34.417264,1.820316,0.0,0.0,62181.46875,51.2,63971.859375,0,0.0,147.96875,deepseek-r1:7b,-1
2025-06-08T16:55:34.518673,1.921725,0.0,0.0,62181.46875,51.2,63971.859375,0,0.0,147.96875,deepseek-r1:7b,-1
2025-06-08T16:55:34.624107,2.027159,0.0,0.0,62181.46875,51.2,63971.859375,0,0.0,147.96875,deepseek-r1:7b,-1
2025-06-08T16:55:34.726270,2.129322,10.6,0.0,62061.234375,51.1,64093.234375,0,0.0,147.96875,deepseek-r1:7b,-1
2025-06-08T16:55:34.829326,2.232378,9.8,0.0,62061.84375,51.1,64093.8125,0,0.0,147.96875,deepseek-r1:7b,-1
2025-06-08T16:55:36.970222,0.036975,12.7,0.0,60753.25,50.1,65398.609375,0,0.0,147.96875,deepseek-r1:7b,-1
2025-06-08T16:55:37.075391,0.142144,18.3,0.0,61246.1875,50.5,64900.015625,0,0.0,147.96875,deepseek-r1:7b,-1
2025-06-08T16:55:37.178206,0.244959,16.4,0.0,61246.1875,50.5,64900.015625,0,0.0,147.96875,deepseek-r1:7b,-1
2025-06-08T16:55:37.283560,0.350313,0.0,0.0,61246.1875,50.5,64900.015625,0,0.0,147.96875,deepseek-r1:7b,-1
2025-06-08T16:55:37.388217,0.45497,0.0,0.0,61246.1875,50.5,64900.015625,0,0.0,147.96875,deepseek-r1:7b,-1
2025-06-08T16:55:37.493147,0.5599,0.0,0.0,61246.1875,50.5,64900.015625,0,0.0,147.96875,deepseek-r1:7b,-1
2025-06-08T16:55:37.598518,0.665271,0.0,0.0,61246.1875,50.5,64900.015625,0,0.0,147.96875,deepseek-r1:7b,-1
2025-06-08T16:55:37.699296,0.766049,0.0,0.0,61246.1875,50.5,64900.015625,0,0.0,147.96875,deepseek-r1:7b,-1
2025-06-08T16:55:37.804637,0.87139,0.0,0.0,61246.1875,50.5,64900.015625,0,0.0,147.96875,deepseek-r1:7b,-1
2025-06-08T16:55:37.909547,0.9763,0.0,0.0,61246.1875,50.5,64900.015625,0,0.0,147.96875,deepseek-r1:7b,-1
2025-06-08T16:55:38.012548,1.079301,10.6,0.0,62180.234375,51.2,63970.59375,0,0.0,147.96875,deepseek-r1:7b,-1
2025-06-08T16:55:38.116668,1.183421,12.6,0.0,62060.1875,51.1,64091.90625,0,0.7,147.96875,deepseek-r1:7b,-1
2025-06-08T16:55:38.222006,1.288759,10.7,0.0,62060.171875,51.1,64092.21875,0,0.0,147.96875,deepseek-r1:7b,-1
2025-06-08T16:55:38.327385,1.394138,10.7,0.0,62060.171875,51.1,64092.21875,0,0.0,147.96875,deepseek-r1:7b,-1
2025-06-08T16:55:38.432830,1.499583,10.6,0.0,62060.171875,51.1,64092.21875,0,0.0,147.96875,deepseek-r1:7b,-1
2025-06-08T16:55:38.536798,1.603551,11.4,0.0,62060.171875,51.1,64092.21875,0,0.0,147.96875,deepseek-r1:7b,-1
2025-06-08T16:55:38.638329,1.705082,9.9,0.0,62060.171875,51.1,64092.21875,0,0.0,147.96875,deepseek-r1:7b,-1
2025-06-08T16:55:38.742862,1.809615,10.1,0.0,62060.171875,51.1,64092.21875,0,0.0,147.96875,deepseek-r1:7b,-1
2025-06-08T16:55:38.844731,1.911484,0.0,0.0,62060.171875,51.1,64092.21875,0,0.0,147.96875,deepseek-r1:7b,-1
2025-06-08T16:55:38.950192,2.016945,0.0,0.0,62060.171875,51.1,64092.21875,0,0.0,147.96875,deepseek-r1:7b,-1
2025-06-08T16:55:39.055581,2.122334,12.2,0.0,62060.8125,51.1,64092.03125,0,0.0,147.96875,deepseek-r1:7b,-1
2025-06-08T16:55:39.160957,2.22771,10.8,0.0,62061.40625,51.1,64093.625,0,0.0,147.96875,deepseek-r1:7b,-1
2025-06-08T16:55:41.308506,0.037109,12.6,0.0,60677.578125,50.0,65478.9375,0,0.0,147.953125,deepseek-r1:7b,-1
2025-06-08T16:55:41.413675,0.142278,18.2,0.0,61217.609375,50.5,64936.34375,0,0.0,147.953125,deepseek-r1:7b,-1
2025-06-08T16:55:41.517312,0.245915,0.0,0.0,61217.609375,50.5,64936.34375,0,0.0,147.953125,deepseek-r1:7b,-1
2025-06-08T16:55:41.617919,0.346522,0.0,0.0,61217.609375,50.5,64936.34375,0,0.0,147.953125,deepseek-r1:7b,-1
2025-06-08T16:55:41.721987,0.45059,0.0,0.0,61217.609375,50.5,64936.34375,0,0.0,147.953125,deepseek-r1:7b,-1
2025-06-08T16:55:41.825350,0.553953,0.0,0.0,61217.609375,50.5,64936.34375,0,0.0,147.953125,deepseek-r1:7b,-1
2025-06-08T16:55:41.927628,0.656231,0.0,0.0,61217.609375,50.5,64936.34375,0,0.0,147.953125,deepseek-r1:7b,-1
2025-06-08T16:55:42.029045,0.757648,0.0,0.0,61217.609375,50.5,64936.34375,0,0.0,147.953125,deepseek-r1:7b,-1
2025-06-08T16:55:42.132146,0.860749,0.0,0.0,61217.609375,50.5,64936.34375,0,0.0,147.953125,deepseek-r1:7b,-1
2025-06-08T16:55:42.237615,0.966218,0.0,0.0,61217.609375,50.5,64936.34375,0,0.0,147.953125,deepseek-r1:7b,-1
2025-06-08T16:55:42.342294,1.070897,11.2,0.0,62171.4375,51.2,63977.421875,0,0.0,147.953125,deepseek-r1:7b,-1
2025-06-08T16:55:42.447679,1.176282,10.8,0.0,62171.46875,51.2,63977.625,0,0.0,147.953125,deepseek-r1:7b,-1
2025-06-08T16:55:42.551818,1.280421,9.1,0.0,62170.625,51.2,63978.78125,0,0.0,147.953125,deepseek-r1:7b,-1
2025-06-08T16:55:42.652959,1.381562,12.1,0.0,62170.625,51.2,63978.78125,0,0.0,147.953125,deepseek-r1:7b,-1
2025-06-08T16:55:42.757607,1.48621,0.0,0.0,62170.625,51.2,63978.78125,0,0.0,147.953125,deepseek-r1:7b,-1
2025-06-08T16:55:42.862373,1.590976,0.0,0.0,62170.625,51.2,63978.78125,0,0.0,147.953125,deepseek-r1:7b,-1
2025-06-08T16:55:42.967770,1.696373,0.0,0.0,62170.625,51.2,63978.78125,0,0.0,147.953125,deepseek-r1:7b,-1
2025-06-08T16:55:43.072483,1.801086,0.0,0.0,62170.625,51.2,63978.78125,0,0.0,147.953125,deepseek-r1:7b,-1
2025-06-08T16:55:43.175419,1.904022,0.0,0.0,62170.625,51.2,63978.78125,0,0.0,147.953125,deepseek-r1:7b,-1
2025-06-08T16:55:43.276463,2.005066,0.0,0.0,62170.625,51.2,63978.78125,0,0.0,147.953125,deepseek-r1:7b,-1
2025-06-08T16:55:43.381821,2.110424,10.6,0.0,62050.53125,51.1,64101.8125,0,0.0,147.953125,deepseek-r1:7b,-1
2025-06-08T16:55:43.487250,2.215853,11.5,0.0,62050.53125,51.1,64102.125,0,0.0,147.953125,deepseek-r1:7b,-1
2025-06-08T16:55:43.592434,2.321037,10.1,0.0,62050.359375,51.1,64102.453125,0,0.0,147.953125,deepseek-r1:7b,-1
2025-06-08T16:55:43.697798,2.426401,9.7,0.0,62050.359375,51.1,64102.453125,0,0.0,147.953125,deepseek-r1:7b,-1
2025-06-08T16:55:43.800616,2.529219,10.2,0.0,62050.359375,51.1,64102.453125,0,0.0,147.953125,deepseek-r1:7b,-1
2025-06-08T16:55:43.905278,2.633881,10.4,0.0,62050.359375,51.1,64102.453125,0,0.0,147.953125,deepseek-r1:7b,-1
2025-06-08T16:55:44.006984,2.735587,10.4,0.0,62050.359375,51.1,64102.453125,0,0.0,147.953125,deepseek-r1:7b,-1
2025-06-08T16:55:44.112347,2.84095,11.3,0.0,62050.359375,51.1,64102.453125,0,0.0,147.953125,deepseek-r1:7b,-1
2025-06-08T16:55:44.213369,2.941972,0.0,0.0,62050.359375,51.1,64102.453125,0,0.0,147.953125,deepseek-r1:7b,-1
2025-06-08T16:55:44.313521,3.042124,0.0,0.0,62050.359375,51.1,64102.453125,0,0.0,147.953125,deepseek-r1:7b,-1
2025-06-08T16:55:44.414782,3.143385,11.4,0.0,62050.3125,51.1,64095.09375,0,0.0,147.953125,deepseek-r1:7b,-1
2025-06-08T16:55:46.566923,0.040744,13.3,0.0,60667.46875,50.0,65484.375,0,0.0,147.953125,deepseek-r1:7b,-1
2025-06-08T16:55:46.668156,0.141977,21.3,0.0,61208.265625,50.5,64942.53125,0,0.0,147.953125,deepseek-r1:7b,-1
2025-06-08T16:55:46.772434,0.246255,19.9,0.0,62158.71875,51.2,63993.1875,0,0.0,147.953125,deepseek-r1:7b,-1
2025-06-08T16:55:46.877849,0.35167,12.6,0.0,62158.71875,51.2,63993.1875,0,0.0,147.953125,deepseek-r1:7b,-1
2025-06-08T16:55:46.983119,0.45694,12.6,0.0,62158.71875,51.2,63993.1875,0,0.0,147.953125,deepseek-r1:7b,-1
2025-06-08T16:55:47.088475,0.562296,12.5,0.0,62158.71875,51.2,63993.1875,0,0.0,147.953125,deepseek-r1:7b,-1
2025-06-08T16:55:47.190462,0.664283,11.5,0.0,62158.71875,51.2,63993.1875,0,0.0,147.953125,deepseek-r1:7b,-1
2025-06-08T16:55:47.295864,0.769685,0.0,0.0,62158.71875,51.2,63993.1875,0,0.0,147.953125,deepseek-r1:7b,-1
2025-06-08T16:55:47.401226,0.875047,0.0,0.0,62158.71875,51.2,63993.1875,0,0.0,147.953125,deepseek-r1:7b,-1
2025-06-08T16:55:47.506638,0.980459,0.0,0.0,62158.71875,51.2,63993.1875,0,0.0,147.953125,deepseek-r1:7b,-1
2025-06-08T16:55:47.607109,1.08093,14.3,0.0,62163.28125,51.2,63986.390625,0,0.0,147.953125,deepseek-r1:7b,-1
2025-06-08T16:55:47.707887,1.181708,13.5,0.0,62162.703125,51.2,63989.328125,0,0.0,147.953125,deepseek-r1:7b,-1
2025-06-08T16:55:47.813179,1.287,10.1,0.0,62162.625,51.2,63990.78125,0,0.0,147.953125,deepseek-r1:7b,-1
2025-06-08T16:55:47.913616,1.387437,10.7,0.0,62162.625,51.2,63990.78125,0,0.0,147.953125,deepseek-r1:7b,-1
2025-06-08T16:55:48.019007,1.492828,11.5,0.0,62162.625,51.2,63990.78125,0,0.0,147.953125,deepseek-r1:7b,-1
2025-06-08T16:55:48.119556,1.593377,0.0,0.0,62162.625,51.2,63990.78125,0,0.0,147.953125,deepseek-r1:7b,-1
2025-06-08T16:55:48.224932,1.698753,0.0,0.0,62162.625,51.2,63990.78125,0,0.0,147.953125,deepseek-r1:7b,-1
2025-06-08T16:55:48.330309,1.80413,0.0,0.0,62162.625,51.2,63990.78125,0,0.0,147.953125,deepseek-r1:7b,-1
2025-06-08T16:55:48.432151,1.905972,0.0,0.0,62162.625,51.2,63990.78125,0,0.0,147.953125,deepseek-r1:7b,-1
2025-06-08T16:55:48.532652,2.006473,0.0,0.0,62162.625,51.2,63990.78125,0,0.0,147.953125,deepseek-r1:7b,-1
2025-06-08T16:55:48.638131,2.111952,11.3,0.0,62042.46875,51.1,64110.0625,0,0.0,147.953125,deepseek-r1:7b,-1
2025-06-08T16:55:48.742210,2.216031,9.6,0.0,62042.515625,51.1,64110.4375,0,0.0,147.953125,deepseek-r1:7b,-1
2025-06-08T16:55:48.846863,2.320684,11.2,0.0,62042.515625,51.1,64110.4375,0,0.0,147.953125,deepseek-r1:7b,-1
2025-06-08T16:55:48.950526,2.424347,9.9,0.0,62042.515625,51.1,64110.4375,0,0.0,147.953125,deepseek-r1:7b,-1
2025-06-08T16:55:49.055906,2.529727,14.0,0.0,62042.515625,51.1,64110.4375,0,0.0,147.953125,deepseek-r1:7b,-1
2025-06-08T16:55:49.156241,2.630062,11.4,0.0,62042.515625,51.1,64110.4375,0,0.0,147.953125,deepseek-r1:7b,-1
2025-06-08T16:55:49.261092,2.734913,14.9,0.0,62042.515625,51.1,64110.4375,0,0.0,147.953125,deepseek-r1:7b,-1
2025-06-08T16:55:49.366275,2.840096,11.2,0.0,62042.515625,51.1,64110.4375,0,0.0,147.953125,deepseek-r1:7b,-1
2025-06-08T16:55:49.470097,2.943918,0.0,0.0,62042.515625,51.1,64110.4375,0,0.0,147.953125,deepseek-r1:7b,-1
2025-06-08T16:55:49.574847,3.048668,0.0,0.0,62042.515625,51.1,64110.4375,0,0.0,147.953125,deepseek-r1:7b,-1
2025-06-08T16:55:49.677554,3.151375,12.5,0.0,62080.0625,51.1,64076.3125,0,0.0,147.953125,deepseek-r1:7b,-1
2025-06-08T16:55:51.825737,0.040325,16.3,0.0,61240.328125,50.5,64912.3125,0,0.0,147.96875,deepseek-r1:7b,-1
2025-06-08T16:55:51.930923,0.145511,20.4,0.0,61509.734375,50.7,64645.734375,0,0.0,147.96875,deepseek-r1:7b,-1
2025-06-08T16:55:52.035973,0.250561,19.6,0.0,61509.734375,50.7,64645.734375,0,0.0,147.96875,deepseek-r1:7b,-1
2025-06-08T16:55:52.140225,0.354813,12.4,0.0,61509.734375,50.7,64645.734375,0,0.0,147.96875,deepseek-r1:7b,-1
2025-06-08T16:55:52.245636,0.460224,0.0,0.0,61509.734375,50.7,64645.734375,0,0.0,147.96875,deepseek-r1:7b,-1
2025-06-08T16:55:52.350931,0.565519,0.0,0.0,61509.734375,50.7,64645.734375,0,0.0,147.96875,deepseek-r1:7b,-1
2025-06-08T16:55:52.456020,0.670608,0.0,0.0,61509.734375,50.7,64645.734375,0,0.0,147.96875,deepseek-r1:7b,-1
2025-06-08T16:55:52.559304,0.773892,0.0,0.0,61509.734375,50.7,64645.734375,0,0.0,147.96875,deepseek-r1:7b,-1
2025-06-08T16:55:52.664120,0.878708,0.0,0.0,61509.734375,50.7,64645.734375,0,0.0,147.96875,deepseek-r1:7b,-1
2025-06-08T16:55:52.768741,0.983329,0.0,0.0,61509.734375,50.7,64645.734375,0,0.0,147.96875,deepseek-r1:7b,-1
2025-06-08T16:55:52.869404,1.083992,12.0,0.0,62290.75,51.3,63866.71875,0,0.0,147.96875,deepseek-r1:7b,-1
2025-06-08T16:55:52.971350,1.185938,15.3,0.0,62290.75,51.3,63866.71875,0,0.0,147.96875,deepseek-r1:7b,-1
2025-06-08T16:55:53.073400,1.287988,15.5,0.0,62290.75,51.3,63866.71875,0,0.0,147.96875,deepseek-r1:7b,-1
2025-06-08T16:55:53.178753,1.393341,16.1,0.0,62290.75,51.3,63866.71875,0,0.0,147.96875,deepseek-r1:7b,-1
2025-06-08T16:55:53.282676,1.497264,23.0,0.0,62290.75,51.3,63866.71875,0,0.0,147.96875,deepseek-r1:7b,-1
2025-06-08T16:55:53.387490,1.602078,24.9,0.0,62290.75,51.3,63866.71875,0,0.0,147.96875,deepseek-r1:7b,-1
2025-06-08T16:55:53.492822,1.70741,15.2,0.0,62290.75,51.3,63866.71875,0,0.0,147.96875,deepseek-r1:7b,-1
2025-06-08T16:55:53.593701,1.808289,0.0,0.0,62290.75,51.3,63866.71875,0,0.0,147.96875,deepseek-r1:7b,-1
2025-06-08T16:55:53.699078,1.913666,0.0,0.0,62290.75,51.3,63866.71875,0,0.0,147.96875,deepseek-r1:7b,-1
2025-06-08T16:55:53.804434,2.019022,0.0,0.0,62290.75,51.3,63866.71875,0,0.0,147.96875,deepseek-r1:7b,-1
2025-06-08T16:55:53.905924,2.120512,11.7,0.0,62231.046875,51.2,63922.875,0,0.0,147.96875,deepseek-r1:7b,-1
2025-06-08T16:55:54.008770,2.223358,12.3,0.0,62231.046875,51.2,63922.875,0,0.0,147.96875,deepseek-r1:7b,-1
2025-06-08T16:55:54.113300,2.327888,11.9,0.0,62231.046875,51.2,63922.875,0,0.0,147.96875,deepseek-r1:7b,-1
2025-06-08T16:55:54.216669,2.431257,14.1,0.0,62231.046875,51.2,63922.875,0,0.0,147.96875,deepseek-r1:7b,-1
2025-06-08T16:55:54.321811,2.536399,11.2,0.0,62231.046875,51.2,63922.875,0,0.0,147.96875,deepseek-r1:7b,-1
2025-06-08T16:55:54.426998,2.641586,12.4,0.0,62231.046875,51.2,63922.875,0,0.0,147.96875,deepseek-r1:7b,-1
2025-06-08T16:55:54.530929,2.745517,11.9,0.0,62231.046875,51.2,63922.875,0,0.0,147.96875,deepseek-r1:7b,-1
2025-06-08T16:55:54.636287,2.850875,12.9,0.0,62231.046875,51.2,63922.875,0,0.0,147.96875,deepseek-r1:7b,-1
2025-06-08T16:55:54.741696,2.956284,0.0,0.0,62231.046875,51.2,63922.875,0,0.0,147.96875,deepseek-r1:7b,-1
2025-06-08T16:55:54.843498,3.058086,0.0,0.0,62231.046875,51.2,63922.875,0,0.0,147.96875,deepseek-r1:7b,-1
2025-06-08T16:55:54.948849,3.163437,11.7,0.0,62232.796875,51.2,63916.90625,0,0.0,147.96875,deepseek-r1:7b,-1
2025-06-08T16:55:55.053260,3.267848,15.8,0.0,62232.875,51.2,63917.609375,0,0.3,147.96875,deepseek-r1:7b,-1
2025-06-08T16:55:57.201413,0.038328,14.5,0.0,60955.703125,50.3,65192.515625,0,0.0,147.96875,deepseek-r1:7b,-1
2025-06-08T16:55:57.306599,0.143514,16.4,0.0,61495.859375,50.7,64649.84375,0,0.0,147.96875,deepseek-r1:7b,-1
2025-06-08T16:55:57.410956,0.247871,16.0,0.0,61903.921875,51.0,64244.953125,0,0.0,147.96875,deepseek-r1:7b,-1
2025-06-08T16:55:57.516382,0.353297,13.3,0.0,61903.921875,51.0,64244.953125,0,0.0,147.96875,deepseek-r1:7b,-1
2025-06-08T16:55:57.621712,0.458627,9.7,0.0,61903.921875,51.0,64244.953125,0,0.0,147.96875,deepseek-r1:7b,-1
2025-06-08T16:55:57.727113,0.564028,13.4,0.0,61903.921875,51.0,64244.953125,0,0.0,147.96875,deepseek-r1:7b,-1
2025-06-08T16:55:57.832538,0.669453,11.4,0.0,61903.921875,51.0,64244.953125,0,0.0,147.96875,deepseek-r1:7b,-1
2025-06-08T16:55:57.937946,0.774861,13.7,0.0,61903.921875,51.0,64244.953125,0,0.0,147.96875,deepseek-r1:7b,-1
2025-06-08T16:55:58.043434,0.880349,19.3,0.0,61903.921875,51.0,64244.953125,0,0.0,147.96875,deepseek-r1:7b,-1
2025-06-08T16:55:58.148880,0.985795,12.9,0.0,61903.921875,51.0,64244.953125,0,0.0,147.96875,deepseek-r1:7b,-1
2025-06-08T16:55:58.252392,1.089307,11.7,0.0,62278.03125,51.3,63872.984375,0,0.0,147.96875,deepseek-r1:7b,-1
2025-06-08T16:55:58.357804,1.194719,11.6,0.0,62278.03125,51.3,63872.984375,0,0.0,147.96875,deepseek-r1:7b,-1
2025-06-08T16:55:58.460977,1.297892,11.1,0.0,62278.03125,51.3,63872.984375,0,0.0,147.96875,deepseek-r1:7b,-1
2025-06-08T16:55:58.566270,1.403185,9.5,0.0,62278.03125,51.3,63872.984375,0,0.0,147.96875,deepseek-r1:7b,-1
2025-06-08T16:55:58.671618,1.508533,11.4,0.0,62278.03125,51.3,63872.984375,0,0.0,147.96875,deepseek-r1:7b,-1
2025-06-08T16:55:58.775880,1.612795,11.2,0.0,62278.03125,51.3,63872.984375,0,0.0,147.96875,deepseek-r1:7b,-1
2025-06-08T16:55:58.879541,1.716456,10.9,0.0,62278.03125,51.3,63872.984375,0,0.0,147.96875,deepseek-r1:7b,-1
2025-06-08T16:55:58.984204,1.821119,10.3,0.0,62278.03125,51.3,63872.984375,0,0.0,147.96875,deepseek-r1:7b,-1
2025-06-08T16:55:59.089075,1.92599,11.8,0.0,62278.03125,51.3,63872.984375,0,0.0,147.96875,deepseek-r1:7b,-1
2025-06-08T16:55:59.194203,2.031118,13.7,0.0,62278.03125,51.3,63872.984375,0,0.0,147.96875,deepseek-r1:7b,-1
2025-06-08T16:55:59.299362,2.136277,12.0,0.0,62157.3125,51.2,63995.8125,0,0.0,147.96875,deepseek-r1:7b,-1
2025-06-08T16:55:59.402351,2.239266,9.9,0.0,62157.328125,51.2,63996.046875,0,0.0,147.96875,deepseek-r1:7b,-1
2025-06-08T16:55:59.507670,2.344585,0.0,0.0,62157.328125,51.2,63996.046875,0,0.0,147.96875,deepseek-r1:7b,-1
2025-06-08T16:55:59.613038,2.449953,0.0,0.0,62157.328125,51.2,63996.046875,0,0.0,147.96875,deepseek-r1:7b,-1
2025-06-08T16:55:59.718482,2.555397,0.0,0.0,62157.328125,51.2,63996.046875,0,0.0,147.96875,deepseek-r1:7b,-1
2025-06-08T16:55:59.820191,2.657106,0.0,0.0,62157.328125,51.2,63996.046875,0,0.0,147.96875,deepseek-r1:7b,-1
2025-06-08T16:55:59.921812,2.758727,0.0,0.0,62157.328125,51.2,63996.046875,0,0.0,147.96875,deepseek-r1:7b,-1
2025-06-08T16:56:00.027171,2.864086,0.0,0.0,62157.328125,51.2,63996.046875,0,0.0,147.96875,deepseek-r1:7b,-1
2025-06-08T16:56:00.131268,2.968183,0.0,0.0,62157.328125,51.2,63996.046875,0,0.0,147.96875,deepseek-r1:7b,-1
2025-06-08T16:56:00.235348,3.072263,0.0,0.0,62157.328125,51.2,63996.046875,0,0.0,147.96875,deepseek-r1:7b,-1
2025-06-08T16:56:00.340749,3.177664,11.5,0.0,62158.59375,51.2,63993.40625,0,0.0,147.96875,deepseek-r1:7b,-1
2025-06-08T16:56:00.446112,3.283027,10.1,0.0,62158.59375,51.2,63993.671875,0,0.0,147.96875,deepseek-r1:7b,-1
2025-06-08T16:56:00.551524,3.388439,10.8,0.0,62158.625,51.2,63993.953125,0,0.0,147.96875,deepseek-r1:7b,-1
2025-06-08T16:56:02.703471,0.039824,14.6,0.0,60757.265625,50.1,65391.15625,0,0.0,147.96875,deepseek-r1:7b,-1
2025-06-08T16:56:02.808631,0.144984,17.9,0.0,61286.109375,50.5,64865.25,0,0.0,147.96875,deepseek-r1:7b,-1
2025-06-08T16:56:02.912817,0.24917,15.1,0.0,61286.109375,50.5,64865.25,0,0.0,147.96875,deepseek-r1:7b,-1
2025-06-08T16:56:03.018175,0.354528,11.2,0.0,61286.109375,50.5,64865.25,0,0.0,147.96875,deepseek-r1:7b,-1
2025-06-08T16:56:03.123143,0.459496,14.1,0.0,61286.109375,50.5,64865.25,0,0.0,147.96875,deepseek-r1:7b,-1
2025-06-08T16:56:03.223911,0.560264,8.3,0.0,61286.109375,50.5,64865.25,0,0.0,147.96875,deepseek-r1:7b,-1
2025-06-08T16:56:03.325815,0.662168,0.0,0.0,61286.109375,50.5,64865.25,0,0.0,147.96875,deepseek-r1:7b,-1
2025-06-08T16:56:03.429472,0.765825,0.0,0.0,61286.109375,50.5,64865.25,0,0.0,147.96875,deepseek-r1:7b,-1
2025-06-08T16:56:03.534144,0.870497,0.0,0.0,61286.109375,50.5,64865.25,0,0.0,147.96875,deepseek-r1:7b,-1
2025-06-08T16:56:03.639538,0.975891,0.0,0.0,61286.109375,50.5,64865.25,0,0.0,147.96875,deepseek-r1:7b,-1
2025-06-08T16:56:03.740542,1.076895,11.0,0.0,62282.03125,51.3,63864.28125,0,0.0,147.96875,deepseek-r1:7b,-1
2025-06-08T16:56:03.845850,1.182203,10.1,0.0,62282.03125,51.3,63864.28125,0,0.0,147.96875,deepseek-r1:7b,-1
2025-06-08T16:56:03.950515,1.286868,9.1,0.0,62282.03125,51.3,63864.28125,0,0.0,147.96875,deepseek-r1:7b,-1
2025-06-08T16:56:04.051231,1.387584,0.0,0.0,62282.03125,51.3,63864.28125,0,0.0,147.96875,deepseek-r1:7b,-1
2025-06-08T16:56:04.154041,1.490394,0.0,0.0,62282.03125,51.3,63864.28125,0,0.0,147.96875,deepseek-r1:7b,-1
2025-06-08T16:56:04.259391,1.595744,0.0,0.0,62282.03125,51.3,63864.28125,0,0.0,147.96875,deepseek-r1:7b,-1
2025-06-08T16:56:04.364570,1.700923,0.0,0.0,62282.03125,51.3,63864.28125,0,0.0,147.96875,deepseek-r1:7b,-1
2025-06-08T16:56:04.470017,1.80637,0.0,0.0,62282.03125,51.3,63864.28125,0,0.0,147.96875,deepseek-r1:7b,-1
2025-06-08T16:56:04.574270,1.910623,0.0,0.0,62282.03125,51.3,63864.28125,0,0.0,147.96875,deepseek-r1:7b,-1
2025-06-08T16:56:04.679630,2.015983,0.0,0.0,62282.03125,51.3,63864.28125,0,0.0,147.96875,deepseek-r1:7b,-1
2025-06-08T16:56:04.782744,2.119097,11.7,0.0,62164.84375,51.2,63985.71875,0,0.0,147.96875,deepseek-r1:7b,-1
2025-06-08T16:56:04.885661,2.222014,18.7,0.0,62164.859375,51.2,63985.71875,0,0.0,147.96875,deepseek-r1:7b,-1
2025-06-08T16:56:04.990177,2.32653,10.3,0.0,62164.859375,51.2,63985.71875,0,0.0,147.96875,deepseek-r1:7b,-1
2025-06-08T16:56:05.095619,2.431972,14.0,0.0,62164.859375,51.2,63985.71875,0,0.0,147.96875,deepseek-r1:7b,-1
2025-06-08T16:56:05.197645,2.533998,14.7,0.0,62164.859375,51.2,63985.71875,0,0.0,147.96875,deepseek-r1:7b,-1
2025-06-08T16:56:05.302959,2.639312,13.3,0.0,62164.859375,51.2,63985.71875,0,0.0,147.96875,deepseek-r1:7b,-1
2025-06-08T16:56:05.408239,2.744592,11.8,0.0,62164.859375,51.2,63985.71875,0,0.0,147.96875,deepseek-r1:7b,-1
2025-06-08T16:56:05.513562,2.849915,15.6,0.0,62164.859375,51.2,63985.71875,0,0.0,147.96875,deepseek-r1:7b,-1
2025-06-08T16:56:05.618643,2.954996,15.2,0.0,62164.859375,51.2,63985.71875,0,0.0,147.96875,deepseek-r1:7b,-1
2025-06-08T16:56:05.719812,3.056165,0.0,0.0,62164.859375,51.2,63985.71875,0,0.0,147.96875,deepseek-r1:7b,-1
2025-06-08T16:56:05.821991,3.158344,13.6,0.0,62170.0,51.2,63982.46875,0,0.0,147.96875,deepseek-r1:7b,-1
2025-06-08T16:56:05.927348,3.263701,14.6,0.0,62170.0,51.2,63983.71875,0,0.0,147.96875,deepseek-r1:7b,-1
2025-06-08T16:56:06.029456,3.365809,11.3,0.0,62169.875,51.2,63981.015625,0,0.0,147.96875,deepseek-r1:7b,-1
2025-06-08T16:56:06.134810,3.471163,15.2,0.0,62167.078125,51.2,63985.078125,0,0.0,147.96875,deepseek-r1:7b,-1
2025-06-08T16:56:08.281332,0.040066,16.5,0.0,60884.234375,50.2,65263.859375,0,0.0,147.96875,deepseek-r1:7b,-1
2025-06-08T16:56:08.386469,0.145203,18.0,0.0,60884.234375,50.2,65263.859375,0,0.0,147.96875,deepseek-r1:7b,-1
2025-06-08T16:56:08.491688,0.250422,18.9,0.0,60884.234375,50.2,65263.859375,0,0.0,147.96875,deepseek-r1:7b,-1
2025-06-08T16:56:08.595705,0.354439,11.7,0.0,60884.234375,50.2,65263.859375,0,0.0,147.96875,deepseek-r1:7b,-1
2025-06-08T16:56:08.700234,0.458968,12.9,0.0,60884.234375,50.2,65263.859375,0,0.0,147.96875,deepseek-r1:7b,-1
2025-06-08T16:56:08.805581,0.564315,12.7,0.0,60884.234375,50.2,65263.859375,0,0.0,147.96875,deepseek-r1:7b,-1
2025-06-08T16:56:08.910949,0.669683,11.8,0.0,60884.234375,50.2,65263.859375,0,0.0,147.96875,deepseek-r1:7b,-1
2025-06-08T16:56:09.012349,0.771083,12.3,0.0,60884.234375,50.2,65263.859375,0,0.0,147.96875,deepseek-r1:7b,-1
2025-06-08T16:56:09.117039,0.875773,0.0,0.0,60884.234375,50.2,65263.859375,0,0.0,147.96875,deepseek-r1:7b,-1
2025-06-08T16:56:09.222353,0.981087,0.0,0.0,60884.234375,50.2,65263.859375,0,0.0,147.96875,deepseek-r1:7b,-1
2025-06-08T16:56:09.327487,1.086221,13.8,0.0,62341.25,51.3,63808.578125,0,0.0,147.96875,deepseek-r1:7b,-1
2025-06-08T16:56:09.432686,1.19142,13.5,0.0,62341.25,51.3,63809.6875,0,0.0,147.96875,deepseek-r1:7b,-1
2025-06-08T16:56:09.536941,1.295675,11.4,0.0,62341.25,51.3,63809.6875,0,0.0,147.96875,deepseek-r1:7b,-1
2025-06-08T16:56:09.642208,1.400942,9.6,0.0,62341.25,51.3,63809.6875,0,0.0,147.96875,deepseek-r1:7b,-1
2025-06-08T16:56:09.743870,1.502604,0.0,0.0,62341.25,51.3,63809.6875,0,0.0,147.96875,deepseek-r1:7b,-1
2025-06-08T16:56:09.844662,1.603396,0.0,0.0,62341.25,51.3,63809.6875,0,0.0,147.96875,deepseek-r1:7b,-1
2025-06-08T16:56:09.946412,1.705146,0.0,0.0,62341.25,51.3,63809.6875,0,0.0,147.96875,deepseek-r1:7b,-1
2025-06-08T16:56:10.047827,1.806561,0.0,0.0,62341.25,51.3,63809.6875,0,0.0,147.96875,deepseek-r1:7b,-1
2025-06-08T16:56:10.153224,1.911958,0.0,0.0,62341.25,51.3,63809.6875,0,0.0,147.96875,deepseek-r1:7b,-1
2025-06-08T16:56:10.258558,2.017292,0.0,0.0,62341.25,51.3,63809.6875,0,0.0,147.96875,deepseek-r1:7b,-1
2025-06-08T16:56:10.362700,2.121434,11.4,0.0,62148.390625,51.2,64002.578125,0,0.0,147.96875,deepseek-r1:7b,-1
2025-06-08T16:56:10.467364,2.226098,10.8,0.0,62148.421875,51.2,64002.84375,0,0.0,147.96875,deepseek-r1:7b,-1
2025-06-08T16:56:10.571044,2.329778,9.6,0.0,62147.90625,51.2,64003.515625,0,0.0,147.96875,deepseek-r1:7b,-1
2025-06-08T16:56:10.672749,2.431483,10.5,0.0,62147.90625,51.2,64003.515625,0,0.0,147.96875,deepseek-r1:7b,-1
2025-06-08T16:56:10.775697,2.534431,9.8,0.0,62147.90625,51.2,64003.515625,0,0.0,147.96875,deepseek-r1:7b,-1
2025-06-08T16:56:10.881049,2.639783,11.8,0.0,62147.90625,51.2,64003.515625,0,0.0,147.96875,deepseek-r1:7b,-1
2025-06-08T16:56:10.984025,2.742759,0.0,0.0,62147.90625,51.2,64003.515625,0,0.0,147.96875,deepseek-r1:7b,-1
2025-06-08T16:56:11.088332,2.847066,0.0,0.0,62147.90625,51.2,64003.515625,0,0.0,147.96875,deepseek-r1:7b,-1
2025-06-08T16:56:11.193728,2.952462,0.0,0.0,62147.90625,51.2,64003.515625,0,0.0,147.96875,deepseek-r1:7b,-1
2025-06-08T16:56:11.297970,3.056704,0.0,0.0,62147.90625,51.2,64003.515625,0,0.0,147.96875,deepseek-r1:7b,-1
2025-06-08T16:56:11.403470,3.162204,12.1,0.0,62221.171875,51.2,63930.421875,0,0.0,147.96875,deepseek-r1:7b,-1
2025-06-08T16:56:11.503935,3.262669,10.6,0.0,62221.203125,51.2,63930.546875,0,0.0,147.96875,deepseek-r1:7b,-1
2025-06-08T16:56:11.604779,3.363513,10.1,0.0,62220.984375,51.2,63931.21875,0,0.0,147.96875,deepseek-r1:7b,-1
2025-06-08T16:56:11.709015,3.467749,10.8,0.0,62220.984375,51.2,63931.21875,0,0.0,147.96875,deepseek-r1:7b,-1
2025-06-08T16:56:11.810356,3.56909,0.0,0.0,62220.984375,51.2,63931.21875,0,0.0,147.96875,deepseek-r1:7b,-1
2025-06-08T16:56:13.942335,0.027317,13.8,0.0,60895.59375,50.2,65258.734375,0,0.0,147.96875,deepseek-r1:7b,-1
2025-06-08T16:56:14.047493,0.132475,19.5,0.0,61440.953125,50.6,64711.484375,0,0.0,147.96875,deepseek-r1:7b,-1
2025-06-08T16:56:14.148822,0.233804,19.5,0.0,61440.953125,50.6,64711.484375,0,0.0,147.96875,deepseek-r1:7b,-1
2025-06-08T16:56:14.250590,0.335572,16.2,0.0,61440.953125,50.6,64711.484375,0,0.0,147.96875,deepseek-r1:7b,-1
2025-06-08T16:56:14.355746,0.440728,13.3,0.0,61440.953125,50.6,64711.484375,0,0.0,147.96875,deepseek-r1:7b,-1
2025-06-08T16:56:14.458986,0.543968,12.2,0.0,61440.953125,50.6,64711.484375,0,0.0,147.96875,deepseek-r1:7b,-1
2025-06-08T16:56:14.564453,0.649435,14.1,0.0,61440.953125,50.6,64711.484375,0,0.0,147.96875,deepseek-r1:7b,-1
2025-06-08T16:56:14.665946,0.750928,11.5,0.0,61440.953125,50.6,64711.484375,0,0.0,147.96875,deepseek-r1:7b,-1
2025-06-08T16:56:14.771433,0.856415,14.8,0.0,61440.953125,50.6,64711.484375,0,0.0,147.96875,deepseek-r1:7b,-1
2025-06-08T16:56:14.873958,0.95894,14.2,0.0,61440.953125,50.6,64711.484375,0,0.0,147.96875,deepseek-r1:7b,-1
2025-06-08T16:56:14.979271,1.064253,10.7,0.0,62348.578125,51.3,63799.953125,0,0.0,147.96875,deepseek-r1:7b,-1
2025-06-08T16:56:15.084661,1.169643,15.4,0.0,62348.09375,51.3,63800.09375,0,0.0,147.96875,deepseek-r1:7b,-1
2025-06-08T16:56:15.188837,1.273819,13.9,0.0,62348.09375,51.3,63800.09375,0,0.0,147.96875,deepseek-r1:7b,-1
2025-06-08T16:56:15.289817,1.374799,9.9,0.0,62348.09375,51.3,63800.09375,0,0.0,147.96875,deepseek-r1:7b,-1
2025-06-08T16:56:15.390440,1.475422,15.2,0.0,62348.09375,51.3,63800.09375,0,0.0,147.96875,deepseek-r1:7b,-1
2025-06-08T16:56:15.495582,1.580564,12.9,0.0,62348.09375,51.3,63800.09375,0,0.0,147.96875,deepseek-r1:7b,-1
2025-06-08T16:56:15.600916,1.685898,12.3,0.0,62348.09375,51.3,63800.09375,0,0.0,147.96875,deepseek-r1:7b,-1
2025-06-08T16:56:15.706310,1.791292,10.8,0.0,62348.09375,51.3,63800.09375,0,0.0,147.96875,deepseek-r1:7b,-1
2025-06-08T16:56:15.810955,1.895937,12.6,0.0,62348.09375,51.3,63800.09375,0,0.0,147.96875,deepseek-r1:7b,-1
2025-06-08T16:56:15.911977,1.996959,0.0,0.0,62348.09375,51.3,63800.09375,0,0.0,147.96875,deepseek-r1:7b,-1
2025-06-08T16:56:16.016791,2.101773,12.2,0.0,62229.078125,51.2,63931.078125,0,0.0,147.96875,deepseek-r1:7b,-1
2025-06-08T16:56:16.122138,2.20712,14.8,0.0,62229.609375,51.2,63929.28125,0,0.0,147.96875,deepseek-r1:7b,-1
2025-06-08T16:56:16.223135,2.308117,10.5,0.0,62229.609375,51.2,63929.28125,0,0.0,147.96875,deepseek-r1:7b,-1
2025-06-08T16:56:16.324548,2.40953,11.7,0.0,62229.609375,51.2,63929.28125,0,0.0,147.96875,deepseek-r1:7b,-1
2025-06-08T16:56:16.429781,2.514763,15.4,0.0,62229.609375,51.2,63929.28125,0,0.0,147.96875,deepseek-r1:7b,-1
2025-06-08T16:56:16.533471,2.618453,16.2,0.0,62229.609375,51.2,63929.28125,0,0.0,147.96875,deepseek-r1:7b,-1
2025-06-08T16:56:16.634850,2.719832,11.9,0.0,62229.609375,51.2,63929.28125,0,0.0,147.96875,deepseek-r1:7b,-1
2025-06-08T16:56:16.738123,2.823105,12.2,0.0,62229.609375,51.2,63929.28125,0,0.0,147.96875,deepseek-r1:7b,-1
2025-06-08T16:56:16.840544,2.925526,0.0,0.0,62229.609375,51.2,63929.28125,0,0.0,147.96875,deepseek-r1:7b,-1
2025-06-08T16:56:16.945949,3.030931,0.0,0.0,62229.609375,51.2,63929.28125,0,0.0,147.96875,deepseek-r1:7b,-1
2025-06-08T16:56:17.049930,3.134912,11.8,0.0,62229.234375,51.2,63925.1875,0,0.0,147.96875,deepseek-r1:7b,-1
2025-06-08T16:56:17.154777,3.239759,14.2,0.0,62229.921875,51.2,63926.078125,0,0.0,147.96875,deepseek-r1:7b,-1
2025-06-08T16:56:17.256501,3.341483,15.8,0.0,62229.921875,51.2,63926.078125,0,0.0,147.96875,deepseek-r1:7b,-1
2025-06-08T16:56:17.361826,3.446808,11.1,0.0,62229.921875,51.2,63926.078125,0,0.0,147.96875,deepseek-r1:7b,-1
2025-06-08T16:56:17.467246,3.552228,12.0,0.0,62229.921875,51.2,63926.078125,0,0.0,147.96875,deepseek-r1:7b,-1
2025-06-08T16:56:17.568169,3.653151,10.6,0.0,62229.921875,51.2,63926.078125,0,0.0,147.96875,deepseek-r1:7b,-1
2025-06-08T16:56:19.718534,0.04071,14.3,0.0,60888.84375,50.2,65252.90625,0,0.0,147.984375,deepseek-r1:7b,-1
2025-06-08T16:56:19.823698,0.145874,21.1,0.0,61467.609375,50.7,64677.265625,0,0.0,147.984375,deepseek-r1:7b,-1
2025-06-08T16:56:19.928236,0.250412,18.8,0.0,61467.609375,50.7,64677.265625,0,0.0,147.984375,deepseek-r1:7b,-1
2025-06-08T16:56:20.033389,0.355565,0.0,0.0,61467.609375,50.7,64677.265625,0,0.0,147.984375,deepseek-r1:7b,-1
2025-06-08T16:56:20.136374,0.45855,0.0,0.0,61467.609375,50.7,64677.265625,0,0.0,147.984375,deepseek-r1:7b,-1
2025-06-08T16:56:20.237898,0.560074,0.0,0.0,61467.609375,50.7,64677.265625,0,0.0,147.984375,deepseek-r1:7b,-1
2025-06-08T16:56:20.343257,0.665433,0.0,0.0,61467.609375,50.7,64677.265625,0,0.0,147.984375,deepseek-r1:7b,-1
2025-06-08T16:56:20.448680,0.770856,0.0,0.0,61467.609375,50.7,64677.265625,0,0.0,147.984375,deepseek-r1:7b,-1
2025-06-08T16:56:20.550068,0.872244,0.0,0.0,61467.609375,50.7,64677.265625,0,0.0,147.984375,deepseek-r1:7b,-1
2025-06-08T16:56:20.651324,0.9735,0.0,0.0,61467.609375,50.7,64677.265625,0,0.0,147.984375,deepseek-r1:7b,-1
2025-06-08T16:56:20.752058,1.074234,11.3,0.0,62347.453125,51.3,63807.375,0,0.0,147.984375,deepseek-r1:7b,-1
2025-06-08T16:56:20.857448,1.179624,14.5,0.0,62348.6875,51.3,63808.34375,0,0.0,147.984375,deepseek-r1:7b,-1
2025-06-08T16:56:20.962809,1.284985,17.2,0.0,62354.546875,51.3,63804.796875,0,0.0,147.984375,deepseek-r1:7b,-1
2025-06-08T16:56:21.068033,1.390209,21.0,0.0,62354.546875,51.3,63804.796875,0,0.0,147.984375,deepseek-r1:7b,-1
2025-06-08T16:56:21.173383,1.495559,13.0,0.0,62354.546875,51.3,63804.796875,0,0.0,147.984375,deepseek-r1:7b,-1
2025-06-08T16:56:21.278686,1.600862,0.0,0.0,62354.546875,51.3,63804.796875,0,0.0,147.984375,deepseek-r1:7b,-1
2025-06-08T16:56:21.384084,1.70626,0.0,0.0,62354.546875,51.3,63804.796875,0,0.0,147.984375,deepseek-r1:7b,-1
2025-06-08T16:56:21.489194,1.81137,0.0,0.0,62354.546875,51.3,63804.796875,0,0.0,147.984375,deepseek-r1:7b,-1
2025-06-08T16:56:21.596935,1.919111,0.0,0.0,62354.546875,51.3,63804.796875,0,0.2,148.0,deepseek-r1:7b,-1
2025-06-08T16:56:21.700618,2.022794,0.0,0.0,62354.546875,51.3,63804.796875,0,0.2,148.03125,deepseek-r1:7b,-1
2025-06-08T16:56:21.805913,2.128089,16.5,0.0,62271.0,51.3,63877.28125,0,0.0,148.03125,deepseek-r1:7b,-1
2025-06-08T16:56:21.908397,2.230573,18.4,0.0,62277.59375,51.3,63872.0625,0,0.2,148.03125,deepseek-r1:7b,-1
2025-06-08T16:56:22.013754,2.33593,18.7,0.0,62333.96875,51.3,63811.34375,0,0.0,148.03125,deepseek-r1:7b,-1
2025-06-08T16:56:22.119039,2.441215,13.6,0.0,62333.96875,51.3,63811.34375,0,0.0,148.03125,deepseek-r1:7b,-1
2025-06-08T16:56:22.223097,2.545273,11.2,0.0,62333.96875,51.3,63811.34375,0,0.0,148.03125,deepseek-r1:7b,-1
2025-06-08T16:56:22.328595,2.650771,0.0,0.0,62333.96875,51.3,63811.34375,0,0.0,148.03125,deepseek-r1:7b,-1
2025-06-08T16:56:22.433413,2.755589,0.0,0.0,62333.96875,51.3,63811.34375,0,0.0,148.03125,deepseek-r1:7b,-1
2025-06-08T16:56:22.536999,2.859175,0.0,0.0,62333.96875,51.3,63811.34375,0,0.0,148.03125,deepseek-r1:7b,-1
2025-06-08T16:56:22.641855,2.964031,0.0,0.0,62333.96875,51.3,63811.34375,0,0.0,148.03125,deepseek-r1:7b,-1
2025-06-08T16:56:22.746363,3.068539,0.0,0.0,62333.96875,51.3,63811.34375,0,0.0,148.03125,deepseek-r1:7b,-1
2025-06-08T16:56:22.847934,3.17011,15.0,0.0,62279.859375,51.3,63867.453125,0,0.0,148.03125,deepseek-r1:7b,-1
2025-06-08T16:56:22.949090,3.271266,11.1,0.0,62279.890625,51.3,63867.84375,0,0.0,148.03125,deepseek-r1:7b,-1
2025-06-08T16:56:23.054539,3.376715,0.0,0.0,62279.890625,51.3,63867.84375,0,0.0,148.03125,deepseek-r1:7b,-1
2025-06-08T16:56:23.159328,3.481504,0.0,0.0,62279.890625,51.3,63867.84375,0,0.0,148.03125,deepseek-r1:7b,-1
2025-06-08T16:56:23.264315,3.586491,0.0,0.0,62279.890625,51.3,63867.84375,0,0.0,148.03125,deepseek-r1:7b,-1
2025-06-08T16:56:23.369795,3.691971,0.0,0.0,62279.890625,51.3,63867.84375,0,0.0,148.03125,deepseek-r1:7b,-1
2025-06-08T16:56:25.526250,0.044279,12.9,0.0,60781.4375,50.1,65371.25,0,0.0,148.03125,deepseek-r1:7b,-1
2025-06-08T16:56:25.631388,0.149417,16.4,0.0,60781.4375,50.1,65371.25,0,0.0,148.03125,deepseek-r1:7b,-1
2025-06-08T16:56:25.736660,0.254689,19.0,0.0,60781.4375,50.1,65371.25,0,0.0,148.03125,deepseek-r1:7b,-1
2025-06-08T16:56:25.841605,0.359634,13.1,0.0,60781.4375,50.1,65371.25,0,0.0,148.03125,deepseek-r1:7b,-1
2025-06-08T16:56:25.946884,0.464913,16.5,0.0,60781.4375,50.1,65371.25,0,0.0,148.03125,deepseek-r1:7b,-1
2025-06-08T16:56:26.047310,0.565339,0.0,0.0,60781.4375,50.1,65371.25,0,0.0,148.03125,deepseek-r1:7b,-1
2025-06-08T16:56:26.148648,0.666677,0.0,0.0,60781.4375,50.1,65371.25,0,0.0,148.03125,deepseek-r1:7b,-1
2025-06-08T16:56:26.253998,0.772027,0.0,0.0,60781.4375,50.1,65371.25,0,0.0,148.03125,deepseek-r1:7b,-1
2025-06-08T16:56:26.355868,0.873897,0.0,0.0,60781.4375,50.1,65371.25,0,0.0,148.03125,deepseek-r1:7b,-1
2025-06-08T16:56:26.461335,0.979364,0.0,0.0,60781.4375,50.1,65371.25,0,0.0,148.03125,deepseek-r1:7b,-1
2025-06-08T16:56:26.566739,1.084768,12.7,0.0,62424.703125,51.4,63724.046875,0,0.0,148.03125,deepseek-r1:7b,-1
2025-06-08T16:56:26.671307,1.189336,19.6,0.0,62422.59375,51.4,63726.875,0,0.0,148.03125,deepseek-r1:7b,-1
2025-06-08T16:56:26.776639,1.294668,9.0,0.0,62422.609375,51.4,63727.171875,0,0.0,148.03125,deepseek-r1:7b,-1
2025-06-08T16:56:26.882020,1.400049,12.4,0.0,62422.609375,51.4,63727.171875,0,0.0,148.03125,deepseek-r1:7b,-1
2025-06-08T16:56:26.987532,1.505561,8.4,0.0,62422.609375,51.4,63727.171875,0,0.0,148.03125,deepseek-r1:7b,-1
2025-06-08T16:56:27.092933,1.610962,11.9,0.0,62422.609375,51.4,63727.171875,0,0.2,148.03125,deepseek-r1:7b,-1
2025-06-08T16:56:27.198371,1.7164,13.8,0.0,62422.609375,51.4,63727.171875,0,0.0,148.03125,deepseek-r1:7b,-1
2025-06-08T16:56:27.300660,1.818689,0.0,0.0,62422.609375,51.4,63727.171875,0,0.0,148.03125,deepseek-r1:7b,-1
2025-06-08T16:56:27.406048,1.924077,0.0,0.0,62422.609375,51.4,63727.171875,0,0.0,148.03125,deepseek-r1:7b,-1
2025-06-08T16:56:27.510310,2.028339,0.0,0.0,62422.609375,51.4,63727.171875,0,0.0,148.03125,deepseek-r1:7b,-1
2025-06-08T16:56:27.615686,2.133715,12.9,0.0,62295.5,51.3,63860.15625,0,0.0,148.03125,deepseek-r1:7b,-1
2025-06-08T16:56:27.717123,2.235152,10.5,0.0,62295.421875,51.3,63860.515625,0,0.0,148.03125,deepseek-r1:7b,-1
2025-06-08T16:56:27.821755,2.339784,12.0,0.0,62295.53125,51.3,63860.65625,0,0.0,148.03125,deepseek-r1:7b,-1
2025-06-08T16:56:27.927200,2.445229,13.4,0.0,62295.53125,51.3,63860.65625,0,0.0,148.03125,deepseek-r1:7b,-1
2025-06-08T16:56:28.032493,2.550522,17.0,0.0,62295.53125,51.3,63860.65625,0,0.0,148.03125,deepseek-r1:7b,-1
2025-06-08T16:56:28.137963,2.655992,15.5,0.0,62295.53125,51.3,63860.65625,0,0.0,148.03125,deepseek-r1:7b,-1
2025-06-08T16:56:28.241641,2.75967,8.9,0.0,62295.53125,51.3,63860.65625,0,0.0,148.03125,deepseek-r1:7b,-1
2025-06-08T16:56:28.347131,2.86516,9.9,0.0,62295.53125,51.3,63860.65625,0,0.0,148.03125,deepseek-r1:7b,-1
2025-06-08T16:56:28.450457,2.968486,11.4,0.0,62295.53125,51.3,63860.65625,0,0.0,148.03125,deepseek-r1:7b,-1
2025-06-08T16:56:28.551824,3.069853,10.6,0.0,62295.53125,51.3,63860.65625,0,0.0,148.03125,deepseek-r1:7b,-1
2025-06-08T16:56:28.654612,3.172641,10.8,0.0,62295.53125,51.3,63863.25,0,0.0,148.03125,deepseek-r1:7b,-1
2025-06-08T16:56:28.755404,3.273433,11.7,0.0,62295.53125,51.3,63863.53125,0,0.0,148.03125,deepseek-r1:7b,-1
2025-06-08T16:56:28.856435,3.374464,9.3,0.0,62295.53125,51.3,63863.53125,0,0.0,148.03125,deepseek-r1:7b,-1
2025-06-08T16:56:28.958276,3.476305,0.0,0.0,62295.53125,51.3,63863.53125,0,0.0,148.03125,deepseek-r1:7b,-1
2025-06-08T16:56:29.063626,3.581655,0.0,0.0,62295.53125,51.3,63863.53125,0,0.0,148.03125,deepseek-r1:7b,-1
2025-06-08T16:56:29.168645,3.686674,0.0,0.0,62295.53125,51.3,63863.53125,0,0.0,148.03125,deepseek-r1:7b,-1
2025-06-08T16:56:29.272949,3.790978,0.0,0.0,62295.53125,51.3,63863.53125,0,0.0,148.03125,deepseek-r1:7b,-1
2025-06-08T16:56:29.378181,3.89621,0.0,0.0,62295.53125,51.3,63863.53125,0,0.0,148.03125,deepseek-r1:7b,-1
2025-06-08T16:56:31.531768,0.04337,12.5,0.0,60691.234375,50.1,65465.53125,0,0.0,148.03125,deepseek-r1:7b,-1
2025-06-08T16:56:31.636905,0.148507,16.3,0.0,61231.5,50.5,64926.734375,0,0.0,148.03125,deepseek-r1:7b,-1
2025-06-08T16:56:31.742155,0.253757,0.0,0.0,61890.0,51.0,64267.328125,0,0.0,148.03125,deepseek-r1:7b,-1
2025-06-08T16:56:31.844365,0.355967,0.0,0.0,61890.0,51.0,64267.328125,0,0.0,148.03125,deepseek-r1:7b,-1
2025-06-08T16:56:31.947833,0.459435,0.0,0.0,61890.0,51.0,64267.328125,0,0.0,148.03125,deepseek-r1:7b,-1
2025-06-08T16:56:32.053314,0.564916,0.0,0.0,61890.0,51.0,64267.328125,0,0.0,148.03125,deepseek-r1:7b,-1
2025-06-08T16:56:32.155020,0.666622,0.0,0.0,61890.0,51.0,64267.328125,0,0.0,148.03125,deepseek-r1:7b,-1
2025-06-08T16:56:32.260435,0.772037,0.0,0.0,61890.0,51.0,64267.328125,0,0.0,148.03125,deepseek-r1:7b,-1
2025-06-08T16:56:32.364727,0.876329,0.0,0.0,61890.0,51.0,64267.328125,0,0.1,147.984375,deepseek-r1:7b,-1
2025-06-08T16:56:32.467444,0.979046,0.0,0.0,61890.0,51.0,64267.328125,0,0.0,147.984375,deepseek-r1:7b,-1
2025-06-08T16:56:32.572844,1.084446,11.7,0.0,62335.359375,51.3,63822.34375,0,0.0,147.984375,deepseek-r1:7b,-1
2025-06-08T16:56:32.675393,1.186995,10.3,0.0,62335.375,51.3,63822.46875,0,0.0,147.984375,deepseek-r1:7b,-1
2025-06-08T16:56:32.775908,1.28751,11.7,0.0,62335.375,51.3,63822.46875,0,0.0,147.984375,deepseek-r1:7b,-1
2025-06-08T16:56:32.879014,1.390616,10.8,0.0,62335.375,51.3,63822.46875,0,0.0,147.984375,deepseek-r1:7b,-1
2025-06-08T16:56:32.980215,1.491817,10.6,0.0,62335.375,51.3,63822.46875,0,0.0,147.984375,deepseek-r1:7b,-1
2025-06-08T16:56:33.083222,1.594824,0.0,0.0,62335.375,51.3,63822.46875,0,0.0,147.984375,deepseek-r1:7b,-1
2025-06-08T16:56:33.184089,1.695691,0.0,0.0,62335.375,51.3,63822.46875,0,0.0,147.984375,deepseek-r1:7b,-1
2025-06-08T16:56:33.289483,1.801085,0.0,0.0,62335.375,51.3,63822.46875,0,0.0,147.984375,deepseek-r1:7b,-1
2025-06-08T16:56:33.394966,1.906568,0.0,0.0,62335.375,51.3,63822.46875,0,0.0,147.984375,deepseek-r1:7b,-1
2025-06-08T16:56:33.498815,2.010417,0.0,0.0,62335.375,51.3,63822.46875,0,0.0,147.984375,deepseek-r1:7b,-1
2025-06-08T16:56:33.603288,2.11489,11.0,0.0,62215.109375,51.2,63941.65625,0,0.0,147.984375,deepseek-r1:7b,-1
2025-06-08T16:56:33.706458,2.21806,9.8,0.0,62215.109375,51.2,63941.65625,0,0.0,147.984375,deepseek-r1:7b,-1
2025-06-08T16:56:33.812114,2.323716,10.7,0.0,62215.109375,51.2,63941.65625,0,0.0,147.984375,deepseek-r1:7b,-1
2025-06-08T16:56:33.917559,2.429161,10.6,0.0,62215.109375,51.2,63941.65625,0,0.0,147.984375,deepseek-r1:7b,-1
2025-06-08T16:56:34.022949,2.534551,10.7,0.0,62215.109375,51.2,63941.65625,0,0.0,147.984375,deepseek-r1:7b,-1
2025-06-08T16:56:34.128386,2.639988,10.6,0.0,62215.109375,51.2,63941.65625,0,0.0,147.984375,deepseek-r1:7b,-1
2025-06-08T16:56:34.233803,2.745405,14.1,0.0,62215.109375,51.2,63941.65625,0,0.0,147.984375,deepseek-r1:7b,-1
2025-06-08T16:56:34.334897,2.846499,12.7,0.0,62215.109375,51.2,63941.65625,0,0.0,147.984375,deepseek-r1:7b,-1
2025-06-08T16:56:34.440093,2.951695,10.2,0.0,62215.109375,51.2,63941.65625,0,0.0,147.984375,deepseek-r1:7b,-1
2025-06-08T16:56:34.543295,3.054897,10.2,0.0,62215.109375,51.2,63941.65625,0,0.0,147.984375,deepseek-r1:7b,-1
2025-06-08T16:56:34.648724,3.160326,10.1,0.0,62215.296875,51.2,63938.734375,0,0.0,147.984375,deepseek-r1:7b,-1
2025-06-08T16:56:34.749233,3.260835,11.2,0.0,62214.15625,51.2,63940.171875,0,0.0,147.984375,deepseek-r1:7b,-1
2025-06-08T16:56:34.854666,3.366268,9.8,0.0,62214.1875,51.2,63940.296875,0,0.0,147.984375,deepseek-r1:7b,-1
2025-06-08T16:56:34.960062,3.471664,10.7,0.0,62214.1875,51.2,63940.296875,0,0.0,147.984375,deepseek-r1:7b,-1
2025-06-08T16:56:35.064938,3.57654,10.8,0.0,62214.1875,51.2,63940.296875,0,0.0,147.984375,deepseek-r1:7b,-1
2025-06-08T16:56:35.167184,3.678786,0.0,0.0,62214.1875,51.2,63940.296875,0,0.0,147.984375,deepseek-r1:7b,-1
2025-06-08T16:56:35.268393,3.779995,0.0,0.0,62214.1875,51.2,63940.296875,0,0.0,147.984375,deepseek-r1:7b,-1
2025-06-08T16:56:37.422520,0.043383,12.4,0.0,60875.015625,50.2,65281.953125,0,0.0,147.984375,deepseek-r1:7b,-1
2025-06-08T16:56:37.527678,0.148541,16.6,0.0,61272.421875,50.5,64886.34375,0,0.0,147.984375,deepseek-r1:7b,-1
2025-06-08T16:56:37.633163,0.254026,16.5,0.0,61272.421875,50.5,64886.34375,0,0.0,147.984375,deepseek-r1:7b,-1
2025-06-08T16:56:37.738491,0.359354,0.0,0.0,61272.421875,50.5,64886.34375,0,0.0,147.984375,deepseek-r1:7b,-1
2025-06-08T16:56:37.843857,0.46472,0.0,0.0,61272.421875,50.5,64886.34375,0,0.0,147.984375,deepseek-r1:7b,-1
2025-06-08T16:56:37.945734,0.566597,0.0,0.0,61272.421875,50.5,64886.34375,0,0.0,147.984375,deepseek-r1:7b,-1
2025-06-08T16:56:38.050360,0.671223,0.0,0.0,61272.421875,50.5,64886.34375,0,0.9,147.984375,deepseek-r1:7b,-1
2025-06-08T16:56:38.151007,0.77187,0.0,0.0,61272.421875,50.5,64886.34375,0,0.0,147.984375,deepseek-r1:7b,-1
2025-06-08T16:56:38.256394,0.877257,0.0,0.0,61272.421875,50.5,64886.34375,0,0.0,147.984375,deepseek-r1:7b,-1
2025-06-08T16:56:38.360342,0.981205,0.0,0.0,61272.421875,50.5,64886.34375,0,0.0,147.984375,deepseek-r1:7b,-1
2025-06-08T16:56:38.462149,1.083012,11.0,0.0,62291.78125,51.3,63869.890625,0,0.0,147.984375,deepseek-r1:7b,-1
2025-06-08T16:56:38.563055,1.183918,12.2,0.0,62291.765625,51.3,63866.203125,0,0.0,147.984375,deepseek-r1:7b,-1
2025-06-08T16:56:38.666836,1.287699,9.3,0.0,62291.9375,51.3,63862.328125,0,0.0,147.984375,deepseek-r1:7b,-1
2025-06-08T16:56:38.772264,1.393127,12.2,0.0,62291.9375,51.3,63862.328125,0,0.0,147.984375,deepseek-r1:7b,-1
2025-06-08T16:56:38.875710,1.496573,10.4,0.0,62291.9375,51.3,63862.328125,0,0.0,147.984375,deepseek-r1:7b,-1
2025-06-08T16:56:38.981143,1.602006,0.0,0.0,62291.9375,51.3,63862.328125,0,0.0,147.984375,deepseek-r1:7b,-1
2025-06-08T16:56:39.083778,1.704641,0.0,0.0,62291.9375,51.3,63862.328125,0,0.0,147.984375,deepseek-r1:7b,-1
2025-06-08T16:56:39.184573,1.805436,0.0,0.0,62291.9375,51.3,63862.328125,0,0.0,147.984375,deepseek-r1:7b,-1
2025-06-08T16:56:39.287075,1.907938,0.0,0.0,62291.9375,51.3,63862.328125,0,0.0,147.984375,deepseek-r1:7b,-1
2025-06-08T16:56:39.392274,2.013137,0.0,0.0,62291.9375,51.3,63862.328125,0,0.0,147.984375,deepseek-r1:7b,-1
2025-06-08T16:56:39.493240,2.114103,11.8,0.0,62171.75,51.2,63983.390625,0,0.0,147.984375,deepseek-r1:7b,-1
2025-06-08T16:56:39.598721,2.219584,10.1,0.0,62171.75,51.2,63983.671875,0,0.0,147.984375,deepseek-r1:7b,-1
2025-06-08T16:56:39.704195,2.325058,11.1,0.0,62171.75,51.2,63983.671875,0,0.0,147.984375,deepseek-r1:7b,-1
2025-06-08T16:56:39.808144,2.429007,12.5,0.0,62171.75,51.2,63983.671875,0,0.0,147.984375,deepseek-r1:7b,-1
2025-06-08T16:56:39.912822,2.533685,9.7,0.0,62171.75,51.2,63983.671875,0,0.0,147.984375,deepseek-r1:7b,-1
2025-06-08T16:56:40.018343,2.639206,0.0,0.0,62171.75,51.2,63983.671875,0,0.0,147.984375,deepseek-r1:7b,-1
2025-06-08T16:56:40.120666,2.741529,0.0,0.0,62171.75,51.2,63983.671875,0,0.0,147.984375,deepseek-r1:7b,-1
2025-06-08T16:56:40.221713,2.842576,0.0,0.0,62171.75,51.2,63983.671875,0,0.0,147.984375,deepseek-r1:7b,-1
2025-06-08T16:56:40.324803,2.945666,0.0,0.0,62171.75,51.2,63983.671875,0,0.0,147.984375,deepseek-r1:7b,-1
2025-06-08T16:56:40.425386,3.046249,0.0,0.0,62171.75,51.2,63983.671875,0,0.0,147.984375,deepseek-r1:7b,-1
2025-06-08T16:56:40.526545,3.147408,10.9,0.0,62171.40625,51.2,63982.765625,0,0.0,147.984375,deepseek-r1:7b,-1
2025-06-08T16:56:40.630352,3.251215,10.7,0.0,62171.40625,51.2,63983.0625,0,0.0,147.984375,deepseek-r1:7b,-1
2025-06-08T16:56:40.731694,3.352557,9.9,0.0,62171.40625,51.2,63983.0625,0,0.0,147.984375,deepseek-r1:7b,-1
2025-06-08T16:56:40.834582,3.455445,10.6,0.0,62171.40625,51.2,63983.0625,0,0.0,147.984375,deepseek-r1:7b,-1
2025-06-08T16:56:40.935913,3.556776,11.7,0.0,62171.40625,51.2,63983.0625,0,0.0,147.984375,deepseek-r1:7b,-1
2025-06-08T16:56:41.039072,3.659935,9.1,0.0,62171.40625,51.2,63983.0625,0,0.0,147.984375,deepseek-r1:7b,-1
2025-06-08T16:56:41.140419,3.761282,0.0,0.0,62171.40625,51.2,63983.0625,0,0.0,147.984375,deepseek-r1:7b,-1
2025-06-08T16:56:41.245127,3.86599,0.0,0.0,62171.40625,51.2,63983.0625,0,0.0,147.984375,deepseek-r1:7b,-1
2025-06-08T16:56:41.346027,3.96689,0.0,0.0,62171.40625,51.2,63983.0625,0,0.0,147.984375,deepseek-r1:7b,-1
2025-06-08T16:56:41.449136,4.069999,0.0,0.0,62171.40625,51.2,63983.0625,0,0.0,147.984375,deepseek-r1:7b,-1
2025-06-08T16:56:41.553954,4.174817,12.9,0.0,62171.453125,51.2,63985.765625,0,0.0,147.984375,deepseek-r1:7b,-1
2025-06-08T16:56:43.701810,0.039504,12.3,0.0,60784.671875,50.1,65377.140625,0,0.0,148.0,deepseek-r1:7b,-1
2025-06-08T16:56:43.803043,0.140737,16.8,0.0,60784.671875,50.1,65377.140625,0,0.0,148.0,deepseek-r1:7b,-1
2025-06-08T16:56:43.907525,0.245219,17.2,0.0,60784.671875,50.1,65377.140625,0,0.0,148.0,deepseek-r1:7b,-1
2025-06-08T16:56:44.012482,0.350176,11.0,0.0,60784.671875,50.1,65377.140625,0,0.0,148.0,deepseek-r1:7b,-1
2025-06-08T16:56:44.116901,0.454595,10.2,0.0,60784.671875,50.1,65377.140625,0,0.0,148.0,deepseek-r1:7b,-1
2025-06-08T16:56:44.220430,0.558124,0.0,0.0,60784.671875,50.1,65377.140625,0,0.0,148.0,deepseek-r1:7b,-1
2025-06-08T16:56:44.325576,0.66327,0.0,0.0,60784.671875,50.1,65377.140625,0,0.0,148.0,deepseek-r1:7b,-1
2025-06-08T16:56:44.430750,0.768444,0.0,0.0,60784.671875,50.1,65377.140625,0,0.0,148.0,deepseek-r1:7b,-1
2025-06-08T16:56:44.534284,0.871978,0.0,0.0,60784.671875,50.1,65377.140625,0,0.0,148.0,deepseek-r1:7b,-1
2025-06-08T16:56:44.637792,0.975486,0.0,0.0,60784.671875,50.1,65377.140625,0,0.0,148.0,deepseek-r1:7b,-1
2025-06-08T16:56:44.742933,1.080627,11.9,0.0,62287.421875,51.3,63868.75,0,0.0,148.0,deepseek-r1:7b,-1
2025-06-08T16:56:44.844526,1.18222,17.0,0.0,62287.40625,51.3,63870.59375,0,0.0,148.0,deepseek-r1:7b,-1
2025-06-08T16:56:44.945255,1.282949,11.4,0.0,62287.40625,51.3,63872.234375,0,0.0,148.0,deepseek-r1:7b,-1
2025-06-08T16:56:45.050869,1.388563,14.0,0.0,62287.15625,51.3,63874.5,0,0.0,148.0,deepseek-r1:7b,-1
2025-06-08T16:56:45.152847,1.490541,15.2,0.0,62287.15625,51.3,63874.5,0,0.0,148.0,deepseek-r1:7b,-1
2025-06-08T16:56:45.253804,1.591498,12.1,0.0,62287.15625,51.3,63874.5,0,0.0,148.0,deepseek-r1:7b,-1
2025-06-08T16:56:45.359114,1.696808,11.1,0.0,62287.15625,51.3,63874.5,0,0.0,148.0,deepseek-r1:7b,-1
2025-06-08T16:56:45.461631,1.799325,9.9,0.0,62287.15625,51.3,63874.5,0,0.0,148.0,deepseek-r1:7b,-1
2025-06-08T16:56:45.566882,1.904576,0.0,0.0,62287.15625,51.3,63874.5,0,0.0,148.0,deepseek-r1:7b,-1
2025-06-08T16:56:45.671724,2.009418,0.0,0.0,62287.15625,51.3,63874.5,0,0.0,148.0,deepseek-r1:7b,-1
2025-06-08T16:56:45.772549,2.110243,10.1,0.0,62167.0,51.2,63991.125,0,0.0,148.0,deepseek-r1:7b,-1
2025-06-08T16:56:45.877714,2.215408,11.4,0.0,62166.765625,51.2,63991.671875,0,0.0,148.0,deepseek-r1:7b,-1
2025-06-08T16:56:45.982221,2.319915,11.2,0.0,62166.765625,51.2,63991.84375,0,0.0,148.0,deepseek-r1:7b,-1
2025-06-08T16:56:46.086889,2.424583,0.0,0.0,62166.765625,51.2,63991.84375,0,0.0,148.0,deepseek-r1:7b,-1
2025-06-08T16:56:46.189478,2.527172,0.0,0.0,62166.765625,51.2,63991.84375,0,0.0,148.0,deepseek-r1:7b,-1
2025-06-08T16:56:46.294816,2.63251,0.0,0.0,62166.765625,51.2,63991.84375,0,0.0,148.0,deepseek-r1:7b,-1
2025-06-08T16:56:46.396152,2.733846,0.0,0.0,62166.765625,51.2,63991.84375,0,0.0,148.0,deepseek-r1:7b,-1
2025-06-08T16:56:46.497969,2.835663,0.0,0.0,62166.765625,51.2,63991.84375,0,0.0,148.0,deepseek-r1:7b,-1
2025-06-08T16:56:46.600529,2.938223,0.0,0.0,62166.765625,51.2,63991.84375,0,0.0,148.0,deepseek-r1:7b,-1
2025-06-08T16:56:46.705328,3.043022,0.0,0.0,62166.765625,51.2,63991.84375,0,0.0,148.0,deepseek-r1:7b,-1
2025-06-08T16:56:46.810765,3.148459,11.6,0.0,62166.875,51.2,63993.0,0,0.0,148.0,deepseek-r1:7b,-1
2025-06-08T16:56:46.912207,3.249901,11.1,0.0,62166.859375,51.2,63993.140625,0,0.0,148.0,deepseek-r1:7b,-1
2025-06-08T16:56:47.012776,3.35047,8.8,0.0,62166.859375,51.2,63993.140625,0,0.0,148.0,deepseek-r1:7b,-1
2025-06-08T16:56:47.116866,3.45456,10.8,0.0,62166.859375,51.2,63993.140625,0,0.0,148.0,deepseek-r1:7b,-1
2025-06-08T16:56:47.218772,3.556466,14.0,0.0,62166.859375,51.2,63993.140625,0,0.0,148.0,deepseek-r1:7b,-1
2025-06-08T16:56:47.324136,3.66183,0.0,0.0,62166.859375,51.2,63993.140625,0,0.0,148.0,deepseek-r1:7b,-1
2025-06-08T16:56:47.424655,3.762349,0.0,0.0,62166.859375,51.2,63993.140625,0,0.0,148.0,deepseek-r1:7b,-1
2025-06-08T16:56:47.529311,3.867005,0.0,0.0,62166.859375,51.2,63993.140625,0,0.0,148.0,deepseek-r1:7b,-1
2025-06-08T16:56:49.679495,0.044222,12.6,0.0,60683.609375,50.0,65472.75,0,0.0,148.0,deepseek-r1:7b,-1
2025-06-08T16:56:49.783021,0.147748,16.2,0.0,61223.703125,50.5,64930.1875,0,0.0,148.0,deepseek-r1:7b,-1
2025-06-08T16:56:49.888348,0.253075,19.0,0.0,61844.59375,50.9,64308.90625,0,0.0,148.0,deepseek-r1:7b,-1
2025-06-08T16:56:49.994747,0.359474,15.2,0.0,61844.59375,50.9,64308.90625,0,0.0,148.0,deepseek-r1:7b,-1
2025-06-08T16:56:50.099641,0.464368,0.0,0.0,61844.59375,50.9,64308.90625,0,0.0,148.0,deepseek-r1:7b,-1
2025-06-08T16:56:50.205048,0.569775,0.0,0.0,61844.59375,50.9,64308.90625,0,0.0,148.0,deepseek-r1:7b,-1
2025-06-08T16:56:50.308493,0.67322,0.0,0.0,61844.59375,50.9,64308.90625,0,0.0,148.0,deepseek-r1:7b,-1
2025-06-08T16:56:50.412633,0.77736,0.0,0.0,61844.59375,50.9,64308.90625,0,0.0,148.0,deepseek-r1:7b,-1
2025-06-08T16:56:50.516824,0.881551,0.0,0.0,61844.59375,50.9,64308.90625,0,0.0,148.0,deepseek-r1:7b,-1
2025-06-08T16:56:50.618159,0.982886,0.0,0.0,61844.59375,50.9,64308.90625,0,0.0,148.0,deepseek-r1:7b,-1
2025-06-08T16:56:50.723609,1.088336,10.7,0.0,62294.5,51.3,63861.515625,0,0.0,148.0,deepseek-r1:7b,-1
2025-06-08T16:56:50.828118,1.192845,10.8,0.0,62294.578125,51.3,63857.84375,0,0.0,148.0,deepseek-r1:7b,-1
2025-06-08T16:56:50.932136,1.296863,12.0,0.0,62294.71875,51.3,63858.0,0,0.0,148.0,deepseek-r1:7b,-1
2025-06-08T16:56:51.037167,1.401894,10.8,0.0,62294.71875,51.3,63858.0,0,0.0,148.0,deepseek-r1:7b,-1
2025-06-08T16:56:51.142608,1.507335,8.9,0.0,62294.71875,51.3,63858.0,0,0.0,148.0,deepseek-r1:7b,-1
2025-06-08T16:56:51.244544,1.609271,13.8,0.0,62294.71875,51.3,63858.0,0,0.0,148.0,deepseek-r1:7b,-1
2025-06-08T16:56:51.347591,1.712318,13.9,0.0,62294.71875,51.3,63858.0,0,0.0,148.0,deepseek-r1:7b,-1
2025-06-08T16:56:51.448573,1.8133,0.0,0.0,62294.71875,51.3,63858.0,0,0.0,148.0,deepseek-r1:7b,-1
2025-06-08T16:56:51.549568,1.914295,0.0,0.0,62294.71875,51.3,63858.0,0,0.0,148.0,deepseek-r1:7b,-1
2025-06-08T16:56:51.654893,2.01962,0.0,0.0,62294.71875,51.3,63858.0,0,0.0,148.0,deepseek-r1:7b,-1
2025-06-08T16:56:51.758467,2.123194,12.5,0.0,62174.59375,51.2,63981.78125,0,0.0,148.0,deepseek-r1:7b,-1
2025-06-08T16:56:51.859557,2.224284,11.0,0.0,62174.59375,51.2,63982.015625,0,0.0,148.0,deepseek-r1:7b,-1
2025-06-08T16:56:51.960297,2.325024,12.6,0.0,62174.59375,51.2,63982.015625,0,0.0,148.0,deepseek-r1:7b,-1
2025-06-08T16:56:52.062426,2.427153,11.0,0.0,62174.59375,51.2,63982.015625,0,0.0,148.0,deepseek-r1:7b,-1
2025-06-08T16:56:52.167887,2.532614,11.3,0.0,62174.59375,51.2,63982.015625,0,0.0,148.0,deepseek-r1:7b,-1
2025-06-08T16:56:52.273318,2.638045,15.0,0.0,62174.59375,51.2,63982.015625,0,0.0,148.0,deepseek-r1:7b,-1
2025-06-08T16:56:52.374628,2.739355,9.5,0.0,62174.59375,51.2,63982.015625,0,0.0,148.0,deepseek-r1:7b,-1
2025-06-08T16:56:52.477545,2.842272,11.1,0.0,62174.59375,51.2,63982.015625,0,0.0,148.0,deepseek-r1:7b,-1
2025-06-08T16:56:52.583036,2.947763,10.5,0.0,62174.59375,51.2,63982.015625,0,0.0,148.0,deepseek-r1:7b,-1
2025-06-08T16:56:52.685086,3.049813,0.0,0.0,62174.59375,51.2,63982.015625,0,0.0,148.0,deepseek-r1:7b,-1
2025-06-08T16:56:52.787352,3.152079,14.9,0.0,62245.40625,51.2,63912.90625,0,0.0,148.0,deepseek-r1:7b,-1
2025-06-08T16:56:52.892676,3.257403,18.7,0.0,62231.71875,51.2,63916.59375,0,0.0,148.0,deepseek-r1:7b,-1
2025-06-08T16:56:52.995472,3.360199,14.5,0.0,62231.71875,51.2,63916.59375,0,0.0,148.0,deepseek-r1:7b,-1
2025-06-08T16:56:53.100882,3.465609,10.8,0.0,62231.71875,51.2,63916.59375,0,0.0,148.0,deepseek-r1:7b,-1
2025-06-08T16:56:53.202623,3.56735,9.8,0.0,62231.71875,51.2,63916.59375,0,0.0,148.0,deepseek-r1:7b,-1
2025-06-08T16:56:53.303979,3.668706,14.2,0.0,62231.71875,51.2,63916.59375,0,0.0,148.0,deepseek-r1:7b,-1
2025-06-08T16:56:53.409269,3.773996,11.3,0.0,62231.71875,51.2,63916.59375,0,0.0,148.0,deepseek-r1:7b,-1
2025-06-08T16:56:53.509979,3.874706,10.5,0.0,62231.71875,51.2,63916.59375,0,0.0,148.0,deepseek-r1:7b,-1
2025-06-08T16:56:53.615395,3.980122,10.8,0.0,62231.71875,51.2,63916.59375,0,0.0,148.0,deepseek-r1:7b,-1
2025-06-08T16:56:53.719177,4.083904,11.3,0.0,62231.71875,51.2,63916.59375,0,0.0,148.0,deepseek-r1:7b,-1
2025-06-08T16:56:53.822134,4.186861,9.8,0.0,62230.765625,51.2,63922.6875,0,0.0,148.0,deepseek-r1:7b,-1
2025-06-08T16:56:53.923046,4.287773,11.9,0.0,62230.765625,51.2,63922.921875,0,0.0,148.0,deepseek-r1:7b,-1
